id,time,longitude,latitude,depth,magnitude,place
nc75288851,2025-12-31 05:49:32.000,-120.692333333333,40.5443333333333,5.32,4.92,"15 km NNW of Susanville, CA"
nc75287861,2025-12-29 00:41:14.360,-120.700833333333,40.547,6.78,4.7,"15 km NNW of Susanville, CA"
nn00908938,2025-12-27 15:20:28.858,-119.0474,39.1606,5.0,3.65,"21 km NNE of Yerington, Nevada"
nn00908879,2025-12-24 03:50:09.547,-116.7046,41.2502,6.0,3.97,"61 km NE of Valmy, Nevada"
nc75283691,2025-12-21 02:31:54.870,-121.9455,37.7471666666667,10.03,3.9,"5 km SE of San Ramon, CA"
nc75283031,2025-12-20 03:56:09.750,-121.953166666667,37.7436666666667,9.63,3.95,"5 km SSE of San Ramon, CA"
nc75283016,2025-12-20 03:49:28.110,-121.953833333333,37.7428333333333,9.56,3.77,"5 km SSE of San Ramon, CA"
ci41142103,2025-12-18 15:13:42.100,-116.867666666667,35.8665,6.04,3.55738126614852,"48 km ENE of Trona, CA"
nc75279971,2025-12-14 23:30:43.210,-122.604,38.373,3.13,4.03,"6 km W of Glen Ellen, CA"
ci41351232,2025-12-14 01:03:35.600,-119.018166666667,34.4863333333333,11.12,3.63,"13 km NW of Fillmore, CA"
nc75276661,2025-12-08 17:07:58.390,-121.944666666667,37.7576666666667,9.62,3.6,"4 km SE of San Ramon, CA"
nc75270551,2025-11-27 20:57:37.730,-121.543666666667,36.799,8.2,4.04,"5 km S of San Juan Bautista, CA"
nc75270531,2025-11-27 20:48:48.560,-121.537666666667,36.796,8.02,3.72,"6 km S of San Juan Bautista, CA"
nc75270286,2025-11-27 17:11:43.430,-122.767666666667,38.784,1.17,3.76,"1 km NW of The Geysers, CA"
nc75269971,2025-11-27 12:21:45.870,-122.724666666667,38.7628333333333,1.11,3.71,"3 km WSW of Anderson Springs, CA"
nc75269961,2025-11-27 12:21:06.640,-122.727666666667,38.7595,1.92,3.6,"3 km SE of The Geysers, CA"
nc75269606,2025-11-26 14:20:01.590,-121.470333333333,36.9993333333333,3.89,3.63,"9 km E of Gilroy, CA"
nc75269596,2025-11-26 14:16:42.430,-121.475666666667,36.9973333333333,2.92,3.98,"8 km E of Gilroy, CA"
nc75268551,2025-11-24 15:08:58.060,-122.7625,38.7855,1.98,3.93,"1 km NNW of The Geysers, CA"
nc75265261,2025-11-18 17:54:30.480,-120.787833333333,35.5528333333333,4.92,4.11,"7 km W of Templeton, CA"
nc75260871,2025-11-09 17:38:45.070,-121.9525,37.7575,9.24,3.83,"3 km SE of San Ramon, CA"
nn00906677,2025-11-01 19:15:15.795,-116.5078,38.4519,2.2932,3.67,"76 km NE of Tonopah, Nevada"
nn00906336,2025-10-25 12:30:13.517,-117.1548,37.9349,10.5265,3.88,"16 km SSE of Tonopah, Nevada"
nn00905049,2025-09-26 10:10:40.618,-116.7132,41.2025,7.8,3.5,"57 km NE of Valmy, Nevada"
nn00905033,2025-09-26 06:05:02.800,-118.5615,38.7154,10.0,3.8,"18 km ENE of Walker Lake, Nevada"
nn00904812,2025-09-22 19:55:46.272,-116.6995,41.2448,8.4,3.7,"61 km NE of Valmy, Nevada"
nc75240492,2025-09-22 09:56:12.520,-122.254,37.863,7.58,4.29,"2 km ESE of Berkeley, CA"
nn00904484,2025-09-17 14:57:37.100,-116.7507,41.1729,7.1,3.7,"52 km NE of Valmy, Nevada"
ci41291096,2025-09-14 02:02:41.750,-116.4726667,32.9476667,7.62,3.58,"15 km NNE of Pine Valley, CA"
ci41288688,2025-09-11 03:53:50.880,-119.2336667,35.1761667,18.05,3.69,"20 km NE of Maricopa, CA"
nn00903786,2025-09-04 12:01:04.563,-117.8502,38.1672,9.4,3.5,"33 km SE of Mina, Nevada"
nn00903673,2025-09-02 13:31:50.464,-116.6803,41.0661,10.4,3.9,"48 km NE of Valmy, Nevada"
nn00903669,2025-09-02 13:31:33.309,-116.7288,41.1659,9.9,3.7,"53 km NE of Valmy, Nevada"
nc75231747,2025-09-01 20:26:38.050,-121.330833333333,36.6903333333333,4.72,3.71,"11 km S of Tres Pinos, CA"
nn00903530,2025-08-31 08:49:34.229,-116.7093,41.2236,9.3,3.7,"59 km NE of Valmy, Nevada"
nn00903516,2025-08-31 05:27:39.838,-116.7167,41.1513,8.8,3.8,"52 km NE of Valmy, Nevada"
nn00903513,2025-08-31 05:27:24.337,-116.7481,41.1561,5.9,4.0,"51 km NE of Valmy, Nevada"
nn00903475,2025-08-30 19:02:59.219,-116.7306,41.2573,4.2,4.0,"61 km NNE of Valmy, Nevada"
nn00903470,2025-08-30 18:59:53.401,-116.7192,41.1396,8.1,4.8,"51 km NE of Valmy, Nevada"
nn00903424,2025-08-30 04:54:49.602,-116.6811,41.1607,7.8,3.8,"55 km NE of Valmy, Nevada"
nn00903367,2025-08-29 09:44:05.891,-116.6947,41.2376,8.8,3.5,"61 km NE of Valmy, Nevada"
nn00903349,2025-08-29 09:05:04.978,-116.7005,41.1931,8.2,3.5,"57 km NE of Valmy, Nevada"
nn00903335,2025-08-29 06:24:36.800,-116.7046,41.1781,9.3,3.5,"55 km NE of Valmy, Nevada"
nn00903323,2025-08-29 02:17:48.596,-116.7295,41.1993,5.2,3.6,"56 km NE of Valmy, Nevada"
nn00903306,2025-08-28 22:52:59.759,-116.6986,41.1938,8.5,3.6,"57 km NE of Valmy, Nevada"
nc75223397,2025-08-14 13:41:47.820,-121.320333333333,35.8161666666667,9.07,3.62,"22 km NNW of San Simeon, CA"
nc75223077,2025-08-14 12:48:04.600,-122.8165,38.8005,3.38,4.05,"6 km NW of The Geysers, CA"
nn00902315,2025-08-09 07:14:12.941,-119.0839,39.1345,7.0,3.5,"17 km NNE of Yerington, Nevada"
ci41254448,2025-08-06 09:00:49.570,-117.492,34.3106667,11.87,3.66,"6 km N of Lytle Creek, CA"
ci41253336,2025-08-05 06:59:16.470,-115.5358333,32.9125,16.19,3.87489612092827,"7 km S of Brawley, CA"
ci41249496,2025-07-31 16:32:24.200,-117.4143333,34.148,5.26,4.37238430493943,"6 km NW of Rialto, CA"
nn00900754,2025-07-17 10:24:58.621,-119.0613,39.1529,11.1,3.5,"20 km NNE of Yerington, Nevada"
ci41021687,2025-07-13 12:27:55.190,-118.0321667,36.1743333,2.03,3.98,"12 km SSW of Olancha, CA"
ci41019687,2025-07-11 09:55:42.860,-115.6366667,33.1608333,11.21,4.34,"12 km WNW of Calipatria, CA"
ci41019143,2025-07-11 00:16:46.150,-116.4271667,33.2601667,5.29,3.7,"5 km W of Borrego Springs, CA"
nc75202046,2025-06-29 03:56:19.230,-117.919166666667,37.3265,11.69,3.87,"8 km SE of Deep Springs, CA"
nc75202001,2025-06-29 02:37:58.310,-117.920666666667,37.316,11.6,4.54,"8 km SSE of Deep Springs, CA"
nc75201261,2025-06-27 10:57:11.200,-122.418833333333,40.6091666666667,20.59,3.6,"5 km NW of Redding, CA"
nn00898573,2025-06-06 07:16:12.812,-114.6424,37.266,4.3,4.0,"40 km SSW of Caliente, Nevada"
ci41156568,2025-05-19 19:09:19.000,-119.0391667,35.048,6.03,3.76,"15 km NW of Grapevine, CA"
nn00897639,2025-05-15 07:08:14.218,-116.7329,41.1864,6.3,3.5,"54 km NE of Valmy, Nevada"
nn00897636,2025-05-15 07:06:34.184,-116.7282,41.2382,5.8,3.8,"59 km NE of Valmy, Nevada"
nn00897585,2025-05-14 12:35:18.448,-116.7261,41.2074,7.6,3.9,"57 km NE of Valmy, Nevada"
nc75175581,2025-05-03 00:35:18.960,-122.7585,38.7903333333333,2.27,3.7,"1 km N of The Geysers, CA"
nc75174811,2025-05-01 21:20:42.400,-123.362833333333,39.4161666666667,3.64,3.6,"1 km NNW of Willits, CA"
ci40926623,2025-04-14 18:23:42.060,-116.5921667,33.0405,12.57,3.95,"4 km SSE of Julian, CA"
ci40926063,2025-04-14 17:12:30.290,-116.3,33.23,10.74,3.54,"8 km ESE of Borrego Springs, CA"
ci40925991,2025-04-14 17:08:28.110,-116.5948333,33.0358333,14.29,5.21,"5 km S of Julian, CA"
nc75159797,2025-04-04 06:31:48.960,-122.8405,38.821,2.42,3.93,"9 km NW of The Geysers, CA"
nn00895505,2025-04-01 23:06:10.716,-116.7153,41.2079,7.4,3.5,"57 km NE of Valmy, Nevada"
nn00895440,2025-03-31 16:28:14.460,-116.7251,41.2156,6.2,4.0,"57 km NE of Valmy, Nevada"
nn00895271,2025-03-29 02:43:55.952,-119.0134,39.0542,7.5,3.7,"15 km ENE of Yerington, Nevada"
nn00895228,2025-03-28 00:13:15.709,-119.5801,41.8784,3.4,3.6,"47 km E of Fort Bidwell, California"
ci40904495,2025-03-20 08:39:05.760,-116.267,33.3011667,10.86,3.71944208463526,"11 km ENE of Borrego Springs, CA"
nc75150752,2025-03-18 02:46:33.330,-121.994166666667,37.7071666666667,10.91,3.86,"5 km WNW of Dublin, CA"
ci41081408,2025-03-17 03:17:21.650,-118.8958333,34.0635,11.79,3.87,"10 km NW of Malibu, CA"
nc75149826,2025-03-17 02:13:44.980,-122.948333333333,39.4915,10.63,4.18,"9 km NNE of Lake Pillsbury, CA"
ci41075584,2025-03-09 20:03:20.340,-118.8945,34.0681667,11.38,4.06,"10 km NW of Malibu, CA"
ci41070112,2025-03-03 06:13:45.110,-118.3533333,34.1615,15.59,3.8,"2 km ESE of North Hollywood, CA"
nc75137161,2025-02-22 10:31:25.270,-121.325333333333,36.6953333333333,4.7,3.88,"11 km SSW of Tres Pinos, CA"
ci40186282,2025-02-15 14:30:12.190,-118.9136667,34.0488333,14.19,3.73,"11 km WNW of Malibu, CA"
ci40186202,2025-02-15 07:44:05.170,-118.91,34.0415,15.43,3.7,"10 km WNW of Malibu, CA"
nc75133062,2025-02-14 00:17:04.540,-120.183833333333,36.0826666666667,11.92,4.25,"10 km NNW of Avenal, CA"
nc75132987,2025-02-13 21:59:16.660,-122.052166666667,37.6471666666667,5.81,3.57,"2 km E of Hayward, CA"
ci40183482,2025-02-10 17:44:55.700,-117.264,34.1686667,7.75,3.59,"5 km NNE of San Bernardino, CA"
nn00893037,2025-02-07 22:58:02.651,-119.0138,39.1654,8.4,3.5,"23 km NNE of Yerington, Nevada"
nn00892165,2025-01-18 10:20:06.193,-118.4801,38.4888,7.4,3.7,"13 km ESE of Hawthorne, Nevada"
nc75116271,2025-01-12 16:49:21.980,-122.0425,37.9601666666667,11.75,3.54,"2 km ENE of Pleasant Hill, CA"
nn00891410,2025-01-05 07:54:43.820,-115.8268,38.3628,4.5,3.6,"80 km N of Rachel, Nevada"
nc75111126,2025-01-02 02:34:04.660,-122.756333333333,38.8455,1.42,4.65,"4 km NW of Cobb, CA"
nc75109096,2024-12-29 00:21:10.260,-123.506833333333,40.4545,5.4,3.58,"30 km W of Hayfork, CA"
ci40827375,2024-12-22 19:03:49.510,-118.0116667,35.772,2.69,3.55,"21 km SSW of Little Lake, CA"
nc75106461,2024-12-22 01:44:44.620,-121.231163024902,36.6008338928223,7.59000015258789,3.56,"11 km NW of Pinnacles, CA"
nc75104216,2024-12-17 01:08:14.980,-123.710666666667,40.282,28.97,4.05,"20 km NE of Redway, CA"
nn00889608,2024-12-15 02:23:53.987,-118.9832,39.0803,8.3,3.6,"18 km NE of Yerington, Nevada"
nn00889423,2024-12-13 04:54:01.917,-119.0367,39.1596,4.9,3.5,"22 km NNE of Yerington, Nevada"
nc75100701,2024-12-10 05:55:38.910,-122.802833333333,38.8218333333333,2.66,3.93,"6 km NNW of The Geysers, CA"
nn00888661,2024-12-10 00:39:56.966,-119.0225,39.1686,8.1,4.2,"23 km NNE of Yerington, Nevada"
nn00888611,2024-12-09 23:39:50.774,-119.0294,39.1714,12.1,3.6,"23 km NNE of Yerington, Nevada"
nn00888580,2024-12-09 23:08:31.577,-119.0238,39.1675,9.3,5.7,"2024 Parker Butte, Nevada Earthquake"
nc75095671,2024-12-05 18:47:36.030,-122.827,38.8441666666667,0.41,4.27,"9 km WNW of Cobb, CA"
nc75001908,2024-12-05 18:46:10.250,-122.8015,38.8018333333333,2.6,3.86,"5 km NW of The Geysers, CA"
nn00888275,2024-12-04 18:46:54.621,-119.0411,39.1604,11.1,3.8,"22 km NNE of Yerington, Nevada"
ci40798519,2024-11-22 22:15:54.170,-118.8065,34.0586667,10.59,3.77,"6 km N of Malibu, CA"
nc75086836,2024-11-15 21:39:00.210,-118.612,37.3968333333333,8.15,3.76,"2 km SW of Round Valley, CA"
nn00887532,2024-11-14 02:40:35.178,-117.9166,38.173,14.2,4.3,"29 km SE of Mina, Nevada"
ci40791447,2024-11-10 21:53:21.370,-115.5245,33.8585,4.64,3.56,"20 km NW of Desert Center, CA"
ci40966024,2024-10-28 07:49:24.330,-120.519,34.5815,-0.08,3.64,"8 km SW of Lompoc, CA"
ci40964384,2024-10-25 15:04:23.620,-117.056,36.5508333,4.58,4.54,"10 km SE of Stovepipe Wells, CA"
ci40964128,2024-10-25 08:05:08.290,-117.0911667,36.6016667,3.98,4.72,"5 km E of Stovepipe Wells, CA"
ci40964048,2024-10-25 06:52:08.300,-117.0985,36.604,4.34,4.16,"4 km E of Stovepipe Wells, CA"
nc75077991,2024-10-24 06:59:49.760,-124.292666666667,40.2846666666667,9.32,3.92,"5 km SSW of Petrolia, CA"
nc75077996,2024-10-24 06:58:47.140,-124.295166666667,40.2793333333333,9.75,4.36,"5 km SSW of Petrolia, CA"
nc75077981,2024-10-24 06:18:15.420,-124.288333333333,40.2756666666667,9.88,4.0,"5 km SSW of Petrolia, CA"
nc75077976,2024-10-24 05:56:02.970,-124.281833333333,40.2856666666667,9.49,3.67,"4 km S of Petrolia, CA"
ci40958128,2024-10-21 00:32:11.130,-117.9728333,33.0601667,5.85,3.56,"44 km NE of San Clemente Is. (SE tip), CA"
ci40951816,2024-10-11 11:41:47.360,-117.1021667,36.6063333,2.73,3.63,"4 km E of Stovepipe Wells, CA"
ci40752807,2024-10-06 10:51:08.410,-117.5923333,34.0236667,5.17,3.99,"5 km SE of Ontario, CA"
ci40752591,2024-10-06 00:25:57.740,-117.0811667,36.1451667,1.83,3.59,"40 km SSW of Furnace Creek, CA"
nc75069176,2024-10-02 00:45:18.260,-120.200666666667,36.0808333333333,11.15,4.02,"11 km NNW of Avenal, CA"
ci40749799,2024-10-01 19:56:21.570,-117.608,34.0398333,5.29,3.54,"2 km SE of Ontario, CA"
nc75068161,2024-09-29 09:47:33.220,-121.653333333333,36.9118333333333,6.94,4.15,"3 km  of Aromas, CA"
ci40746391,2024-09-26 18:24:29.350,-118.0145,36.2068333,1.99,3.75,"8 km S of Olancha, CA"
ci40734823,2024-09-16 11:22:08.190,-118.8116667,34.0596667,10.9,3.7,"6 km N of Malibu, CA"
ci40731623,2024-09-12 14:28:21.610,-118.8126667,34.0565,11.35,4.71246919380642,"6 km N of Malibu, CA"
nn00884526,2024-09-11 08:31:01.047,-115.2783,37.6474,11.8,3.5,"7 km NW of Hiko, Nevada"
ci40727543,2024-09-07 17:34:20.790,-117.5908333,34.026,4.84,3.95,"4 km SE of Ontario, CA"
nc75058606,2024-09-07 14:30:36.710,-122.746666666667,38.7771666666667,0.16,4.28,"1 km ESE of The Geysers, CA"
nn00882964,2024-08-25 05:13:45.668,-118.5599,38.6805,4.2,3.9,"17 km ENE of Walker Lake, Nevada"
nn00882856,2024-08-23 15:31:58.225,-118.5666,38.6864,5.5,4.3,"16 km ENE of Walker Lake, Nevada"
ci40703159,2024-08-15 16:39:31.860,-117.3981667,33.674,8.38,3.61,"6 km NW of Lakeland Village, CA"
nn00882322,2024-08-14 03:06:35.540,-115.7274,36.636,13.2,4.4,"8 km NW of Indian Springs, Nevada"
ci40699207,2024-08-12 19:20:24.670,-118.1788333,34.0825,10.98,4.39,"4 km SSE of Highland Park, CA"
ci40697215,2024-08-11 09:45:13.490,-117.6805,35.945,5.0,3.77,"20 km E of Little Lake, CA"
ci40869232,2024-08-08 02:09:15.010,-119.0726667,35.102,11.57,4.44,"22 km NW of Grapevine, CA"
ci40868904,2024-08-07 23:43:32.720,-119.1181667,35.1018333,12.24,3.78,"25 km NW of Grapevine, CA"
ci40867136,2024-08-07 10:39:19.040,-119.1221667,35.1103333,12.96,3.64,"25 km SW of Lamont, CA"
ci40866360,2024-08-07 06:52:28.530,-119.1076667,35.1008333,12.06,3.5,"24 km NW of Grapevine, CA"
ci40865232,2024-08-07 04:17:46.890,-119.1118333,35.0876667,10.17,3.58,"23 km NW of Grapevine, CA"
ci40865224,2024-08-07 04:17:10.020,-119.0783333,35.111,11.09,4.06,"22 km SW of Lamont, CA"
ci40865192,2024-08-07 04:10:44.540,-119.115,35.1088333,11.98,4.6,"25 km SW of Lamont, CA"
ci40865184,2024-08-07 04:09:56.760,-119.097,35.109,11.6,5.22,"24 km SW of Lamont, CA"
ci40675231,2024-07-29 20:03:33.150,-116.7943333,34.946,2.84,3.51,"22 km ENE of Barstow, CA"
ci40675215,2024-07-29 20:00:52.590,-116.7866667,34.9503333,7.26,4.87,"22 km ENE of Barstow, CA"
ci40666815,2024-07-21 22:09:54.870,-118.471,33.8143333,11.6,3.56,"8 km WNW of Palos Verdes Estates, CA"
ci40662719,2024-07-17 21:59:27.140,-116.386,33.1956667,13.7,3.5,"7 km S of Borrego Springs, CA"
nn00880450,2024-07-06 11:14:53.707,-118.79,38.2594,5.8,3.8,"32 km SSW of Hawthorne, Nevada"
nn00880145,2024-06-30 05:17:44.876,-116.7011,39.3908,7.5,3.5,"33 km ESE of Austin, Nevada"
nn00880126,2024-06-29 23:35:33.664,-116.684,39.391,7.6,4.1,"35 km ESE of Austin, Nevada"
ci40813512,2024-06-29 07:46:07.240,-116.9825,35.038,2.3,3.86,"16 km NNE of Barstow, CA"
ci40809504,2024-06-24 22:30:59.930,-119.1115,35.1131667,12.07,4.09,"24 km SW of Lamont, CA"
ci40808000,2024-06-23 19:17:01.080,-116.0838333,33.255,10.55,3.59,"13 km WSW of Salton City, CA"
nc75025862,2024-06-23 11:38:47.610,-123.539,39.6691666666667,2.19,3.61,"5 km WSW of Laytonville, CA"
nc75025237,2024-06-22 03:46:25.830,-123.532833333333,39.6675,3.33,4.34,"5 km WSW of Laytonville, CA"
nc75017972,2024-06-08 19:34:29.120,-122.821833333333,38.814,3.55,4.48,"7 km NW of The Geysers, CA"
ci40616303,2024-06-06 23:52:24.590,-117.9098333,33.6311667,12.08,3.58,"2 km NE of Newport Beach, CA"
ci40608583,2024-05-31 17:26:53.780,-119.1915,34.4711667,18.12,3.58,"5 km ENE of Ojai, CA"
nc75012616,2024-05-27 14:03:17.600,-121.1595,40.242,6.37,3.57,"3 km NE of Almanor, CA"
ci40593503,2024-05-20 12:17:36.030,-116.0046667,33.028,11.18,4.05,"17 km SE of Ocotillo Wells, CA"
ci40591087,2024-05-18 23:13:26.920,-115.5343333,32.9328333,13.75,3.71,"5 km S of Brawley, CA"
ci40591055,2024-05-18 23:05:05.150,-115.5425,32.9356667,14.21,3.93,"5 km SSW of Brawley, CA"
ci40590759,2024-05-18 19:17:22.800,-115.5436667,32.9298333,10.84,3.83,"6 km SSW of Brawley, CA"
ci40590383,2024-05-18 16:30:18.050,-115.5326667,32.9375,10.35,3.53,"5 km S of Brawley, CA"
ci40590231,2024-05-18 15:52:13.820,-115.537,32.9373333,12.31,3.69,"5 km S of Brawley, CA"
ci40589751,2024-05-18 12:41:52.820,-115.5365,32.9366667,13.89,3.5,"5 km S of Brawley, CA"
ci40589719,2024-05-18 12:38:00.260,-115.538,32.9323333,13.82,3.56,"5 km S of Brawley, CA"
ci40589407,2024-05-18 09:36:37.330,-115.5395,32.9333333,11.74,3.71,"5 km S of Brawley, CA"
nc75006996,2024-05-15 06:39:03.840,-123.901833333333,40.8283333333333,25.58,4.02,"9 km SE of Blue Lake, CA"
ci40735352,2024-05-01 20:49:00.760,-117.6445,33.8111667,4.61,4.11,"10 km SW of Corona, CA"
ci40549375,2024-04-18 19:19:18.140,-118.513,35.493,3.22,4.32,"11 km S of Bodfish, CA"
ci40714056,2024-04-16 15:23:26.400,-117.8948333,36.117,5.08,3.91,"9 km NNE of Coso Junction, CA"
ci40712344,2024-04-13 16:08:38.390,-116.3056667,33.36,11.61,3.81,"13 km NNE of Borrego Springs, CA"
nc71133194,2024-04-05 01:34:49.830,-121.3006667,40.04,7.76,4.42,"6 km NW of Belden, CA"
nc74029551,2024-04-05 01:34:25.410,-121.3163333,40.0331667,5.38,4.08,"6 km WNW of Belden, CA"
nc74018946,2024-03-17 14:53:53.380,-123.6748333,40.5575,35.06,3.89,"36 km E of Hydesville, CA"
nn00874499,2024-03-10 11:23:37.644,-119.6084,41.9951,0.0,3.5,"47 km ENE of Fort Bidwell, California"
nn00874165,2024-03-04 21:02:46.579,-116.3653,40.4036,9.8,3.8,"17 km E of Crescent Valley, Nevada"
ci40671296,2024-02-16 07:38:40.520,-117.595,34.0386667,12.99,3.63,"3 km ESE of Ontario, CA"
ci40669624,2024-02-14 07:53:13.600,-115.623,33.1276667,9.84,4.04,"10 km N of Westmorland, CA"
nc74001951,2024-02-12 23:54:43.500,-118.55,37.4075,5.47,3.55,"4 km E of Round Valley, CA"
ci37623804,2024-02-12 10:18:44.260,-115.534,32.786,15.95,3.7,"2 km E of El Centro, CA"
ci40667016,2024-02-12 10:18:35.990,-115.5501667,32.7886667,15.79,3.67,"1 km E of El Centro, CA"
ci40666488,2024-02-12 08:59:51.690,-115.5618333,32.794,15.71,3.9,"1 km NNW of El Centro, CA"
ci40666368,2024-02-12 08:42:48.620,-115.5655,32.7998333,15.76,4.56,"2 km NNW of El Centro, CA"
ci40666320,2024-02-12 08:38:34.290,-115.5866667,32.8161667,13.64,4.05,"4 km SSW of Imperial, CA"
ci40666312,2024-02-12 08:38:25.950,-115.58,32.809,14.28,3.56,"3 km NW of El Centro, CA"
ci40666296,2024-02-12 08:37:47.540,-115.5643333,32.8068333,11.18,3.63,"2 km NNW of El Centro, CA"
ci40666288,2024-02-12 08:36:25.460,-115.5735,32.8135,17.93,4.81,"3 km NNW of El Centro, CA"
ci40664632,2024-02-09 21:47:27.320,-118.9076667,34.0575,15.28,4.61,"11 km WNW of Malibu, CA"
nc73999211,2024-02-07 09:36:37.940,-121.0485,40.1711667,2.7,3.54,"2 km E of Canyondam, CA"
ci40662944,2024-02-05 01:06:53.130,-118.2256667,35.3936667,7.19,3.78,"32 km SE of Bodfish, CA"
nn00872898,2024-02-04 10:52:56.073,-119.5983,41.9778,0.0,3.5,"47 km ENE of Fort Bidwell, California"
nn00872549,2024-01-29 00:03:00.095,-119.6995,39.4074,8.8,3.5,"11 km NNW of Virginia City, Nevada"
nc73994586,2024-01-26 21:28:13.530,-122.7575,38.7911667,2.78,4.18,"2 km N of The Geysers, CA"
ci39756418,2024-01-25 03:43:19.970,-117.3115,34.1116667,15.78,4.24,"3 km SW of San Bernardino, CA"
nc73992726,2024-01-23 05:26:10.410,-124.2015,41.499,35.68,4.33,"16 km WSW of Klamath, CA"
ci40455759,2024-01-05 18:55:54.870,-117.5088333,34.2583333,9.11,4.15,"1 km W of Lytle Creek, CA"
ci40453591,2024-01-01 16:27:32.250,-118.3703333,33.5798333,11.44,4.06,"18 km S of Rancho Palos Verdes, CA"
ci40452607,2023-12-30 02:26:27.530,-118.6451667,35.4003333,5.21,3.52,"25 km SSW of Bodfish, CA"
nc73975501,2023-12-13 06:52:19.610,-122.746,38.7968333,0.34,3.5,"2 km NNE of The Geysers, CA"
nc73972711,2023-12-07 06:16:51.830,-120.9696667,36.8508333,6.53,3.7,"25 km SSW of Los Banos, CA"
ci40616768,2023-12-06 04:30:22.080,-115.8783333,32.737,9.29,3.65,"11 km E of Ocotillo, CA"
ci39720706,2023-12-01 07:43:27.480,-115.8728333,32.7518333,8.69,4.8,"11 km E of Ocotillo, CA"
ci39718738,2023-11-28 07:59:39.430,-116.8188333,34.292,7.22,3.5,"4 km NE of Big Bear City, CA"
nn00868733,2023-11-10 15:30:44.470,-117.8543,38.1859,12.7,4.3,"31 km SE of Mina, Nevada"
ci39708250,2023-11-05 05:12:57.650,-115.7388333,32.8643333,13.16,3.87,"16 km W of Imperial, CA"
ci39706674,2023-11-03 20:12:18.460,-119.1696667,34.4215,6.91,4.02,"7 km ESE of Ojai, CA"
nc73952605,2023-10-28 05:40:18.740,-119.5103333,38.5571667,4.46,4.24,"5 km NNW of Walker, CA"
nc73952475,2023-10-28 01:38:31.780,-122.377,37.6178333,11.61,3.67,"2 km NNE of Millbrae, CA"
nn00867904,2023-10-26 16:37:43.155,-119.627,41.9509,1.3,3.8,"44 km ENE of Fort Bidwell, California"
nn00867596,2023-10-19 07:43:04.369,-119.6343,39.621,10.5,3.6,Nevada
nn00867575,2023-10-18 18:26:54.225,-119.6313,39.6241,11.6,3.6,Nevada
nc73948665,2023-10-18 16:29:14.990,-121.6428333,38.127,8.46,4.24,"5 km SW of Isleton, CA"
nc73947830,2023-10-16 10:20:49.740,-124.0548333,40.3156667,31.06,4.83,"20 km E of Petrolia, CA"
ci40582816,2023-10-15 19:50:16.440,-119.1363333,34.5636667,7.0,3.71,"16 km NE of Ojai, CA"
nn00867351,2023-10-15 17:23:57.056,-117.0526,39.0036,3.1,3.5,"22 km S of Kingston, Nevada"
nc73947486,2023-10-08 21:30:23.900,-122.804,38.8271667,1.75,3.87,"7 km NW of The Geysers, CA"
ci40577368,2023-10-05 03:09:58.000,-117.661,35.041,0.79,3.52,"5 km NNW of Boron, CA"
nc73944271,2023-10-01 19:29:36.760,-124.2905,40.2915,9.59,3.61,"4 km S of Petrolia, CA"
nc73944166,2023-10-01 15:41:29.620,-124.287,40.2951667,9.8,4.09,"3 km S of Petrolia, CA"
nc73943821,2023-09-30 15:26:26.760,-124.2886667,40.5588333,17.88,4.65,"3 km SW of Ferndale, CA"
nc73942611,2023-09-27 20:00:21.390,-119.5118333,38.558,4.58,3.6,"6 km NNW of Walker, CA"
nc73938736,2023-09-19 04:13:10.380,-121.2958333,37.4381667,3.51,4.53,"15 km SW of Westley, CA"
nc73938626,2023-09-19 00:15:32.580,-121.2848333,37.4418333,0.05,3.97,"14 km SSW of Westley, CA"
nc71131324,2023-09-08 17:25:05.950,-121.5705,40.9618333,12.44,4.33,"12 km NE of Burney, CA"
nc73934641,2023-09-08 17:24:38.390,-121.56,40.953,15.63,4.99,"12 km NE of Burney, CA"
ci39653906,2023-08-29 08:05:33.310,-117.9176667,33.0018333,5.98,3.6,"45 km ENE of San Clemente Is. (SE tip), CA"
nc73928421,2023-08-25 14:14:45.620,-122.8105,38.8246667,3.04,3.96,"7 km NW of The Geysers, CA"
ci39647202,2023-08-22 11:39:19.080,-119.1645,34.4191667,4.89,3.89,"8 km ESE of Ojai, CA"
ci39646098,2023-08-21 05:25:16.970,-119.1915,34.4096667,1.83,3.94,"6 km SE of Ojai, CA"
ci39645626,2023-08-20 22:18:16.380,-119.1921667,34.4118333,9.79,3.94,"6 km SE of Ojai, CA"
ci39645586,2023-08-20 22:08:52.590,-119.168,34.4321667,1.63,3.66,"7 km ESE of Ojai, CA"
ci39645402,2023-08-20 21:45:26.350,-119.1821667,34.4273333,2.08,3.52,"6 km ESE of Ojai, CA"
ci39645386,2023-08-20 21:41:00.970,-119.1883333,34.4085,4.84,5.08,"7 km SE of Ojai, CA"
nc73925281,2023-08-17 21:08:00.860,-124.2343333,40.3183333,31.93,4.07,"4 km E of Petrolia, CA"
nc73923661,2023-08-13 15:28:58.920,-124.2655,40.9506667,22.99,3.8,"14 km W of McKinleyville, CA"
nc73922596,2023-08-10 19:17:18.370,-120.484,35.9345,9.5,4.28,"6 km NW of Parkfield, CA"
ci39627442,2023-08-02 05:38:08.620,-115.5735,33.186,3.11,4.12,"8 km SW of Niland, CA"
nc73918291,2023-07-30 13:49:04.320,-121.6323333,37.2561667,5.88,3.61,"14 km N of Morgan Hill, CA"
nn00862970,2023-07-19 07:34:23.821,-116.5364,39.5107,3.7,4.5,"45 km E of Austin, Nevada"
nn00862704,2023-07-16 04:36:09.978,-118.1622,38.5412,8.0,3.8,"17 km NNW of Mina, Nevada"
nc73909066,2023-07-05 09:21:20.940,-121.1571667,40.2315,5.25,3.5,"2km NE of Almanor, CA"
nc73908746,2023-07-04 14:58:49.570,-124.4095,40.3898333,29.86,3.88,"13km NW of Petrolia, CA"
ci40501968,2023-07-02 09:29:49.230,-118.881,33.827,10.73,3.72,"21km SSW of Malibu, CA"
ci40488576,2023-06-19 06:49:11.580,-118.145,35.498,6.81,3.57,"32km ESE of Lake Isabella, CA"
nc73902356,2023-06-18 03:44:59.090,-123.0895,39.0893333,10.52,4.35,"8km SE of Talmage, CA"
nc71130559,2023-06-03 12:01:28.410,-122.7953333,38.7961667,0.84,4.17,"4km WNW of The Geysers, CA"
nc73895826,2023-06-03 12:01:18.960,-122.7785,38.7921667,3.83,4.45,"2km NW of The Geysers, CA"
nn00860639,2023-06-02 00:23:05.353,-119.9797,39.6139,7.1,3.7,Nevada
ci40238207,2023-05-30 20:24:52.680,-119.1248333,34.0218333,13.56,3.56,"15km SSE of Port Hueneme, CA"
nc73890170,2023-05-26 11:26:25.000,-121.1478333,40.2266667,6.71,4.13,"2km NNE of Prattville, CA"
ci40230055,2023-05-21 03:26:29.610,-117.5835,37.2836667,5.29,4.26,"64km ENE of Big Pine, CA"
nc73889641,2023-05-18 15:55:53.710,-121.1346667,40.2251667,8.4,3.72,"3km NE of Prattville, CA"
nc73887046,2023-05-12 10:18:41.310,-121.0998333,40.196,6.06,5.16,"4km NW of Canyondam, CA"
nc73886856,2023-05-12 02:54:45.390,-121.1003333,40.196,4.79,3.79,"4km NW of Canyondam, CA"
nc73886731,2023-05-11 23:19:41.990,-121.1095,40.2041667,5.85,5.48,Lake Almanor Earthquake
ci40219807,2023-05-06 14:16:02.550,-115.5491667,32.7175,5.15,3.55,"2km SW of Heber, CA"
ci40217695,2023-05-03 01:40:24.490,-117.7166667,35.8715,8.85,3.56,"19km ESE of Little Lake, CA"
nc73882866,2023-05-01 23:13:47.480,-123.6595,38.8905,9.07,3.62,"4km SE of Point Arena, CA"
ci40215735,2023-04-30 07:58:19.380,-115.5858333,33.2036667,1.89,4.26,"7km WSW of Niland, CA"
ci40215583,2023-04-30 07:10:10.180,-115.5933333,33.1893333,1.88,4.29,"9 km SW of Niland, CA"
ci40215575,2023-04-30 07:09:34.500,-115.59,33.2008333,2.04,4.33,"8km WSW of Niland, CA"
ci40214935,2023-04-29 21:06:47.870,-115.5406667,32.709,11.34,3.71,"3km SSW of Heber, CA"
ci40214151,2023-04-29 12:07:03.500,-115.5448333,32.711,10.43,4.09,"3 km SSW of Heber, CA"
ci40445744,2023-04-26 06:46:58.450,-116.8456667,34.0288333,19.7,3.56,"12km NNE of Banning, CA"
nc73875700,2023-04-20 03:35:47.710,-121.8396667,37.9163333,16.04,3.65,"9km ESE of Clayton, CA"
ci40441936,2023-04-17 15:27:56.450,-116.7195,34.9518333,1.8,3.62,"28km ENE of Barstow, CA"
ci40441800,2023-04-17 07:45:17.200,-120.446,33.8713333,0.85,3.56,"19km SSW of San Miguel Is., CA"
nc73872965,2023-04-13 07:42:10.810,-122.7635,38.7865,2.01,3.88,"1km NNW of The Geysers, CA"
nc73871215,2023-04-12 05:39:51.750,-122.8068333,38.8351667,2.45,4.43,"7km WNW of Cobb, CA"
nc73866925,2023-04-04 22:23:17.820,-121.323,36.801,10.16,4.41,"1km NNW of Tres Pinos, CA"
ci39508378,2023-04-01 01:16:07.810,-116.9096667,33.3816667,12.96,4.15,"5km NW of Palomar Observatory, CA"
ci40189967,2023-03-26 06:20:45.070,-116.8505,35.7898333,0.42,3.59,"48km E of Trona, CA"
nc73860415,2023-03-21 23:18:19.630,-124.3725,40.5415,18.1,4.54,"10km WSW of Ferndale, CA"
ci40186575,2023-03-18 17:19:33.150,-115.7958333,33.2471667,7.07,3.56,"13km SSW of Bombay Beach, CA"
ci40186543,2023-03-18 16:52:07.010,-115.799,33.2466667,7.15,3.55,"13km SSW of Bombay Beach, CA"
nc73858675,2023-03-18 14:23:06.660,-117.9741667,37.508,0.32,3.7,"15km N of Deep Springs, CA"
nc73858500,2023-03-18 07:03:42.530,-117.972,37.5096667,-0.21,3.87,"15km N of Deep Springs, CA"
nc73857425,2023-03-15 21:44:05.160,-117.9556667,37.5105,-0.79,3.75,"16km N of Deep Springs, CA"
nc73856670,2023-03-14 10:13:18.680,-117.971,37.5213333,-1.23,3.88,"17km N of Deep Springs, CA"
nc73856490,2023-03-14 05:00:29.240,-117.9835,37.5176667,0.11,3.82,"16km N of Deep Springs, CA"
nc73856426,2023-03-07 14:33:12.440,-121.2011667,36.5941667,9.29,3.8,"9km NW of Pinnacles, CA"
nc73854486,2023-03-02 21:16:50.530,-122.7821667,38.7876667,2.72,3.59,"2km WNW of The Geysers, CA"
ci40419496,2023-02-28 13:30:51.690,-117.4165,35.6128333,8.15,3.56,"17km SSW of Trona, CA"
nn00856288,2023-02-22 18:22:12.682,-117.8891,38.1577,8.7,3.5,"32 km SE of Mina, Nevada"
nn00855707,2023-02-05 03:23:06.540,-117.8921,38.1675,11.4,3.5,"31 km SE of Mina, Nevada"
nc73838976,2023-01-28 23:56:58.670,-124.3973333,40.5355,24.7,3.7,"12km WSW of Ferndale, CA"
nn00855432,2023-01-28 17:16:15.675,-117.8643,38.1734,7.9,3.7,"32 km SE of Mina, Nevada"
ci40161287,2023-01-25 10:03:33.360,-118.7026667,33.8863333,13.83,3.61,"16km S of Malibu Beach, CA"
ci40161279,2023-01-25 10:00:54.680,-118.7045,33.885,14.71,4.19,"16km S of Malibu Beach, CA"
nc73836266,2023-01-23 13:58:02.950,-121.5168333,37.1093333,5.65,3.62,"9km ENE of San Martin, CA"
nc73834441,2023-01-20 08:01:14.570,-123.8753333,41.128,25.27,4.26,"16km WSW of Weitchpec, CA"
nc73834231,2023-01-20 01:18:07.660,-123.0948333,38.7511667,6.28,3.59,"9km SW of Cloverdale, CA"
nc73834131,2023-01-19 20:30:07.050,-123.8765,41.1286667,26.26,3.66,"16km WSW of Weitchpec, CA"
nc73834041,2023-01-19 17:15:55.930,-121.531,36.8096667,5.32,3.56,"4km S of San Juan Bautista, CA"
nc73830791,2023-01-10 18:32:14.700,-124.0303333,40.9488333,22.2,3.61,"6km E of McKinleyville, CA"
nc73827571,2023-01-01 18:35:04.510,-123.971,40.409,30.63,5.35,"15km SE of Rio Dell, CA"
nc73827436,2023-01-01 06:49:10.190,-121.2063333,36.595,7.74,3.9,"9km NW of Pinnacles, CA"
ci40151807,2022-12-31 12:12:26.650,-116.3933333,33.3975,3.88,4.14,"16 km N of Borrego Springs, CA"
nc73824236,2022-12-24 19:33:44.190,-124.0083333,40.5571667,22.4,4.16,"8km E of Hydesville, CA"
nc73823036,2022-12-22 11:49:55.860,-124.3346667,40.3601667,28.71,3.79,"6km NW of Petrolia, CA"
nc73822026,2022-12-20 22:06:34.380,-124.3291667,40.5455,19.74,4.35,"6km WSW of Ferndale, CA"
nc73821636,2022-12-20 15:09:05.740,-124.0688333,40.6005,22.5,3.99,"6km NNE of Hydesville, CA"
nc73821111,2022-12-20 10:53:16.680,-124.3543333,40.5273333,17.09,3.52,"9km SW of Ferndale, CA"
nc73821046,2022-12-20 10:39:02.360,-124.1881667,40.5228333,26.55,4.92,"7km WNW of Rio Dell, CA"
nc73819746,2022-12-17 11:39:42.860,-122.304,37.9181667,5.48,3.57,"1km ENE of El Cerrito, CA"
ci40142983,2022-12-07 14:13:22.690,-118.3915,35.5086667,5.07,3.59,"13 km SE of Bodfish, CA"
nn00852719,2022-12-06 08:43:21.532,-119.5587,41.9732,0.0,3.5,"50 km ENE of Fort Bidwell, California"
nc73814971,2022-12-06 00:10:37.510,-120.0126667,35.9356667,9.46,3.98,"9km SSW of Kettleman City, CA"
nc73814941,2022-12-05 23:13:16.710,-121.6876667,37.3258333,8.21,3.59,"13km ESE of Alum Rock, CA"
nc73813816,2022-12-02 12:21:48.910,-118.338,37.1563333,8.17,3.91,"4km WSW of Big Pine, CA"
ci40383192,2022-12-01 15:28:29.660,-116.0403333,32.8361667,10.46,3.82,"12km NNW of Ocotillo, CA"
nn00851914,2022-11-23 02:30:13.657,-117.8655,38.1864,6.3,3.5,"31 km SE of Mina, Nevada"
nc73804556,2022-11-07 02:01:27.780,-123.1165,39.4828333,5.64,3.76,"16km WNW of Lake Pillsbury, CA"
nc73799821,2022-10-27 17:54:22.550,-124.3686667,40.3113333,28.88,3.66,"7km WSW of Petrolia, CA"
nc73799186,2022-10-25 22:08:37.200,-121.6751667,37.3106667,8.05,3.54,"15km E of Seven Trees, CA"
nc73799091,2022-10-25 18:42:02.710,-121.672,37.3115,8.38,5.06,"15km ESE of Alum Rock, CA"
nc73798306,2022-10-23 18:16:23.050,-124.14,40.5781667,28.35,4.1,"3km SSE of Fortuna, CA"
nc73796766,2022-10-20 07:55:16.770,-123.5185,40.3495,33.05,4.32,"36km NE of Redway, CA"
ci40359712,2022-10-12 12:54:07.000,-118.9958333,35.0486667,12.27,3.67,"13km NNW of Grapevine, CA"
nc73792396,2022-10-12 00:28:36.750,-119.4411667,38.5498333,7.27,3.54,"5km NE of Walker, CA"
ci40107167,2022-09-27 08:03:39.320,-118.3885,35.5076667,5.18,3.7,"13km SE of Bodfish, CA"
nc73783911,2022-09-20 14:03:08.070,-123.1861667,39.8005,9.05,3.96,"5km E of Covelo, CA"
ci40102247,2022-09-18 06:55:48.060,-115.9373333,33.7635,6.15,3.53,"23km NE of Thermal, CA"
nc73782441,2022-09-16 16:12:42.850,-119.505,38.5233333,5.3,3.65,"2km WNW of Walker, CA"
nc71129069,2022-09-14 01:40:20.420,-122.7036667,38.4813333,5.59,4.29,"4km N of Santa Rosa, CA"
nc73781306,2022-09-14 01:39:38.730,-122.7071667,38.475,5.57,4.39,"3km N of Santa Rosa, CA"
ci40095559,2022-09-03 17:04:55.810,-117.5595,34.0203333,11.39,3.57,"5km NW of Mira Loma, CA"
nc73774300,2022-09-01 13:36:22.150,-121.0965,36.549,1.6,4.0,"5km ENE of Pinnacles, CA"
nn00846122,2022-08-30 18:31:27.831,-117.8993,38.1502,6.1,3.9,"32 km SE of Mina, Nevada"
nc73767655,2022-08-13 12:33:35.760,-123.9355,40.7575,22.58,3.57,"14km SE of Bayside, CA"
nc73765585,2022-08-08 20:44:14.110,-119.446,38.5816667,5.4,4.45,"8km NNE of Walker, CA"
nc73761796,2022-07-23 01:41:04.680,-121.4761667,39.4656667,0.59,4.24,"5km S of Oroville East, CA"
ci40065255,2022-07-17 15:44:26.540,-118.3865,35.5126667,4.66,3.8,"13km SE of Bodfish, CA"
ci40065151,2022-07-17 10:41:43.560,-118.009,33.4196667,9.99,3.55,"23km SSW of Newport Beach, CA"
ci40063391,2022-07-15 01:19:07.000,-117.5843333,35.7091667,6.3,4.58,"13km NE of Ridgecrest, CA"
ci40063127,2022-07-14 18:54:03.220,-115.9846667,33.2725,4.95,3.58,"4km SW of Salton City, CA"
nn00842587,2022-07-11 16:47:20.186,-116.1046,38.684,2.8,3.5,"92 km S of Eureka, Nevada"
nn00842579,2022-07-11 15:02:04.531,-116.0878,38.687,0.8,3.5,"92 km S of Eureka, Nevada"
ci40298688,2022-07-07 01:30:31.400,-116.1063333,33.2308333,9.6,3.54,"10km NNE of Ocotillo Wells, CA"
ci40297864,2022-07-06 06:15:46.400,-118.402,35.5548333,2.88,3.53,"9km ESE of Bodfish, CA"
nn00842158,2022-07-03 17:28:48.393,-116.0897,38.6943,0.2,3.5,"91 km S of Eureka, Nevada"
nn00842016,2022-06-30 17:48:11.909,-117.7791,38.2083,7.7,3.9,"35 km SE of Mina, Nevada"
nc73752031,2022-06-28 11:57:40.710,-122.7471667,38.8301667,0.48,4.19,"2km WNW of Cobb, CA"
nn00841009,2022-06-16 16:55:23.108,-117.8226,38.1723,7.9,3.9,"34 km SE of Mina, Nevada"
ci40036719,2022-06-08 22:48:21.560,-118.3873333,35.5108333,5.2,3.55,"13km SE of Bodfish, CA"
ci40032983,2022-06-03 10:40:29.910,-116.6641667,33.2338333,10.94,3.68,"6km SSW of Warner Springs, CA"
nc73740051,2022-06-02 12:07:22.230,-122.0076667,38.0765,18.43,4.14,"7km NW of Bay Point, CA"
ci40027143,2022-05-26 09:23:32.530,-117.406,35.6026667,4.79,4.28,"18km S of Trona, CA"
ci40019919,2022-05-16 06:16:50.290,-116.4448333,34.0078333,8.25,3.76,"7km NE of Desert Hot Springs, CA"
ci40255392,2022-05-10 06:53:51.020,-117.3896667,35.5251667,9.05,3.53,"27km S of Trona, CA"
ci40255120,2022-05-09 21:35:33.550,-116.3538333,33.0391667,11.34,3.54,"24km E of Julian, CA"
ci40243288,2022-04-21 18:58:50.260,-115.5135,32.8948333,9.45,3.62,"7km NE of Imperial, CA"
ci40241440,2022-04-19 20:30:08.420,-115.5138333,32.9105,11.46,3.72,"8km SSE of Brawley, CA"
ci40241424,2022-04-19 20:22:41.540,-115.5165,32.9095,11.77,3.61,"8km S of Brawley, CA"
nc73714176,2022-04-04 15:18:31.590,-124.2186667,40.4816667,21.41,3.8,"10km WSW of Rio Dell, CA"
nc73714181,2022-04-04 15:16:46.240,-124.2101667,40.4871667,21.4,4.07,"9km W of Rio Dell, CA"
ci39985119,2022-04-03 09:51:30.520,-116.9765,35.0381667,2.01,3.62,"16km NNE of Barstow, CA"
nc73713331,2022-04-02 10:31:04.680,-123.5105,41.0453333,33.39,3.54,"16km NE of Willow Creek, CA"
nn00836469,2022-04-01 11:34:31.115,-117.8881,38.1708,12.4,3.5,"31 km SE of Mina, Nevada"
nc73712486,2022-03-31 02:05:26.760,-118.6031667,37.4093333,10.53,3.93,"1km SW of Round Valley, CA"
nc73710361,2022-03-25 21:10:58.610,-122.2585,39.1266667,-0.49,3.67,"10km WSW of Williams, CA"
nc73707826,2022-03-19 16:59:41.390,-121.7615,37.0021667,12.04,3.58,"4km ENE of Corralitos, CA"
nc73707021,2022-03-18 04:51:22.290,-119.5405,38.521,-0.54,3.99,"5km W of Walker, CA"
nc73705146,2022-03-13 20:51:32.260,-121.1883333,36.5846667,6.03,4.12,"7km NW of Pinnacles, CA"
nc73702486,2022-03-07 16:22:42.900,-119.08,38.2258333,8.97,3.54,"6km WNW of Bodie, CA"
nn00834904,2022-03-04 09:57:48.046,-115.2581,38.0585,7.5,3.5,"51 km N of Hiko, Nevada"
nc73700486,2022-03-03 11:39:58.200,-122.7581667,38.7805,0.4,3.78,"0km NNW of The Geysers, CA"
nn00834659,2022-03-01 18:17:21.302,-118.0206,38.141,9.4,3.5,"28 km SSE of Mina, Nevada"
ci40194736,2022-02-27 01:44:18.300,-119.132,34.4211667,19.66,3.98,"10km NW of Santa Paula, CA"
nn00834481,2022-02-26 01:42:23.102,-117.7771,38.1861,5.2,3.5,"36 km SE of Mina, Nevada"
nn00834222,2022-02-21 05:06:10.361,-118.3624,38.2511,7.9,3.5,California-Nevada border region
nn00833903,2022-02-15 21:16:24.065,-117.7833,38.1814,4.1,4.7,"36 km SE of Mina, Nevada"
ci40182560,2022-02-11 00:25:02.020,-119.1323333,34.4171667,18.74,3.86,"10km NW of Santa Paula, CA"
ci40178728,2022-02-06 23:24:47.510,-117.4786667,33.7323333,11.02,3.62,"13km NE of Trabuco Canyon, CA"
ci39928087,2022-01-30 17:46:26.970,-116.9146667,33.3355,13.31,4.0,"5km WSW of Palomar Observatory, CA"
nn00832788,2022-01-30 07:16:42.456,-118.0052,38.142,8.0,3.9,"29 km SSE of Mina, Nevada"
ci39924871,2022-01-27 10:51:22.330,-118.9958333,35.0445,12.03,3.51,"13km NNW of Grapevine, CA"
nn00832186,2022-01-22 22:40:11.845,-118.3528,38.2571,11.7,4.3,"25 km SW of Mina, Nevada"
ci39910255,2022-01-13 03:19:08.700,-116.443,33.4688333,13.97,3.86,"23km ESE of Anza, CA"
nn00831477,2022-01-10 14:31:27.250,-114.9424,40.9622,13.6,3.7,"16 km S of Wells, Nevada"
ci39905711,2022-01-08 06:21:31.650,-118.9911667,34.4365,1.8,3.56,"8km WNW of Fillmore, CA"
nc73674211,2022-01-06 00:28:07.010,-117.9023333,37.3338333,9.5,4.75,"8km ESE of Deep Springs, CA"
nn00831033,2022-01-05 07:21:14.365,-117.8238,38.1677,9.9,4.2,"35 km SE of Mina, Nevada"
nn00831000,2022-01-04 23:22:39.593,-115.35,41.094,4.2,3.6,"31 km NE of Osino, Nevada"
ci39901519,2022-01-03 02:34:48.200,-119.3906667,35.284,17.73,3.92,"15km SSE of Buttonwillow, CA"
nc73671446,2021-12-31 20:57:46.030,-124.3288333,40.4778333,19.05,3.81,"12km SSW of Ferndale, CA"
nc73667866,2021-12-23 03:28:52.150,-124.2925,40.3751667,21.02,3.87,"6km N of Petrolia, CA"
nc73666831,2021-12-21 04:34:19.950,-124.2841667,40.4475,27.54,3.76,"14km N of Petrolia, CA"
nc73666801,2021-12-21 03:26:39.360,-124.2383333,40.4115,26.83,3.84,"10km NNE of Petrolia, CA"
nc73666511,2021-12-20 21:53:46.470,-124.2258333,40.3585,26.93,3.93,"6km NE of Petrolia, CA"
nc73666231,2021-12-20 20:10:31.310,-124.298,40.3901667,27.04,6.2,"7km N of Petrolia, CA"
ci39882375,2021-12-08 10:28:04.820,-117.5068333,34.2005,4.98,3.62,"7km S of Lytle Creek, CA"
nc73654060,2021-11-17 19:43:43.550,-121.9688333,37.7891667,10.3,3.86,"1km NE of San Ramon, CA"
nc73648540,2021-11-04 00:24:34.080,-123.4245,39.8938333,7.43,4.08,"19km NW of Covelo, CA"
nc73648040,2021-11-03 00:24:51.300,-124.2553333,40.363,29.6,4.38,"5km NNE of Petrolia, CA"
nc73644635,2021-10-25 23:49:36.100,-121.3038333,35.7688333,6.46,3.53,"17km NW of San Simeon, CA"
nc73644630,2021-10-25 23:42:35.860,-121.3043333,35.7758333,7.79,4.65,"18km NW of San Simeon, CA"
ci39841223,2021-10-24 14:01:02.280,-118.1973333,34.0168333,17.15,3.61,"3km WSW of East Los Angeles, CA"
ci39841127,2021-10-24 06:49:12.020,-115.876,32.9675,11.15,3.55,"25km WSW of Westmorland, CA"
nc73641850,2021-10-20 08:57:15.880,-121.3173333,36.6708333,6.52,3.73,"13km S of Tres Pinos, CA"
ci39835791,2021-10-17 13:19:00.720,-117.86,36.2131667,4.19,3.98,"15km ESE of Olancha, CA"
nn00825754,2021-10-15 12:36:04.947,-117.9846,38.1348,9.0,3.7,"30 km SSE of Mina, Nevada"
nn00825704,2021-10-15 00:04:32.500,-115.6637,39.0756,10.0,3.6,"54 km SSE of Eureka, Nevada"
nn00825474,2021-10-12 08:28:37.959,-117.901,38.1602,10.3,3.5,"31 km SE of Mina, Nevada"
nc73636810,2021-10-08 00:13:49.320,-118.9533333,38.1018333,9.57,3.66,"13km SSE of Bodie, CA"
nc73636175,2021-10-06 14:25:27.520,-118.3253333,36.989,8.89,3.52,"20km S of Big Pine, CA"
nc73633396,2021-10-04 23:07:48.800,-121.2886667,36.5891667,6.36,3.66,"14km WNW of Pinnacles, CA"
ci40061064,2021-10-02 01:42:20.500,-118.321,35.0691667,2.69,3.68,"14km W of Mojave, CA"
nc71126389,2021-09-28 15:12:38.630,-119.5315,38.5418333,5.16,3.79,"28km SE of Markleeville, CA"
nc73630471,2021-09-28 15:12:12.240,-119.5348333,38.542,5.04,3.8,"28km SE of Markleeville, CA"
nc73629686,2021-09-26 08:51:30.240,-124.1636667,40.2491667,11.69,3.61,"13km SE of Petrolia, CA"
nc73628241,2021-09-23 01:53:41.890,-119.5006667,38.5433333,7.32,3.61,"30km SSW of Smith Valley, NV"
nc73626516,2021-09-18 19:20:31.030,-119.4986667,38.5468333,6.82,3.97,"30km SSW of Smith Valley, NV"
ci39812319,2021-09-18 02:58:34.700,-118.2636667,33.8313333,11.86,4.28,"2km E of Carson, CA"
nc73625096,2021-09-15 12:29:44.360,-119.5606667,38.4188333,6.26,3.55,"25km ENE of Dardanelle, CA"
nc73624666,2021-09-14 07:38:52.100,-120.5926667,36.2965,16.6,3.79,"15km SSE of New Idria, CA"
ci39807135,2021-09-13 14:59:35.980,-118.8976667,34.2278333,2.41,3.62,"5km NNW of Thousand Oaks, CA"
nn00822047,2021-09-12 15:18:51.697,-117.7495,38.1899,8.0,3.7,"38 km SE of Mina, Nevada"
nc73622771,2021-09-09 21:57:56.520,-124.3813333,40.2705,32.83,4.47,"10km SW of Petrolia, CA"
nc73620341,2021-09-05 05:27:45.570,-123.1191667,39.143,9.8,3.69,"4km ENE of Talmage, CA"
nn00821135,2021-09-04 10:19:07.392,-118.2498,38.1581,7.3,3.5,"28 km SSW of Mina, Nevada"
nc73619336,2021-09-03 05:44:20.480,-123.118,39.1465,9.21,3.78,"4km ENE of Talmage, CA"
us7000f6a0,2021-08-31 17:21:09.030,-114.974,40.8826,7.48,4.7,"25 km S of Wells, Nevada"
nc73618401,2021-08-31 16:09:56.600,-121.1828333,36.5781667,8.54,4.05,"6km NW of Pinnacles, CA"
nc71125774,2021-08-31 08:01:24.460,-124.3945,40.2713333,28.15,3.55,"11km WSW of Petrolia, CA"
nc73618286,2021-08-31 08:01:11.180,-124.4008333,40.2815,32.36,4.0,"11km WSW of Petrolia, CA"
ci40024128,2021-08-27 12:34:51.160,-118.3791667,35.5151667,5.01,4.0,"13km SE of Bodfish, CA"
nc73615986,2021-08-27 04:47:44.690,-119.4211667,38.5663333,-1.92,4.37,"25km SSW of Smith Valley, NV"
nc73615886,2021-08-27 01:47:25.700,-119.4195,38.5558333,0.71,3.5,"26km SSW of Smith Valley, NV"
ci40018784,2021-08-23 14:57:23.620,-115.6413333,33.139,7.16,4.04,"12km N of Westmorland, CA"
ci40014576,2021-08-18 21:50:22.940,-115.9675,33.0748333,3.84,3.84,"17km ESE of Ocotillo Wells, CA"
ci40014560,2021-08-18 21:45:14.590,-115.9598333,33.0733333,7.07,3.98,"18km ESE of Ocotillo Wells, CA"
nc73604436,2021-08-02 18:28:54.290,-122.8623333,39.6703333,7.64,3.66,"12km W of Alder Springs, CA"
nn00816831,2021-07-29 14:23:29.113,-118.6142,38.0392,10.3,3.5,"27 km NNW of Benton, California"
nn00815966,2021-07-24 05:34:46.751,-116.7154,38.1729,1.0,3.8,"46 km ENE of Tonopah, Nevada"
nn00815426,2021-07-21 12:04:18.733,-118.2405,38.1569,7.7,3.9,"28 km SSW of Mina, Nevada"
nc73594701,2021-07-18 13:24:10.670,-119.4703333,38.4241667,5.44,3.6,"28km NW of Bridgeport, CA"
nc73593641,2021-07-17 09:49:10.780,-119.469,38.5495,3.15,3.52,"28km SSW of Smith Valley, NV"
nc73591671,2021-07-15 14:18:29.020,-119.485,38.5218333,4.8,3.77,"32km SSW of Smith Valley, NV"
nc73589811,2021-07-14 03:46:14.210,-119.4605,38.5486667,2.03,3.89,"28km SSW of Smith Valley, NV"
nn00812460,2021-07-10 14:05:12.711,-117.7673,38.1997,10.6,3.6,"36 km SE of Mina, Nevada"
nc73586481,2021-07-10 02:48:45.260,-119.5403333,38.4985,2.67,3.57,"31km SE of Markleeville, CA"
nc73586416,2021-07-10 01:21:01.190,-119.5535,38.5318333,2.47,3.76,"28km SE of Markleeville, CA"
nc73585771,2021-07-09 09:13:49.050,-119.466,38.5493333,0.67,3.55,"28km SSW of Smith Valley, NV"
nc73585576,2021-07-09 05:43:55.340,-119.5386667,38.5393333,4.64,3.57,"28km SE of Markleeville, CA"
nc73585531,2021-07-09 05:10:35.790,-119.5293333,38.5426667,3.92,4.34,"28km SE of Markleeville, CA"
nc73585526,2021-07-09 05:04:18.400,-119.512,38.5291667,5.7,4.06,"30km SE of Markleeville, CA"
nc73585291,2021-07-09 01:46:00.400,-119.5343333,38.5086667,3.71,4.55,"30km SE of Markleeville, CA"
nc73585141,2021-07-09 00:27:46.560,-119.5103333,38.4781667,4.81,4.41,"32km ENE of Dardanelle, CA"
nc73585111,2021-07-09 00:05:21.510,-119.4825,38.4563333,4.79,3.92,"31km NW of Bridgeport, CA"
nc73585101,2021-07-09 00:03:18.520,-119.5353333,38.5365,2.81,3.64,"28km SE of Markleeville, CA"
nc73585086,2021-07-08 23:58:53.570,-119.524,38.537,5.83,4.24,"29km SE of Markleeville, CA"
nc73585056,2021-07-08 23:47:43.520,-119.5335,38.536,4.55,3.76,"28km SE of Markleeville, CA"
nc73585061,2021-07-08 23:44:41.130,-119.5218333,38.5528333,4.36,3.52,"28km ESE of Markleeville, CA"
nc73585021,2021-07-08 23:33:40.900,-119.5448333,38.4796667,1.58,4.63,"29km ENE of Dardanelle, CA"
nc73584931,2021-07-08 23:01:01.350,-119.512,38.5241667,6.77,3.66,"31km SE of Markleeville, CA"
nc73584936,2021-07-08 22:59:45.260,-119.5106667,38.5128333,6.74,4.31,"32km SE of Markleeville, CA"
nc71123379,2021-07-08 22:50:14.370,-119.5021667,38.5126667,7.4,5.03,"32km SE of Markleeville, CA"
nc73584926,2021-07-08 22:49:48.110,-119.4998333,38.5075,7.45,6.0,"Antelope Valley, CA"
nc73584531,2021-07-08 07:36:26.100,-122.323,38.5531667,10.0,3.58,"11km ESE of Angwin, CA"
ci39730287,2021-07-06 02:38:01.000,-117.5335,35.6815,6.1,3.53,"14km ENE of Ridgecrest, CA"
nc73582701,2021-07-03 23:23:51.380,-120.8746667,37.0516667,5.75,3.74,"2km WSW of Los Banos, CA"
nc73580646,2021-06-29 01:29:48.060,-122.1223333,37.7061667,9.2,3.9,"3km N of San Lorenzo, CA"
ci39716639,2021-06-23 20:06:07.180,-116.4441667,34.1468333,5.47,3.57,"4km NNW of Yucca Valley, CA"
nc73574191,2021-06-14 03:16:24.290,-122.8278333,38.8051667,3.56,3.98,"7km WNW of The Geysers, CA"
nc73573646,2021-06-13 06:54:47.290,-122.8291667,38.8078333,2.65,3.98,"7km WNW of The Geysers, CA"
ci39936648,2021-06-12 05:55:20.790,-115.6605,33.205,2.78,3.79,"14km WSW of Niland, CA"
ci39936288,2021-06-12 04:49:38.280,-115.656,33.206,2.62,4.06,"13km WSW of Niland, CA"
ew1623472898,2021-06-12 04:41:38.511,-115.6436,33.2354,8.0,4.1407,"11 km W of Niland, California"
ci39936232,2021-06-12 04:41:37.860,-115.6543333,33.1956667,3.12,3.61,"14km WSW of Niland, CA"
ci39936208,2021-06-12 04:40:23.030,-115.652,33.2033333,2.41,3.79,"13km WSW of Niland, CA"
ci39936192,2021-06-12 04:39:46.510,-115.647,33.2066667,2.47,4.32,"12km WSW of Niland, CA"
ci39936136,2021-06-12 04:30:28.490,-115.6465,33.2068333,2.77,3.85,"12km WSW of Niland, CA"
ci39936128,2021-06-12 04:27:34.880,-115.6498333,33.2081667,2.97,3.94,"13km WSW of Niland, CA"
ci39928744,2021-06-07 21:24:52.050,-115.6401667,33.1583333,5.46,3.61,"12km WNW of Calipatria, CA"
ci39928664,2021-06-07 21:08:28.590,-115.64,33.1666667,5.34,4.08,"13km WNW of Calipatria, CA"
ci39927952,2021-06-07 14:45:22.420,-115.6373333,33.1843333,4.93,3.52,"13km WSW of Niland, CA"
ci39927264,2021-06-07 05:44:35.620,-115.6266667,33.1436667,7.51,3.56,"11km W of Calipatria, CA"
ci39923832,2021-06-06 08:05:36.600,-115.6395,33.1855,9.8,3.81,"13km WSW of Niland, CA"
ci39922408,2021-06-06 03:08:23.210,-115.6195,33.1506667,9.28,3.61,"10km WNW of Calipatria, CA"
ci39919656,2021-06-05 18:21:48.750,-115.6186667,33.1513333,7.06,4.09,"10km WNW of Calipatria, CA"
ci39919472,2021-06-05 18:03:40.050,-115.6138333,33.15,5.32,3.51,"10km WNW of Calipatria, CA"
ci39919400,2021-06-05 17:57:21.900,-115.6155,33.145,3.69,4.29,"10km WNW of Calipatria, CA"
ci39919392,2021-06-05 17:55:58.820,-115.6348333,33.14,5.78,5.25,"11km W of Calipatria, CA"
ci39919336,2021-06-05 17:50:50.980,-115.639,33.142,5.91,3.88,"12km N of Westmorland, CA"
ci39919280,2021-06-05 17:47:53.750,-115.6305,33.1481667,4.03,3.89,"11km WNW of Calipatria, CA"
ci39919264,2021-06-05 17:46:39.500,-115.641,33.134,4.63,3.79,"11km N of Westmorland, CA"
ci39919256,2021-06-05 17:46:26.060,-115.6343333,33.1415,5.87,3.56,"11km W of Calipatria, CA"
ci39919248,2021-06-05 17:45:16.380,-115.64,33.1375,4.59,4.08,"11km N of Westmorland, CA"
ci39919208,2021-06-05 17:40:51.960,-115.6408333,33.1301667,3.05,3.55,"10km N of Westmorland, CA"
nc73569391,2021-06-03 12:15:32.800,-121.726,37.3721667,7.07,3.59,"9km E of Alum Rock, CA"
nc73569196,2021-06-03 04:34:42.450,-121.1141667,36.5501667,9.14,3.62,"3km NE of Pinnacles, CA"
nc73566711,2021-05-28 15:25:21.840,-120.0286667,39.1221667,7.02,4.15,"10km SE of Dollar Point, CA"
nn00807638,2021-05-20 03:43:52.192,-117.8509,38.1634,8.9,4.0,"33 km SE of Mina, Nevada"
ci39659271,2021-05-20 01:37:22.690,-117.3245,35.9748333,3.04,3.59,"24km NNE of Trona, CA"
nc73564200,2021-05-18 14:44:25.290,-120.2116667,36.1631667,8.98,3.63,"11km WSW of Huron, CA"
nn00807333,2021-05-16 08:39:55.334,-117.8646,38.1889,5.3,3.6,"30 km SE of Mina, Nevada"
nn00806865,2021-05-09 19:26:12.021,-117.9699,38.1706,1.9,3.6,"27 km SSE of Mina, Nevada"
nn00806762,2021-05-08 08:13:52.766,-117.8644,38.192,5.2,4.4,"30 km SE of Mina, Nevada"
nc73559265,2021-05-07 04:35:14.150,-120.3145,39.461,10.12,4.65,"19km NW of Truckee, CA"
nn00806025,2021-04-28 11:57:24.950,-116.7295,38.1672,8.3,4.1,"45 km ENE of Tonopah, Nevada"
nc73554385,2021-04-25 15:33:23.610,-120.0433333,39.1283333,7.51,3.7,"8km SE of Dollar Point, CA"
nc73554215,2021-04-25 04:59:28.510,-121.6395,37.267,7.66,3.61,"15km N of Morgan Hill, CA"
nc73553370,2021-04-23 11:18:40.530,-123.0365,39.5256667,7.42,3.91,"15km NNW of Lake Pillsbury, CA"
nc73552000,2021-04-20 09:48:34.270,-123.5988333,40.188,33.89,4.03,"20km ENE of Redway, CA"
nc73551855,2021-04-20 02:39:04.860,-122.017,39.5165,23.07,3.82,"15km E of Willows, CA"
nc73551560,2021-04-19 18:50:58.790,-122.7228333,38.757,2.88,3.98,"3km SW of Anderson Springs, CA"
nn00805234,2021-04-17 11:48:50.775,-116.2676,36.655,8.4,3.5,"52 km ESE of Beatty, Nevada"
ci39849144,2021-04-13 21:35:03.940,-116.0878333,33.8063333,3.03,3.54,"15km NE of Indio, CA"
ci39843952,2021-04-08 20:51:15.140,-117.5496667,35.6538333,8.34,3.62,"12km ENE of Ridgecrest, CA"
ci39842896,2021-04-08 03:52:08.190,-115.4328333,32.7753333,16.19,3.73,"6km SW of Holtville, CA"
ci39841832,2021-04-07 13:42:05.870,-117.4105,35.6096667,8.97,3.64,"17km S of Trona, CA"
ci39838928,2021-04-05 11:44:01.950,-118.3333333,33.9405,19.34,4.0,"2km E of Lennox, CA"
nn00804187,2021-04-02 19:08:02.666,-117.8718,38.1774,8.3,4.3,"31 km SE of Mina, Nevada"
nn00804169,2021-04-02 17:10:09.021,-117.8875,38.1942,7.2,3.9,"29 km SE of Mina, Nevada"
nn00803931,2021-03-31 20:24:26.388,-117.9004,38.1837,4.7,3.7,"29 km SE of Mina, Nevada"
nn00803678,2021-03-30 16:04:05.925,-118.07,38.1718,3.8,4.4,"24 km S of Mina, Nevada"
nn00803599,2021-03-29 10:38:28.133,-117.9666,38.1483,12.0,3.7,"29 km SSE of Mina, Nevada"
nn00803403,2021-03-26 13:34:20.651,-117.8439,38.1614,8.0,3.5,"34 km SE of Mina, Nevada"
nc73539406,2021-03-24 15:41:13.980,-123.4743333,39.2448333,8.2,3.98,"21km SSW of Willits, CA"
nc73529196,2021-02-28 08:45:39.170,-121.4531667,35.8421667,8.85,3.73,"22km SSE of Lopez Point, CA"
nn00801324,2021-02-26 19:27:15.113,-117.9687,38.1484,10.5,3.7,"29 km SSE of Mina, Nevada"
nc73527826,2021-02-25 19:30:19.630,-122.8206667,38.8178333,2.63,3.81,"7km NW of The Geysers, CA"
nc73526151,2021-02-22 01:38:13.840,-121.4781667,37.0456667,6.22,3.76,"9km ENE of Gilroy, CA"
ci39552143,2021-02-14 23:42:34.470,-117.3201667,35.9725,3.07,3.6,"24km NNE of Trona, CA"
nc73523021,2021-02-14 11:57:50.380,-118.3201667,37.2631667,12.19,3.69,"6km ESE of Wilkerson, CA"
ci39550567,2021-02-12 23:57:13.500,-117.9266667,36.2183333,3.11,4.03,"10km SE of Olancha, CA"
nn00800068,2021-02-11 00:07:14.424,-117.3961,41.104,8.6,3.7,"18 km NNE of Golconda, Nevada"
ci39546975,2021-02-10 01:27:09.840,-115.6113333,33.1751667,3.68,3.76,"11km WNW of Calipatria, CA"
ci39546863,2021-02-10 01:01:15.790,-115.6136667,33.1753333,3.77,3.82,"11km WNW of Calipatria, CA"
nn00799820,2021-02-08 15:15:42.767,-118.0398,38.125,10.1,3.8,"30 km SSE of Mina, Nevada"
nn00799754,2021-02-07 20:52:25.081,-117.846,38.1578,10.1,3.7,"34 km SE of Mina, Nevada"
nn00799676,2021-02-06 23:10:17.227,-118.0747,38.169,7.9,3.7,"24 km S of Mina, Nevada"
ci39539439,2021-02-03 09:23:36.290,-115.8261667,32.7516667,11.24,3.74,"16km E of Ocotillo, CA"
ci39537399,2021-02-01 04:18:48.290,-115.8283333,32.7506667,11.28,3.53,"16km E of Ocotillo, CA"
ci39763472,2021-01-21 01:22:24.920,-117.9123333,35.9658333,3.0,3.54,"3km N of Little Lake, CA"
ci39762912,2021-01-20 16:31:58.950,-118.2716667,33.9186667,19.76,3.52,"2km W of Willowbrook, CA"
nn00797866,2021-01-18 05:00:53.692,-118.0699,38.1655,7.7,3.5,"25 km S of Mina, Nevada"
nc73512355,2021-01-17 04:01:27.110,-121.6105,36.8673333,8.32,4.2,"4km SE of Aromas, CA"
ci39759432,2021-01-17 03:14:49.720,-118.0923333,36.1875,1.52,3.75,"13km SW of Olancha, CA"
ci39759376,2021-01-17 02:49:08.800,-118.0938333,36.1876667,1.11,4.02,"13km SW of Olancha, CA"
nc73511455,2021-01-15 22:11:07.870,-118.5385,37.9106667,7.68,3.9,"41km NNE of Toms Place, CA"
nn00797318,2021-01-15 15:45:45.458,-117.7391,38.1864,10.2,3.9,"39 km SE of Mina, Nevada"
nc73510910,2021-01-14 19:18:10.680,-122.0406667,37.9708333,15.24,3.63,"2km W of Concord, CA"
nn00796750,2021-01-10 17:47:52.729,-117.8995,38.1423,8.4,3.9,"33 km SSE of Mina, Nevada"
ci39510719,2021-01-04 18:04:59.600,-115.595,33.1851667,2.24,3.95,"9km SW of Niland, CA"
nc73506045,2021-01-02 14:42:23.790,-121.2125,36.6085,6.32,4.32,"10km NW of Pinnacles, CA"
nc73504795,2020-12-31 04:22:03.380,-122.8231667,38.8388333,2.27,3.63,"9km WNW of Cobb, CA"
nc73503450,2020-12-27 14:44:40.090,-122.0176667,39.5058333,26.35,3.86,"15km E of Willows, CA"
ci39505103,2020-12-27 04:05:37.240,-118.2883333,35.4886667,2.7,3.5,"22km ESE of Bodfish, CA"
ci39504023,2020-12-25 20:25:59.070,-115.9211667,33.7473333,3.68,3.64,"23km ENE of Thermal, CA"
nc73499875,2020-12-18 16:13:42.360,-124.2291667,40.4311667,25.76,3.97,"13km NNE of Petrolia, CA"
nc73498140,2020-12-15 14:59:41.220,-121.5483333,37.1608333,3.85,3.54,"10km ENE of Morgan Hill, CA"
nc73498145,2020-12-15 14:58:40.020,-121.5493333,37.1605,4.34,3.68,"10km ENE of Morgan Hill, CA"
nn00792430,2020-12-15 05:41:36.358,-118.0754,38.1478,5.1,3.6,"27 km S of Mina, Nevada"
nn00792265,2020-12-15 00:35:22.346,-117.942,38.1598,10.8,4.3,"29 km SSE of Mina, Nevada"
nn00792158,2020-12-14 21:20:10.831,-118.1231,38.1554,5.2,4.7,"26 km S of Mina, Nevada"
nn00791462,2020-12-12 08:25:01.979,-118.1032,38.145,6.8,3.9,"27 km S of Mina, Nevada"
nn00791440,2020-12-12 07:52:59.110,-118.0928,38.1604,5.0,3.7,"25 km S of Mina, Nevada"
nn00791435,2020-12-12 07:50:52.930,-118.1008,38.1497,6.4,4.9,"26 km S of Mina, Nevada"
nn00790418,2020-12-07 08:31:17.123,-117.8765,38.178,8.7,3.5,"31 km SE of Mina, Nevada"
ci39486671,2020-12-06 15:17:53.130,-116.6693333,33.237,9.2,3.62,"6km SSW of Warner Springs, CA"
nc73494405,2020-12-06 15:03:33.260,-123.0671667,39.0376667,4.95,4.39,"13km W of Lakeport, CA"
ci39485527,2020-12-05 05:41:29.460,-116.9311667,33.4211667,8.08,3.55,"7km WSW of Aguanga, CA"
nc73493050,2020-12-04 10:45:06.480,-122.8088333,38.82,2.59,3.71,"7km NW of The Geysers, CA"
nn00788443,2020-12-03 05:15:29.993,-118.0654,38.175,5.0,4.9,"24 km S of Mina, Nevada"
nn00788378,2020-12-03 03:18:10.464,-117.858,38.1654,4.6,4.0,"33 km SE of Mina, Nevada"
nn00788046,2020-12-02 16:08:29.013,-118.0826,38.1653,4.2,3.9,"25 km S of Mina, Nevada"
nn00787789,2020-12-02 10:41:01.738,-118.0796,38.1722,4.1,3.7,"24 km S of Mina, Nevada"
nn00787562,2020-12-02 06:08:22.402,-118.0902,38.1653,4.5,3.6,"25 km S of Mina, Nevada"
nn00787479,2020-12-02 04:49:28.774,-118.0711,38.1692,4.1,4.4,"24 km S of Mina, Nevada"
nn00787419,2020-12-02 03:49:15.026,-118.0901,38.167,4.2,3.6,"24 km S of Mina, Nevada"
us7000clvy,2020-12-02 02:24:00.000,-118.0867,38.1674,4.76,4.3,California-Nevada border region
nn00787309,2020-12-02 02:23:45.029,-118.0725,38.1754,4.3,4.4,"24 km S of Mina, Nevada"
nn00787133,2020-12-01 23:47:05.591,-118.0813,38.1675,5.6,4.3,"24 km S of Mina, Nevada"
nn00787124,2020-12-01 23:43:08.516,-118.0703,38.1727,4.8,4.3,"24 km S of Mina, Nevada"
nn00787105,2020-12-01 23:32:56.573,-118.0837,38.1637,5.0,5.1,"25 km S of Mina, Nevada"
nn00787091,2020-12-01 23:10:47.074,-119.3708,39.4724,13.1,3.8,"10 km N of Stagecoach, Nevada"
ci39477815,2020-11-26 22:59:57.630,-115.605,33.174,10.03,3.56,"10km WNW of Calipatria, CA"
nn00785639,2020-11-22 01:35:02.172,-117.8895,38.1759,10.5,3.8,"30 km SE of Mina, Nevada"
nn00785349,2020-11-20 10:10:05.966,-117.8015,38.1746,7.4,4.0,"36 km SE of Mina, Nevada"
ci39468407,2020-11-17 17:32:32.690,-116.3401667,34.8618333,5.26,3.51,"23km NW of Ludlow, CA"
ci39466903,2020-11-16 10:56:22.320,-117.7236667,35.8881667,7.67,3.59,"17km ESE of Little Lake, CA"
nn00784475,2020-11-16 04:43:08.432,-117.7482,38.1894,10.6,3.6,"39 km SE of Mina, NV"
nn00783399,2020-11-13 21:01:44.990,-117.8615,38.1623,5.4,3.5,"33 km SE of Mina, Nevada"
nn00782950,2020-11-13 09:29:24.412,-117.7965,38.1718,10.1,4.3,"36 km SE of Mina, Nevada"
us7000cefr,2020-11-13 09:15:31.744,-117.8544,38.1787,9.03,4.0,"32 km SE of Mina, Nevada"
nn00782942,2020-11-13 09:13:51.862,-117.8533,38.1693,4.8,5.3,"33 km SE of Mina, Nevada"
ci39442103,2020-10-22 20:59:26.460,-115.5845,33.2,3.03,3.91,"8km SW of Niland, CA"
nc73472896,2020-10-20 01:58:50.210,-123.2443333,39.3658333,7.5,3.79,"11km ESE of Willits, CA"
nc73468941,2020-10-10 01:24:11.430,-123.7326667,40.3761667,28.6,3.73,"30km NNE of Redway, CA"
ci39651784,2020-10-03 23:26:59.940,-115.5861667,33.0223333,12.8,3.62,"4km ESE of Westmorland, CA"
ci39649056,2020-10-02 06:08:50.640,-115.5716667,33.0601667,3.92,3.66,"5km ENE of Westmorland, CA"
ci39649048,2020-10-02 06:08:28.090,-115.5726667,33.0691667,5.63,3.71,"6km NE of Westmorland, CA"
ci39647856,2020-10-01 22:47:30.980,-115.5815,33.0595,10.86,3.87,"4km ENE of Westmorland, CA"
ci39646376,2020-10-01 14:46:42.020,-115.577,33.0626667,10.06,3.62,"5km NE of Westmorland, CA"
ci39646032,2020-10-01 12:46:38.210,-115.5765,33.0648333,10.72,3.5,"5km NE of Westmorland, CA"
ci39643360,2020-10-01 03:40:16.270,-115.5976667,33.0725,4.9,3.57,"4km NNE of Westmorland, CA"
ci37456405,2020-10-01 03:37:04.380,-115.575,33.0518333,8.65,4.02,"5km ENE of Westmorland, CA"
ci39643328,2020-10-01 03:36:34.130,-115.5971667,33.0661667,5.68,4.45,"4km NE of Westmorland, CA"
ci39643256,2020-10-01 03:31:00.900,-115.5898333,33.084,11.14,3.5,"6km NNE of Westmorland, CA"
ci39641888,2020-10-01 01:11:05.530,-115.5835,33.0413333,8.74,3.51,"4km E of Westmorland, CA"
ci37456509,2020-10-01 01:10:44.840,-115.5931667,33.0473333,8.25,3.65,"3km ENE of Westmorland, CA"
ci37347844,2020-10-01 01:10:33.800,-115.6603333,33.0346667,10.68,3.75,"4km W of Westmorland, CA"
ci39641880,2020-10-01 01:10:25.750,-115.5928333,33.0443333,11.39,4.12,"3km ENE of Westmorland, CA"
ci39641768,2020-10-01 00:58:13.850,-115.5931667,33.065,11.07,4.09,"4km NE of Westmorland, CA"
ci37456517,2020-10-01 00:41:34.960,-115.5776667,33.0236667,5.65,3.58,"4km ESE of Westmorland, CA"
ci39641616,2020-10-01 00:41:18.390,-115.5983333,33.0713333,11.22,4.18,"4km NNE of Westmorland, CA"
ci37456501,2020-10-01 00:34:00.750,-115.5998333,33.0283333,1.71,3.7,"2km ESE of Westmorland, CA"
ci39641544,2020-10-01 00:33:48.650,-115.591,33.048,5.95,3.89,"3km ENE of Westmorland, CA"
ci37479509,2020-10-01 00:33:45.970,-115.5525,33.041,9.1,3.62,"6km E of Westmorland, CA"
ci39641528,2020-10-01 00:31:27.280,-115.5906667,33.0546667,14.19,4.93,"4km NE of Westmorland, CA"
ci39641288,2020-09-30 23:58:02.300,-115.5848333,33.0493333,9.54,3.69,"4km ENE of Westmorland, CA"
ci39641064,2020-09-30 23:31:51.790,-115.5955,33.053,4.78,4.35,"3km NE of Westmorland, CA"
ci39640688,2020-09-30 23:15:30.950,-115.5966667,33.0476667,2.84,3.53,"3km ENE of Westmorland, CA"
ci39640528,2020-09-30 23:06:02.600,-115.5901667,33.045,3.38,3.65,"3km ENE of Westmorland, CA"
nn00776206,2020-09-29 11:36:11.888,-117.7766,38.1847,10.1,3.9,"36 km SE of Mina, Nevada"
ci38703802,2020-09-25 17:10:11.370,-116.3955,33.947,3.29,3.65,"10km E of Desert Hot Springs, CA"
nn00775128,2020-09-22 19:43:42.615,-117.8962,38.1638,9.8,3.6,"31 km SE of Mina, Nevada"
ci38695658,2020-09-19 06:38:46.930,-118.08,34.038,16.87,4.54,"3km WSW of South El Monte, CA"
nn00773931,2020-09-15 16:33:36.485,-117.9623,38.1597,11.6,4.2,"28 km SSE of Mina, Nevada"
ci38683938,2020-09-11 08:14:10.210,-117.9933333,36.4376667,3.7,3.6,"17km N of Olancha, CA"
ci38683914,2020-09-11 07:55:45.450,-117.9945,36.4406667,3.93,4.22,"18km SSE of Lone Pine, CA"
nn00772709,2020-09-09 10:07:28.389,-117.8719,38.1769,10.4,3.6,"31 km SE of Mina, Nevada"
nn00772541,2020-09-08 12:35:17.384,-118.0383,38.1497,1.8,3.5,"27 km SSE of Mina, Nevada"
nn00772311,2020-09-07 00:47:06.884,-117.948,38.1544,10.1,3.5,"29 km SSE of Mina, Nevada"
ci38678266,2020-09-06 01:48:36.530,-120.062,34.564,12.76,3.9,"6km SSE of Santa Ynez, CA"
nn00771061,2020-09-01 00:30:52.227,-117.8019,38.1765,6.7,3.5,"35 km SE of Mina, Nevada"
ci39363095,2020-08-28 11:26:03.310,-115.6891667,32.5673333,15.01,3.65,"10km W of Progreso, B.C., MX"
nc73450161,2020-08-27 08:48:31.810,-123.2433333,39.3533333,8.26,3.52,"10km NNW of Redwood Valley, CA"
ci39587168,2020-08-21 08:20:08.360,-117.4598333,35.6441667,6.22,3.6,"15km SSW of Searles Valley, CA"
ci39584648,2020-08-19 17:32:11.070,-117.5141667,36.4786667,-0.57,4.72,"36km WSW of Stovepipe Wells, CA"
nn00768539,2020-08-19 04:31:04.995,-117.8112,38.1758,8.8,3.8,"35 km SE of Mina, Nevada"
nc73446411,2020-08-19 01:59:33.370,-123.2478333,39.3631667,7.63,3.9,"11km ESE of Willits, CA"
nc73446356,2020-08-19 00:55:23.190,-123.2458333,39.3605,8.19,4.22,"11km ESE of Willits, CA"
nn00767765,2020-08-15 01:38:17.805,-117.9473,38.1595,10.1,3.7,"29 km SSE of Mina, Nevada"
nn00767645,2020-08-14 10:32:36.709,-117.9464,38.1548,10.3,3.5,"29 km SSE of Mina, Nevada"
nc73443355,2020-08-12 11:45:43.450,-122.7491667,38.7866667,4.11,3.9,"1km NNE of The Geysers, CA"
ci39340599,2020-08-11 11:19:57.690,-115.7018333,33.2271667,3.16,3.55,"14km SSE of Bombay Beach, CA"
ci39339191,2020-08-10 19:29:29.720,-115.6841667,33.2653333,2.87,4.03,"10km SSE of Bombay Beach, CA"
ci39338839,2020-08-10 17:39:15.940,-115.6991667,33.227,3.26,3.51,"14km SSE of Bombay Beach, CA"
ci39338487,2020-08-10 16:13:56.000,-115.6935,33.232,3.27,3.73,"14km SSE of Bombay Beach, CA"
ci39338447,2020-08-10 16:03:39.160,-115.688,33.2503333,2.31,3.95,"12km SSE of Bombay Beach, CA"
ci39338407,2020-08-10 15:56:14.330,-115.69,33.2468333,2.07,4.59,"12km SSE of Bombay Beach, CA"
ci39338399,2020-08-10 15:55:48.220,-115.6953333,33.2506667,2.52,3.54,"12km SSE of Bombay Beach, CA"
nn00765949,2020-08-06 13:01:57.699,-118.0389,38.1346,9.5,3.8,"29 km SSE of Mina, Nevada"
ci39328911,2020-08-03 22:18:51.810,-117.8336667,33.8656667,8.8,3.5,"3km SW of Yorba Linda, CA"
ci39322767,2020-07-30 13:48:19.180,-118.4355,34.2936667,7.24,3.73,"1km NNE of San Fernando, CA"
ci39322287,2020-07-30 11:29:29.050,-118.4383333,34.3016667,8.85,4.17,"1km SE of Sylmar, CA"
nc73435571,2020-07-30 03:23:01.850,-120.7653333,36.1873333,8.7,3.87,"22km NE of San Ardo, CA"
nn00763220,2020-07-26 02:06:28.540,-117.7546,38.1836,12.6,4.4,"38 km SE of Mina, Nevada"
ci38605954,2020-07-24 07:05:13.560,-117.9595,36.4451667,7.59,3.74,"19km SSE of Lone Pine, CA"
nn00762457,2020-07-23 17:10:35.216,-117.9224,38.1053,11.3,4.2,"35 km SSE of Mina, Nevada"
ci38603762,2020-07-23 00:29:26.230,-117.9891667,36.4476667,4.09,3.67,"17km SSE of Lone Pine, CA"
ci38599882,2020-07-20 22:01:53.080,-119.0378333,34.9318333,13.57,3.6,"10km W of Grapevine, CA"
nc73428141,2020-07-19 10:07:44.550,-118.7341667,38.0463333,6.2,3.54,"30km SE of Bodie, CA"
ci39292639,2020-07-14 12:15:18.870,-117.987,36.4538333,3.7,3.58,"16km SSE of Lone Pine, CA"
nc73425991,2020-07-14 05:59:28.830,-118.7393333,38.045,8.2,3.62,"30km SE of Bodie, CA"
nn00759605,2020-07-13 01:33:16.466,-117.8248,38.1744,10.2,3.5,"34 km SE of Mina, Nevada"
nn00758288,2020-07-08 21:27:44.887,-117.4392,37.5281,9.1,3.7,"26 km SW of Goldfield, Nevada"
nn00757297,2020-07-06 06:12:54.847,-117.8907,38.1856,5.6,4.5,"29 km SE of Mina, Nevada"
nc73421981,2020-07-05 16:14:07.710,-122.7663333,38.788,0.92,3.97,"2km NW of The Geysers, CA"
nn00755218,2020-06-30 09:24:23.549,-117.9583,38.1539,8.3,5.0,"29 km SSE of Mina, Nevada"
ci39271783,2020-06-29 01:55:49.010,-117.9756667,36.4833333,7.16,3.55,"14km SE of Lone Pine, CA"
ci39271647,2020-06-28 22:13:58.510,-115.6945,33.2341667,2.72,3.7,"13km SSE of Bombay Beach, CA"
nn00754216,2020-06-27 01:32:35.125,-117.7242,38.196,3.1,3.6,"39 km ESE of Mina, Nevada"
ci39494672,2020-06-24 21:12:48.730,-117.9716667,36.4795,6.86,3.73,"15km SE of Lone Pine, CA"
ci39494120,2020-06-24 18:20:38.300,-117.9681667,36.4806667,10.23,3.77,"15km SE of Lone Pine, CA"
ci39494008,2020-06-24 17:59:19.960,-117.9311667,36.456,9.62,4.59,"19km SE of Lone Pine, CA"
ci39493944,2020-06-24 17:40:49.240,-117.9751667,36.4468333,4.66,5.8,"18km SSE of Lone Pine, CA"
ci37447621,2020-06-23 02:52:06.440,-117.9833333,36.445,0.19,3.66,"18km SSE of Lone Pine, CA"
ci39491208,2020-06-23 02:51:58.480,-117.983,36.4465,4.35,3.79,"17km SSE of Lone Pine, CA"
ci39490968,2020-06-23 00:30:52.730,-117.9776667,36.4503333,3.77,3.82,"17km SSE of Lone Pine, CA"
ci39490952,2020-06-23 00:25:46.390,-117.984,36.4466667,2.26,4.65,"17km SSE of Lone Pine, CA"
nn00751726,2020-06-22 09:18:58.193,-117.8852,38.1942,8.1,3.6,"29 km SE of Mina, Nevada"
nn00751071,2020-06-21 02:01:21.674,-117.8862,38.174,4.6,3.5,"30 km SE of Mina, Nevada"
nn00750711,2020-06-20 11:24:27.447,-117.7965,38.1778,5.6,4.1,"36 km SE of Mina, Nevada"
nn00750512,2020-06-20 03:49:55.963,-117.8174,38.1748,10.1,4.2,"34 km SE of Mina, Nevada"
nn00750384,2020-06-19 23:25:07.381,-117.8125,38.1733,9.7,4.0,"35 km SE of Mina, Nevada"
nn00750312,2020-06-19 20:42:21.454,-117.8345,38.1698,6.5,4.9,"34 km SE of Mina, Nevada"
nn00750130,2020-06-19 10:26:43.704,-117.8182,38.1716,11.3,4.3,"35 km SE of Mina, Nevada"
ci39481424,2020-06-16 05:58:22.780,-117.8073333,36.0433333,1.34,3.8,"13km E of Coso Junction, CA"
nn00748811,2020-06-15 09:12:36.718,-118.0544,38.1249,2.7,3.5,"29 km S of Mina, Nevada"
nn00747897,2020-06-13 11:33:19.821,-118.2335,38.0843,7.1,3.6,"35 km SSW of Mina, Nevada"
ci39473968,2020-06-11 04:14:12.590,-117.6818333,35.8353333,7.81,3.62,"23km ESE of Little Lake, CA"
nn00745837,2020-06-09 13:38:54.522,-117.7726,38.1775,11.5,4.2,"37 km SE of Mina, Nevada"
nn00745076,2020-06-08 08:22:49.986,-117.9781,38.1463,10.8,3.6,"29 km SSE of Mina, Nevada"
ci39469848,2020-06-08 04:15:05.770,-117.4175,35.6376667,3.64,4.29,"14km S of Searles Valley, CA"
nn00744961,2020-06-08 03:24:05.884,-117.7912,38.2059,5.2,4.8,"34 km SE of Mina, Nevada"
nn00744554,2020-06-07 09:23:25.517,-118.0214,38.1245,7.9,3.5,"30 km SSE of Mina, Nevada"
nn00744542,2020-06-07 08:56:17.368,-115.9676,41.2028,11.1,3.8,"39 km NW of Osino, Nevada"
nn00743974,2020-06-06 10:13:04.385,-117.7984,38.1747,10.1,3.8,"36 km SE of Mina, Nevada"
nn00743844,2020-06-06 05:41:19.645,-117.9731,38.1505,10.2,3.5,"29 km SSE of Mina, Nevada"
nn00743758,2020-06-06 02:28:14.899,-117.8007,38.1678,8.9,4.1,"36 km SE of Mina, Nevada"
nn00743528,2020-06-05 16:39:07.227,-117.7625,38.1774,3.3,3.5,"38 km SE of Mina, Nevada"
ci39464360,2020-06-04 10:27:28.650,-117.4233333,35.6458333,6.01,3.64,"14km S of Searles Valley, CA"
ci39463528,2020-06-04 04:37:46.510,-117.4083333,35.6061667,6.34,3.54,"18km S of Trona, CA"
ci39462920,2020-06-04 02:27:54.610,-117.9796667,36.1498333,2.01,4.16,"12km NNW of Coso Junction, CA"
ci39462536,2020-06-04 01:32:11.140,-117.4281667,35.6148333,8.44,5.51,"17km S of Searles Valley, CA"
nn00742312,2020-06-04 00:49:05.739,-118.0282,38.1352,7.9,3.6,"29 km SSE of Mina, Nevada"
ci39227895,2020-06-03 04:36:23.390,-117.1843333,35.2301667,1.47,3.9,"40km NNW of Barstow, CA"
nn00740380,2020-06-01 09:38:49.134,-117.8708,38.1739,8.2,3.5,"31 km SE of Mina, Nevada"
nn00740047,2020-06-01 00:54:24.675,-117.8454,38.1666,7.3,3.6,"33 km SE of Mina, Nevada"
nn00739873,2020-05-31 19:25:29.083,-117.78,38.1819,4.5,3.6,"36 km SE of Mina, Nevada"
nn00739304,2020-05-31 05:03:15.193,-118.0655,38.1468,7.7,3.5,"27 km S of Mina, Nevada"
nc73399446,2020-05-31 01:07:15.780,-118.7618333,38.0448333,8.11,4.34,"29km SE of Bodie, CA"
nn00738979,2020-05-30 15:55:02.403,-117.8493,38.1677,4.6,3.7,"33 km SE of Mina, Nevada"
nc73399001,2020-05-30 09:22:57.480,-118.7496667,38.0481667,8.83,3.61,"29km SE of Bodie, CA"
nn00738444,2020-05-29 23:43:43.155,-117.9934,38.1508,8.9,4.0,"28 km SSE of Mina, Nevada"
nn00738359,2020-05-29 20:45:39.482,-117.7428,38.1878,9.3,3.9,"39 km SE of Mina, Nevada"
nn00737089,2020-05-28 08:29:46.174,-118.026,38.1517,2.7,3.8,"27 km SSE of Mina, Nevada"
nn00736420,2020-05-27 16:03:23.888,-117.8019,38.1752,9.5,4.2,"35 km SE of Mina, Nevada"
ci39218863,2020-05-27 04:52:31.080,-118.9645,35.385,15.96,3.66,"6km SE of Oildale, CA"
nn00735859,2020-05-27 00:57:02.389,-118.0492,38.1394,2.2,3.8,"28 km S of Mina, Nevada"
nn00735741,2020-05-26 22:14:30.301,-117.8186,38.1707,7.9,3.6,"35 km SE of Mina, Nevada"
ci39218391,2020-05-26 19:53:46.400,-115.7691667,32.7123333,10.2,3.59,"21km E of Ocotillo, CA"
nn00734638,2020-05-25 21:40:52.279,-117.8548,38.1705,6.4,3.5,"33 km SE of Mina, Nevada"
nn00733694,2020-05-25 02:55:49.945,-117.9892,38.1442,12.4,3.8,"29 km SSE of Mina, Nevada"
nn00733594,2020-05-25 00:41:26.711,-117.7384,38.1935,8.2,3.5,"39 km SE of Mina, Nevada"
nn00733527,2020-05-24 22:32:00.756,-117.8843,38.1846,7.2,3.6,"30 km SE of Mina, Nevada"
ci39214247,2020-05-24 12:55:09.240,-117.7163333,35.8708333,7.11,3.78,"19km ESE of Little Lake, CA"
ci39214127,2020-05-24 11:30:37.120,-117.7166667,35.871,7.02,3.53,"19km ESE of Little Lake, CA"
nn00733035,2020-05-24 09:57:52.260,-117.9779,38.138,9.7,3.9,"30 km SSE of Mina, Nevada"
nn00732164,2020-05-23 13:07:08.774,-117.9914,38.1473,9.3,3.5,"28 km SSE of Mina, Nevada"
nn00731990,2020-05-23 09:19:17.810,-118.0087,38.1361,7.8,3.6,"29 km SSE of Mina, Nevada"
nn00731265,2020-05-22 13:01:06.439,-118.0615,38.1286,6.1,4.2,"29 km S of Mina, Nevada"
nn00730721,2020-05-22 00:22:00.588,-117.7939,38.2309,7.2,5.1,"32 km ESE of Mina, Nevada"
nn00729592,2020-05-20 18:38:06.936,-117.7314,38.207,9.7,3.5,"38 km ESE of Mina, Nevada"
ci39208391,2020-05-20 16:40:56.400,-117.497,35.7031667,8.96,3.58,"11km SW of Searles Valley, CA"
nn00729488,2020-05-20 15:49:49.279,-117.9569,38.1599,6.2,3.6,"28 km SSE of Mina, Nevada"
us6000a0ze,2020-05-20 12:38:37.405,-117.7592,38.2073,5.71,4.3,"36 km ESE of Mina, Nevada"
nn00729332,2020-05-20 12:36:53.447,-117.7453,38.2012,11.7,5.0,"38 km ESE of Mina, Nevada"
nn00729215,2020-05-20 09:46:16.713,-118.0676,38.1351,7.1,4.1,"28 km S of Mina, Nevada"
nn00729217,2020-05-20 09:45:46.555,-118.0724,38.1257,4.2,3.6,"29 km S of Mina, Nevada"
nn00728983,2020-05-20 03:49:57.905,-118.0627,38.1255,5.5,3.9,"29 km S of Mina, Nevada"
nn00728954,2020-05-20 03:13:49.191,-118.0667,38.1373,7.1,4.0,"28 km S of Mina, Nevada"
nn00728819,2020-05-19 22:12:45.639,-117.8535,38.1755,8.1,4.6,"32 km SE of Mina, Nevada"
nn00728633,2020-05-19 10:58:43.114,-117.7921,38.1776,8.4,4.0,"36 km SE of Mina, Nevada"
nn00728614,2020-05-19 10:36:37.706,-117.859,38.1591,6.8,3.7,"33 km SE of Mina, Nevada"
nn00728581,2020-05-19 09:48:50.239,-118.0631,38.1368,6.3,3.9,"28 km S of Mina, Nevada"
nn00728546,2020-05-19 09:08:33.875,-117.8017,38.1782,10.5,4.3,"35 km SE of Mina, Nevada"
nn00728359,2020-05-19 03:43:22.820,-117.8902,38.1443,8.2,3.5,"33 km SE of Mina, Nevada"
nn00727938,2020-05-18 09:45:55.127,-117.9789,38.1375,11.7,3.5,"30 km SSE of Mina, Nevada"
nn00727712,2020-05-18 02:19:08.415,-118.0999,38.1651,5.9,4.3,"25 km S of Mina, Nevada"
nn00727640,2020-05-18 00:26:22.154,-117.9548,38.1477,8.3,3.5,"30 km SSE of Mina, Nevada"
nn00727618,2020-05-17 23:19:54.772,-117.9927,38.1437,4.7,3.9,"29 km SSE of Mina, Nevada"
nn00727575,2020-05-17 21:47:44.646,-118.0462,38.1449,5.0,4.3,"27 km SSE of Mina, Nevada"
nn00727561,2020-05-17 21:17:02.474,-117.8028,38.1749,10.4,4.7,"35 km SE of Mina, Nevada"
nn00727479,2020-05-17 19:08:23.513,-117.9354,38.1573,12.0,3.9,"30 km SSE of Mina, Nevada"
nn00727460,2020-05-17 18:16:52.006,-117.9954,38.1478,5.5,3.7,"28 km SSE of Mina, Nevada"
nn00727414,2020-05-17 16:57:13.702,-117.7403,38.1863,7.9,3.5,"39 km SE of Mina, Nevada"
nn00727300,2020-05-17 13:17:55.657,-117.9583,38.1577,10.5,3.9,"28 km SSE of Mina, Nevada"
nn00727244,2020-05-17 11:53:53.336,-117.9553,38.15,9.6,4.5,"29 km SSE of Mina, Nevada"
nn00727224,2020-05-17 11:22:50.299,-117.7843,38.2026,11.5,3.7,"35 km SE of Mina, Nevada"
nn00727120,2020-05-17 08:28:48.506,-117.8439,38.1618,7.3,4.3,"34 km SE of Mina, Nevada"
nn00727030,2020-05-17 06:11:46.361,-117.7455,38.1822,7.2,3.5,"39 km SE of Mina, Nevada"
nn00726986,2020-05-17 05:02:22.838,-117.8524,38.1605,5.9,3.5,"33 km SE of Mina, Nevada"
nn00726772,2020-05-16 23:27:14.582,-118.0327,38.1425,4.7,4.4,"28 km SSE of Mina, Nevada"
nn00726703,2020-05-16 20:58:18.624,-117.937,38.1799,5.4,3.7,"27 km SSE of Mina, Nevada"
nn00726665,2020-05-16 20:17:44.624,-117.763,38.2196,5.7,3.8,"35 km ESE of Mina, Nevada"
nn00726581,2020-05-16 17:49:59.970,-118.0185,38.1516,6.8,3.6,"27 km SSE of Mina, Nevada"
nn00726361,2020-05-16 11:54:23.370,-117.7349,38.1929,11.3,3.8,"39 km SE of Mina, Nevada"
nn00726353,2020-05-16 11:50:54.310,-117.7347,38.2118,16.8,4.6,"38 km ESE of Mina, Nevada"
nn00726292,2020-05-16 10:28:40.650,-117.9008,38.192,6.8,3.9,"28 km SE of Mina, Nevada"
nn00726236,2020-05-16 09:08:39.557,-117.7447,38.1789,7.4,3.5,"39 km SE of Mina, Nevada"
nn00726140,2020-05-16 06:59:33.774,-117.7475,38.1864,7.2,3.5,"38 km SE of Mina, Nevada"
nn00726129,2020-05-16 06:52:46.021,-117.7347,38.2015,4.7,3.5,"38 km ESE of Mina, Nevada"
nn00726119,2020-05-16 06:40:44.959,-117.7149,38.2122,10.5,3.6,"39 km ESE of Mina, Nevada"
nn00726095,2020-05-16 06:06:17.317,-118.2364,38.0581,5.9,3.7,"33 km NE of Benton, California"
nn00726050,2020-05-16 05:01:09.090,-117.9345,38.1751,12.4,3.8,Nevada
nn00726051,2020-05-16 05:00:55.039,-117.8606,38.1764,1.2,3.7,"32 km SE of Mina, Nevada"
nn00726027,2020-05-16 04:32:16.920,-117.8555,38.1794,9.0,3.8,"32 km SE of Mina, Nevada"
nn00726009,2020-05-16 04:12:21.434,-117.9756,38.1313,5.0,4.6,"31 km SSE of Mina, Nevada"
nn00725939,2020-05-16 02:50:45.561,-118.009,38.1619,6.8,3.5,"26 km SSE of Mina, Nevada"
nn00725782,2020-05-15 22:50:24.025,-117.9186,38.1829,18.7,3.5,"28 km SE of Mina, Nevada"
nn00725777,2020-05-15 22:46:30.266,-117.8419,38.1692,10.6,4.3,"33 km SE of Mina, Nevada"
nn00725763,2020-05-15 22:25:08.740,-117.7294,38.1798,2.1,3.8,"40 km SE of Mina, Nevada"
nn00725752,2020-05-15 22:15:49.953,-118.0136,38.1518,5.4,4.3,"27 km SSE of Mina, Nevada"
nn00725743,2020-05-15 21:59:43.287,-117.7984,38.1656,6.1,4.2,"36 km SE of Mina, Nevada"
nn00725719,2020-05-15 21:29:43.102,-117.9445,38.1871,6.4,3.5,"26 km SSE of Mina, Nevada"
nn00725694,2020-05-15 20:54:11.802,-117.9723,38.1569,7.3,3.6,"28 km SSE of Mina, Nevada"
nn00725650,2020-05-15 20:03:46.745,-117.8377,38.1703,0.0,3.9,"34 km SE of Mina, Nevada"
nn00725605,2020-05-15 19:05:09.197,-117.7234,38.2146,6.0,3.5,"38 km ESE of Mina, Nevada"
nn00725596,2020-05-15 18:52:41.348,-117.8588,38.1717,4.3,3.8,"32 km SE of Mina, Nevada"
nn00725563,2020-05-15 18:10:32.484,-117.8436,38.1858,6.4,4.2,"32 km SE of Mina, Nevada"
nn00725546,2020-05-15 17:50:16.941,-117.8295,38.173,5.8,4.7,"34 km SE of Mina, Nevada"
us70009h17,2020-05-15 17:49:12.712,-117.957,38.1769,5.0,3.7,"27 km SSE of Mina, Nevada"
nn00725526,2020-05-15 17:25:20.680,-118.0144,38.1382,10.8,3.5,"29 km SSE of Mina, Nevada"
nn00725516,2020-05-15 17:08:07.430,-117.8329,38.1747,8.4,3.7,"34 km SE of Mina, Nevada"
nn00725509,2020-05-15 16:52:53.596,-117.8368,38.1736,4.8,3.5,"33 km SE of Mina, Nevada"
nn00725492,2020-05-15 16:35:44.855,-117.8097,38.1762,7.2,3.9,"35 km SE of Mina, Nevada"
nn00725454,2020-05-15 15:23:24.676,-117.8006,38.1667,7.6,4.8,"36 km SE of Mina, Nevada"
nn00725434,2020-05-15 15:07:25.705,-117.898,38.1562,2.9,3.9,"31 km SE of Mina, Nevada"
nn00725387,2020-05-15 13:51:37.151,-117.9421,38.1692,6.7,4.2,"28 km SSE of Mina, Nevada"
nn00725373,2020-05-15 13:39:04.457,-117.9485,38.1437,6.1,3.9,"30 km SSE of Mina, Nevada"
nn00725367,2020-05-15 13:35:24.791,-117.7759,38.2234,8.6,3.8,"34 km ESE of Mina, Nevada"
nn00725345,2020-05-15 13:02:12.301,-117.7952,38.1663,7.6,4.3,"37 km SE of Mina, Nevada"
nn00725323,2020-05-15 12:10:24.755,-117.8707,38.1621,18.2,3.5,"32 km SE of Mina, Nevada"
nn00725312,2020-05-15 12:00:41.572,-117.8104,38.1667,6.3,4.5,"36 km SE of Mina, Nevada"
us70009gka,2020-05-15 11:58:29.389,-117.8892,38.1681,10.0,3.5,"31 km SE of Mina, Nevada"
nn00725306,2020-05-15 11:52:07.184,-117.9831,38.1469,5.8,4.8,"29 km SSE of Mina, Nevada"
nn00725296,2020-05-15 11:30:16.409,-117.9888,38.1337,5.5,4.0,"30 km SSE of Mina, Nevada"
nn00725291,2020-05-15 11:26:01.747,-117.8711,38.1811,6.8,5.1,"31 km SE of Mina, Nevada"
us70009gji,2020-05-15 11:25:42.463,-117.9736,38.1737,5.0,3.6,"26 km SSE of Mina, Nevada"
nn00725284,2020-05-15 11:18:12.392,-117.9598,38.1596,3.8,4.9,"28 km SSE of Mina, Nevada"
nn00725330,2020-05-15 11:17:22.252,-117.9092,38.1485,5.1,3.8,"32 km SSE of Mina, Nevada"
nn00725279,2020-05-15 11:12:37.268,-117.8787,38.2029,6.7,4.0,"28 km SE of Mina, Nevada"
nn00742884,2020-05-15 11:11:32.736,-117.7692,38.188,18.0,3.5,"37 km SE of Mina, Nevada"
nn00725277,2020-05-15 11:09:09.140,-117.9952,38.1406,10.8,4.1,"29 km SSE of Mina, Nevada"
nn00725272,2020-05-15 11:03:27.176,-117.8497,38.1689,2.7,6.5,"Monte Cristo Range, NV Earthquake"
ci38488354,2020-05-10 22:07:40.370,-116.0201667,33.0183333,10.16,4.54,"17km SE of Ocotillo Wells, CA"
us70009cel,2020-05-08 14:55:08.468,-118.7414,38.0472,6.02,3.7,"34 km NW of Benton, California"
ci38482130,2020-05-06 08:27:05.150,-115.6156667,33.1843333,10.62,3.87,"11km SW of Niland, CA"
ci38477458,2020-05-02 23:44:37.050,-115.4306667,32.7553333,16.91,3.58,"8km SW of Holtville, CA"
nc73378105,2020-04-29 12:10:38.360,-118.3685,37.3256667,8.42,3.73,"5km SSE of Bishop, CA"
ci39406880,2020-04-27 03:46:00.410,-117.4963333,35.6738333,8.76,4.0,"13km SW of Searles Valley, CA"
ci39400304,2020-04-22 07:03:47.740,-118.3495,33.989,11.6,3.69,"1km S of View Park-Windsor Hills, CA"
nc73374265,2020-04-21 05:13:31.300,-118.7553333,38.0443333,6.84,4.01,"29km SE of Bodie, CA"
nc73371960,2020-04-17 05:44:04.720,-118.7308333,38.0593333,8.4,3.67,"30km SE of Bodie, CA"
nc73371655,2020-04-16 13:49:06.380,-118.7508333,38.0518333,4.32,3.98,"29km SE of Bodie, CA"
nc73371210,2020-04-15 20:13:05.120,-118.753,38.046,8.2,3.88,"29km SE of Bodie, CA"
nn00722232,2020-04-13 10:27:40.140,-117.1873,41.9024,2.5,3.6,"45 km ESE of McDermitt, Nevada"
nc73368095,2020-04-11 21:36:45.620,-118.7513333,38.0468333,6.34,4.03,"29km SE of Bodie, CA"
nc73367635,2020-04-11 16:57:46.390,-118.7478333,38.0446667,7.47,3.71,"30km SE of Bodie, CA"
nc73367640,2020-04-11 16:57:11.760,-118.7483333,38.0455,7.96,3.95,"30km SE of Bodie, CA"
nc73367590,2020-04-11 16:29:50.950,-118.7471667,38.0471667,1.97,3.56,"30km SE of Bodie, CA"
nc73367575,2020-04-11 16:22:50.940,-118.758,38.0421667,8.94,4.57,"29km SE of Bodie, CA"
nc73367270,2020-04-11 14:36:37.040,-118.7333333,38.0525,8.45,5.24,"30km SE of Bodie, CA"
nn00721556,2020-04-11 02:39:32.515,-115.2451,38.3277,6.3,3.7,"62 km SSW of Lund, Nevada"
ci39141591,2020-04-08 00:30:49.230,-116.5253333,33.4985,9.98,3.54,"15km ESE of Anza, CA"
ci39138119,2020-04-06 15:58:14.840,-115.9081667,33.577,8.24,3.51,"6km NNE of North Shore, CA"
ci39135575,2020-04-05 22:37:18.820,-116.4961667,33.4961667,13.25,3.5,"18km ESE of Anza, CA"
nc73364330,2020-04-05 19:20:46.230,-118.8526667,37.5271667,7.82,4.05,"16km WSW of Toms Place, CA"
ci39127679,2020-04-04 04:07:22.120,-116.5188333,33.4913333,9.62,3.6,"16km ESE of Anza, CA"
ci39126263,2020-04-04 02:05:00.170,-116.5153333,33.4946667,10.28,3.66,"16km ESE of Anza, CA"
ci39126087,2020-04-04 01:54:22.570,-116.505,33.4931667,10.31,3.76,"17km ESE of Anza, CA"
ci39126079,2020-04-04 01:53:18.920,-116.5063333,33.4895,10.45,4.87,"17km ESE of Anza, CA"
nc73358970,2020-03-25 11:57:38.000,-122.765,38.7903333,2.15,4.06,"2km NNW of The Geysers, CA"
ci39111991,2020-03-23 05:53:57.260,-117.363,35.9555,0.94,4.32,"21km N of Searles Valley, CA"
nn00719663,2020-03-21 01:33:35.369,-119.7361,39.1112,8.4,4.5,"5 km NE of Indian Hills, Nevada"
ci39108583,2020-03-20 11:52:54.030,-117.523,35.6631667,9.85,3.59,"15km ENE of Ridgecrest, CA"
nn00718984,2020-03-13 22:37:29.787,-117.7428,37.5417,5.8,4.0,"25 km SSW of Silver Peak, Nevada"
nc73352615,2020-03-11 01:17:16.090,-120.2455,39.4751667,7.87,3.71,"17km NNW of Truckee, CA"
ci38387018,2020-03-08 00:33:32.000,-117.8623333,36.1108333,2.25,3.81,"11km NE of Coso Junction, CA"
ci38386410,2020-03-07 12:51:16.870,-117.8621667,36.1145,2.14,3.66,"11km NE of Coso Junction, CA"
nc73349450,2020-03-03 18:21:32.930,-123.2161667,39.258,6.34,3.61,"1km SW of Redwood Valley, CA"
nc73349375,2020-03-03 15:01:01.500,-120.6166667,36.4996667,10.93,3.99,"10km NNE of New Idria, CA"
nn00718129,2020-03-02 12:56:26.829,-116.2838,40.5756,8.9,3.5,"21 km SW of Carlin, Nevada"
nc73347185,2020-02-27 23:27:29.870,-122.8066667,38.8338333,2.73,3.68,"7km W of Cobb, CA"
nc73346395,2020-02-26 18:34:13.170,-122.7873333,38.8345,2.29,3.68,"6km WNW of Cobb, CA"
ci39079535,2020-02-21 13:42:53.410,-118.6345,34.5075,18.06,3.52,"2km NNW of Castaic, CA"
nc73340375,2020-02-13 03:33:42.050,-121.2826667,36.6888333,8.55,3.6,"12km SSE of Tres Pinos, CA"
ci39296624,2020-02-08 19:34:20.720,-116.9671667,35.095,2.27,3.93,"22km NNE of Barstow, CA"
nc73336226,2020-02-06 08:20:24.620,-124.3835,40.3025,8.8,3.76,"9km WSW of Petrolia, CA"
nn00716417,2020-02-02 17:39:09.996,-114.3058,37.8016,6.3,3.6,"7 km E of Panaca, Nevada"
nn00716412,2020-02-02 17:34:29.739,-114.3031,37.795,3.2,3.7,"7 km E of Panaca, Nevada"
ci39289384,2020-02-02 00:59:50.610,-116.8171667,33.5768333,5.16,3.64,"14km W of Anza, CA"
nc73334451,2020-02-01 18:36:54.340,-118.8216667,37.5891667,9.78,4.41,"13km WNW of Toms Place, CA"
ci39281440,2020-01-25 03:03:34.920,-116.9696667,35.0975,3.07,4.62,"23km NNE of Barstow, CA"
ci39277736,2020-01-22 07:41:10.790,-118.4855,34.3005,7.72,3.6,"4km NNE of Granada Hills, CA"
ci39020663,2020-01-02 10:13:00.020,-119.2283333,33.9173333,5.94,4.03,"26km S of Port Hueneme, CA"
nc73322626,2020-01-02 07:16:31.930,-121.5638333,37.176,5.29,3.86,"10km ENE of Morgan Hill, CA"
ci39014215,2019-12-27 02:21:47.900,-117.5935,35.7686667,7.97,3.95,"17km W of Searles Valley, CA"
nc73319936,2019-12-26 19:48:23.610,-118.8218333,37.5821667,9.9,3.62,"13km W of Toms Place, CA"
ci39013463,2019-12-25 23:15:05.890,-119.1581667,32.9236667,5.83,3.74,"48km SE of San Nicolas Is., CA"
ci39008311,2019-12-21 08:24:32.620,-117.458,35.6466667,4.34,3.91,"14km SSW of Searles Valley, CA"
ci39007775,2019-12-21 00:22:47.790,-117.4491667,35.6511667,3.45,3.84,"14km SSW of Searles Valley, CA"
nc73316566,2019-12-19 15:30:12.980,-124.3633333,40.2758333,21.4,4.06,"9km SW of Petrolia, CA"
nc73315876,2019-12-17 18:29:21.030,-120.356,35.8058333,6.25,4.29,"11km NNW of Cholame, CA"
ci39232936,2019-12-17 06:57:45.220,-117.5718333,35.7153333,7.12,3.6,"14km NE of Ridgecrest, CA"
ci39232664,2019-12-16 22:15:58.550,-117.5271667,35.6705,9.31,3.56,"14km ENE of Ridgecrest, CA"
ci39228040,2019-12-12 11:13:40.810,-117.5225,35.675,9.62,3.51,"15km SW of Searles Valley, CA"
ci39217768,2019-12-05 08:55:31.650,-117.6098333,35.6946667,7.97,3.79,"10km NE of Ridgecrest, CA"
ci39210096,2019-11-29 00:49:42.870,-117.5678333,35.7125,8.62,3.72,"14km NE of Ridgecrest, CA"
ci39210040,2019-11-28 23:10:59.710,-117.3905,34.8751667,2.4,3.5,"27km ESE of Boron, CA"
ci39206448,2019-11-26 00:06:03.160,-117.3531667,35.5665,2.57,3.59,"22km S of Trona, CA"
ci38248602,2019-11-17 08:02:35.980,-117.8668333,36.1835,2.07,3.62,"16km SE of Olancha, CA"
ci38247706,2019-11-16 22:11:21.340,-117.8616667,36.187,2.48,3.53,"17km SE of Olancha, CA"
ci38242914,2019-11-13 19:26:53.250,-117.4065,35.6043333,8.77,3.92,"18km S of Trona, CA"
ci38238754,2019-11-12 02:14:18.260,-115.5386667,32.7758333,11.79,3.61,"2km SE of El Centro, CA"
ci38238746,2019-11-12 02:13:52.180,-115.5473333,32.7913333,18.46,3.97,"1km ENE of El Centro, CA"
ci38231786,2019-11-08 13:29:38.880,-119.2875,34.2788333,11.51,3.61,"6km W of Ventura, CA"
nc73300395,2019-11-03 20:34:57.030,-122.767,38.775,3.12,4.15,"1km WSW of The Geysers, CA"
ci38930143,2019-11-03 15:45:55.630,-117.4356667,35.6326667,5.33,3.53,"15km S of Searles Valley, CA"
nc73299890,2019-11-02 14:05:50.420,-122.7916667,38.8201667,4.09,3.73,"6km NNW of The Geysers, CA"
ci38926095,2019-11-01 09:33:17.710,-117.9785,36.5698333,11.35,3.55,"8km ESE of Lone Pine, CA"
ci38923807,2019-10-30 22:57:26.650,-117.5303333,35.5466667,4.17,3.58,"16km ESE of Ridgecrest, CA"
ci38922103,2019-10-29 16:21:32.590,-116.7433333,33.2281667,10.21,3.6,"2km SE of Lake Henshaw, CA"
nc73298555,2019-10-29 15:21:16.830,-121.2925,36.6665,6.63,3.75,"14km S of Tres Pinos, CA"
ci38909287,2019-10-21 10:13:53.230,-117.434,35.5608333,4.35,3.58,"23km ESE of Ridgecrest, CA"
ci38905415,2019-10-18 07:19:51.180,-118.2185,33.8913333,23.63,3.54,"0km SSE of Compton, CA"
ci38905359,2019-10-18 05:34:54.010,-117.5878333,35.7775,10.19,3.76,"17km W of Searles Valley, CA"
nc73293465,2019-10-17 14:54:55.540,-121.2578333,36.639,9.58,3.56,"16km NW of Pinnacles, CA"
nc73292360,2019-10-15 19:42:30.540,-121.274,36.6455,10.1,4.71,"17km SSE of Tres Pinos, CA"
nc73291880,2019-10-15 05:33:42.810,-122.057,37.938,13.97,4.46,"1km SSE of Pleasant Hill, CA"
nc73286930,2019-10-05 15:41:06.700,-122.5145,37.6598333,7.45,3.54,"5km WSW of Colma, CA"
ci39103680,2019-10-01 13:11:08.620,-117.5928333,35.7436667,5.86,3.59,"16km NNE of Ridgecrest, CA"
nn00705411,2019-09-26 08:30:03.576,-117.2562,37.3929,8.4,3.6,"35 km S of Goldfield, Nevada"
ci38855983,2019-09-24 16:08:13.480,-117.8608333,36.0898333,4.7,3.55,"9km ENE of Coso Junction, CA"
ci38845903,2019-09-19 09:59:46.580,-115.788,33.3596667,3.21,3.63,"5km WNW of Bombay Beach, CA"
ci38840159,2019-09-16 18:11:51.690,-115.789,33.3618333,3.1,3.77,"5km WNW of Bombay Beach, CA"
ci38835287,2019-09-14 09:48:39.690,-118.1716667,33.5463333,11.71,3.53,"23km SSW of Seal Beach, CA"
nc73271485,2019-09-13 06:50:21.890,-121.202,36.6031667,6.03,3.82,"10km NNW of Pinnacles, CA"
ci38824959,2019-09-10 20:21:49.840,-117.27,33.594,13.69,3.96,"1km ESE of Wildomar, CA"
nn00703221,2019-09-10 12:24:42.590,-116.4999,39.5272,9.4,3.8,"46 km W of Eureka, Nevada"
nn00703188,2019-09-10 04:25:55.631,-116.5599,39.5419,9.1,4.6,"44 km E of Austin, Nevada"
ci38819223,2019-09-08 14:07:23.350,-117.4148333,35.5806667,5.18,3.59,"21km S of Trona, CA"
nc73256930,2019-08-23 14:16:52.510,-122.4518333,38.7718333,10.16,3.6,"10km ESE of Hidden Valley Lake, CA"
ci38999296,2019-08-23 05:34:09.740,-117.7046667,35.9078333,7.14,4.33,"18km E of Little Lake, CA"
ci38996840,2019-08-22 21:11:07.530,-117.7005,35.8881667,8.11,3.57,"19km ESE of Little Lake, CA"
ci38996632,2019-08-22 20:49:50.180,-117.709,35.9076667,4.93,4.89,"18km E of Little Lake, CA"
ci38983016,2019-08-19 00:09:12.940,-117.4676667,35.6703333,9.5,3.54,"12km SSW of Searles Valley, CA"
ci38971232,2019-08-15 11:50:24.980,-117.8606667,36.077,2.44,3.92,"9km ENE of Coso Junction, CA"
ci38969336,2019-08-14 22:52:26.650,-117.8628333,36.0805,2.27,3.51,"9km ENE of Coso Junction, CA"
ci38969080,2019-08-14 21:04:11.030,-117.6755,35.8933333,3.92,3.75,"21km ESE of Little Lake, CA"
ci38966824,2019-08-14 09:34:19.960,-117.6755,35.8941667,4.53,3.57,"21km ESE of Little Lake, CA"
ci38672303,2019-07-30 16:30:56.350,-117.5063333,35.6666667,10.24,3.5,"14km SW of Searles Valley, CA"
ci38668511,2019-07-29 23:19:14.160,-117.6346667,35.8228333,5.84,3.53,"22km WNW of Searles Valley, CA"
ci38653975,2019-07-27 10:30:54.410,-117.474,35.637,1.9,3.91,"16km SSW of Searles Valley, CA"
nc73235831,2019-07-27 09:37:41.210,-121.3231667,36.6938333,4.13,3.7,"11km S of Tres Pinos, CA"
ci38652167,2019-07-27 01:35:37.530,-117.3666667,35.5338333,9.07,3.56,"26km S of Trona, CA"
ci38644983,2019-07-26 00:45:34.040,-117.6955,35.9351667,2.81,3.52,"19km E of Little Lake, CA"
ci38644943,2019-07-26 00:42:47.770,-117.7066667,35.9258333,3.79,4.74,"18km E of Little Lake, CA"
ci38636511,2019-07-24 14:35:18.550,-117.6045,35.607,3.1,3.75,"7km ESE of Ridgecrest, CA"
ci38632759,2019-07-23 23:45:48.160,-117.7126667,35.8893333,9.09,3.65,"18km ESE of Little Lake, CA"
ci38628799,2019-07-23 07:45:02.530,-117.4266667,35.625,5.51,4.15,"16km S of Searles Valley, CA"
ci38627095,2019-07-23 01:36:18.450,-117.5565,35.7455,6.07,3.88,"14km W of Searles Valley, CA"
ci38624623,2019-07-22 16:26:56.070,-116.045,33.9966667,8.23,4.2,"16km S of Twentynine Palms, CA"
ci38612295,2019-07-20 18:49:58.450,-117.7071667,35.874,9.17,3.54,"19km ESE of Little Lake, CA"
ci38607695,2019-07-20 02:38:43.360,-117.6843333,35.8828333,5.15,3.67,"21km ESE of Little Lake, CA"
ci38605615,2019-07-19 18:40:14.930,-116.5753333,33.4535,10.99,3.6,"14km SE of Anza, CA"
ci38605023,2019-07-19 16:16:58.420,-117.4948333,35.7151667,4.62,3.51,"10km SW of Searles Valley, CA"
ci38603223,2019-07-19 10:47:05.410,-117.3576667,35.585,4.56,3.65,"20km S of Trona, CA"
ci38599327,2019-07-18 21:46:37.630,-117.6243333,35.7841667,5.76,3.65,"19km NNE of Ridgecrest, CA"
ci38593535,2019-07-18 03:59:14.720,-117.8875,36.113,1.56,4.64,"9km NE of Coso Junction, CA"
ci38591583,2019-07-17 21:49:19.150,-117.8385,36.1156667,2.39,3.87,"13km NE of Coso Junction, CA"
ci38590903,2019-07-17 19:42:15.130,-117.461,35.6498333,2.69,3.61,"14km SSW of Searles Valley, CA"
ci38585023,2019-07-17 02:29:07.380,-117.884,36.116,5.3,4.37,"10km NE of Coso Junction, CA"
ci37421757,2019-07-16 20:15:59.020,-117.5155,35.6776667,7.59,3.54,"14km SW of Searles Valley, CA"
ci38583335,2019-07-16 20:15:36.780,-117.6143333,35.7836667,3.56,4.47,"19km NNE of Ridgecrest, CA"
nc73225421,2019-07-16 20:11:01.470,-121.7568333,37.8186667,12.38,4.31,"12km WSW of Byron, CA"
ci38578567,2019-07-16 05:26:52.660,-117.6235,35.7923333,2.96,3.55,"20km NNE of Ridgecrest, CA"
ci38577831,2019-07-16 02:47:05.040,-117.432,35.6323333,4.99,3.8,"15km S of Searles Valley, CA"
ci38576311,2019-07-15 21:29:53.010,-117.506,35.6785,9.21,3.69,"14km SW of Searles Valley, CA"
ci38574407,2019-07-15 15:43:36.550,-117.4141667,35.6701667,8.43,3.61,"11km S of Searles Valley, CA"
ci38572055,2019-07-15 08:38:45.240,-117.8506667,36.056,2.26,4.21,"9km E of Coso Junction, CA"
ci38570271,2019-07-15 02:54:39.630,-117.5035,35.6643333,9.22,3.64,"15km SW of Searles Valley, CA"
ci38557895,2019-07-13 10:25:19.030,-117.3736667,35.9421667,3.07,3.83,"20km N of Searles Valley, CA"
ci38548295,2019-07-12 13:11:37.990,-117.5861667,35.6368333,9.48,4.9,"8km ENE of Ridgecrest, CA"
ci38541359,2019-07-12 03:27:53.690,-117.3788333,35.9395,1.9,3.94,"19km N of Searles Valley, CA"
ci38540647,2019-07-12 02:18:30.090,-117.8843333,36.1815,1.54,3.65,"16km SE of Olancha, CA"
ci38539039,2019-07-11 23:52:32.220,-117.6985,35.9463333,4.8,3.64,"19km E of Little Lake, CA"
ci38538991,2019-07-11 23:45:18.670,-117.703,35.95,4.32,4.14,"18km E of Little Lake, CA"
ci38534735,2019-07-11 16:41:08.500,-117.5061667,35.7033333,2.48,3.53,"12km SW of Searles Valley, CA"
ci38534591,2019-07-11 16:19:08.760,-117.8841667,36.1823333,0.96,3.72,"16km SE of Olancha, CA"
ci38534255,2019-07-11 15:32:52.260,-117.8768333,36.1565,2.29,3.87,"14km NNE of Coso Junction, CA"
ci38532487,2019-07-11 12:20:42.280,-117.3803333,35.9403333,2.16,3.52,"19km N of Searles Valley, CA"
ci38532079,2019-07-11 11:36:16.600,-117.4206667,35.618,4.76,3.53,"17km SSW of Trona, CA"
ci38531775,2019-07-11 10:59:45.820,-117.3773333,35.9423333,1.71,3.67,"20km N of Searles Valley, CA"
ci38531663,2019-07-11 10:43:35.390,-117.7231667,36.0441667,1.48,3.55,"20km E of Coso Junction, CA"
ci38529711,2019-07-11 07:19:49.980,-117.8843333,36.1795,1.97,3.53,"16km SE of Olancha, CA"
ci38529591,2019-07-11 07:04:05.960,-117.883,36.1793333,1.46,4.02,"16km SE of Olancha, CA"
ci38528383,2019-07-11 05:03:46.140,-117.2803333,35.9538333,4.86,3.55,"23km NNE of Trona, CA"
ci38528167,2019-07-11 04:45:31.010,-117.2788333,35.9558333,4.66,3.57,"23km NNE of Trona, CA"
ci38527863,2019-07-11 04:10:01.370,-117.8488333,36.0563333,2.07,4.3,"9km E of Coso Junction, CA"
ci38526799,2019-07-11 02:35:22.450,-117.721,35.9411667,2.44,3.51,"17km E of Little Lake, CA"
ci38525215,2019-07-11 00:15:39.220,-117.8763333,36.1536667,2.11,4.37,"14km NNE of Coso Junction, CA"
ci38525207,2019-07-11 00:14:37.320,-117.884,36.1766667,0.93,4.52,"16km NNE of Coso Junction, CA"
ci38525047,2019-07-10 23:58:59.200,-117.4891667,35.6723333,4.36,3.62,"13km SW of Searles Valley, CA"
ci37265580,2019-07-10 22:15:53.250,-117.8856667,36.1713333,2.05,3.66,"15km NNE of Coso Junction, CA"
ci38523943,2019-07-10 22:15:48.260,-117.8835,36.1731667,0.98,3.87,"15km NNE of Coso Junction, CA"
ci38522647,2019-07-10 20:09:51.950,-117.5248333,35.6646667,9.19,4.17,"14km ENE of Ridgecrest, CA"
ci37265572,2019-07-10 18:51:43.830,-117.8541667,36.0553333,7.76,3.51,"8km E of Coso Junction, CA"
ci38521815,2019-07-10 18:51:35.250,-117.875,36.1695,2.27,3.7,"15km NNE of Coso Junction, CA"
ci38521799,2019-07-10 18:49:01.420,-117.8825,36.1661667,1.12,4.09,"15km NNE of Coso Junction, CA"
ci38519231,2019-07-10 15:02:04.290,-117.6816667,35.877,4.86,3.56,"21km ESE of Little Lake, CA"
ci38519135,2019-07-10 14:53:06.080,-117.8598333,36.046,1.8,3.52,"8km E of Coso Junction, CA"
ci38517471,2019-07-10 12:28:56.960,-117.8566667,36.0495,1.91,4.18,"8km E of Coso Junction, CA"
ci38517119,2019-07-10 12:00:05.090,-117.7076667,35.8758333,5.02,3.81,"19km ESE of Little Lake, CA"
ci38513943,2019-07-10 07:05:26.260,-117.849,36.0561667,1.87,3.69,"9km E of Coso Junction, CA"
ci38511719,2019-07-10 03:42:54.900,-117.4493333,35.6426667,10.61,3.61,"14km SSW of Searles Valley, CA"
ci38510319,2019-07-10 01:43:02.630,-117.6901667,35.9015,2.4,3.96,"20km ESE of Little Lake, CA"
ci38509663,2019-07-10 00:48:17.580,-117.8471667,36.0571667,1.69,4.07,"9km E of Coso Junction, CA"
ci38504647,2019-07-09 17:11:28.660,-117.4941667,35.7021667,10.55,3.55,"11km SW of Searles Valley, CA"
ci38500135,2019-07-09 10:21:52.370,-117.6768333,35.9543333,2.04,3.54,"21km E of Little Lake, CA"
ci38498615,2019-07-09 08:17:31.570,-117.6143333,35.782,9.21,3.58,"19km NNE of Ridgecrest, CA"
ci38495767,2019-07-09 04:02:54.020,-117.4551667,35.9235,7.05,3.56,"18km NNW of Searles Valley, CA"
ci38489751,2019-07-08 17:53:47.170,-117.3123333,35.555,7.7,3.81,"24km SSE of Trona, CA"
ci38489727,2019-07-08 17:50:01.470,-117.5003333,35.6671667,2.43,3.52,"14km SW of Searles Valley, CA"
ci38488719,2019-07-08 16:04:28.280,-117.5103333,35.678,4.3,3.83,"14km SW of Searles Valley, CA"
ci38485391,2019-07-08 09:57:10.970,-117.4618333,35.6541667,9.65,3.5,"14km SSW of Searles Valley, CA"
ci38484631,2019-07-08 08:20:02.410,-117.8575,36.1208333,3.71,3.9,"12km NE of Coso Junction, CA"
ci38484311,2019-07-08 07:31:58.400,-117.8738333,36.1566667,2.63,3.55,"14km NNE of Coso Junction, CA"
ci38484231,2019-07-08 07:18:34.580,-117.377,35.5498333,2.6,3.56,"24km S of Trona, CA"
nn00692858,2019-07-08 02:41:10.490,-116.5991,41.1244,8.5,3.6,"57 km NE of Valmy, Nevada"
ci37264764,2019-07-08 01:37:07.910,-117.6978333,35.9045,9.08,3.5,"19km E of Little Lake, CA"
ci38481735,2019-07-08 01:36:58.300,-117.8813333,36.1135,4.97,3.76,"10km NE of Coso Junction, CA"
ci38480919,2019-07-07 23:36:56.940,-117.6685,35.8303333,4.97,3.93,"23km N of Ridgecrest, CA"
ci38480447,2019-07-07 22:33:21.390,-117.529,35.683,1.46,3.52,"15km SW of Searles Valley, CA"
ci38479967,2019-07-07 21:15:29.660,-117.6898333,35.9458333,2.42,3.79,"20km E of Little Lake, CA"
ci38478703,2019-07-07 18:50:02.290,-117.4283333,35.5976667,6.07,3.59,"19km S of Searles Valley, CA"
ci38477303,2019-07-07 15:48:11.730,-117.6583333,35.8225,6.67,3.56,"22km N of Ridgecrest, CA"
ci38476855,2019-07-07 14:46:40.570,-117.7108333,35.9136667,2.37,3.6,"18km E of Little Lake, CA"
ci38475431,2019-07-07 11:22:16.240,-117.594,35.8056667,10.06,4.16,"18km WNW of Searles Valley, CA"
ci38474127,2019-07-07 09:10:01.710,-117.7033333,35.9311667,2.57,3.5,"18km E of Little Lake, CA"
ci38473511,2019-07-07 08:03:25.610,-117.8508333,36.086,1.24,3.68,"10km ENE of Coso Junction, CA"
ci38473039,2019-07-07 07:09:38.840,-117.4385,35.6165,3.27,3.6,"17km S of Searles Valley, CA"
ci38472463,2019-07-07 06:07:06.460,-117.524,35.6661667,9.04,3.5,"15km ENE of Ridgecrest, CA"
ci38472279,2019-07-07 05:38:15.480,-117.5781667,35.7683333,10.45,4.53,"16km W of Searles Valley, CA"
ci38470999,2019-07-07 03:13:12.460,-117.5956667,35.749,10.05,3.62,"16km NNE of Ridgecrest, CA"
ci38470471,2019-07-07 02:17:01.710,-117.4668333,35.6035,2.83,3.64,"19km E of Ridgecrest, CA"
ci38470415,2019-07-07 02:06:04.700,-117.5621667,35.7601667,10.75,3.6,"14km W of Searles Valley, CA"
ci38469967,2019-07-07 01:05:07.130,-117.516,35.6695,5.05,3.55,"15km SW of Searles Valley, CA"
ci38469375,2019-07-06 23:50:41.990,-117.663,35.8235,6.51,4.5,"23km N of Ridgecrest, CA"
ci38469079,2019-07-06 23:21:34.140,-117.5083333,35.7003333,9.09,3.71,"12km SW of Searles Valley, CA"
ci38468007,2019-07-06 21:05:24.590,-117.6026667,35.7206667,10.82,3.51,"13km NNE of Ridgecrest, CA"
ci38467815,2019-07-06 20:41:30.750,-117.5133333,35.692,2.71,3.51,"13km SW of Searles Valley, CA"
ci38466847,2019-07-06 18:46:26.040,-117.4648333,35.6541667,1.9,3.87,"14km SSW of Searles Valley, CA"
ci38466775,2019-07-06 18:36:49.990,-117.7383333,35.907,2.87,3.72,"16km ESE of Little Lake, CA"
ci38466623,2019-07-06 18:19:39.620,-117.3256667,35.448,4.54,3.55,"29km ENE of Johannesburg, CA"
ci38466495,2019-07-06 17:59:14.790,-117.7295,35.9021667,4.27,3.96,"16km ESE of Little Lake, CA"
ci38466343,2019-07-06 17:41:33.190,-117.7168333,35.8716667,7.74,3.98,"19km ESE of Little Lake, CA"
ci38465759,2019-07-06 16:42:05.120,-117.7121667,35.879,4.55,3.51,"19km ESE of Little Lake, CA"
ci38465703,2019-07-06 16:36:05.820,-117.523,35.5705,10.05,4.14,"15km ESE of Ridgecrest, CA"
ci38465351,2019-07-06 15:59:29.290,-117.6976667,35.877,2.33,3.55,"20km ESE of Little Lake, CA"
ci38465239,2019-07-06 15:45:46.040,-117.827,36.0993333,2.51,3.58,"12km ENE of Coso Junction, CA"
ci38464047,2019-07-06 13:55:51.090,-117.705,35.868,7.89,3.54,"20km ESE of Little Lake, CA"
ci38463911,2019-07-06 13:43:18.740,-117.4755,35.6163333,8.8,3.64,"18km SSW of Searles Valley, CA"
ci38463791,2019-07-06 13:32:59.500,-117.4873333,35.6761667,1.6,3.65,"13km SW of Searles Valley, CA"
ci38463551,2019-07-06 13:06:55.260,-117.705,35.9283333,2.37,4.5,"18km E of Little Lake, CA"
ci38462839,2019-07-06 12:05:00.770,-117.6605,35.824,6.32,3.57,"23km N of Ridgecrest, CA"
ci38462679,2019-07-06 11:53:08.090,-117.7336667,35.8953333,2.1,4.12,"16km ESE of Little Lake, CA"
ci38462175,2019-07-06 11:15:20.710,-117.4656667,35.646,-0.13,3.68,"15km SSW of Searles Valley, CA"
ci38462063,2019-07-06 11:06:43.350,-117.621,35.7948333,4.82,3.84,"20km W of Searles Valley, CA"
ci38461879,2019-07-06 10:48:24.460,-117.372,35.5785,5.6,4.04,"21km S of Trona, CA"
ci38461735,2019-07-06 10:37:27.560,-117.3528333,35.5745,2.85,3.82,"21km S of Trona, CA"
ci38461655,2019-07-06 10:31:43.930,-117.4546667,35.6486667,3.97,3.51,"14km SSW of Searles Valley, CA"
ci38461447,2019-07-06 10:09:18.110,-117.5176667,35.5755,10.36,3.52,"15km ESE of Ridgecrest, CA"
ci38461311,2019-07-06 09:59:26.600,-117.7105,35.883,7.28,3.75,"19km ESE of Little Lake, CA"
ci38461007,2019-07-06 09:34:27.830,-117.7133333,35.8871667,7.69,3.51,"18km ESE of Little Lake, CA"
ci38460999,2019-07-06 09:33:59.740,-117.7235,35.8953333,4.91,3.6,"17km ESE of Little Lake, CA"
ci38460983,2019-07-06 09:30:41.240,-117.7323333,35.9098333,4.15,4.49,"16km E of Little Lake, CA"
ci38460975,2019-07-06 09:29:20.970,-117.7175,35.8811667,5.5,4.41,"18km ESE of Little Lake, CA"
ci37258076,2019-07-06 09:28:41.790,-117.7168333,35.887,4.78,4.24,"18km ESE of Little Lake, CA"
ci38460967,2019-07-06 09:28:28.980,-117.7271667,35.898,3.95,4.89,"17km ESE of Little Lake, CA"
ci38460951,2019-07-06 09:27:08.460,-117.5836667,35.6183333,10.78,3.51,"8km E of Ridgecrest, CA"
ci38460927,2019-07-06 09:24:23.070,-117.641,35.8015,1.2,3.59,"20km N of Ridgecrest, CA"
ci38460639,2019-07-06 08:59:57.510,-117.3855,35.5498333,3.71,3.96,"24km S of Trona, CA"
ci38460631,2019-07-06 08:59:55.720,-117.3878333,35.6021667,6.72,3.6,"18km S of Trona, CA"
ci38460311,2019-07-06 08:32:57.550,-117.4913333,35.639,3.14,4.56,"16km SSW of Searles Valley, CA"
ci38460255,2019-07-06 08:28:33.770,-117.4105,35.6318333,3.15,3.59,"15km S of Trona, CA"
ci37264140,2019-07-06 08:26:52.560,-117.7306667,35.8965,4.98,3.53,"16km ESE of Little Lake, CA"
ci38460039,2019-07-06 08:10:50.100,-117.7191667,35.9135,2.67,3.62,"17km E of Little Lake, CA"
ci38459895,2019-07-06 07:56:03.660,-117.475,35.6746667,2.0,3.55,"12km SSW of Searles Valley, CA"
ci38459887,2019-07-06 07:54:46.580,-117.5576667,35.7051667,8.49,3.87,"14km NE of Ridgecrest, CA"
ci38459863,2019-07-06 07:52:24.520,-117.729,35.8848333,5.54,3.73,"17km ESE of Little Lake, CA"
ci38459599,2019-07-06 07:31:14.490,-117.505,35.7043333,2.01,3.62,"12km SW of Searles Valley, CA"
ci37233156,2019-07-06 07:16:03.150,-117.748,35.9243333,2.33,3.75,"14km E of Little Lake, CA"
ci38459335,2019-07-06 07:05:21.030,-117.7306667,35.8891667,5.96,3.56,"17km ESE of Little Lake, CA"
ci38459327,2019-07-06 07:04:42.040,-117.7315,35.89,4.8,3.88,"17km ESE of Little Lake, CA"
ci38459207,2019-07-06 06:52:25.970,-117.3983333,35.5601667,3.76,3.77,"23km S of Trona, CA"
ci38459135,2019-07-06 06:47:10.840,-117.6466667,35.8661667,6.77,3.57,"24km WNW of Searles Valley, CA"
ci38459047,2019-07-06 06:41:15.060,-117.6378333,35.8041667,7.51,3.9,"21km N of Ridgecrest, CA"
ci38458999,2019-07-06 06:34:47.410,-117.7248333,35.8926667,8.17,4.05,"17km ESE of Little Lake, CA"
ci38458967,2019-07-06 06:31:55.320,-117.7226667,35.8893333,4.65,3.55,"17km ESE of Little Lake, CA"
ci38458951,2019-07-06 06:31:00.730,-117.6868333,35.8785,4.3,3.72,"21km ESE of Little Lake, CA"
ci38458815,2019-07-06 06:18:11.250,-117.684,35.9191667,8.98,3.55,"20km E of Little Lake, CA"
ci38458759,2019-07-06 06:12:52.000,-117.3751667,35.5813333,5.45,4.27,"20km S of Trona, CA"
ci38458719,2019-07-06 06:07:08.680,-117.3635,35.5771667,3.81,3.53,"21km S of Trona, CA"
ci38458679,2019-07-06 06:01:51.800,-117.7385,35.911,4.99,4.63,"15km E of Little Lake, CA"
ci38458671,2019-07-06 06:00:57.770,-117.3465,35.5535,4.31,3.5,"24km S of Trona, CA"
ci38458663,2019-07-06 05:59:44.190,-117.574,35.7376667,3.12,3.57,"16km WSW of Searles Valley, CA"
ci38458655,2019-07-06 05:58:17.570,-117.6916667,35.9323333,1.86,4.15,"19km E of Little Lake, CA"
ci38458575,2019-07-06 05:52:05.350,-117.403,35.6058333,5.35,3.62,"18km S of Trona, CA"
ci37227380,2019-07-06 05:41:48.390,-117.5573333,35.7771667,10.9,3.78,"14km W of Searles Valley, CA"
ci37227372,2019-07-06 05:41:36.030,-117.419,35.5586667,8.89,3.66,"23km S of Trona, CA"
ci38458503,2019-07-06 05:41:32.240,-117.6041667,35.7838333,2.95,3.56,"18km W of Searles Valley, CA"
ci38458439,2019-07-06 05:32:59.940,-117.6796667,35.8441667,7.73,3.61,"23km ESE of Little Lake, CA"
ci37227020,2019-07-06 05:25:36.710,-117.561,35.7331667,6.77,3.5,"15km WSW of Searles Valley, CA"
ci38458375,2019-07-06 05:25:04.870,-117.6775,35.833,3.43,4.29,"24km N of Ridgecrest, CA"
ci38458295,2019-07-06 05:15:37.240,-117.7448333,35.9128333,8.56,3.52,"15km E of Little Lake, CA"
ci38458263,2019-07-06 05:13:14.990,-117.6608333,35.8755,7.14,3.97,"23km ESE of Little Lake, CA"
ci37427437,2019-07-06 05:10:09.260,-117.7218333,35.8918333,4.02,3.51,"17km ESE of Little Lake, CA"
ci38458215,2019-07-06 05:08:11.260,-117.5636667,35.717,7.99,3.67,"15km NE of Ridgecrest, CA"
ci37427253,2019-07-06 05:04:23.380,-117.6978333,35.8806667,5.67,3.61,"20km ESE of Little Lake, CA"
ci38458175,2019-07-06 05:04:19.720,-117.6948333,35.8793333,7.37,3.63,"20km ESE of Little Lake, CA"
ci37427213,2019-07-06 05:03:07.180,-117.7126667,35.8925,2.43,3.51,"18km ESE of Little Lake, CA"
ci38458143,2019-07-06 04:58:36.690,-117.5706667,35.7073333,2.9,4.03,"14km NE of Ridgecrest, CA"
ci37225436,2019-07-06 04:53:45.340,-117.5275,35.5921667,9.9,3.66,"14km ESE of Ridgecrest, CA"
ci38458087,2019-07-06 04:53:41.990,-117.6595,35.875,6.86,3.98,"23km ESE of Little Lake, CA"
ci37225428,2019-07-06 04:53:03.960,-117.7353333,35.8966667,6.77,3.54,"16km ESE of Little Lake, CA"
ci38458079,2019-07-06 04:52:17.710,-117.6945,35.8773333,3.32,4.47,"20km ESE of Little Lake, CA"
ci38458071,2019-07-06 04:52:04.010,-117.7323333,35.8895,5.37,3.54,"17km ESE of Little Lake, CA"
ci37225228,2019-07-06 04:50:16.120,-117.732,35.896,7.18,3.72,"16km ESE of Little Lake, CA"
ci37263764,2019-07-06 04:50:11.880,-117.7288333,35.892,5.64,3.51,"17km ESE of Little Lake, CA"
ci37225220,2019-07-06 04:50:04.100,-117.6133333,35.7906667,7.19,3.68,"19km W of Searles Valley, CA"
ci38458063,2019-07-06 04:49:42.550,-117.7301667,35.8815,8.06,3.71,"17km ESE of Little Lake, CA"
ci38458031,2019-07-06 04:45:36.470,-117.7241667,35.9051667,4.51,3.56,"17km ESE of Little Lake, CA"
ci38457991,2019-07-06 04:41:03.050,-117.7248333,35.8993333,5.62,3.61,"17km ESE of Little Lake, CA"
ci38457983,2019-07-06 04:40:15.980,-117.4456667,35.6428333,2.88,4.24,"14km SSW of Searles Valley, CA"
ci37263724,2019-07-06 04:38:08.610,-117.434,35.6326667,6.26,3.59,"15km S of Searles Valley, CA"
ci37224964,2019-07-06 04:37:13.570,-117.7453333,35.91,8.01,4.33,"15km ESE of Little Lake, CA"
ci38457967,2019-07-06 04:36:55.310,-117.7376667,35.9,1.9,4.85,"16km ESE of Little Lake, CA"
ci37224932,2019-07-06 04:36:50.230,-117.7066667,35.8688333,2.76,3.8,"20km ESE of Little Lake, CA"
ci37224780,2019-07-06 04:34:11.150,-117.7398333,35.8965,7.81,3.53,"16km ESE of Little Lake, CA"
ci37224772,2019-07-06 04:33:50.060,-117.6625,35.8285,2.97,3.61,"23km N of Ridgecrest, CA"
ci37224756,2019-07-06 04:31:19.460,-117.3958333,35.5656667,3.36,3.75,"22km S of Trona, CA"
ci38457927,2019-07-06 04:31:05.250,-117.6601667,35.8408333,4.81,3.54,"24km N of Ridgecrest, CA"
ci38457911,2019-07-06 04:29:02.200,-117.6306667,35.7955,2.82,3.6,"20km NNE of Ridgecrest, CA"
ci37222156,2019-07-06 04:28:09.260,-117.7261667,35.8821667,3.78,3.51,"17km ESE of Little Lake, CA"
ci38457903,2019-07-06 04:27:10.340,-117.7131667,35.8871667,5.98,3.59,"18km ESE of Little Lake, CA"
ci37222092,2019-07-06 04:24:43.320,-117.549,35.6741667,7.96,3.67,"13km ENE of Ridgecrest, CA"
ci38457895,2019-07-06 04:24:40.670,-117.6995,35.8976667,7.41,3.65,"19km ESE of Little Lake, CA"
ci37222036,2019-07-06 04:22:16.200,-117.6911667,35.8611667,7.72,3.64,"21km ESE of Little Lake, CA"
ci37222028,2019-07-06 04:21:53.760,-117.5548333,35.7166667,6.81,3.62,"15km WSW of Searles Valley, CA"
ci38457871,2019-07-06 04:21:35.820,-117.6121667,35.7786667,2.59,4.17,"18km NNE of Ridgecrest, CA"
ci37263500,2019-07-06 04:21:00.220,-117.6243333,35.7971667,8.47,3.53,"20km NNE of Ridgecrest, CA"
ci37221948,2019-07-06 04:20:46.910,-117.7,35.8735,3.16,3.6,"20km ESE of Little Lake, CA"
ci37221940,2019-07-06 04:20:28.200,-117.7088333,35.9246667,2.76,3.68,"18km E of Little Lake, CA"
ci37263396,2019-07-06 04:20:06.180,-117.71,35.8981667,10.24,3.53,"18km ESE of Little Lake, CA"
ci38457863,2019-07-06 04:19:56.010,-117.4041667,35.5808333,5.18,4.01,"20km S of Trona, CA"
ci38457855,2019-07-06 04:19:54.940,-117.717,35.885,4.9,3.83,"18km ESE of Little Lake, CA"
ci37221932,2019-07-06 04:19:15.480,-117.6175,35.785,10.63,4.29,"19km NNE of Ridgecrest, CA"
ci38457847,2019-07-06 04:18:55.790,-117.6848333,35.9101667,7.41,5.44,"20km E of Little Lake, CA"
ci37221916,2019-07-06 04:18:36.030,-117.5381667,35.694,8.39,3.63,"15km SW of Searles Valley, CA"
ci37221884,2019-07-06 04:16:48.800,-117.66,35.824,5.81,3.58,"23km N of Ridgecrest, CA"
ci38457831,2019-07-06 04:16:17.230,-117.6715,35.8248333,8.56,3.52,"23km N of Ridgecrest, CA"
ci37221708,2019-07-06 04:14:31.370,-117.4906667,35.6795,0.91,3.74,"12km SW of Searles Valley, CA"
ci37221644,2019-07-06 04:14:20.800,-117.4026667,35.6041667,6.72,3.84,"18km S of Trona, CA"
ci37263340,2019-07-06 04:13:30.590,-117.7268333,35.891,10.01,3.52,"17km ESE of Little Lake, CA"
ci38457815,2019-07-06 04:13:07.080,-117.6145,35.5846667,9.73,4.8,"7km SE of Ridgecrest, CA"
ci37220324,2019-07-06 04:13:06.130,-117.6893333,35.9091667,8.39,3.63,"20km E of Little Lake, CA"
ci37221628,2019-07-06 04:12:44.170,-117.6408333,35.841,10.1,3.57,"23km WNW of Searles Valley, CA"
ci37221620,2019-07-06 04:12:18.850,-117.7228333,35.8873333,9.17,3.87,"17km ESE of Little Lake, CA"
ci38457807,2019-07-06 04:12:13.840,-117.4798333,35.659,6.97,3.86,"14km SSW of Searles Valley, CA"
ci37221588,2019-07-06 04:11:02.280,-117.6926667,35.9,6.48,3.83,"20km ESE of Little Lake, CA"
ci37263324,2019-07-06 04:10:58.090,-117.7138333,35.8768333,9.75,3.57,"19km ESE of Little Lake, CA"
ci37221580,2019-07-06 04:10:49.060,-117.5806667,35.7778333,10.58,3.69,"16km W of Searles Valley, CA"
ci37221428,2019-07-06 04:07:37.930,-117.7176667,35.9103333,4.05,3.62,"17km E of Little Lake, CA"
ci37263244,2019-07-06 04:07:15.800,-117.6946667,35.8646667,2.73,3.74,"21km ESE of Little Lake, CA"
ci38457775,2019-07-06 04:07:04.570,-117.5215,35.5551667,5.5,4.68,"16km ESE of Ridgecrest, CA"
ci38457887,2019-07-06 04:06:14.580,-117.3738333,35.578,5.91,3.79,"21km S of Trona, CA"
ci37221188,2019-07-06 04:05:49.900,-117.7088333,35.917,2.34,3.9,"18km E of Little Lake, CA"
ci37221404,2019-07-06 04:05:27.720,-117.4866667,35.6578333,1.93,3.55,"14km SSW of Searles Valley, CA"
ci38457759,2019-07-06 03:59:48.610,-117.7141667,35.8751667,4.37,3.53,"19km ESE of Little Lake, CA"
ci37421229,2019-07-06 03:57:50.900,-117.6613333,35.869,7.21,4.31,"23km ESE of Little Lake, CA"
ci37221116,2019-07-06 03:57:37.970,-117.6995,35.8908333,4.57,3.59,"19km ESE of Little Lake, CA"
ci37221108,2019-07-06 03:56:33.520,-117.7361667,35.918,6.52,3.53,"16km E of Little Lake, CA"
ci38457735,2019-07-06 03:55:20.020,-117.6875,35.9055,8.43,4.06,"20km E of Little Lake, CA"
ci38457727,2019-07-06 03:54:46.840,-117.5856667,35.78,10.44,3.5,"16km W of Searles Valley, CA"
ci37221076,2019-07-06 03:53:57.980,-117.6808333,35.9025,8.09,3.67,"21km E of Little Lake, CA"
ci38457719,2019-07-06 03:53:40.290,-117.7106667,35.8696667,5.8,3.68,"19km ESE of Little Lake, CA"
ci37220748,2019-07-06 03:52:59.340,-117.7415,35.9273333,6.24,3.69,"15km E of Little Lake, CA"
ci37220612,2019-07-06 03:52:54.840,-117.4073333,35.5768333,3.6,3.6,"21km S of Trona, CA"
ci37220596,2019-07-06 03:52:03.730,-117.6963333,35.8996667,9.69,3.57,"19km ESE of Little Lake, CA"
ci37261844,2019-07-06 03:51:20.330,-117.6741667,35.9373333,9.87,3.76,"21km E of Little Lake, CA"
ci38457703,2019-07-06 03:50:59.710,-117.7001667,35.9035,8.26,4.97,"19km E of Little Lake, CA"
ci37220316,2019-07-06 03:50:49.350,-117.739,35.9101667,10.71,3.79,"15km E of Little Lake, CA"
ci37421773,2019-07-06 03:50:11.070,-117.7248333,35.9036667,6.5,3.79,"17km ESE of Little Lake, CA"
ci37261788,2019-07-06 03:50:04.740,-117.4436667,35.6163333,7.26,3.67,"17km SSW of Searles Valley, CA"
ci38457695,2019-07-06 03:49:52.420,-117.6841667,35.8261667,7.08,3.83,"23km N of Ridgecrest, CA"
ci37220308,2019-07-06 03:49:24.980,-117.3851667,35.5571667,3.51,3.78,"23km S of Trona, CA"
ci37261620,2019-07-06 03:48:57.740,-117.7236667,35.9058333,6.2,3.68,"17km ESE of Little Lake, CA"
ci37261628,2019-07-06 03:48:54.220,-117.7223333,35.9998333,9.53,3.53,"18km ENE of Little Lake, CA"
ci37261564,2019-07-06 03:48:36.260,-117.7353333,35.9108333,7.04,3.55,"16km E of Little Lake, CA"
ci37220300,2019-07-06 03:48:24.660,-117.69,35.9025,0.5,3.98,"20km E of Little Lake, CA"
ci37261556,2019-07-06 03:48:14.550,-117.7486667,35.9013333,7.58,3.8,"15km ESE of Little Lake, CA"
ci38457687,2019-07-06 03:47:53.420,-117.7495,35.9011667,5.04,5.5,"15km ESE of Little Lake, CA"
ci37220292,2019-07-06 03:47:00.080,-117.7436667,35.902,8.46,3.57,"15km ESE of Little Lake, CA"
ci37220284,2019-07-06 03:46:38.500,-117.45,35.6573333,2.12,3.72,"13km SSW of Searles Valley, CA"
ci38457679,2019-07-06 03:46:26.870,-117.4703333,35.6805,6.85,4.26,"11km SSW of Searles Valley, CA"
ci37220276,2019-07-06 03:45:54.830,-117.5063333,35.7036667,11.11,3.52,"12km SW of Searles Valley, CA"
ci37219924,2019-07-06 03:44:17.710,-117.6941667,35.9058333,6.12,3.96,"19km E of Little Lake, CA"
ci37261484,2019-07-06 03:44:10.780,-117.5935,35.7821667,11.22,3.6,"17km W of Searles Valley, CA"
ci38457663,2019-07-06 03:44:01.600,-117.7276667,35.9135,6.96,3.86,"16km E of Little Lake, CA"
ci37219900,2019-07-06 03:43:09.040,-117.6938333,35.8865,9.46,3.85,"20km ESE of Little Lake, CA"
ci38457655,2019-07-06 03:42:52.530,-117.7016667,35.878,4.58,3.86,"20km ESE of Little Lake, CA"
ci37219908,2019-07-06 03:42:45.760,-117.6848333,35.866,4.95,3.57,"22km ESE of Little Lake, CA"
ci37261284,2019-07-06 03:42:09.680,-117.73,35.8751667,6.96,3.57,"17km ESE of Little Lake, CA"
ci38457639,2019-07-06 03:41:38.650,-117.722,35.8923333,7.87,3.98,"17km ESE of Little Lake, CA"
ci38457631,2019-07-06 03:40:04.140,-117.703,35.9133333,7.04,3.65,"18km E of Little Lake, CA"
ci37421237,2019-07-06 03:39:34.110,-117.7426667,35.9021667,8.81,3.74,"15km ESE of Little Lake, CA"
ci37421221,2019-07-06 03:39:14.680,-117.433,35.6136667,9.8,3.84,"17km S of Searles Valley, CA"
ci37219844,2019-07-06 03:39:02.720,-117.5515,35.7166667,10.52,3.69,"14km WSW of Searles Valley, CA"
ci37219836,2019-07-06 03:38:22.930,-117.7123333,35.9128333,6.7,3.79,"18km E of Little Lake, CA"
ci37219828,2019-07-06 03:37:25.270,-117.7013333,35.8718333,6.12,3.53,"20km ESE of Little Lake, CA"
ci37219820,2019-07-06 03:37:05.160,-117.5268333,35.7326667,2.63,3.63,"12km WSW of Searles Valley, CA"
ci37219812,2019-07-06 03:36:28.480,-117.5445,35.6625,3.18,3.85,"13km ENE of Ridgecrest, CA"
ci38457615,2019-07-06 03:36:16.460,-117.7338333,35.9028333,7.27,4.35,"16km ESE of Little Lake, CA"
ci37219796,2019-07-06 03:35:30.660,-117.7576667,35.979,6.52,3.67,"14km ENE of Little Lake, CA"
ci38457607,2019-07-06 03:35:05.420,-117.4668333,35.6521667,1.97,4.09,"14km SSW of Searles Valley, CA"
ci37219788,2019-07-06 03:34:55.980,-117.3961667,35.5806667,13.22,3.52,"20km S of Trona, CA"
ci37219740,2019-07-06 03:34:42.840,-117.6573333,35.9058333,9.5,3.74,"23km E of Little Lake, CA"
ci37219732,2019-07-06 03:34:21.530,-117.5875,35.7661667,1.82,3.63,"17km W of Searles Valley, CA"
ci37260828,2019-07-06 03:33:55.940,-117.699,35.8723333,11.58,3.51,"20km ESE of Little Lake, CA"
ci37219708,2019-07-06 03:33:39.450,-117.5613333,35.726,11.09,4.01,"15km WSW of Searles Valley, CA"
ci37219716,2019-07-06 03:33:39.100,-117.7238333,35.8933333,9.89,3.8,"17km ESE of Little Lake, CA"
ci37219700,2019-07-06 03:33:20.200,-117.4861667,35.624,10.99,4.08,"17km E of Ridgecrest, CA"
ci37219684,2019-07-06 03:33:03.660,-117.7163333,35.9025,8.47,3.9,"18km ESE of Little Lake, CA"
ci38457599,2019-07-06 03:32:46.660,-117.7303333,35.8903333,6.15,4.17,"17km ESE of Little Lake, CA"
ci37219676,2019-07-06 03:32:29.440,-117.4145,35.5985,6.69,3.68,"19km S of Trona, CA"
ci37219668,2019-07-06 03:32:25.640,-117.7263333,35.8981667,10.82,3.61,"17km ESE of Little Lake, CA"
ci37219660,2019-07-06 03:31:58.270,-117.7121667,35.8901667,6.29,3.86,"18km ESE of Little Lake, CA"
ci37219652,2019-07-06 03:31:48.760,-117.6978333,35.8883333,8.93,3.97,"20km ESE of Little Lake, CA"
ci37219644,2019-07-06 03:31:24.540,-117.4853333,35.6596667,5.2,3.62,"14km SSW of Searles Valley, CA"
ci37219636,2019-07-06 03:31:10.380,-117.7216667,35.8936667,9.39,3.55,"17km ESE of Little Lake, CA"
ci37219628,2019-07-06 03:30:59.670,-117.704,35.9068333,8.84,3.9,"19km E of Little Lake, CA"
ci37219620,2019-07-06 03:30:43.010,-117.7223333,35.8671667,8.26,3.53,"18km ESE of Little Lake, CA"
ci38457591,2019-07-06 03:30:25.050,-117.3581667,35.5566667,8.71,4.49,"23km S of Trona, CA"
ci37260620,2019-07-06 03:30:00.710,-117.7018333,35.8845,6.05,3.56,"19km ESE of Little Lake, CA"
ci37260612,2019-07-06 03:29:50.040,-117.6818333,35.8705,5.35,3.57,"22km ESE of Little Lake, CA"
ci37219612,2019-07-06 03:29:47.130,-117.704,35.9016667,7.8,3.57,"19km ESE of Little Lake, CA"
ci38457583,2019-07-06 03:29:32.080,-117.7115,35.9028333,3.18,4.51,"18km ESE of Little Lake, CA"
ci37219604,2019-07-06 03:29:28.840,-117.5088333,35.7325,7.03,4.07,"10km WSW of Searles Valley, CA"
ci38457575,2019-07-06 03:29:15.860,-117.6526667,35.8656667,15.11,4.01,"24km ESE of Little Lake, CA"
ci37219596,2019-07-06 03:29:10.290,-117.4465,35.6566667,2.23,4.02,"13km SSW of Searles Valley, CA"
ci38457559,2019-07-06 03:28:46.550,-117.7221667,35.9025,4.76,4.19,"17km ESE of Little Lake, CA"
ci37219588,2019-07-06 03:28:25.160,-117.6906667,35.8695,2.66,3.98,"21km ESE of Little Lake, CA"
ci37219580,2019-07-06 03:28:12.340,-117.6598333,35.8411667,11.45,4.09,"24km WNW of Searles Valley, CA"
ci38457551,2019-07-06 03:28:00.730,-117.7316667,35.9106667,8.16,4.09,"16km E of Little Lake, CA"
ci37219572,2019-07-06 03:27:36.260,-117.6975,35.8895,7.85,4.03,"20km ESE of Little Lake, CA"
ci37260500,2019-07-06 03:27:25.350,-117.4866667,35.665,5.51,3.92,"14km SSW of Searles Valley, CA"
ci37260492,2019-07-06 03:27:18.420,-117.6578333,35.8733333,6.73,3.91,"24km ESE of Little Lake, CA"
ci37219564,2019-07-06 03:27:11.370,-117.4313333,35.5303333,3.83,4.57,"24km ESE of Ridgecrest, CA"
ci37219180,2019-07-06 03:27:07.010,-117.7258333,35.9138333,8.0,4.5,"16km E of Little Lake, CA"
ci37260484,2019-07-06 03:27:04.570,-117.4176667,35.6105,5.77,3.84,"17km SSW of Trona, CA"
ci37219556,2019-07-06 03:26:51.990,-117.6495,35.8875,10.86,4.09,"24km ESE of Little Lake, CA"
ci37219548,2019-07-06 03:26:40.490,-117.6955,35.8998333,6.89,3.57,"20km ESE of Little Lake, CA"
ci37260476,2019-07-06 03:26:27.680,-117.4368333,35.6135,6.11,3.76,"17km S of Searles Valley, CA"
ci37219540,2019-07-06 03:26:04.010,-117.6451667,35.8331667,8.1,4.02,"23km WNW of Searles Valley, CA"
ci37260460,2019-07-06 03:25:49.560,-117.478,35.6543333,1.75,3.98,"14km SSW of Searles Valley, CA"
ci37260468,2019-07-06 03:25:42.310,-117.6655,35.8708333,8.06,3.67,"23km ESE of Little Lake, CA"
ci37219172,2019-07-06 03:25:27.970,-117.6708333,35.8606667,10.32,4.61,"23km ESE of Little Lake, CA"
ci37219524,2019-07-06 03:25:19.720,-117.6911667,35.903,7.01,3.91,"20km E of Little Lake, CA"
ci37260452,2019-07-06 03:24:56.850,-117.5695,35.87,10.81,3.92,"19km NW of Searles Valley, CA"
ci37219516,2019-07-06 03:24:33.520,-117.6755,35.8911667,7.42,4.07,"21km ESE of Little Lake, CA"
ci38457535,2019-07-06 03:24:22.370,-117.7273333,35.9018333,5.3,4.19,"17km ESE of Little Lake, CA"
ci37260444,2019-07-06 03:24:15.200,-117.7075,35.9013333,7.11,3.52,"18km ESE of Little Lake, CA"
ci37219508,2019-07-06 03:24:07.550,-117.7201667,35.8876667,7.95,3.91,"18km ESE of Little Lake, CA"
ci37219164,2019-07-06 03:23:50.720,-117.6178333,35.8031667,11.44,4.84,"20km WNW of Searles Valley, CA"
ci37219476,2019-07-06 03:23:34.710,-117.5165,35.5685,10.82,4.22,"16km ESE of Ridgecrest, CA"
ci37260316,2019-07-06 03:23:29.560,-117.724,35.8778333,6.14,4.0,"18km ESE of Little Lake, CA"
ci37219468,2019-07-06 03:23:19.870,-117.6778333,35.861,6.82,4.52,"22km ESE of Little Lake, CA"
ci37260308,2019-07-06 03:23:07.570,-117.6406667,35.8378333,9.75,3.78,"23km WNW of Searles Valley, CA"
ci37219156,2019-07-06 03:22:48.300,-117.7365,35.891,9.1,4.64,"16km ESE of Little Lake, CA"
ci37219500,2019-07-06 03:22:35.630,-117.4301667,35.6166667,9.35,4.73,"17km S of Searles Valley, CA"
ci37219492,2019-07-06 03:22:27.160,-117.4275,35.6171667,8.45,4.46,"17km S of Searles Valley, CA"
ci37219484,2019-07-06 03:22:17.100,-117.5456667,35.748,3.9,4.55,"13km W of Searles Valley, CA"
ci38457519,2019-07-06 03:22:03.570,-117.729,35.9216667,8.17,4.64,"16km E of Little Lake, CA"
ci37260300,2019-07-06 03:21:19.190,-117.5053333,35.5423333,5.6,4.15,"18km ESE of Ridgecrest, CA"
ci37222204,2019-07-06 03:21:10.050,-117.6601667,35.8306667,5.86,4.33,"23km N of Ridgecrest, CA"
ci37222196,2019-07-06 03:20:41.140,-117.7376667,35.9496667,9.28,4.81,"15km E of Little Lake, CA"
ci37222188,2019-07-06 03:20:36.080,-117.8525,36.0068333,13.93,4.33,"9km NNE of Little Lake, CA"
ci38457511,2019-07-06 03:19:53.040,-117.5993333,35.7695,8.0,7.1,Ridgecrest Earthquake Sequence
ci37257780,2019-07-06 03:17:13.500,-117.5608333,35.7453333,6.5,4.14,"14km W of Searles Valley, CA"
ci38457487,2019-07-06 03:16:32.480,-117.5535,35.7253333,0.88,4.97,"14km WSW of Searles Valley, CA"
ci38456615,2019-07-06 00:51:25.700,-117.5841667,35.7501667,6.6,3.67,"16km W of Searles Valley, CA"
ci38456351,2019-07-06 00:13:02.720,-117.5618333,35.7281667,3.13,3.5,"15km WSW of Searles Valley, CA"
ci38453279,2019-07-05 17:02:36.510,-117.5796667,35.6175,10.83,3.84,"9km E of Ridgecrest, CA"
ci38452095,2019-07-05 14:39:33.450,-117.5666667,35.7421667,2.89,3.94,"15km W of Searles Valley, CA"
ci38451239,2019-07-05 12:55:04.830,-117.5643333,35.7515,7.35,3.65,"15km W of Searles Valley, CA"
ci38451079,2019-07-05 12:38:30.020,-117.5706667,35.7716667,6.82,4.09,"15km W of Searles Valley, CA"
ci37260284,2019-07-05 11:08:40.190,-117.5715,35.7575,7.02,3.75,"15km W of Searles Valley, CA"
ci38450263,2019-07-05 11:07:53.040,-117.575,35.7603333,6.95,5.37,"16km W of Searles Valley, CA"
ci38450223,2019-07-05 10:59:38.920,-117.5901667,35.602,2.82,3.54,"8km ESE of Ridgecrest, CA"
ci38449719,2019-07-05 09:46:29.080,-117.5481667,35.6496667,2.3,3.62,"12km ENE of Ridgecrest, CA"
ci38448791,2019-07-05 07:27:37.110,-117.5631667,35.7503333,6.89,3.72,"14km W of Searles Valley, CA"
ci38448295,2019-07-05 06:09:23.110,-117.5716667,35.6228333,7.25,3.65,"9km E of Ridgecrest, CA"
ci38447623,2019-07-05 04:14:45.300,-117.481,35.6993333,1.16,3.56,"10km SW of Searles Valley, CA"
ci38447591,2019-07-05 04:11:38.570,-117.5545,35.722,2.02,3.53,"14km WSW of Searles Valley, CA"
ci38446647,2019-07-05 02:01:59.010,-117.5461667,35.6401667,11.3,3.98,"12km E of Ridgecrest, CA"
ci38446159,2019-07-05 00:45:39.460,-117.5083333,35.6946667,6.22,3.85,"12km SW of Searles Valley, CA"
ci38446071,2019-07-05 00:32:06.670,-117.4828333,35.7033333,1.0,4.02,"10km SW of Searles Valley, CA"
ci38445975,2019-07-05 00:18:01.410,-117.6178333,35.7718333,2.59,4.04,"18km NNE of Ridgecrest, CA"
ci38445751,2019-07-04 23:42:33.830,-117.5678333,35.7478333,4.36,3.72,"15km W of Searles Valley, CA"
ci38445703,2019-07-04 23:34:02.380,-117.6106667,35.6011667,4.75,4.04,"6km ESE of Ridgecrest, CA"
ci37420973,2019-07-04 23:34:00.630,-117.5245,35.6623333,2.61,3.82,"14km ENE of Ridgecrest, CA"
ci38445495,2019-07-04 23:12:40.400,-117.4713333,35.6731667,9.01,3.53,"12km SSW of Searles Valley, CA"
ci38445087,2019-07-04 22:12:08.490,-117.5636667,35.7463333,5.76,4.43,"15km W of Searles Valley, CA"
ci37225444,2019-07-04 22:05:22.270,-117.477,35.7115,1.32,3.56,"9km SW of Searles Valley, CA"
ci38444215,2019-07-04 20:14:50.340,-117.5125,35.6991667,5.75,3.99,"12km SW of Searles Valley, CA"
ci38444103,2019-07-04 19:56:00.500,-117.524,35.6623333,1.49,4.16,"14km ENE of Ridgecrest, CA"
ci38443871,2019-07-04 19:21:32.090,-117.4788333,35.6715,5.16,4.5,"13km SSW of Searles Valley, CA"
ci37420717,2019-07-04 18:56:22.030,-117.5541667,35.7086667,1.16,4.21,"15km NE of Ridgecrest, CA"
ci38443719,2019-07-04 18:56:06.420,-117.56,35.716,1.92,4.58,"15km NE of Ridgecrest, CA"
ci38443703,2019-07-04 18:54:13.990,-117.5996667,35.5975,5.33,4.07,"7km ESE of Ridgecrest, CA"
ci38443671,2019-07-04 18:50:15.910,-117.4961667,35.682,1.26,3.7,"13km SW of Searles Valley, CA"
ci37421213,2019-07-04 18:47:22.600,-117.472,35.6755,10.27,4.02,"12km SSW of Searles Valley, CA"
ci38443647,2019-07-04 18:47:06.590,-117.4853333,35.6758333,8.53,4.34,"13km SW of Searles Valley, CA"
ci38443607,2019-07-04 18:39:44.440,-117.597,35.6013333,2.81,4.59,"7km ESE of Ridgecrest, CA"
ci38443543,2019-07-04 18:28:43.640,-117.5656667,35.6661667,7.14,3.75,"11km ENE of Ridgecrest, CA"
ci38443535,2019-07-04 18:27:59.440,-117.5521667,35.745,6.64,4.23,"14km W of Searles Valley, CA"
ci38443439,2019-07-04 18:13:51.400,-117.485,35.7081667,6.44,3.5,"10km SW of Searles Valley, CA"
ci37223308,2019-07-04 18:08:45.070,-117.4768333,35.7108333,1.17,3.55,"9km SW of Searles Valley, CA"
ci38443391,2019-07-04 18:07:09.270,-117.6101667,35.5991667,2.12,3.51,"6km ESE of Ridgecrest, CA"
ci38443383,2019-07-04 18:06:16.110,-117.523,35.6606667,2.14,3.79,"14km ENE of Ridgecrest, CA"
ci37422005,2019-07-04 18:01:23.180,-117.5085,35.6876667,1.26,3.53,"13km SW of Searles Valley, CA"
ci38443279,2019-07-04 17:47:17.810,-117.5465,35.7455,7.11,3.5,"13km W of Searles Valley, CA"
ci38443255,2019-07-04 17:44:32.820,-117.5071667,35.6875,1.54,3.86,"13km SW of Searles Valley, CA"
us70004a0z,2019-07-04 17:43:29.200,-117.5488,35.6783,5.15,3.6,"12 km ENE of Ridgecrest, California"
ci37222508,2019-07-04 17:40:34.900,-117.5018333,35.6948333,2.04,3.54,"12km SW of Searles Valley, CA"
ci38443231,2019-07-04 17:40:18.520,-117.5101667,35.707,8.66,4.13,"12km SW of Searles Valley, CA"
ci38443223,2019-07-04 17:40:02.250,-117.5708333,35.7253333,6.63,3.8,"15km NE of Ridgecrest, CA"
ci38443215,2019-07-04 17:39:35.360,-117.4931667,35.6876667,10.96,3.69,"12km SW of Searles Valley, CA"
ci37222396,2019-07-04 17:38:47.760,-117.596,35.6235,8.55,3.5,"7km E of Ridgecrest, CA"
us70004a0n,2019-07-04 17:38:47.500,-117.5782,35.6215,9.7,3.5,"8 km E of Ridgecrest, California"
ci37421941,2019-07-04 17:38:21.450,-117.476,35.714,1.74,3.73,"9km SW of Searles Valley, CA"
ci38443199,2019-07-04 17:37:55.500,-117.5516667,35.7456667,8.29,3.86,"14km W of Searles Valley, CA"
ci37218996,2019-07-04 17:37:25.640,-117.4575,35.6758333,15.82,4.01,"11km SSW of Searles Valley, CA"
ci37222364,2019-07-04 17:37:14.850,-117.516,35.6655,1.64,3.97,"15km SW of Searles Valley, CA"
ci37222372,2019-07-04 17:37:01.140,-117.4773333,35.7105,1.57,3.66,"9km SW of Searles Valley, CA"
ci37255980,2019-07-04 17:36:04.360,-117.5741667,35.7341667,6.41,3.94,"16km NE of Ridgecrest, CA"
ci37218988,2019-07-04 17:35:52.170,-117.5061667,35.687,1.6,4.28,"13km SW of Searles Valley, CA"
ci37222356,2019-07-04 17:35:46.340,-117.437,35.6936667,7.65,3.63,"9km SSW of Searles Valley, CA"
ci37255940,2019-07-04 17:35:17.430,-117.474,35.6886667,6.48,3.93,"11km SW of Searles Valley, CA"
ci38443191,2019-07-04 17:35:01.660,-117.5671667,35.644,4.64,4.49,"10km ENE of Ridgecrest, CA"
ci38443183,2019-07-04 17:33:49.000,-117.5038333,35.7053333,10.5,6.4,Ridgecrest Earthquake Sequence
ci38443095,2019-07-04 17:02:55.340,-117.5036667,35.7081667,10.6,3.98,"11km SW of Searles Valley, CA"
nn00688850,2019-06-30 23:43:36.868,-114.3137,37.7874,3.1,4.2,"6 km E of Panaca, Nevada"
nc73201181,2019-06-23 03:53:02.890,-124.3003333,40.2735,9.44,5.58,"6km SSW of Petrolia, CA"
ci38639240,2019-06-13 00:07:33.670,-119.0398333,34.0736667,18.46,3.74,"16km S of Camarillo, CA"
nc73195396,2019-06-11 07:46:25.470,-122.8233333,38.8136667,1.97,4.07,"7km NW of The Geysers, CA"
nn00687315,2019-06-11 07:24:20.720,-116.6956,37.4696,15.9,4.1,"54 km ESE of Goldfield, Nevada"
nn00687042,2019-06-07 04:49:46.740,-119.7235,39.2579,10.9,3.7,"8 km SW of Virginia City, Nevada"
ci38624424,2019-06-05 14:32:09.580,-118.5031667,32.8376667,8.4,4.3,"15km W of San Clemente Is. (SE tip), CA"
ci38624056,2019-06-05 10:47:18.800,-118.4828333,32.8228333,8.38,4.28,"13km W of San Clemente Is. (SE tip), CA"
nc73192136,2019-06-04 01:44:21.280,-122.7973333,38.8336667,2.86,3.88,"7km WNW of Cobb, CA"
nn00686517,2019-06-02 01:52:35.288,-115.0111,37.2167,2.2,3.5,"21 km SE of Alamo, Nevada"
nn00685593,2019-05-23 09:53:48.233,-116.6339,38.396,14.8,4.2,"63 km NE of Tonopah, Nevada"
nc73184841,2019-05-21 17:19:52.890,-123.9636667,40.6948333,21.45,3.78,"16km ESE of Pine Hills, CA"
nn00684475,2019-05-10 12:58:56.637,-118.1793,38.3584,11.1,3.6,"7 km WSW of Mina, Nevada"
nn00684210,2019-05-07 04:58:38.613,-117.4933,39.7889,5.2,3.9,"48 km NW of Austin, Nevada"
nn00683728,2019-05-01 19:30:20.515,-118.4123,37.9968,10.6,3.9,"20 km NNE of Benton, California"
nn00683604,2019-04-30 06:02:56.995,-117.4548,39.7127,6.4,3.5,"41 km NW of Austin, Nevada"
nc73174010,2019-04-29 17:37:01.330,-118.3635,37.4186667,7.25,3.8,"6km NE of Dixon Lane-Meadow Creek, CA"
nc73173775,2019-04-29 07:16:08.430,-123.238,39.3456667,6.25,4.32,"9km NNW of Redwood Valley, CA"
nn00683467,2019-04-28 21:56:49.435,-117.4778,39.7909,3.8,4.1,Nevada
nn00683441,2019-04-28 17:10:40.277,-117.4572,39.7957,4.8,3.5,"47 km NW of Austin, Nevada"
nn00683435,2019-04-28 17:03:16.906,-117.4942,39.7969,4.0,4.0,"49 km NW of Austin, Nevada"
ci38327303,2019-04-23 03:24:03.130,-115.5113333,32.9038333,17.01,3.73,"8km NE of Imperial, CA"
nc73170140,2019-04-22 05:45:09.840,-121.2125,36.6018333,8.62,3.59,"10km NW of Pinnacles, CA"
nc73166830,2019-04-15 17:55:57.970,-118.5381667,37.3823333,9.35,3.88,"6km SE of Round Valley, CA"
nc73166265,2019-04-15 11:54:03.180,-122.7991667,38.8148333,1.24,4.12,"6km NW of The Geysers, CA"
nc73161470,2019-04-05 17:52:32.570,-120.4126667,35.861,8.41,3.5,"4km SSE of Parkfield, CA"
ci37603458,2019-04-03 12:06:22.980,-117.7276667,33.866,4.75,3.61,"8km ESE of Yorba Linda, CA"
nn00681228,2019-04-01 14:43:27.510,-118.9044,39.0343,5.9,3.6,"12 km NW of Schurz, Nevada"
nn00680466,2019-03-20 14:51:55.438,-117.5608,40.6533,7.7,3.5,"33 km S of Golconda, Nevada"
nc73143141,2019-02-17 09:55:24.160,-122.3983333,38.3515,7.99,3.7,"6km SSW of Yountville, CA"
ci37523530,2019-02-07 16:41:24.540,-116.2861667,34.704,1.56,3.97,"12km W of Ludlow, CA"
nc73138600,2019-02-06 18:23:01.570,-123.8395,40.8465,25.83,4.39,"13km ESE of Blue Lake, CA"
ci38211175,2019-01-30 02:40:12.280,-116.8918333,34.4076667,1.86,3.56,"8km ESE of Lucerne Valley, CA"
nn00675571,2019-01-25 20:31:58.652,-115.8295,38.3846,4.7,3.8,"82 km N of Rachel, Nevada"
ci38199831,2019-01-22 08:24:44.460,-115.5156667,32.9485,14.1,3.58,"4km SSE of Brawley, CA"
ci38194967,2019-01-17 02:41:34.880,-115.6076667,33.1818333,2.85,3.9,"10km SW of Niland, CA"
ci38401064,2018-12-20 20:18:22.940,-116.799,33.4813333,4.07,3.52,"8km NE of Aguanga, CA"
nn00670931,2018-12-20 13:24:02.129,-119.729,39.1129,8.1,3.6,"5 km ENE of Indian Hills, Nevada"
ci38164815,2018-12-17 02:52:01.740,-116.7345,35.9568333,-0.34,3.62,"42km W of Shoshone, CA"
ci38386992,2018-12-05 22:10:06.190,-117.0745,35.7286667,1.68,3.73,"28km E of Trona, CA"
ci38386960,2018-12-05 21:40:16.620,-117.0776667,35.7303333,0.84,4.2,"28km E of Trona, CA"
ci38148759,2018-11-29 13:48:53.480,-115.9866667,33.014,10.64,3.91,"20km SE of Ocotillo Wells, CA"
nc73116386,2018-11-27 13:07:12.830,-120.1881667,36.0735,10.8,4.0,"9km NW of Avenal, CA"
nc73109341,2018-11-10 19:56:02.860,-122.2285,38.061,8.84,3.53,"2km NW of Crockett, CA"
nc73109006,2018-11-09 20:31:48.410,-123.2875,39.4251667,5.55,3.79,"6km ENE of Willits, CA"
ci38355456,2018-11-09 14:58:09.270,-116.8048333,33.4853333,1.43,3.78,"7km NE of Aguanga, CA"
ci38355352,2018-11-09 14:45:50.680,-116.8021667,33.4835,2.05,3.7,"7km NE of Aguanga, CA"
nc73105346,2018-11-02 15:27:03.690,-121.303,36.6763333,5.27,3.55,"13km S of Tres Pinos, CA"
nc73105296,2018-11-02 13:22:45.940,-121.3055,36.6793333,2.61,3.56,"12km S of Tres Pinos, CA"
nc73105276,2018-11-02 12:58:54.230,-121.3146667,36.6801667,6.48,4.11,"12km S of Tres Pinos, CA"
ci37403594,2018-10-24 21:28:02.960,-117.9796667,36.6015,10.56,3.59,"8km ENE of Lone Pine, CA"
nc73093981,2018-10-05 13:29:37.550,-121.3536667,36.7533333,11.42,3.83,"5km SW of Tres Pinos, CA"
ci37374890,2018-09-30 14:41:29.510,-117.0178333,34.002,16.33,3.61,"4km ENE of Calimesa, CA"
nc73078885,2018-09-01 15:45:06.620,-122.8115,38.8263333,1.59,3.76,"7km NW of The Geysers, CA"
nc73078235,2018-08-30 22:08:09.700,-120.1093333,39.2371667,2.09,3.75,"5km W of Tahoe Vista, CA"
ci38038071,2018-08-29 02:33:28.330,-117.7746667,34.1363333,5.46,4.38,"4km N of La Verne, CA"
ci38245496,2018-08-15 01:24:26.310,-116.8033333,33.4771667,1.89,4.41,"7km NE of Aguanga, CA"
nc73061391,2018-07-30 22:22:53.470,-122.4096667,38.0828333,11.95,3.66,"10km ESE of Black Point-Green Point, CA"
ci37277082,2018-07-10 11:08:37.420,-117.5846667,34.0108333,4.31,3.57,"6km SE of Ontario, CA"
ci37275802,2018-07-07 15:37:03.560,-116.2788333,34.8028333,3.14,3.55,"14km NW of Ludlow, CA"
nn00642964,2018-07-05 15:17:36.947,-115.7758,35.8945,8.6,4.5,"15 km WNW of Sandy Valley, Nevada"
ci38199368,2018-06-17 18:34:58.810,-115.6273333,33.1351667,5.15,3.63,"11km W of Calipatria, CA"
nc73027396,2018-06-08 17:23:52.770,-123.2333333,39.2758333,5.45,3.72,"3km WNW of Redwood Valley, CA"
ci37952751,2018-05-30 19:22:05.300,-116.3225,33.9241667,8.74,3.77,"13km NNE of Thousand Palms, CA"
ci38172104,2018-05-13 12:05:47.300,-115.9193333,33.056,1.51,3.52,"22km ESE of Ocotillo Wells, CA"
ci37186460,2018-05-13 00:35:03.450,-115.9205,33.0406667,2.66,3.69,"23km ESE of Ocotillo Wells, CA"
nc73014276,2018-05-10 02:58:30.910,-122.7971667,38.81,1.89,4.19,"5km NW of The Geysers, CA"
ci38167848,2018-05-08 11:49:34.020,-116.7798333,34.016,12.89,4.49,"11km N of Cabazon, CA"
ci38161520,2018-05-01 11:22:22.130,-118.439,32.7871667,8.42,3.74,"10km WSW of San Clemente Is. (SE tip), CA"
ci37924223,2018-04-26 01:36:00.560,-116.2983333,33.3796667,13.95,3.94,"16km NNE of Borrego Springs, CA"
ci37920791,2018-04-23 00:46:08.900,-116.3216667,33.921,8.25,3.87,"13km NNE of Thousand Palms, CA"
nc73002966,2018-04-22 16:04:16.550,-118.5535,37.475,13.55,3.6,"8km NNE of Round Valley, CA"
nc73000196,2018-04-16 16:39:26.470,-121.773,37.4346667,9.31,3.82,"9km NNE of Alum Rock, CA"
ci38149752,2018-04-16 16:36:48.880,-119.0423333,35.0435,7.73,3.78,"15km NW of Grapevine, CA"
ci38148312,2018-04-13 15:24:46.040,-118.5445,35.392,4.77,3.69,"22km SSW of Bodfish, CA"
ci37908735,2018-04-05 19:29:16.220,-119.734,33.8198333,9.82,5.29,"31km SW of Santa Cruz Is. (E end), CA"
nc72988726,2018-03-22 16:24:49.560,-124.3891667,40.7513333,24.52,4.42,"17km W of Humboldt Hill, CA"
ci37892055,2018-03-11 12:45:22.130,-116.0291667,33.1778333,8.9,3.56,"10km ENE of Ocotillo Wells, CA"
ci37889959,2018-03-07 18:05:00.420,-120.0265,35.4871667,7.99,3.69,"15km N of Simmler, CA"
ci38116288,2018-02-26 18:44:41.990,-116.5036667,33.4825,12.59,3.66,"18km ESE of Anza, CA"
nc72975536,2018-02-24 21:02:19.160,-117.907,37.338,6.1,3.51,"8km ESE of Deep Springs, CA"
nc72974766,2018-02-23 20:19:39.660,-121.9845,37.8263333,6.16,3.51,"2km ENE of Danville, CA"
ci38106152,2018-02-11 09:02:30.140,-117.3418333,33.6528333,3.71,3.52,"2km N of Lakeland Village, CA"
ci38092312,2018-01-25 10:09:56.810,-117.4911667,33.741,11.15,3.97,"12km NE of Trabuco Canyon, CA"
nc72957816,2018-01-24 06:02:33.030,-121.661,36.9373333,7.1,3.6,"6km NNW of Aromas, CA"
nc72955520,2018-01-18 05:55:11.950,-122.7433333,38.785,1.81,4.22,"1km NE of The Geysers, CA"
ci38087400,2018-01-14 19:56:11.650,-116.0733333,34.8168333,3.75,3.71,"13km NE of Ludlow, CA"
ci38086512,2018-01-13 06:26:58.400,-116.0738333,33.1141667,11.53,3.59,"6km ESE of Ocotillo Wells, CA"
ci37848263,2018-01-07 01:31:11.150,-120.0015,34.42,2.26,3.78,"13km W of Isla Vista, CA"
nc72948801,2018-01-04 10:39:37.730,-122.2568333,37.8551667,12.31,4.38,"2km SE of Berkeley, CA"
nc72946846,2017-12-31 19:49:06.270,-123.39,40.4846667,30.44,3.76,"19km WSW of Hayfork, CA"
nc72944701,2017-12-27 06:32:09.060,-121.7468333,37.3965,10.55,3.9,"8km ENE of Alum Rock, CA"
nc72939656,2017-12-14 04:57:18.580,-123.6458333,39.6076667,7.04,4.26,"17km WSW of Laytonville, CA"
nc72937211,2017-12-09 02:27:47.510,-118.8065,37.5501667,3.53,3.52,"11km W of Toms Place, CA"
nc72937001,2017-12-08 22:19:17.110,-118.8103333,37.5473333,2.84,3.78,"12km W of Toms Place, CA"
nc72936861,2017-12-08 17:06:26.730,-118.8155,37.5513333,2.91,3.66,"12km W of Toms Place, CA"
ci37824735,2017-12-07 10:32:47.160,-116.4781667,33.147,10.99,3.53,"14km ENE of Julian, CA"
ci37824367,2017-12-07 03:57:38.180,-116.4795,33.1501667,11.38,3.57,"14km NE of Julian, CA"
ci37824087,2017-12-07 00:33:15.330,-116.4791667,33.1478333,11.14,3.96,"14km NE of Julian, CA"
nc72924455,2017-11-15 01:23:53.150,-121.2378333,36.6271667,5.5,3.76,"19 km SSE of Tres Pinos, California"
nc72923380,2017-11-13 19:31:29.050,-121.2443333,36.6305,6.31,4.58,"18 km SSE of Tres Pinos, California"
ci37808311,2017-11-10 00:23:30.180,-116.4666667,33.462,7.44,3.52,"22km ESE of Anza, CA"
ci38031656,2017-10-26 23:18:28.670,-118.1836667,33.4618333,10.7,3.71,"19km NE of Avalon, CA"
ci38031584,2017-10-26 20:38:51.340,-120.6785,34.4213333,4.35,4.33,"32km SW of Lompoc, CA"
ci38030504,2017-10-24 07:00:51.690,-118.7178333,33.1591667,4.85,3.9,"18km NW of San Clemente Is. (NW tip), CA"
nc72908631,2017-10-13 23:10:32.130,-123.2341667,39.2846667,1.39,3.94,"3 km NW of Redwood Valley, California"
nn00608832,2017-10-11 03:01:25.872,-118.5809,41.982,11.1,3.5,"4 km E of Denio, Nevada"
nc72906781,2017-10-10 00:53:18.270,-121.672,37.3135,9.69,4.09,"14 km ESE of East Foothills, California"
nn00608431,2017-10-08 01:10:45.592,-119.6568,41.8912,13.8,3.5,"41 km E of Fort Bidwell, California"
nn00607053,2017-09-26 08:40:06.317,-118.8962,38.3639,6.2,3.5,"29 km SW of Hawthorne, Nevada"
nc72895806,2017-09-20 17:10:08.630,-121.9836667,40.8913333,16.86,3.65,"7 km NW of Montgomery Creek, California"
ci38006496,2017-09-19 18:45:43.780,-117.7698333,36.0193333,1.78,3.65,"15km NE of Little Lake, CA"
ci37766535,2017-09-19 06:20:44.370,-118.4756667,34.0866667,10.48,3.61,"5km NW of Westwood, CA"
nc72882765,2017-08-31 15:59:16.280,-122.7033333,38.621,6.67,3.52,"11 km WNW of Calistoga, California"
nc72876100,2017-08-24 12:54:32.120,-122.7795,38.7975,1.11,3.5,"5 km WSW of Cobb, California"
ci37980632,2017-08-22 19:51:59.450,-116.9223333,35.9043333,6.14,4.12,"44km ENE of Trona, CA"
nc72867086,2017-08-12 03:00:10.260,-118.9173333,38.0601667,9.18,3.95,"20 km E of Mono City, California"
nn00599112,2017-08-03 21:25:01.635,-119.9854,40.4066,11.8,3.5,"31 km NNE of Herlong, California"
ci37713463,2017-07-26 19:43:57.700,-115.6463333,33.1646667,3.28,3.6,"13km WNW of Calipatria, CA"
nn00596256,2017-07-17 09:27:04.956,-115.9092,36.7304,6.8,4.1,"27 km NW of Indian Springs, Nevada"
nc72832766,2017-07-10 01:44:12.770,-123.2913333,40.62,34.83,3.74,"11 km NW of Hayfork, California"
nc72832131,2017-07-09 09:12:05.040,-118.9543333,37.5083333,0.87,3.88,"15 km S of Mammoth Lakes, California"
nc72824376,2017-06-30 19:34:38.820,-118.9595,37.5135,-0.19,3.53,"15 km S of Mammoth Lakes, California"
nc72822096,2017-06-27 09:09:21.860,-120.3343333,39.4696667,-1.43,3.95,"13 km SSE of Sierraville, California"
nc72822076,2017-06-27 09:02:02.720,-120.3388333,39.4675,-1.58,3.73,"13 km S of Sierraville, California"
ci37917624,2017-06-25 13:53:24.760,-116.9018333,34.001,13.94,3.53,"9km NNW of Banning, CA"
nc72820761,2017-06-24 21:22:03.060,-124.2988333,40.2878333,9.14,4.03,near the coast of Northern California
nc72814101,2017-06-11 12:19:29.750,-124.1116667,41.0418333,22.86,3.53,"0 km WSW of Westhaven-Moonstone, California"
nn00591852,2017-06-10 04:31:06.552,-119.6331,38.792,10.7,3.5,"7 km S of Carter Springs, Nevada"
nn00591403,2017-06-06 22:45:25.164,-119.6332,38.7848,10.4,3.7,"8 km S of Carter Springs, Nevada"
ci37661159,2017-06-04 00:06:56.930,-117.7128333,35.3975,7.44,3.64,"8km WNW of Johannesburg, CA"
ci37654479,2017-05-25 15:42:51.500,-117.8455,36.1813333,2.5,3.71,"18km NNE of Coso Junction, CA"
ci37646983,2017-05-17 04:42:25.330,-120.0021667,34.4191667,2.25,4.06,"12 km W of Isla Vista, California"
ci37646015,2017-05-15 18:43:08.110,-116.743,34.2271667,0.57,3.58,"10 km ESE of Big Bear City, California"
nc72795911,2017-04-30 10:12:16.340,-122.7771667,38.7883333,2.76,3.98,"6 km SW of Cobb, California"
nc72795746,2017-04-30 01:29:19.710,-121.806,37.8251667,15.2,3.78,"8 km E of Blackhawk, California"
nc72789886,2017-04-17 20:31:45.180,-122.7223333,38.774,1.35,3.73,"5 km S of Cobb, California"
nc72788391,2017-04-13 22:21:02.320,-120.9975,36.4725,5.06,3.52,"27 km NE of Greenfield, California"
nn00584564,2017-04-08 04:40:13.992,-119.635,41.8708,10.5,3.5,"42 km E of Fort Bidwell, California"
nc72782971,2017-03-31 10:55:53.700,-121.6141667,36.8776667,6.2,4.0,"2 km ESE of Aromas, California"
ci37612991,2017-03-27 01:45:55.320,-118.723,36.1658333,11.36,3.56,"29km ENE of Porterville, CA"
ci37612599,2017-03-26 08:25:44.690,-116.0825,33.2191667,13.36,3.54,"10km NNE of Ocotillo Wells, CA"
ci37829080,2017-03-14 17:14:05.580,-116.0535,33.239,5.15,3.61,"11km SW of Salton City, CA"
ci37828544,2017-03-14 05:06:54.460,-117.2386667,34.0388333,17.64,3.61,"2km ESE of Loma Linda, CA"
nc72774671,2017-03-13 14:39:04.160,-120.0611667,35.8795,15.45,3.52,"15 km SSE of Avenal, California"
nc72771746,2017-03-08 17:20:23.530,-121.2558333,36.6355,7.16,3.72,"18 km SSE of Tres Pinos, California"
nc72769811,2017-03-02 20:23:45.020,-124.3951667,40.2905,8.17,3.85,"32 km SW of Scotia, California"
ci37816152,2017-03-01 20:18:39.150,-115.8621667,33.1341667,11.51,3.61,"20km SSE of Salton City, CA"
nc72768191,2017-02-26 14:58:40.100,-121.5756667,36.959,4.46,3.6,"5 km S of Gilroy, California"
nc72766046,2017-02-21 00:57:52.710,-122.7353333,38.7958333,1.32,4.16,"3 km SSW of Cobb, California"
nc72759410,2017-02-03 16:13:42.340,-123.6468333,40.2385,31.33,3.68,"7 km NNW of Alderpoint, California"
nc72756770,2017-01-27 19:08:29.710,-122.7561667,38.7935,2.69,3.89,"4 km SW of Cobb, California"
ci37572455,2017-01-23 04:22:52.290,-118.8998333,33.0018333,5.74,3.57,"28km W of San Clemente Is. (NW tip), CA"
nc72755195,2017-01-23 03:15:19.780,-121.1448333,36.5886667,8.17,3.5,"24 km NE of Soledad, California"
nn00574536,2017-01-18 08:04:32.288,-118.9266,38.4063,9.6,3.7,"29 km WSW of Hawthorne, Nevada"
nn00573716,2017-01-13 03:17:52.895,-118.897,38.4251,8.3,3.6,"26 km WSW of Hawthorne, Nevada"
nn00572034,2017-01-02 13:05:08.707,-118.9285,38.3889,7.8,3.6,"30 km ENE of Bridgeport, California"
nn00571967,2017-01-02 02:11:09.960,-118.4766,38.7012,10.1,3.8,"23 km NNE of Hawthorne, Nevada"
ci37775608,2016-12-31 23:25:27.120,-115.5388333,32.9748333,10.2,3.63,"1km WSW of Brawley, CA"
ci37775504,2016-12-31 23:06:56.130,-115.5458333,32.975,14.48,3.88,"2km WSW of Brawley, CA"
ci37775296,2016-12-31 22:41:26.530,-115.5483333,32.9745,9.7,3.74,"2km WSW of Brawley, CA"
nn00571047,2016-12-28 22:00:00.599,-118.9119,38.3993,9.4,3.7,"28 km WSW of Hawthorne, Nevada"
ci37772688,2016-12-28 17:56:59.830,-116.7071667,34.1513333,10.92,3.92,"16km NW of Morongo Valley, CA"
nn00571072,2016-12-28 16:28:21.906,-118.8833,38.3438,11.1,3.7,"30 km SW of Hawthorne, Nevada"
nn00570928,2016-12-28 14:40:12.205,-118.8221,38.2987,7.2,3.5,"30 km SW of Hawthorne, Nevada"
nn00570867,2016-12-28 12:31:54.922,-118.9123,38.4087,11.7,3.5,"28 km WSW of Hawthorne, Nevada"
nn00570860,2016-12-28 12:18:13.136,-118.9101,38.4091,12.9,3.9,"28 km WSW of Hawthorne, Nevada"
nn00570744,2016-12-28 09:13:47.243,-118.8957,38.3777,8.8,5.5,"28 km SW of Hawthorne, Nevada"
nn00570729,2016-12-28 08:57:20.062,-118.9092,38.3619,9.9,3.8,"30 km ENE of Bridgeport, California"
nn00570726,2016-12-28 08:48:58.820,-118.8923,38.3905,11.3,3.5,"27 km WSW of Hawthorne, Nevada"
nn00570713,2016-12-28 08:29:39.648,-118.9409,38.3716,6.6,3.7,"28 km ENE of Bridgeport, California"
nn00570711,2016-12-28 08:26:06.864,-118.8929,38.3897,11.1,3.8,"27 km WSW of Hawthorne, Nevada"
nn00570710,2016-12-28 08:22:12.208,-118.8972,38.3904,12.2,5.6,"28 km WSW of Hawthorne, Nevada"
nn00570709,2016-12-28 08:18:00.613,-118.8989,38.3755,11.3,5.6,"29 km SW of Hawthorne, Nevada"
ci37765816,2016-12-16 01:25:52.900,-116.1285,32.83,10.37,3.5,"16km NW of Ocotillo, CA"
nc72737985,2016-12-14 16:41:05.530,-122.8413333,38.8221667,1.48,5.01,"10 km W of Cobb, California"
nc72737765,2016-12-14 11:58:39.840,-120.805,35.5606667,4.59,3.95,"9 km W of Templeton, California"
nc72737010,2016-12-14 07:44:24.970,-118.9251667,37.6381667,6.11,3.99,"4 km ESE of Mammoth Lakes, California"
nc72733405,2016-12-05 18:33:15.480,-124.386,40.2785,22.1,4.35,"33 km SW of Scotia, California"
nn00568373,2016-12-04 07:40:16.934,-118.8113,39.0501,10.7,3.9,"11 km N of Schurz, Nevada"
nc72722235,2016-11-09 00:55:46.860,-121.007,36.4631667,6.5,3.6,"26 km NE of Greenfield, California"
nc72721105,2016-11-06 13:00:46.390,-123.6373333,39.6598333,-0.65,4.06,"13 km WSW of Laytonville, California"
nc72719830,2016-11-03 12:57:33.560,-123.6311667,39.6621667,-0.57,3.82,"13 km WSW of Laytonville, California"
nc72714296,2016-10-18 22:09:07.690,-121.3113333,36.713,7.59,3.55,"8 km S of Tres Pinos, California"
ci37713424,2016-10-08 22:43:49.150,-117.2521667,34.0075,14.11,3.74,"5km S of Loma Linda, CA"
nc72705776,2016-10-01 07:53:29.350,-120.36,36.2435,10.79,3.52,"11 km N of Coalinga, California"
ci37703504,2016-09-28 01:05:51.190,-115.7118333,33.2986667,7.03,3.64,"6km SSE of Bombay Beach, CA"
ci37701632,2016-09-27 03:36:15.240,-115.701,33.3058333,2.52,4.13,"6km SSE of Bombay Beach, CA"
ci37701544,2016-09-27 03:23:58.150,-115.7123333,33.2998333,4.84,4.33,"6km SSE of Bombay Beach, CA"
ci37700296,2016-09-26 14:31:08.040,-115.7136667,33.2976667,2.2,4.32,"6km SSE of Bombay Beach, CA"
nc72694726,2016-09-13 07:50:22.080,-122.1975,37.8046667,4.02,3.54,"3 km SE of Piedmont, California"
nc72686711,2016-08-28 21:20:52.090,-123.4078333,40.4365,35.62,4.49,"8 km ESE of Mad River, California"
nc72682391,2016-08-21 21:47:48.290,-118.8928333,37.6231667,1.96,3.53,"7 km ESE of Mammoth Lakes, California"
ci37449175,2016-08-18 03:39:54.830,-117.8653333,36.3993333,1.68,3.53,"18km NE of Olancha, CA"
nc72677741,2016-08-15 16:17:21.510,-121.338,36.7015,4.4,3.62,"9 km S of Tres Pinos, California"
nc72673090,2016-08-10 13:12:28.600,-122.7846667,39.9603333,8.04,3.84,"22 km WNW of Paskenta, California"
nc72672610,2016-08-10 02:57:17.510,-122.8018333,39.3293333,14.45,5.09,"20 km NNE of Upper Lake, California"
nc72670070,2016-08-04 04:58:32.600,-120.2153333,40.1506667,5.31,3.99,"5 km WNW of Patton Village, California"
nc72670060,2016-08-04 04:55:35.040,-120.2131667,40.1538333,6.87,4.48,"5 km WNW of Patton Village, California"
nc72669395,2016-08-02 11:31:04.390,-120.2295,40.1411667,8.95,3.74,"6 km W of Patton Village, California"
ci37644544,2016-07-31 16:21:05.830,-115.7605,32.9583333,3.2,4.03,"16km SW of Westmorland, CA"
nc72664436,2016-07-21 23:09:05.780,-123.8918333,40.7243333,26.24,4.81,"19km SSE of Blue Lake, CA"
nc71103759,2016-07-19 21:39:20.380,-121.3413333,36.697,4.24,3.93,"10 km S of Tres Pinos, California"
nc72663506,2016-07-19 21:38:38.910,-121.3296667,36.6925,5.87,4.22,"10 km S of Tres Pinos, California"
nc72662921,2016-07-18 09:27:25.020,-121.1981667,37.0295,2.02,3.68,"25 km WSW of Volta, California"
nc72662816,2016-07-18 05:53:31.160,-121.3251667,36.6898333,4.91,3.84,"11 km S of Tres Pinos, California"
nn00550904,2016-07-07 23:40:45.777,-118.7943,38.6516,9.1,4.5,"3 km W of Walker Lake, Nevada"
nn00550898,2016-07-07 23:14:40.556,-118.7984,38.6539,6.0,4.3,"3 km W of Walker Lake, Nevada"
ci37622848,2016-07-07 12:55:25.250,-115.5313333,32.909,12.79,3.76,"8km NNE of Imperial, CA"
ci37609552,2016-06-21 21:55:47.400,-115.5718333,32.9735,14.76,3.89,"4km W of Brawley, CA"
ci37389015,2016-06-16 17:02:02.530,-116.3785,34.0723333,2.43,3.53,"7km SE of Yucca Valley, CA"
nn00548135,2016-06-15 10:12:23.759,-117.8439,38.7212,12.5,3.5,"17 km SSE of Gabbs, Nevada"
ci37374711,2016-06-10 08:05:35.800,-116.405,33.4425,12.74,3.75,"21km N of Borrego Springs, CA"
ci37374687,2016-06-10 08:04:38.700,-116.4426667,33.4315,12.31,5.19,"20km NNW of Borrego Springs, CA"
nn00546432,2016-06-03 07:19:42.565,-115.8242,39.5895,0.0,4.0,"14 km NE of Eureka, Nevada"
nn00546271,2016-06-01 20:57:01.868,-119.6301,41.8765,10.6,3.6,"43 km E of Fort Bidwell, California"
nc72636855,2016-05-17 22:58:06.000,-120.5261667,35.9686667,7.83,3.5,"11 km NW of Parkfield, California"
nn00544458,2016-05-17 07:27:41.749,-119.6286,41.8977,10.1,3.5,"43 km E of Fort Bidwell, California"
nn00544078,2016-05-14 14:20:30.755,-119.4521,40.6519,8.8,3.9,"8 km W of Gerlach, Nevada"
nc72634195,2016-05-12 05:29:55.440,-122.8206667,38.8158333,2.7,3.83,"8 km W of Cobb, California"
nn00543343,2016-05-08 08:53:19.067,-119.2499,40.7593,8.3,3.6,"2 km WSW of Burning Man Earth, Nevada"
nn00543016,2016-05-05 23:11:45.008,-119.5093,40.6519,0.0,3.5,"13 km W of Gerlach, Nevada"
nc72619445,2016-04-08 12:58:31.010,-122.8495,38.8263333,1.74,3.77,"10 km W of Cobb, California"
ci37328079,2016-04-06 11:44:20.180,-119.2903333,34.0788333,19.59,3.51,"12km SW of Port Hueneme, CA"
nn00537328,2016-03-24 02:14:21.472,-119.6056,41.9048,8.1,3.5,"45 km E of Fort Bidwell, California"
nn00536804,2016-03-22 10:00:45.356,-118.7841,38.6555,10.9,4.1,"2 km WNW of Walker Lake, Nevada"
nn00536374,2016-03-21 07:37:10.535,-118.3662,38.4792,9.9,4.3,"23 km ESE of Hawthorne, Nevada"
nc72609210,2016-03-19 21:20:32.380,-122.758,38.8485,1.53,3.73,"4 km NW of Cobb, California"
ci37534768,2016-03-12 08:42:40.300,-119.0748333,34.5216667,19.3,4.13,"17km ENE of Ojai, CA"
nn00534010,2016-03-03 02:57:19.443,-119.6246,41.8535,12.9,3.5,"43 km E of Fort Bidwell, California"
ci37528064,2016-02-24 00:02:23.630,-119.3728333,35.5423333,22.14,4.87,"6km SSW of Wasco, CA"
ci37527664,2016-02-23 03:19:52.940,-116.2428333,34.6943333,2.35,4.1,"8km WSW of Ludlow, CA"
ci37526424,2016-02-20 06:13:20.330,-116.6288333,34.6098333,6.7,4.31,"36km ENE of Lucerne Valley, CA"
nc72592705,2016-02-16 23:27:31.020,-118.3998333,37.2023333,15.08,4.31,"8 km S of Wilkerson, California"
nc72592670,2016-02-16 23:04:26.910,-118.4035,37.2023333,15.06,4.77,"8 km S of Wilkerson, California"
ci37524376,2016-02-16 09:24:20.700,-116.8633333,34.3026667,3.14,3.87,"5km NNW of Big Bear City, CA"
nc72591580,2016-02-15 15:42:52.610,-118.8573333,37.5713333,5.0,3.74,"12 km W of Aspen Springs, California"
ci37521568,2016-02-08 06:20:42.400,-119.9733333,35.4643333,7.64,3.54,"13km N of Simmler, CA"
ci37520200,2016-02-04 07:20:58.120,-119.9756667,35.4606667,8.15,3.51,"12km N of Simmler, CA"
ci37299263,2016-01-24 15:32:16.360,-116.2391667,34.6971667,2.61,4.11,"8km WSW of Ludlow, CA"
ci37297743,2016-01-19 10:21:06.950,-116.2368333,34.692,2.37,3.65,"8km WSW of Ludlow, CA"
ci37295831,2016-01-14 04:23:58.850,-117.8098333,35.4056667,6.88,3.61,"16km WNW of Johannesburg, CA"
nc72574520,2016-01-07 08:29:28.830,-124.324,40.278,16.27,3.66,"29 km SW of Scotia, California"
nc72574495,2016-01-07 05:49:52.430,-124.3395,40.2731667,16.95,4.31,"30 km SW of Scotia, California"
ci37510616,2016-01-06 14:42:34.880,-116.8883333,33.9585,16.67,4.39,"4km NNW of Banning, CA"
nn00525194,2016-01-03 15:35:23.944,-119.6,41.8685,10.7,4.1,"45 km E of Fort Bidwell, California"
ci37507592,2015-12-30 01:53:45.550,-117.408,34.1876667,8.49,3.77,"4km S of Devore, CA"
ci37507576,2015-12-30 01:48:57.310,-117.4131667,34.191,6.98,4.4,"4km SSW of Devore, CA"
nn00524459,2015-12-29 13:23:33.913,-119.6072,41.8743,8.9,3.5,"45 km E of Fort Bidwell, California"
nn00524306,2015-12-28 15:10:30.588,-118.905,41.4562,17.7,4.1,"63 km SSW of Denio, Nevada"
ci37506472,2015-12-27 18:31:18.030,-117.2815,35.2143333,3.17,4.25,"37km ESE of Johannesburg, CA"
ci37506120,2015-12-26 11:55:16.430,-117.28,35.2115,2.61,3.78,"37km ESE of Johannesburg, CA"
ci37506064,2015-12-26 08:04:31.150,-117.2808333,35.2121667,3.14,3.74,"37km ESE of Johannesburg, CA"
nn00523923,2015-12-25 02:36:49.840,-119.602,41.8723,10.6,3.6,"45 km E of Fort Bidwell, California"
nn00523848,2015-12-24 20:30:38.087,-119.5937,41.8807,11.3,4.4,"46 km E of Fort Bidwell, California"
nc72571551,2015-12-24 19:14:46.450,-118.5123333,37.411,6.97,3.72,"2 km ESE of Mesa, California"
nn00523696,2015-12-23 06:46:07.342,-119.7845,39.4309,9.7,4.4,"11 km SSE of Reno, Nevada"
nn00523449,2015-12-21 08:47:35.122,-119.596,41.8745,9.6,3.5,"46 km E of Fort Bidwell, California"
ci37285815,2015-12-18 00:21:00.930,-115.7183333,33.2561667,3.33,3.6,"10km S of Bombay Beach, CA"
nn00521538,2015-12-06 11:13:27.887,-119.6317,41.8575,10.5,4.1,"43 km E of Fort Bidwell, California"
nn00519381,2015-11-19 01:50:17.403,-119.6231,41.8731,12.1,4.0,"43 km E of Fort Bidwell, California"
nn00519379,2015-11-19 01:40:02.547,-119.619,41.8696,12.9,4.2,"44 km E of Fort Bidwell, California"
nc72554936,2015-11-13 07:36:07.300,-121.2906667,36.776,8.62,3.51,"3 km ESE of Tres Pinos, California"
nn00517531,2015-11-03 13:01:06.872,-119.6328,41.8587,12.5,3.5,"43 km E of Fort Bidwell, California"
nn00517435,2015-11-02 23:22:43.325,-118.1683,37.9273,9.4,3.5,"29 km ENE of Benton, California"
nc72546355,2015-10-31 06:10:47.380,-121.935,39.6036667,21.05,3.53,"12 km WSW of Durham, California"
nn00516895,2015-10-29 16:47:40.216,-119.6002,41.9025,8.3,3.9,"45 km E of Fort Bidwell, California"
nc72540765,2015-10-19 23:21:17.680,-121.9635,37.7918333,7.4,3.6,"1 km NE of San Ramon, California"
nn00512709,2015-09-29 00:03:30.399,-119.6368,41.8542,11.9,4.2,"42 km E of Fort Bidwell, California"
nc72532161,2015-09-28 21:36:40.160,-122.9865,39.4435,7.991,3.91,"17 km NE of Potter Valley, California"
nn00512427,2015-09-27 02:44:00.617,-119.6123,41.8709,10.2,4.2,"44 km E of Fort Bidwell, California"
nn00511265,2015-09-18 20:11:48.663,-118.3649,38.4719,5.9,3.6,"23 km ESE of Hawthorne, Nevada"
ci37243591,2015-09-16 16:10:47.340,-116.858,34.1371667,9.55,4.0,"13km SSE of Big Bear Lake, CA"
nn00510518,2015-09-14 13:55:48.087,-119.6271,41.8594,9.7,4.7,"43 km E of Fort Bidwell, California"
nc72522031,2015-09-08 08:13:42.940,-120.1623333,41.9868333,7.097,3.52,"11 km E of New Pine Creek, California"
nn00509591,2015-09-08 02:21:31.118,-118.8018,38.6514,6.5,3.5,"4 km W of Walker Lake, Nevada"
nn00509589,2015-09-08 02:15:19.980,-118.8064,38.6488,6.2,4.4,"4 km W of Walker Lake, Nevada"
nc72515311,2015-08-29 08:13:14.110,-123.5968333,39.481,5.046,3.56,"16 km E of Cleone, California"
nc72511186,2015-08-23 17:41:18.670,-122.7436667,38.7843333,3.51,3.83,"4 km SSW of Cobb, California"
nc72510456,2015-08-22 13:34:48.830,-118.7878333,37.5975,4.76,3.71,"8 km NW of Aspen Springs, California"
nc72507396,2015-08-17 13:49:17.320,-122.2321667,37.8366667,4.69,4.01,"1 km N of Piedmont, California"
nn00506470,2015-08-14 06:32:17.728,-119.6241,41.8841,9.5,3.5,"43 km E of Fort Bidwell, California"
nn00506331,2015-08-13 11:31:07.857,-119.622,41.8856,10.3,4.2,"44 km E of Fort Bidwell, California"
nn00506293,2015-08-12 22:02:37.266,-119.1781,40.1305,6.6,3.5,"36 km NNE of Nixon, Nevada"
nn00504704,2015-08-01 18:42:18.577,-119.6351,41.9052,8.9,3.8,"43 km E of Fort Bidwell, California"
nn00503797,2015-07-27 07:00:30.094,-119.618,41.8799,8.4,3.6,"44 km E of Fort Bidwell, California"
nn00503760,2015-07-27 01:05:33.610,-119.6226,41.8875,10.7,4.5,"43 km E of Fort Bidwell, California"
ci37213455,2015-07-25 12:54:06.990,-117.445,34.092,5.079,3.81,"1km ESE of Fontana, CA"
nn00503084,2015-07-22 22:07:07.567,-119.6288,41.8878,7.8,4.0,"43 km E of Fort Bidwell, California"
nc72490826,2015-07-21 09:41:14.480,-121.974,37.5776667,8.37,3.98,"3 km NNE of Fremont, California"
nn00502003,2015-07-16 17:14:32.288,-119.63,41.8954,7.6,3.7,"43 km E of Fort Bidwell, California"
nn00501978,2015-07-16 09:45:34.128,-119.6366,41.8714,2.1,3.7,"42 km E of Fort Bidwell, California"
nn00501971,2015-07-16 05:51:30.423,-119.6478,41.8534,8.3,3.8,"41 km E of Fort Bidwell, California"
nn00501947,2015-07-16 01:57:26.295,-119.6373,41.9006,8.5,4.0,"42 km E of Fort Bidwell, California"
nn00501944,2015-07-16 01:52:11.994,-119.6367,41.8986,10.1,4.6,"42 km E of Fort Bidwell, California"
nc72483061,2015-07-10 03:29:49.160,-122.7903333,38.8081667,3.026,3.83,"6 km WSW of Cobb, California"
ci37200503,2015-07-07 18:46:27.850,-120.6366667,34.0953333,18.56,3.63,"26km WNW of San Miguel Is., CA"
ci37196663,2015-07-02 19:38:39.760,-115.5813333,32.981,11.76,3.57,"5km W of Brawley, CA"
ci37400032,2015-06-14 18:34:52.280,-117.599,35.7216667,8.887,3.63,"13km NNE of Ridgecrest, CA"
ci37396400,2015-06-09 21:58:41.530,-115.7006667,33.778,9.949,3.83,"29km WNW of Desert Center, CA"
ci37393496,2015-06-04 15:12:49.190,-118.4238333,35.4823333,3.958,3.52,"13km SSE of Bodfish, CA"
ci37392152,2015-06-02 01:31:11.550,-117.6888333,35.8595,3.067,3.51,"21km ESE of Little Lake, CA"
ci37390968,2015-05-31 13:02:56.460,-116.2816667,33.3135,12.769,3.59,"11km NE of Borrego Springs, CA"
ci37390168,2015-05-30 05:23:56.720,-116.1425,33.8766667,7.04,3.7,"19km NNE of Indio, CA"
nn00495847,2015-05-24 17:06:02.050,-116.0637,38.9762,0.0,3.6,"60 km S of Eureka, Nevada"
nn00495496,2015-05-22 19:41:22.383,-114.6519,37.309,5.9,3.5,"36 km SSW of Caliente, Nevada"
nn00495573,2015-05-22 19:05:23.910,-114.639,37.3138,9.6,3.8,"35 km SSW of Caliente, Nevada"
nn00495477,2015-05-22 18:47:42.980,-114.6546,37.2925,4.0,5.3,"37 km SSW of Caliente, Nevada"
nc72453246,2015-05-22 02:53:00.780,-122.2503333,38.4316667,12.83,4.09,"5 km WSW of Moskowite Corner, California"
ci37166079,2015-05-21 03:15:29.690,-115.6425,33.1621667,5.74,4.1,"13km WNW of Calipatria, CA"
nc72451856,2015-05-19 18:36:01.620,-120.8701667,36.6628333,-0.12,3.82,"38 km SSW of South Dos Palos, California"
ci37377816,2015-05-10 15:42:58.860,-119.0738333,35.0286667,1.27,3.82,"16km NW of Grapevine, CA"
nc72444186,2015-05-06 14:32:04.070,-122.0433333,37.9661667,12.12,3.51,"1 km SW of Concord, California"
ci37375632,2015-05-06 07:39:46.970,-116.9795,33.8128333,14.86,3.72,"4km NNW of San Jacinto, CA"
nn00492632,2015-05-04 11:56:42.373,-115.6756,39.0869,0.0,3.7,"53 km SSE of Eureka, Nevada"
nc72439615,2015-05-03 22:13:19.500,-122.0436667,37.9665,13.14,3.64,"1 km SW of Concord, California"
nn00492533,2015-05-03 14:56:15.280,-118.7299,38.4438,4.8,3.5,"12 km SW of Hawthorne, Nevada"
ci37374008,2015-05-03 11:07:18.080,-118.3613333,33.9936667,11.11,3.8,"1km W of View Park-Windsor Hills, CA"
nc72424876,2015-04-02 07:06:03.870,-121.9868333,37.792,9.89,3.61,"1 km NNW of San Ramon, California"
ci37352384,2015-03-30 09:21:56.690,-116.2611667,34.7911667,2.912,4.04,"12km NW of Ludlow, CA"
ci37350736,2015-03-27 15:36:57.470,-116.032,33.9298333,1.214,3.67,"24km S of Twentynine Palms, CA"
nc72418390,2015-03-27 13:30:14.330,-120.3528333,36.2271667,10.44,4.11,"9 km N of Coalinga, California"
ci37347128,2015-03-24 04:46:19.410,-118.58,35.2673333,9.957,3.56,"19km NW of Tehachapi, CA"
nc72412550,2015-03-17 05:36:47.730,-121.0621667,40.1705,5.102,3.79,"0 km E of Canyondam, California"
nn00485024,2015-02-28 10:41:36.738,-115.3789,38.9075,0.0,3.9,"27 km W of Preston, Nevada"
nn00484723,2015-02-26 19:17:48.408,-119.5679,41.9131,7.5,3.5,"48 km E of Fort Bidwell, California"
ci37103367,2015-02-26 01:18:37.470,-116.0285,33.9376667,3.176,3.67,"23km S of Twentynine Palms, CA"
nn00483074,2015-02-16 06:27:26.857,-119.6445,41.855,8.0,3.6,"42 km E of Fort Bidwell, California"
nn00482627,2015-02-14 02:28:56.228,-117.2618,37.1418,17.0,4.8,"51 km WNW of Beatty, Nevada"
nn00479814,2015-01-29 17:39:33.607,-119.6309,41.8948,9.4,3.6,"43 km E of Fort Bidwell, California"
nn00479760,2015-01-29 11:03:19.351,-119.6241,41.8797,9.4,4.2,"43 km E of Fort Bidwell, California"
nn00478560,2015-01-22 09:09:16.708,-119.6332,41.8833,11.7,4.5,"43 km E of Fort Bidwell, California"
nn00478518,2015-01-22 02:05:14.238,-119.6444,41.8996,11.5,3.9,"42 km E of Fort Bidwell, California"
nc72383481,2015-01-20 13:21:36.970,-120.971,36.4333333,9.39,4.43,"27 km ENE of Greenfield, California"
ci37306536,2015-01-18 13:23:43.010,-116.3316667,33.3383333,12.289,3.68,"10km NNE of Borrego Springs, CA"
nn00476837,2015-01-13 04:31:07.859,-119.6372,41.8694,7.6,3.6,"42 km E of Fort Bidwell, California"
nn00476835,2015-01-13 04:29:42.824,-119.6235,41.8791,9.4,3.8,"43 km E of Fort Bidwell, California"
nn00475453,2015-01-05 15:35:50.158,-119.641,41.8852,9.8,3.7,"42 km E of Fort Bidwell, California"
nn00475380,2015-01-05 01:47:21.986,-119.6366,41.8698,7.9,3.7,"42 km E of Fort Bidwell, California"
nn00475344,2015-01-04 20:08:14.199,-119.6389,41.8825,10.4,3.9,"42 km E of Fort Bidwell, California"
nn00481243,2015-01-04 09:56:43.113,-119.6294,41.8841,8.9,4.1,"43 km E of Fort Bidwell, California"
ci37301704,2015-01-04 03:18:09.480,-118.6301667,34.6173333,7.821,4.25,"14km N of Castaic, CA"
ci37300400,2014-12-30 23:26:17.690,-118.272,33.5856667,1.034,3.88,"17km S of San Pedro, CA"
nn00473581,2014-12-24 07:58:31.928,-119.6316,41.8605,9.4,3.6,"43 km E of Fort Bidwell, California"
ci37298680,2014-12-24 06:00:11.470,-115.6041667,33.1783333,1.137,3.56,"10km NW of Calipatria, CA"
ci37298672,2014-12-24 05:51:51.440,-115.6085,33.1851667,1.387,4.19,"10km SW of Niland, CA"
nn00473336,2014-12-23 01:42:00.445,-119.6518,41.8852,11.6,3.5,"41 km E of Fort Bidwell, California"
nn00471492,2014-12-11 00:06:30.020,-119.6388,41.8996,10.5,3.5,"42 km E of Fort Bidwell, California"
nn00471483,2014-12-10 22:46:20.160,-119.6304,41.897,10.1,3.5,"43 km E of Fort Bidwell, California"
nn00471401,2014-12-10 13:50:58.204,-119.6316,41.8773,8.8,4.1,"43 km E of Fort Bidwell, California"
nc72360741,2014-12-06 02:16:07.370,-121.5168333,36.7941667,6.43,3.92,"6 km SSE of San Juan Bautista, California"
ci37066415,2014-12-04 16:53:21.190,-116.6346667,33.9631667,14.651,3.56,"11km SSW of Morongo Valley, CA"
nn00486460,2014-12-04 05:24:52.034,-119.6445,41.8812,11.0,4.2,"42 km E of Fort Bidwell, California"
nn00469018,2014-11-22 06:41:11.625,-119.6147,41.894,8.2,3.5,"44 km E of Fort Bidwell, California"
nn00468854,2014-11-21 17:20:27.763,-119.6229,41.8518,11.4,4.0,"43 km E of Fort Bidwell, California"
nc72350156,2014-11-20 06:26:49.290,-121.5358333,36.806,6.23,4.23,"4 km S of San Juan Bautista, California"
nc72350151,2014-11-20 06:21:27.650,-121.5303333,36.8076667,5.608,3.64,"4 km S of San Juan Bautista, California"
nn00468331,2014-11-17 23:04:58.219,-119.6281,41.9238,0.0,3.5,"43 km E of Fort Bidwell, California"
nn00468207,2014-11-17 08:16:13.500,-119.6276,41.9278,1.6,4.0,"44 km E of Fort Bidwell, California"
nn00468002,2014-11-15 13:58:38.734,-119.6444,41.9241,0.3,3.8,"42 km E of Fort Bidwell, California"
nn00467793,2014-11-14 12:16:15.310,-119.6244,41.9365,0.0,3.6,"44 km E of Fort Bidwell, California"
nn00467620,2014-11-13 06:36:07.489,-119.6224,41.9009,0.0,4.6,"44 km E of Fort Bidwell, California"
nn00467446,2014-11-12 14:42:55.657,-119.6545,41.8812,1.6,4.1,"41 km E of Fort Bidwell, California"
nc72339590,2014-11-11 08:35:32.340,-121.4791667,40.4006667,4.22,3.85,"11 km ENE of Mineral, California"
nn00467103,2014-11-10 14:11:12.854,-119.6066,41.8628,2.3,3.5,"45 km E of Fort Bidwell, California"
ci37286720,2014-11-10 08:42:42.850,-118.6535,32.8666667,5.12,4.11,"19km SSW of San Clemente Is. (NW tip), CA"
nn00467065,2014-11-10 02:43:13.549,-119.6386,41.9171,0.0,3.6,"43 km E of Fort Bidwell, California"
nn00466998,2014-11-09 13:40:47.369,-119.6069,41.8718,0.0,3.6,"45 km E of Fort Bidwell, California"
nn00466769,2014-11-07 19:19:55.362,-119.6192,41.8911,0.0,3.5,"44 km E of Fort Bidwell, California"
nn00466648,2014-11-07 08:05:54.864,-119.6299,41.8805,0.0,4.7,"43 km E of Fort Bidwell, California"
nn00466637,2014-11-07 06:58:40.544,-119.6021,41.9137,0.0,4.1,"45 km E of Fort Bidwell, California"
nn00466488,2014-11-06 15:58:01.418,-119.625,41.9055,0.6,4.2,"43 km E of Fort Bidwell, California"
nn00466485,2014-11-06 15:41:29.852,-119.6581,41.9215,0.0,3.5,Nevada
nn00466465,2014-11-06 12:15:33.712,-119.6942,41.8624,0.0,3.7,"37 km E of Fort Bidwell, California"
nn00466441,2014-11-06 08:34:46.519,-119.6573,41.9061,5.2,4.7,"41 km E of Fort Bidwell, California"
nn00466439,2014-11-06 08:00:00.996,-119.6313,41.8884,4.4,3.7,"43 km E of Fort Bidwell, California"
nn00466436,2014-11-06 07:12:01.940,-119.6497,41.8906,0.1,3.6,"41 km E of Fort Bidwell, California"
nn00466401,2014-11-06 01:21:11.480,-119.6304,41.8799,0.0,3.7,"43 km E of Fort Bidwell, California"
nn00466400,2014-11-06 01:17:10.961,-119.6349,41.8649,0.7,3.5,"42 km E of Fort Bidwell, California"
nn00466391,2014-11-05 23:01:11.308,-119.61,41.8713,1.1,3.5,"44 km E of Fort Bidwell, California"
nn00466353,2014-11-05 20:06:13.641,-119.6088,41.8799,4.0,3.5,"45 km E of Fort Bidwell, California"
nn00466562,2014-11-05 17:53:23.455,-119.6295,41.8589,1.7,3.5,"43 km E of Fort Bidwell, California"
nn00466315,2014-11-05 15:18:26.782,-119.6155,41.886,0.7,4.1,"44 km E of Fort Bidwell, California"
nn00466305,2014-11-05 12:12:50.354,-119.6191,41.8823,1.6,3.6,"44 km E of Fort Bidwell, California"
nn00466291,2014-11-05 10:23:05.780,-119.5877,41.8972,7.8,3.7,"46 km E of Fort Bidwell, California"
nn00466275,2014-11-05 09:05:37.905,-119.6139,41.8886,0.0,3.5,"44 km E of Fort Bidwell, California"
nn00466248,2014-11-05 07:23:04.418,-119.6202,41.9078,0.1,4.6,"44 km E of Fort Bidwell, California"
nn00466240,2014-11-05 04:45:30.621,-119.6103,41.8852,0.6,3.5,"44 km E of Fort Bidwell, California"
nn00466104,2014-11-04 10:47:58.153,-119.613,41.8817,0.0,4.0,"44 km E of Fort Bidwell, California"
nn00466095,2014-11-04 06:20:24.676,-116.1623,38.8913,0.0,3.8,"71 km SSW of Eureka, Nevada"
nn00465678,2014-10-30 15:16:33.068,-119.6185,41.9104,0.0,4.1,"44 km E of Fort Bidwell, California"
uw60913376,2014-10-30 15:16:33.000,-119.618,41.91,5.0,3.9,"44 km E of Fort Bidwell, California"
nc72334886,2014-10-29 04:36:35.310,-122.7683333,38.8016667,1.236,3.59,"4 km WSW of Cobb, California"
ci37282264,2014-10-25 14:31:15.080,-118.0518333,36.1301667,-1.837,3.61,"13km NW of Coso Junction, CA"
nc72330211,2014-10-19 14:24:04.460,-124.3726667,40.2673333,22.329,4.24,"33 km SW of Scotia, California"
nc72325846,2014-10-13 00:20:54.600,-118.7855,37.4788333,4.725,3.54,"10 km SW of Aspen Springs, California"
nc72325816,2014-10-13 00:13:50.010,-118.7821667,37.4766667,5.608,3.6,"10 km SW of Aspen Springs, California"
ci37048183,2014-10-06 11:35:21.850,-117.5251667,35.6688333,8.11,3.68,"15km ENE of Ridgecrest, CA"
nn00462798,2014-10-05 10:11:26.428,-115.2915,35.8905,10.7,3.6,"14 km ENE of Goodsprings, Nevada"
nc72320511,2014-10-04 15:45:08.710,-123.4863333,39.3171667,3.403,3.93,"10 km ENE of Comptche, California"
nn00462360,2014-10-01 12:46:08.189,-119.6302,41.8974,0.0,3.8,"43 km E of Fort Bidwell, California"
nc72316031,2014-09-28 20:45:13.260,-120.8336667,36.6255,6.99,4.43,"40 km SSW of South Dos Palos, California"
nc71086539,2014-09-26 04:21:28.170,-118.8608333,37.6518333,4.166,3.53,"9 km E of Mammoth Lakes, California"
nc72307731,2014-09-26 04:21:19.400,-118.8513333,37.6516667,3.509,3.52,"10 km E of Mammoth Lakes, California"
nc72307491,2014-09-26 03:32:45.750,-118.8516667,37.6533333,3.959,3.54,"10 km E of Mammoth Lakes, California"
nn00459506,2014-09-15 04:20:35.253,-119.6323,41.87,1.3,3.5,"43 km E of Fort Bidwell, California"
nc72298936,2014-09-14 20:17:46.360,-123.1331667,39.7521667,7.079,3.55,"10 km ESE of Covelo, California"
nc72295271,2014-09-09 18:17:57.980,-121.3111667,36.6813333,5.848,3.58,"12 km S of Tres Pinos, California"
ci37265672,2014-09-08 04:18:56.740,-118.7825,34.518,13.591,3.64,"12km N of Piru, CA"
ci37264024,2014-09-03 02:38:35.880,-116.964,33.7988333,13.127,3.64,"2km NNW of San Jacinto, CA"
nn00457737,2014-08-29 08:46:58.442,-119.6311,41.8691,2.0,3.8,Nevada
nc71095504,2014-08-26 12:33:22.230,-122.2998333,38.1661667,10.405,3.73,"3 km WSW of American Canyon, California"
nc72284586,2014-08-26 12:33:16.840,-122.3008333,38.1785,12.577,3.9,"3 km W of American Canyon, California"
nc72283201,2014-08-24 12:47:12.550,-122.3425,38.2383333,8.439,3.6,Northern California
nc72282751,2014-08-24 10:24:44.240,-122.3373333,38.2598333,10.343,3.51,"6 km SW of Napa, California"
nc72282716,2014-08-24 10:21:45.440,-122.3198333,38.235,9.001,3.81,"7 km SSW of Napa, California"
nc71086369,2014-08-24 10:21:10.840,-122.7256667,38.7601667,0.18,3.8,"3km SE of The Geysers, CA"
nc72282711,2014-08-24 10:20:44.070,-122.3123333,38.2151667,11.12,6.02,"The 2014 South Napa, California Earthquake"
nc72281046,2014-08-21 04:33:49.630,-121.0131667,36.6868333,7.822,3.84,"29 km ESE of Tres Pinos, California"
nn00456414,2014-08-19 04:00:34.690,-119.6406,41.8677,0.0,3.6,"42 km E of Fort Bidwell, California"
ci37259096,2014-08-18 04:55:56.780,-116.8301667,34.3303333,5.943,3.67,"8km N of Big Bear City, CA"
ci15538561,2014-08-15 03:57:18.800,-116.4428333,34.3018333,8.737,3.8,"21km N of Yucca Valley, CA"
nn00455424,2014-08-10 10:40:03.202,-115.0832,37.3238,8.8,3.8,"8 km ESE of Alamo, Nevada"
ci15530681,2014-07-24 19:20:14.640,-116.268,32.9038333,8.053,3.52,"26km ENE of Pine Valley, CA"
ci15524177,2014-07-09 07:04:47.700,-116.9325,36.4343333,8.199,3.63,"7km WSW of Furnace Creek, CA"
ci15520985,2014-07-05 16:59:34.090,-117.0266667,34.2823333,7.25,4.58,"11km NE of Running Springs, CA"
ci37236856,2014-06-27 15:17:23.950,-118.4746667,35.3993333,2.6,3.78,"21km S of Bodfish, CA"
ci15510833,2014-06-11 09:38:05.720,-116.9156667,35.0025,1.441,3.62,"15km NE of Barstow, CA"
nc72231481,2014-06-03 08:53:42.700,-121.1121667,35.7345,3.917,3.5,"12 km NE of San Simeon, California"
ci15507801,2014-06-02 02:36:43.930,-118.4911667,34.0958333,4.25,4.16,"7km NW of Westwood, CA"
ci15507209,2014-05-31 02:59:29.320,-118.3695,33.5893333,8.329,3.8,"17km S of Rancho Palos Verdes, CA"
nc72229261,2014-05-30 07:48:33.120,-119.3641667,38.4065,9.1,4.02,"15 km SE of Walker, California"
ci15503377,2014-05-19 20:08:51.620,-116.8248333,34.2533333,5.531,3.84,"2km ESE of Big Bear City, CA"
nc72216275,2014-05-12 01:14:43.560,-121.1608333,40.2366667,5.505,3.67,"2 km SW of Lake Almanor Country Club, California"
ci37220384,2014-05-06 10:48:19.830,-118.3485,35.4496667,4.13,3.51,"20km SE of Bodfish, CA"
nn00444818,2014-04-26 00:12:09.733,-118.4423,38.573,7.8,3.8,"16 km ENE of Hawthorne, Nevada"
ci37214496,2014-04-19 12:15:13.010,-118.521,35.4663333,-0.828,4.24,"14km S of Bodfish, CA"
nc72193350,2014-04-04 04:04:54.970,-122.254,38.4493333,7.831,3.63,"5 km W of Moskowite Corner, California"
ci15483001,2014-03-29 21:32:45.930,-117.8923333,33.9613333,9.294,4.14,"2km SE of Rowland Heights, CA"
ci15481777,2014-03-29 04:30:51.990,-117.9313333,33.9161667,4.005,3.64,"2km SE of La Habra, CA"
ci15481673,2014-03-29 04:09:42.170,-117.9158333,33.9325,5.09,5.1,"2km NW of Brea, CA"
ci15481633,2014-03-29 03:03:39.790,-117.9341667,33.9253333,7.349,3.57,"1km ESE of La Habra, CA"
ci15476961,2014-03-17 13:25:36.870,-118.4861667,34.134,9.245,4.39,"3km SSE of Encino, CA"
ci15476409,2014-03-15 15:12:19.860,-118.6311667,34.6138333,7.898,3.92,"14km N of Castaic, CA"
ci15475329,2014-03-13 02:11:04.030,-118.055,36.1116667,-1.316,4.39,"12km NW of Coso Junction, CA"
ci15472217,2014-03-04 22:49:32.790,-117.2976667,35.961,5.567,3.78,"23km NNE of Trona, CA"
nc72176091,2014-02-27 18:52:30.020,-121.4993333,35.8651667,9.324,4.06,"37 km NW of San Simeon, California"
ci37189912,2014-02-20 00:34:41.600,-118.4901667,35.3081667,2.709,3.68,"20km N of Tehachapi, CA"
nc72157621,2014-02-06 19:42:21.030,-121.271,35.526,2.927,4.13,"14 km SSW of San Simeon, California"
ci11420690,2014-02-04 05:31:19.310,-119.1153333,35.0263333,11.768,3.59,"19km WNW of Grapevine, CA"
nn00437325,2014-01-24 04:40:17.370,-116.6075,40.625,9.2,3.8,"23 km N of Crescent Valley, Nevada"
nc72144240,2014-01-21 11:11:11.640,-122.8385,38.8393333,1.733,3.87,"10 km W of Cobb, California"
ci11414394,2014-01-16 07:40:06.110,-117.687,33.8293333,9.955,3.63,"12km E of Villa Park, CA"
ci11413954,2014-01-15 09:35:18.870,-117.4425,34.143,2.934,4.43,"5km NNE of Fontana, CA"
nn00434307,2014-01-14 06:10:22.871,-118.4446,38.57,8.7,3.8,"16 km ENE of Hawthorne, Nevada"
nc72141176,2014-01-12 20:24:46.740,-122.8161667,38.8135,1.9,4.53,"8 km W of Cobb, California"
nn00432876,2014-01-02 12:04:50.680,-118.1082,39.057,6.4,3.9,"26 km NW of Gabbs, Nevada"
ci11407682,2013-12-30 23:44:21.440,-116.7325,33.7001667,18.208,3.63,"5km SSW of Idyllwild, CA"
ci15447161,2013-12-23 13:39:26.300,-118.0648333,36.1405,0.873,4.3,"15km NW of Coso Junction, CA"
nn00431873,2013-12-21 23:02:27.499,-115.1412,37.7246,6.5,3.8,"15 km NNE of Hiko, Nevada"
nc72119970,2013-12-13 07:49:57.470,-119.8008333,35.8113333,21.746,4.08,"23 km NNW of Lost Hills, California"
nc72115885,2013-12-06 06:44:55.030,-122.3896667,38.6761667,9.628,3.65,Northern California
nc72113080,2013-12-02 10:05:21.790,-121.5356667,36.9395,7.83,3.65,"7 km SSE of Gilroy, California"
nn00427390,2013-10-25 11:29:18.835,-116.089,37.0586,5.9,3.6,"61 km ENE of Beatty, Nevada"
nc72092191,2013-10-21 17:04:10.680,-118.8251667,37.531,5.858,3.75,"10 km WSW of Aspen Springs, California"
ci11377978,2013-10-14 12:38:23.890,-115.676,33.2015,1.603,3.61,"15km WSW of Niland, CA"
nn00426200,2013-10-12 02:14:34.338,-115.3313,38.9244,9.3,3.8,"23 km W of Preston, Nevada"
ci11373818,2013-10-06 16:41:51.370,-116.2948333,34.7105,1.654,3.64,"12km W of Ludlow, CA"
ci11373458,2013-10-06 02:06:21.880,-116.2938333,34.7091667,0.846,4.28,"12km W of Ludlow, CA"
nc72080926,2013-10-04 14:42:06.340,-124.1651667,40.4473333,27.96,3.9,"6 km SW of Scotia, California"
ci11371586,2013-09-30 04:23:28.490,-115.9946667,32.8736667,9.189,3.71,"15km N of Ocotillo, CA"
ci11371154,2013-09-29 08:41:31.650,-116.2815,32.8986667,1.956,3.58,"25km ENE of Pine Valley, CA"
nc72076146,2013-09-24 21:36:34.240,-123.4071667,40.455,33.027,3.84,"8 km E of Mad River, California"
ci11366994,2013-09-20 06:10:43.370,-116.3905,33.3406667,12.836,3.8,"10km N of Borrego Springs, CA"
ci11366562,2013-09-19 12:06:33.520,-117.784,34.0816667,3.328,3.75,"3km SW of La Verne, CA"
ci11366538,2013-09-19 11:43:55.910,-117.785,34.0816667,2.618,3.68,"3km SW of La Verne, CA"
nn00423851,2013-09-16 14:12:31.404,-115.4705,37.5323,0.0,3.8,"22 km WSW of Hiko, Nevada"
nn00421825,2013-08-29 11:20:18.679,-115.5021,39.0807,0.0,3.8,"42 km WNW of Preston, Nevada"
nc72057971,2013-08-28 04:43:05.050,-122.7125,38.762,1.072,3.76,"6 km S of Cobb, California"
nn00421303,2013-08-27 00:51:43.827,-119.6841,39.6696,13.9,4.2,"3 km NE of Spanish Springs, Nevada"
ci15396897,2013-08-25 18:59:18.920,-118.2885,35.479,2.388,3.6,"22km ESE of Bodfish, CA"
ci15396881,2013-08-25 18:50:28.710,-118.2853333,35.4803333,1.159,4.19,"22km ESE of Bodfish, CA"
ci15396097,2013-08-24 01:16:30.990,-120.9566667,34.5666667,2.798,4.06,"45km WSW of Vandenberg Air Force Base, CA"
ci15395521,2013-08-22 13:29:23.270,-117.0886667,33.4323333,6.748,3.59,"8km N of Pala, CA"
nc72052151,2013-08-19 11:09:55.120,-121.028,40.16,-0.034,3.63,"4 km ESE of Canyondam, California"
ci11348882,2013-08-12 07:32:34.960,-117.776,36.0215,0.072,3.75,"15km NE of Little Lake, CA"
ci11347834,2013-08-10 14:10:08.970,-116.256,32.8796667,8.489,3.76,"26km ENE of Pine Valley, CA"
ci11347826,2013-08-10 14:09:18.250,-116.2553333,32.8771667,4.725,3.92,"26km ENE of Pine Valley, CA"
ci11344050,2013-08-04 05:30:55.140,-118.0661667,36.1403333,-1.523,3.91,"15km NW of Coso Junction, CA"
nc72042291,2013-08-03 02:25:49.930,-124.4018333,40.8081667,20.433,4.47,"18 km W of Samoa, California"
ci11339042,2013-07-24 16:46:02.630,-118.2875,35.486,5.54,4.29,"22km ESE of Bodfish, CA"
nc72028470,2013-07-18 01:16:10.240,-122.8185,38.8088333,1.12,3.5,"8 km W of Cobb, California"
nc72026710,2013-07-14 22:40:37.670,-122.7946667,38.8081667,2.716,3.7,"6 km WSW of Cobb, California"
nc72016695,2013-06-28 03:52:39.490,-121.4701667,36.7536667,6.396,3.87,"11 km SW of Ridgemark, California"
nc72006040,2013-06-10 22:16:58.140,-123.3761667,41.3455,33.536,3.78,"42 km WSW of Etna, California"
nc72003545,2013-06-07 03:56:34.980,-121.1116667,40.2115,7.972,3.73,"3 km E of Prattville, California"
ci15354321,2013-06-04 19:46:40.710,-115.5553333,33.2091667,1.814,3.58,"5km SW of Niland, CA"
ci15353521,2013-06-03 19:04:10.170,-115.6253333,33.232,2.503,3.92,"10km W of Niland, CA"
nc72003166,2013-05-30 21:08:34.520,-121.0951667,40.1836667,3.252,3.54,"2 km NW of Canyondam, California"
ci15350729,2013-05-29 14:38:03.410,-119.9198333,34.4061667,7.12,4.8,"6km W of Isla Vista, CA"
nc71998566,2013-05-24 15:26:21.100,-121.0481667,40.1783333,7.869,3.94,"2 km ENE of Canyondam, California"
nc71998236,2013-05-24 11:40:15.720,-121.0483333,40.1783333,1.418,3.75,Northern California
nc71998241,2013-05-24 11:40:04.520,-121.0575,40.1808333,3.748,3.6,"1 km NE of Canyondam, California"
nc71998041,2013-05-24 09:52:19.090,-121.0791667,40.1856667,4.198,3.56,"1 km NNW of Canyondam, California"
nc71998016,2013-05-24 09:42:52.400,-121.0695,40.1743333,4.148,3.99,"0 km NE of Canyondam, California"
nc71997821,2013-05-24 08:02:19.510,-121.0781667,40.1795,3.65,4.86,"1km NNW of Canyondam, CA"
nc71997796,2013-05-24 07:46:08.730,-121.1071667,40.2013333,5.428,3.72,"4 km E of Prattville, California"
nc71071969,2013-05-24 03:50:27.920,-121.0631667,40.186,1.312,4.21,"1 km NNE of Canyondam, California"
nc71071964,2013-05-24 03:48:56.990,-121.0678333,40.1835,-0.24,4.2,"2km NNE of Canyondam, CA"
nc71996906,2013-05-24 03:47:08.180,-121.0595,40.1918333,7.968,5.69,"2 km NNE of Canyondam, California"
ci15344465,2013-05-17 03:07:52.320,-115.5498333,33.2031667,1.924,3.54,"5km SW of Niland, CA"
ci15343145,2013-05-15 20:00:06.230,-118.3721667,33.6583333,1.083,4.08,"10km S of Rancho Palos Verdes, CA"
nc71988946,2013-05-10 05:12:24.890,-121.7235,37.3735,8.19,3.5,"8 km E of East Foothills, California"
ci15338761,2013-05-07 09:06:09.100,-119.311,34.4788333,12.791,3.63,"7km WNW of Ojai, CA"
nc71980360,2013-05-01 21:03:23.280,-124.3838333,40.297,8.559,3.86,"31 km SW of Scotia, California"
nn00409257,2013-04-13 19:23:46.949,-114.3144,37.4046,2.7,3.6,"29 km SE of Caliente, Nevada"
nc71962335,2013-03-29 01:22:39.230,-121.1123333,35.7246667,6.409,3.62,"11 km NE of San Simeon, California"
ci11273634,2013-03-27 18:16:59.910,-116.443,33.4945,7.308,3.68,"22km ESE of Anza, CA"
nc71070214,2013-03-14 09:10:09.470,-122.7973333,38.827,2.63,3.95,"6 km W of Cobb, California"
nc71954065,2013-03-14 09:09:23.330,-122.7861667,38.8123333,1.343,4.44,"5 km W of Cobb, California"
ci15296281,2013-03-11 16:56:06.060,-116.4581667,33.5008333,10.943,4.7,"21km ESE of Anza, CA"
ci15292545,2013-03-01 21:55:27.580,-116.7996667,35.8298333,7.674,4.14,"50km WSW of Shoshone, CA"
nn00404585,2013-02-28 20:48:23.780,-118.2589,38.1295,13.5,3.6,"31 km SSW of Mina, Nevada"
nn00404523,2013-02-28 15:29:25.891,-118.0646,38.0237,6.2,4.0,"39 km N of Dyer, Nevada"
ci11249474,2013-02-26 20:18:49.950,-117.2205,34.0201667,15.895,3.56,"5km SE of Loma Linda, CA"
nn00404186,2013-02-24 14:13:21.161,-118.0623,38.0297,11.4,3.5,"40 km N of Dyer, Nevada"
nn00403980,2013-02-21 22:33:54.798,-117.4837,41.2169,0.0,3.5,"29 km N of Golconda, Nevada"
ci11247690,2013-02-21 20:57:39.910,-116.0563333,33.2318333,9.822,3.63,"12km SW of Salton City, CA"
nn00402996,2013-02-13 22:20:16.351,-118.0565,38.0353,11.9,3.8,"39 km S of Mina, Nevada"
nn00402930,2013-02-13 17:05:15.176,-118.0522,38.0316,9.0,3.5,"40 km S of Mina, Nevada"
nn00402869,2013-02-13 09:53:35.813,-118.0441,38.0332,8.9,3.7,"40 km S of Mina, Nevada"
nn00402815,2013-02-13 05:38:00.984,-118.0609,38.0221,6.2,3.5,"39 km N of Dyer, Nevada"
nn00402779,2013-02-13 02:59:09.909,-118.049,38.0328,8.5,3.7,"40 km S of Mina, Nevada"
nn00402727,2013-02-13 00:49:06.443,-118.0902,38.0347,7.6,3.5,"39 km S of Mina, Nevada"
nn00402688,2013-02-13 00:10:14.393,-118.0553,38.0222,7.5,5.1,"39 km N of Dyer, Nevada"
nc71928201,2013-01-24 23:25:51.220,-119.6155,38.5598333,4.838,4.0,"9 km W of Coleville, California"
nc71927871,2013-01-24 08:21:48.270,-119.6203333,38.559,4.055,3.67,"9 km W of Coleville, California"
ci15273833,2013-01-16 11:25:40.690,-118.2885,35.487,4.48,3.59,"22km ESE of Bodfish, CA"
nc71922121,2013-01-15 15:14:30.960,-121.0746667,36.5633333,7.967,3.52,"27 km NE of Soledad, California"
nc71909141,2012-12-23 10:02:45.150,-120.9381667,35.6426667,5.186,3.74,"10 km SSW of Lake Nacimiento, California"
ci15267105,2012-12-22 21:37:45.140,-116.2388333,32.9966667,7.065,4.02,"19km SSW of Ocotillo Wells, CA"
nc71907486,2012-12-19 12:02:23.790,-124.3596667,40.28,18.941,3.79,"31 km SW of Scotia, California"
ci15264345,2012-12-15 20:13:24.440,-115.5478333,32.7891667,12.396,3.6,"1km E of El Centro, CA"
nc71903911,2012-12-13 05:17:22.810,-122.7965,38.8228333,3.41,3.7,"6 km W of Cobb, California"
ci15254617,2012-12-02 10:20:34.920,-117.845,36.0903333,1.452,3.64,"11km ENE of Coso Junction, CA"
ci15252921,2012-11-30 10:40:03.300,-117.8471667,36.0908333,1.272,3.69,"10km ENE of Coso Junction, CA"
ci11208786,2012-11-26 15:33:50.700,-116.2348333,33.0036667,5.628,3.57,"18km SSW of Ocotillo Wells, CA"
nc71870540,2012-10-29 04:25:16.260,-121.2008333,36.5915,8.347,3.94,"21 km NNE of Soledad, California"
ci15237281,2012-10-28 15:24:23.400,-118.458,34.3508333,3.181,3.86,"8km NNW of Pacoima, CA"
ci15237073,2012-10-28 07:47:03.040,-116.8131667,33.6918333,18.01,3.87,"10km SE of Valle Vista, CA"
nc71864295,2012-10-21 20:40:08.400,-123.9343333,40.9011667,21.251,3.55,Northern California
nc71863730,2012-10-21 07:37:47.420,-120.849,36.309,9.599,3.58,"25 km NE of San Lucas, California"
nc71863625,2012-10-21 06:55:09.510,-120.856,36.3096667,8.619,5.29,"24 km NE of San Lucas, California"
ci15226257,2012-10-08 00:39:08.340,-116.3115,33.0123333,10.798,4.16,"22km SW of Ocotillo Wells, CA"
nn00390140,2012-10-03 19:51:08.433,-119.4361,39.7236,10.9,3.8,"13 km SSW of Nixon, Nevada"
ci15223417,2012-10-02 08:28:14.960,-116.1438333,32.8046667,9.906,4.14,"16km WNW of Ocotillo, CA"
nn00389359,2012-09-25 16:03:33.464,-114.8789,36.486,13.3,3.6,"31 km NNE of Nellis Air Force Base, Nevada"
nc71847715,2012-09-25 15:15:09.890,-123.1658333,39.1678333,10.841,4.51,"3 km N of Talmage, California"
nc71842255,2012-09-14 18:19:50.930,-124.163,40.4368333,26.505,3.96,"7 km SW of Scotia, California"
nc71842075,2012-09-14 11:53:17.520,-124.1856667,40.4426667,26.944,4.43,"8 km WSW of Scotia, California"
nn00388285,2012-09-11 05:55:16.960,-117.4526,41.2646,0.0,3.9,"26 km SSE of Paradise Valley, Nevada"
nc71839170,2012-09-07 13:23:48.140,-119.9986667,36.1206667,10.012,4.06,"12 km NNW of Kettleman City, California"
nc71839165,2012-09-07 13:22:10.380,-120.058,36.1161667,14.352,3.68,"10 km SSE of Huron, California"
nn00387752,2012-09-02 23:57:57.127,-117.1084,37.9677,9.7,3.5,"15 km SE of Tonopah, Nevada"
ci15207433,2012-08-29 20:31:00.350,-117.7876667,33.906,9.05,4.13,"3km NE of Yorba Linda, CA"
ci15205377,2012-08-28 08:54:15.540,-115.6113333,32.9731667,9.774,3.52,"7km S of Westmorland, CA"
ci15204969,2012-08-28 02:01:19.870,-115.5688333,33.0043333,4.423,4.24,"4 km NW of Brawley, California"
ci15204369,2012-08-27 17:47:51.510,-115.5701667,33.0056667,4.533,3.77,"5km NW of Brawley, CA"
ci15202921,2012-08-27 04:41:37.000,-115.5195,33.0211667,4.17,4.93,"5km NNE of Brawley, CA"
ci15201537,2012-08-26 23:33:25.130,-115.5305,33.028,7.47,4.63,"6km N of Brawley, CA"
ci15201297,2012-08-26 22:58:41.860,-115.5885,32.9876667,4.8,4.31,"6km W of Brawley, CA"
ci15200601,2012-08-26 21:26:39.820,-115.5318333,33.0285,7.843,3.77,"6km N of Brawley, CA"
ci15200593,2012-08-26 21:23:23.870,-115.5805,32.9913333,4.213,3.59,"5km WNW of Brawley, CA"
usp000jqts,2012-08-26 21:17:26.720,-115.608,34.175,8.9,3.9,"41 km E of Twentynine Palms, California"
ci15200513,2012-08-26 21:17:26.720,-115.6076667,32.9801667,8.924,3.94,"6km SSE of Westmorland, CA"
ci15200489,2012-08-26 21:15:29.150,-115.5346667,33.0373333,4.713,4.25,"6km N of Brawley, CA"
ci15200401,2012-08-26 20:57:58.220,-115.5403333,33.0185,8.283,5.41,"4km NNW of Brawley, CA"
ci15200001,2012-08-26 20:16:54.200,-115.5641667,33.0078333,4.633,3.51,"4km NW of Brawley, CA"
ci15199865,2012-08-26 19:58:17.270,-115.544,33.0208333,8.853,3.56,"5km NNW of Brawley, CA"
ci15199721,2012-08-26 19:40:12.920,-115.5966667,32.9866667,9.783,4.35,"6km SSE of Westmorland, CA"
ci37089323,2012-08-26 19:33:59.490,-115.5765,33.0028333,1.733,3.5,"5km WNW of Brawley, CA"
ci15199689,2012-08-26 19:33:01.090,-115.5591667,33.0135,4.387,4.89,"5km NW of Brawley, CA"
ci15199681,2012-08-26 19:31:23.040,-115.5536667,33.0171667,8.323,5.32,"5km NNW of Brawley, CA"
ci15199601,2012-08-26 19:21:04.500,-115.5658333,33.0011667,4.023,3.87,"4km NW of Brawley, CA"
ci15199593,2012-08-26 19:20:04.810,-115.5363333,33.0158333,4.79,4.59,"4km N of Brawley, CA"
ci15199577,2012-08-26 19:16:11.490,-115.5481667,33.0171667,9.29,3.95,"5km NNW of Brawley, CA"
ci15198929,2012-08-26 17:02:12.830,-115.5518333,33.0088333,9.5,3.81,"4km NNW of Brawley, CA"
nn00385966,2012-08-14 22:17:45.624,-119.5706,40.251,9.2,3.5,"33 km N of Sutcliffe, Nevada"
ci15191649,2012-08-13 14:03:47.930,-117.6691667,35.9546667,1.138,3.54,"22km E of Little Lake, CA"
ci15189281,2012-08-08 16:33:22.050,-117.7906667,33.9035,10.23,4.12,"3km NE of Yorba Linda, CA"
ci15189073,2012-08-08 06:23:34.160,-117.7916667,33.9048333,9.99,4.46,"3km NE of Yorba Linda, CA"
nc71827401,2012-08-06 07:35:49.120,-120.5028333,35.9498333,11.004,4.45,"8 km NW of Parkfield, California"
ci15182841,2012-07-25 10:18:41.860,-118.407,33.9635,10.697,3.55,"4km ESE of Marina del Rey, CA"
ci11135362,2012-07-12 17:54:28.820,-116.3913333,34.0895,9.9,3.86,"5km SE of Yucca Valley, CA"
nc71815561,2012-07-12 10:39:07.520,-123.6788333,40.7466667,29.492,3.99,"18 km WSW of Burnt Ranch, California"
nc71813266,2012-07-09 00:01:18.140,-122.7961667,38.8193333,2.99,3.83,"6 km W of Cobb, California"
nc71812891,2012-07-08 12:05:48.510,-123.8041667,39.4795,7.468,4.42,"1 km SW of Cleone, California"
ci11132314,2012-07-05 18:18:09.480,-116.8415,34.304,5.699,3.51,"5km N of Big Bear City, CA"
nc71804865,2012-07-01 10:05:52.980,-123.3481667,39.7775,9.568,3.56,"8 km WSW of Covelo, California"
nn00380267,2012-06-23 03:51:57.296,-119.9904,39.3178,6.4,4.2,"7 km NNW of Incline Village, Nevada"
ci15164105,2012-06-14 03:17:15.720,-117.7916667,33.9085,9.61,3.99,"3km NE of Yorba Linda, CA"
nc71795731,2012-06-03 17:31:37.000,-121.6356667,37.2613333,8.085,3.52,"14 km N of Morgan Hill, California"
ci15157065,2012-05-31 06:42:55.830,-118.8333333,33.1758333,5.031,3.51,"27km NW of San Clemente Is. (NW tip), CA"
ci15156505,2012-05-30 05:14:00.810,-119.058,33.6918333,16.181,3.98,"24km N of Santa Barbara Is., CA"
ci15155281,2012-05-27 13:05:48.000,-116.7218333,34.947,5.759,3.78,"28km E of Barstow, CA"
ci15153497,2012-05-22 15:06:24.530,-115.7031667,32.6768333,8.833,4.03,"16km NW of Progreso, B.C., MX"
ci15152793,2012-05-21 10:47:07.320,-118.577,34.9626667,8.203,3.61,"21km N of Neenach, CA"
ci15150785,2012-05-18 10:37:12.020,-116.4021667,33.3195,6.338,3.61,"8km NNW of Borrego Springs, CA"
nc71784801,2012-05-13 12:38:52.010,-122.7756667,38.7873333,2.849,3.9,"5 km SW of Cobb, California"
nc71776130,2012-05-05 09:23:23.060,-122.7608333,38.7956667,1.825,4.25,"4 km SW of Cobb, California"
ci15141521,2012-04-28 15:07:28.000,-117.4345,34.2343333,12.105,3.82,"3km WNW of Devore, CA"
ci15139337,2012-04-23 17:37:02.300,-117.7198333,33.5025,13.041,3.93,"2km SSW of Laguna Niguel, CA"
ci11092194,2012-04-12 18:53:01.260,-116.4663333,33.4641667,6.188,3.52,"22km ESE of Anza, CA"
nc71759475,2012-04-06 03:16:20.010,-121.1186667,36.5571667,5.582,3.69,"23 km NE of Soledad, California"
ci11088434,2012-04-04 01:12:09.080,-116.1568333,33.8576667,1.927,3.54,"16km NNE of Indio, CA"
ci11088074,2012-04-03 15:15:37.360,-116.1565,33.8575,1.497,3.52,"16km NNE of Indio, CA"
ci11084594,2012-03-26 19:50:13.500,-115.7045,32.6741667,8.923,3.63,"15km NW of Progreso, B.C., MX"
nn00371697,2012-03-20 02:17:46.153,-118.7152,38.4158,3.4,3.5,"14 km SSW of Hawthorne, Nevada"
nc71746766,2012-03-05 13:33:20.450,-122.3103333,37.9268333,8.093,3.99,"1 km N of El Cerrito, California"
nc71743876,2012-02-29 05:00:33.000,-123.7933333,41.1426667,30.321,3.73,"26 km NNW of Willow Creek, California"
nc71741671,2012-02-25 05:17:15.500,-124.3138333,40.2795,19.4,4.28,"28 km SW of Scotia, California"
nc71736656,2012-02-16 17:13:20.580,-122.234,38.0781667,8.247,3.54,Northern California
nc71736351,2012-02-16 02:09:14.050,-122.2328333,38.0766667,8.827,3.55,"3 km NNW of Crockett, California"
nc71734741,2012-02-13 21:07:02.770,-123.7903333,41.1431667,27.358,5.6,"26 km NNW of Willow Creek, California"
nc71729135,2012-02-13 04:47:12.810,-122.7431667,38.7926667,0.477,4.16,"3 km SSW of Cobb, California"
nn00366908,2012-02-01 14:40:32.116,-115.0747,40.872,0.0,4.0,"28 km SSW of Wells, Nevada"
nc71717085,2012-01-24 12:11:28.890,-122.693,38.9693333,2.578,3.8,"2 km NE of Clear Lake Riviera, California"
ci11051197,2012-01-08 01:59:54.080,-116.0571667,33.733,6.388,3.51,"12km ENE of Coachella, CA"
ci11049285,2012-01-03 14:18:56.110,-119.4491667,33.1946667,18.022,4.14,"7km SE of San Nicolas Is., CA"
ci15088052,2011-12-20 08:32:23.530,-117.588,34.0101667,4.187,3.53,"6km SE of Ontario, CA"
ci11034469,2011-11-19 20:32:21.200,-116.2651667,33.2451667,8.958,3.85,"10km E of Borrego Springs, CA"
nn00354699,2011-11-09 06:40:23.524,-115.7464,39.2971,0.0,4.0,"30 km SE of Eureka, Nevada"
ci15071220,2011-11-01 15:38:22.830,-117.6196667,35.6806667,6.124,4.1,"8km NE of Ridgecrest, CA"
nc71672996,2011-10-30 13:25:19.800,-120.477,39.6061667,12.444,3.8,"4 km WSW of Sattley, California"
nc71671256,2011-10-27 12:36:44.460,-122.2605,37.8666667,7.99,3.62,"1 km ESE of Berkeley, California"
nc71671056,2011-10-27 06:37:09.340,-120.4715,39.6055,11.974,4.73,"3 km WSW of Sattley, California"
nc71667591,2011-10-21 03:16:05.260,-122.2566667,37.8608333,7.939,3.84,"1 km SE of Berkeley, California"
nc71667366,2011-10-20 21:41:04.260,-122.2526667,37.857,7.989,3.95,"2 km SE of Berkeley, California"
ci15064604,2011-10-17 21:25:34.310,-116.293,34.6931667,-0.037,3.54,"12km WSW of Ludlow, CA"
ci15064556,2011-10-17 20:05:57.820,-116.2935,34.6938333,0.133,3.78,"13km WSW of Ludlow, CA"
nn00351361,2011-10-16 18:27:08.338,-115.1196,37.7513,3.9,3.5,"19 km NNE of Hiko, Nevada"
nc71664296,2011-10-15 11:42:29.870,-118.5631667,37.9068333,7.253,4.03,"12 km NW of Benton, California"
ci15063316,2011-10-14 17:28:52.380,-115.6816667,32.5368333,12.734,3.64,"10km WSW of Progreso, B.C., MX"
nn00350913,2011-10-11 14:50:59.143,-115.2437,39.3193,0.0,3.6,"22 km WNW of Ruth, Nevada"
ci15060508,2011-10-07 22:10:10.610,-117.5153333,36.9426667,4.684,3.99,"50km NW of Stovepipe Wells, CA"
nn00349954,2011-10-01 07:07:00.547,-118.7657,38.8967,3.9,4.8,"7 km SSE of Schurz, Nevada"
nn00349385,2011-09-28 11:54:04.496,-117.8821,39.9857,0.0,4.1,"54 km ESE of Lovelock, Nevada"
ci11010669,2011-09-22 16:19:08.920,-117.5891667,36.1106667,0.079,3.79,"33km ENE of Coso Junction, CA"
ci11006189,2011-09-14 14:44:51.020,-117.0758333,33.953,16.276,4.14,"4km SSW of Calimesa, CA"
nc71645681,2011-09-13 12:27:13.810,-121.1091667,35.7305,7.605,3.56,"12 km NE of San Simeon, California"
nn00347100,2011-09-08 02:27:15.596,-115.6143,39.3775,0.0,3.8,"33 km ESE of Eureka, Nevada"
ci11001205,2011-09-01 20:47:07.950,-118.4748333,34.3391667,6.858,4.24,"7km NNW of Pacoima, CA"
nc71630795,2011-08-31 01:22:23.430,-121.1108333,35.7321667,6.735,3.56,"12 km NE of San Simeon, California"
nc71627850,2011-08-27 07:21:59.970,-121.2025,36.6011667,6.462,3.61,"22 km NNE of Soledad, California"
nc71627835,2011-08-27 07:18:21.150,-121.1808333,36.5843333,7.5,4.64,"21 km NE of Soledad, California"
nc71625245,2011-08-24 11:59:51.290,-118.8721667,37.5456667,7.639,4.23,"14 km W of Aspen Springs, California"
nc71625060,2011-08-24 06:36:54.060,-122.1486667,37.7438333,8.092,3.6,"2 km NNE of San Leandro, California"
nn00345424,2011-08-17 21:04:38.761,-118.7262,38.4442,3.7,4.0,"12 km SW of Hawthorne, Nevada"
nc71621065,2011-08-17 09:02:51.080,-122.7475,38.7913333,1.981,3.67,"4 km SSW of Cobb, California"
ci10979597,2011-07-22 09:08:35.920,-116.1491667,32.7975,7.597,3.86,"16km WNW of Ocotillo, CA"
ci15014900,2011-07-11 01:58:54.040,-116.1498333,32.8011667,8.587,4.11,"16km WNW of Ocotillo, CA"
nc71596420,2011-07-06 07:18:52.360,-121.2928333,36.6651667,7.19,3.8,"14 km S of Tres Pinos, California"
ci15011732,2011-07-04 23:35:42.040,-117.9828333,33.0531667,5.801,3.66,"43km NE of San Clemente Is. (SE tip), CA"
ci10960933,2011-06-17 17:38:51.070,-116.3523333,32.998,7.244,3.63,"25km ESE of Julian, CA"
nc71584880,2011-06-14 12:20:47.770,-124.3776667,40.2946667,19.44,3.69,"31 km SW of Scotia, California"
ci15001500,2011-06-14 08:25:40.650,-116.74,33.6903333,16.736,3.6,"6km SSW of Idyllwild, CA"
ci14999964,2011-06-11 08:17:48.240,-119.0433333,33.623,10.443,3.53,"17km N of Santa Barbara Is., CA"
ci14998780,2011-06-09 15:22:12.370,-115.7365,32.663,15.053,3.96,"17km WNW of Progreso, B.C., MX"
nc71576830,2011-05-28 22:55:24.900,-122.7631667,38.792,2.835,3.73,"4 km SW of Cobb, California"
nn00338850,2011-05-28 16:21:15.975,-118.7447,38.4153,1.7,3.5,California-Nevada border region
ci14992276,2011-05-27 23:17:24.730,-117.0503333,34.2216667,-0.271,3.8,"6km ENE of Running Springs, CA"
nn00338685,2011-05-27 19:45:48.443,-118.73,38.437,2.6,4.1,"13 km SW of Hawthorne, Nevada"
ci14988780,2011-05-21 01:09:22.090,-119.1181667,33.5016667,15.047,3.69,"6km WNW of Santa Barbara Is., CA"
nn00337923,2011-05-20 00:20:46.876,-118.7437,38.4158,2.5,3.6,"15 km SW of Hawthorne, Nevada"
nn00337726,2011-05-18 19:18:35.870,-118.7332,38.4314,2.1,3.5,"14 km SW of Hawthorne, Nevada"
nc71571370,2011-05-17 15:20:06.820,-123.1818333,39.2293333,8.375,3.74,"1 km ESE of Calpella, California"
ci14984324,2011-05-13 03:31:33.190,-115.7895,32.6575,13.458,3.56,"21km ESE of Ocotillo, CA"
nn00336893,2011-05-12 16:23:48.996,-118.7392,38.4122,3.6,4.3,"15 km SW of Hawthorne, Nevada"
nn00336681,2011-05-10 18:21:52.737,-118.1972,38.2901,11.9,3.6,"13 km SW of Mina, Nevada"
nn00336457,2011-05-09 09:46:24.256,-118.7397,38.4216,2.1,3.9,"15 km SW of Hawthorne, Nevada"
ci36998159,2011-05-04 08:11:09.650,-117.8726667,36.3988333,5.4,3.54,"18km NE of Olancha, CA"
ci10936853,2011-05-04 08:10:45.910,-117.8698333,36.3908333,0.21,3.61,"17km NE of Olancha, CA"
ci14978940,2011-05-03 21:41:49.820,-117.8703333,36.3953333,0.46,4.45,"18km NE of Olancha, CA"
nn00335625,2011-04-30 17:34:40.155,-116.453,38.3089,0.0,3.9,"73 km ENE of Tonopah, Nevada"
nn00335298,2011-04-28 00:49:56.580,-118.7205,38.4101,0.4,3.8,"15 km SSW of Hawthorne, Nevada"
nn00424319,2011-04-27 19:19:19.804,-118.7007,38.4158,0.9,4.2,"13 km SSW of Hawthorne, Nevada"
nn00335196,2011-04-27 13:23:35.541,-118.7248,38.4109,0.0,3.6,"15 km SW of Hawthorne, Nevada"
nc71566046,2011-04-26 17:43:08.350,-122.8173333,38.8126667,2.74,3.9,"8 km W of Cobb, California"
ci10931805,2011-04-23 20:49:29.810,-116.3176667,33.0208333,3.684,3.59,"22km SW of Ocotillo Wells, CA"
nn00333407,2011-04-17 00:57:49.960,-118.7486,38.352,5.1,3.5,"22 km SSW of Hawthorne, Nevada"
nn00333406,2011-04-17 00:55:46.120,-118.7496,38.3673,6.1,4.0,"20 km SSW of Hawthorne, Nevada"
nn00424006,2011-04-17 00:45:37.080,-118.7433,38.3891,5.1,4.6,"18 km SW of Hawthorne, Nevada"
nn00423604,2011-04-16 09:46:32.037,-118.2052,38.2835,14.8,4.0,"14 km SW of Mina, Nevada"
nn00333238,2011-04-15 18:21:31.660,-118.7461,38.3899,7.4,3.6,"18 km SW of Hawthorne, Nevada"
nn00340803,2011-04-15 17:24:24.967,-118.7447,38.3927,8.0,4.0,"18 km SW of Hawthorne, Nevada"
nn00333210,2011-04-15 17:06:38.138,-118.733,38.3951,7.1,3.9,"17 km SSW of Hawthorne, Nevada"
nn00333159,2011-04-15 13:33:55.611,-118.7269,38.3827,5.9,4.1,"18 km SSW of Hawthorne, Nevada"
nn00332883,2011-04-13 22:16:08.676,-118.7537,38.3796,6.8,4.1,"19 km SW of Hawthorne, Nevada"
nn00332891,2011-04-13 22:15:20.389,-118.7501,38.376,5.9,3.6,"19 km SSW of Hawthorne, Nevada"
nn00423257,2011-04-13 22:10:08.318,-118.7508,38.3686,6.0,4.4,"20 km SSW of Hawthorne, Nevada"
nn00332476,2011-04-11 00:22:20.865,-118.7455,38.3747,4.4,4.1,"19 km SSW of Hawthorne, Nevada"
nn00332470,2011-04-11 00:21:16.722,-118.7425,38.3671,6.6,3.9,"20 km SSW of Hawthorne, Nevada"
nn00332459,2011-04-11 00:20:16.800,-118.7429,38.3649,9.0,3.5,"20 km SSW of Hawthorne, Nevada"
nn00332438,2011-04-10 23:06:00.108,-118.734,38.3724,5.0,3.5,"19 km SSW of Hawthorne, Nevada"
ci10922333,2011-04-09 08:58:49.220,-115.7236667,32.6055,9.328,4.13,"13km WNW of Progreso, B.C., MX"
nc71547875,2011-04-05 11:56:50.370,-121.6243333,36.072,9.804,3.89,"27 km SE of Big Sur, California"
nc71545165,2011-03-31 11:58:49.630,-124.2181667,40.4273333,25.399,3.6,"11 km WSW of Scotia, California"
ci14959236,2011-03-29 10:43:24.700,-116.7566667,33.2248333,10.018,3.7,"2km SSE of Lake Henshaw, CA"
nn00329237,2011-03-15 18:14:40.516,-118.7279,38.3878,6.8,3.6,"17 km SSW of Hawthorne, Nevada"
nc71530230,2011-03-01 02:19:47.010,-122.82,38.8153333,2.269,4.43,"8 km W of Cobb, California"
nc71048354,2011-02-23 04:50:14.360,-122.9565,39.4938333,9.941,4.21,"23 km NE of Potter Valley, California"
nc71527390,2011-02-23 04:49:41.510,-122.9488333,39.4993333,11.431,4.29,"24 km NE of Potter Valley, California"
ci10891517,2011-02-12 17:30:43.710,-116.8318333,33.7043333,15.941,3.62,"8km SE of Valle Vista, CA"
nn00326240,2011-02-10 14:55:43.022,-118.3763,38.5332,9.9,3.7,"21 km E of Hawthorne, Nevada"
ci14930844,2011-02-06 23:56:00.960,-115.9195,32.6471667,14.804,3.95,"12km SE of Ocotillo, CA"
nn00325134,2011-01-22 19:21:05.211,-118.4023,38.5206,7.5,3.9,"19 km E of Hawthorne, Nevada"
nn00326023,2011-01-22 17:29:25.685,-118.3814,38.5374,8.8,4.2,"21 km E of Hawthorne, Nevada"
nn00418516,2011-01-22 17:26:09.676,-118.3959,38.5281,8.3,3.9,"19 km E of Hawthorne, Nevada"
nc71509345,2011-01-13 04:00:35.890,-121.5416667,36.8028333,7.173,3.92,"4 km S of San Juan Bautista, California"
nc71509330,2011-01-13 03:54:34.980,-121.5405,36.8018333,7.333,3.68,"4 km S of San Juan Bautista, California"
nc71508850,2011-01-12 08:51:03.680,-121.4963333,36.7711667,7.661,4.5,"9 km SSE of San Juan Bautista, California"
nn00324385,2011-01-11 01:36:19.817,-117.3771,37.1662,12.4,3.9,"61 km SSW of Goldfield, Nevada"
nc71506865,2011-01-08 00:10:16.740,-121.6581667,37.2871667,9.593,4.1,"15 km E of Seven Trees, California"
nc71504090,2011-01-01 23:57:24.240,-119.7893333,38.8325,-0.444,3.53,"2 km NNE of Mesa Vista, California"
ci10865293,2011-01-01 00:34:10.130,-115.6445,33.1596667,1.813,3.52,"13km WNW of Calipatria, CA"
ci10864749,2010-12-30 17:37:20.820,-116.3546667,32.9916667,4.394,3.8,"25km NE of Pine Valley, CA"
ci10863861,2010-12-28 08:36:50.360,-118.68,34.5106667,18.882,3.6,"6km WNW of Castaic, CA"
ci10863557,2010-12-28 02:52:26.530,-115.6198333,33.1861667,4.203,3.58,"11km WSW of Niland, CA"
ci10863405,2010-12-28 02:38:37.750,-115.6213333,33.1883333,4.223,3.78,"11km WSW of Niland, CA"
nc71500870,2010-12-24 12:59:19.890,-123.8688333,40.5441667,24.495,3.69,"17 km NNE of Redcrest, California"
nc71499405,2010-12-21 10:10:30.100,-122.7423333,38.7896667,0.846,3.58,"3 km SSW of Cobb, California"
ci10859253,2010-12-18 09:45:03.060,-115.8298333,32.6625,8.188,3.58,"17km ESE of Ocotillo, CA"
ci10859133,2010-12-18 07:04:42.870,-115.8303333,32.6696667,9.918,4.15,"17km ESE of Ocotillo, CA"
nn00322685,2010-12-18 02:55:46.552,-115.2156,37.8157,14.8,3.5,"24 km N of Hiko, Nevada"
nc71498265,2010-12-18 02:03:19.340,-120.5633333,36.458,6.969,3.55,"16 km WSW of Three Rocks, California"
ci14899076,2010-12-15 19:35:03.800,-115.5453333,33.0196667,11.189,3.88,"5km NNW of Brawley, CA"
ci14898996,2010-12-15 19:16:47.910,-115.5431667,33.0326667,13.299,4.37,"6km NNW of Brawley, CA"
ci14898924,2010-12-15 18:59:14.760,-115.5395,33.0231667,10.059,3.65,"5km N of Brawley, CA"
nn00322165,2010-12-12 12:00:57.994,-117.5855,40.0309,13.8,3.8,"74 km NW of Austin, Nevada"
ci14895084,2010-12-10 18:44:38.350,-116.471,33.1393333,9.491,3.91,"14km ENE of Julian, CA"
ci14895060,2010-12-10 17:16:10.840,-115.7643333,32.613,4.743,3.66,"17km WNW of Progreso, B.C., MX"
ci14894372,2010-12-09 09:02:28.360,-115.7706667,32.6173333,4.078,4.01,"18km WNW of Progreso, B.C., MX"
ci14894260,2010-12-09 07:09:11.600,-115.7738333,32.6205,4.488,3.83,"18km WNW of Progreso, B.C., MX"
nc71493190,2010-12-06 13:57:38.200,-122.7996667,38.8036667,0.686,3.71,"6 km WSW of Cobb, California"
ci14892420,2010-12-05 19:22:32.200,-115.7358333,32.6271667,12.104,3.62,"15km WNW of Progreso, B.C., MX"
ci14886020,2010-11-25 04:01:15.650,-117.781,36.0355,1.173,3.74,"15km E of Coso Junction, CA"
nc71486230,2010-11-21 20:09:55.530,-120.4893333,39.8776667,7.469,3.64,"1 km WNW of Lake Davis, California"
ci14883716,2010-11-19 00:56:54.970,-116.418,33.3883333,11.466,3.75,"15km NNW of Borrego Springs, CA"
ci14883196,2010-11-17 23:58:42.940,-116.4665,33.0036667,4.697,3.68,"15km ESE of Julian, CA"
nc71488641,2010-11-15 08:41:15.770,-119.6235,38.6596667,0.984,3.52,"7 km WSW of Topaz Lake, Nevada"
ci10833357,2010-11-05 16:06:37.470,-118.1548333,33.7783333,18.408,3.71,"3km S of Long Beach, CA"
ci10832573,2010-11-04 19:39:59.550,-115.9973333,32.8645,13.146,4.57,"14km N of Ocotillo, CA"
nc71481596,2010-10-31 01:02:06.160,-119.5706667,38.644,5.761,4.28,"5 km WNW of Topaz, California"
ci14870860,2010-10-29 18:03:21.830,-115.9536667,32.8281667,12.312,3.88,"11km NNE of Ocotillo, CA"
ci10826277,2010-10-25 13:45:36.480,-118.9788333,35.068,16.47,3.73,"15km NNW of Grapevine, CA"
nc71476241,2010-10-19 17:51:48.970,-122.7921667,38.8353333,0.31,3.54,"6 km WNW of Cobb, California"
ci14854812,2010-10-06 17:58:06.870,-116.4916667,33.1468333,3.322,3.94,"13km NE of Julian, CA"
nn00318065,2010-10-05 21:22:46.460,-117.3779,37.1392,6.5,4.1,"60 km WNW of Beatty, Nevada"
nn00317915,2010-10-04 14:25:45.726,-117.378,37.1484,9.0,3.5,"61 km WNW of Beatty, Nevada"
nn00317811,2010-10-03 19:24:52.713,-117.3834,37.1385,8.7,3.5,"61 km WNW of Beatty, Nevada"
usp000hmjf,2010-10-03 17:10:11.680,-117.386,37.141,7.7,3.7,"61 km WNW of Beatty, Nevada"
usp000hmdm,2010-09-30 14:49:47.890,-117.385,37.138,7.9,3.6,"61 km WNW of Beatty, Nevada"
nn00430553,2010-09-30 10:17:01.496,-117.3828,37.15,8.7,3.7,"61 km WNW of Beatty, Nevada"
nn00328258,2010-09-30 08:38:48.252,-117.3695,37.1656,6.7,3.5,"61 km WNW of Beatty, Nevada"
nn00429638,2010-09-30 08:37:35.971,-117.3805,37.1398,6.5,4.3,"60 km WNW of Beatty, Nevada"
ci10800093,2010-09-16 15:54:55.660,-117.6771667,35.8431667,3.586,3.88,"23km ESE of Little Lake, CA"
nc71447655,2010-08-28 11:49:55.030,-122.7983333,39.3068333,12.999,3.56,"18 km NNE of Upper Lake, California"
ci10787509,2010-08-27 17:32:47.970,-115.6298333,33.2238333,2.063,3.57,"10km W of Niland, CA"
ci10786597,2010-08-26 14:34:29.200,-116.0405,32.846,12.023,3.72,"13km NNW of Ocotillo, CA"
nc71446590,2010-08-25 17:20:00.490,-121.1791667,35.8186667,4.6,3.69,"16 km SSW of Lockwood, California"
nn00315673,2010-08-25 14:54:19.823,-117.5251,37.4538,7.7,3.6,"34 km SSE of Silver Peak, Nevada"
ci10785197,2010-08-24 05:42:16.860,-119.033,33.5151667,16.633,3.97,"6km NNE of Santa Barbara Is., CA"
ci10783581,2010-08-21 13:59:45.570,-116.693,33.8815,11.981,3.59,"10km ESE of Cabazon, CA"
ci10774605,2010-08-10 09:54:52.660,-120.4291667,34.7243333,0.738,3.65,"4km ENE of Vandenberg Village, CA"
nc71444201,2010-08-10 00:51:10.830,-121.6408333,36.9085,5.253,3.85,"2 km N of Aromas, California"
ci10771621,2010-08-06 17:39:31.670,-116.4431667,33.979,7.177,4.05,"6km ENE of Desert Hot Springs, CA"
nc71442046,2010-08-06 01:20:03.460,-118.8126667,37.6218333,5.583,3.6,"11 km NW of Aspen Springs, California"
nn00314719,2010-08-04 18:57:53.130,-115.2445,36.5352,2.8,3.6,"36 km NNW of Nellis Air Force Base, Nevada"
nn00314505,2010-07-30 11:13:46.792,-118.2112,38.622,11.1,4.1,"27 km NNW of Mina, Nevada"
ci10761973,2010-07-25 21:25:41.400,-116.0053333,33.1575,13.3,3.8,"12km E of Ocotillo Wells, CA"
ci10760117,2010-07-24 02:29:41.030,-115.9793333,32.726,3.305,3.96,"2km SE of Ocotillo, CA"
nc71434941,2010-07-22 11:40:08.090,-118.814,37.624,6.023,3.76,"11 km NW of Aspen Springs, California"
nn00314044,2010-07-20 21:48:30.301,-119.636,40.0581,12.7,4.2,"12 km NNW of Sutcliffe, Nevada"
nc71425825,2010-07-15 23:54:20.340,-122.8156667,38.8153333,1.619,3.71,"8 km W of Cobb, California"
nc71425345,2010-07-15 15:31:43.540,-122.8076667,38.8186667,2.149,3.95,"7 km W of Cobb, California"
nc71422700,2010-07-10 16:04:30.390,-123.568,40.425,30.757,3.81,"5 km WSW of Mad River, California"
ci10736069,2010-07-07 23:53:33.480,-116.4746667,33.4173333,12.318,5.42,"20km NNW of Borrego Springs, CA"
ci14772268,2010-07-02 03:27:09.070,-116.2345,32.8685,9.348,3.51,"27km WNW of Ocotillo, CA"
ci10730349,2010-07-01 07:51:30.720,-118.4398333,35.4816667,0.703,3.74,"13km SSE of Bodfish, CA"
ci10729325,2010-06-30 08:03:02.940,-115.9123333,32.6648333,12.358,3.59,"11km SE of Ocotillo, CA"
ci10726413,2010-06-27 12:22:13.510,-118.5958333,35.2025,5.805,3.78,"16km WNW of Tehachapi, CA"
ci10724149,2010-06-25 06:37:52.800,-115.7946667,32.6188333,6.413,4.17,"20km WNW of Progreso, B.C., MX"
ci10723181,2010-06-24 17:07:36.280,-115.963,32.72,0.936,3.96,"3km ESE of Ocotillo, CA"
ci14752348,2010-06-16 11:30:48.750,-115.9286667,32.6956667,3.436,3.77,"8km SE of Ocotillo, CA"
ci14752284,2010-06-16 10:54:41.160,-115.9741667,32.7278333,3.116,3.56,"2km ESE of Ocotillo, CA"
ci14749860,2010-06-15 17:06:12.040,-115.906,32.687,13.286,3.65,"10km ESE of Ocotillo, CA"
ci14749764,2010-06-15 16:32:32.200,-115.9586667,32.709,13.186,3.62,"4km SE of Ocotillo, CA"
ci14748044,2010-06-15 09:51:19.000,-115.9301667,32.6913333,5.086,3.56,"8km SE of Ocotillo, CA"
ci14747404,2010-06-15 08:16:51.390,-115.9148333,32.683,5.406,3.97,"9km SE of Ocotillo, CA"
ci14747396,2010-06-15 08:14:47.020,-115.9108333,32.688,3.536,4.15,"9km SE of Ocotillo, CA"
ci14747388,2010-06-15 08:11:24.380,-115.9468333,32.7118333,0.266,3.63,"5km ESE of Ocotillo, CA"
ci14746772,2010-06-15 06:46:08.960,-115.9228333,32.6965,11.811,3.63,"8km ESE of Ocotillo, CA"
ci14746668,2010-06-15 06:32:12.770,-115.9165,32.7005,13.856,3.53,"8km ESE of Ocotillo, CA"
ci14746452,2010-06-15 06:08:28.500,-115.951,32.6928333,13.968,3.79,"6km SE of Ocotillo, CA"
ci14746172,2010-06-15 05:34:16.830,-115.9563333,32.7088333,5.328,4.35,"4km SE of Ocotillo, CA"
ci33877759,2010-06-15 05:31:20.000,-115.9885,32.7536667,1.403,3.65,"2km NNE of Ocotillo, CA"
ci14746164,2010-06-15 05:31:00.040,-115.9141667,32.6676667,6.398,3.72,"10km SE of Ocotillo, CA"
ci14745932,2010-06-15 04:59:45.530,-115.95,32.6995,10.519,4.39,"6km SE of Ocotillo, CA"
ci14745908,2010-06-15 04:56:49.800,-115.9473333,32.7053333,5.698,3.58,"5km SE of Ocotillo, CA"
ci14745684,2010-06-15 04:43:10.780,-115.9376667,32.7011667,9.248,3.66,"6km SE of Ocotillo, CA"
ci14745676,2010-06-15 04:40:38.100,-115.931,32.698,7.933,3.84,"7km SE of Ocotillo, CA"
ci33869759,2010-06-15 04:36:33.030,-115.9048333,32.6863333,7.959,3.92,"10km ESE of Ocotillo, CA"
ci14745636,2010-06-15 04:36:07.550,-115.9115,32.6996667,7.411,4.1,"9km ESE of Ocotillo, CA"
ci14745588,2010-06-15 04:29:55.510,-115.9596667,32.7293333,5.518,3.79,"3km ESE of Ocotillo, CA"
ci14745580,2010-06-15 04:26:58.240,-115.9113333,32.705,8.756,5.71,"8km ESE of Ocotillo, CA"
nc71415021,2010-06-14 11:39:02.700,-122.7798333,38.795,3.39,3.66,"5 km WSW of Cobb, California"
ci10702645,2010-06-13 20:42:59.390,-115.9235,32.7001667,3.936,3.52,"8km ESE of Ocotillo, CA"
nn00312475,2010-06-13 18:04:31.167,-115.5987,39.058,0.0,3.5,Nevada
ci10701413,2010-06-13 03:09:20.360,-116.3946667,33.392,4.196,4.23,"15km N of Borrego Springs, CA"
ci10701405,2010-06-13 03:08:57.090,-116.4158333,33.3833333,11.156,4.45,"15km NNW of Borrego Springs, CA"
nn00312414,2010-06-12 15:29:25.436,-117.5215,37.4531,5.3,4.4,California-Nevada border region
nc71413856,2010-06-12 06:05:13.610,-121.6091667,36.8626667,7.592,3.57,"4 km SE of Aromas, California"
ci14738436,2010-06-07 23:59:27.440,-118.4578333,33.8571667,11.168,3.69,"5km SW of Manhattan Beach, CA"
ci14737572,2010-06-07 09:17:11.480,-118.4436667,33.8591667,14.038,3.53,"4km W of Hermosa Beach, CA"
ci14733516,2010-06-03 18:10:03.780,-115.907,32.7006667,7.635,4.09,"9km ESE of Ocotillo, CA"
ci14727396,2010-05-29 14:50:00.440,-115.8721667,32.7273333,6.945,3.83,"11km E of Ocotillo, CA"
ci14720724,2010-05-24 05:21:07.140,-115.8223333,32.669,10.535,4.15,"18km ESE of Ocotillo, CA"
ci14719124,2010-05-22 20:15:52.900,-115.7496667,32.6128333,7.993,3.89,"16km WNW of Progreso, B.C., MX"
ci14718836,2010-05-22 17:59:46.020,-115.7643333,32.616,6.393,3.5,"17km WNW of Progreso, B.C., MX"
ci14718764,2010-05-22 17:33:17.900,-115.7683333,32.6243333,7.493,4.6,"18km WNW of Progreso, B.C., MX"
ci14718756,2010-05-22 17:30:58.170,-115.7563333,32.6168333,8.073,4.9,"17km WNW of Progreso, B.C., MX"
ci14718212,2010-05-22 04:53:18.630,-115.9476667,32.7156667,9.019,4.03,"5km ESE of Ocotillo, CA"
ci14715540,2010-05-20 09:26:25.860,-115.8558333,32.6771667,5.745,4.15,"14km ESE of Ocotillo, CA"
ci14715500,2010-05-20 08:59:34.410,-115.8523333,32.6721667,6.575,3.68,"15km ESE of Ocotillo, CA"
ci10673037,2010-05-19 14:39:26.430,-115.7415,32.6453333,5.195,4.04,"16km WNW of Progreso, B.C., MX"
ci10672573,2010-05-19 07:23:06.790,-115.8258333,32.6675,8.963,3.65,"17km ESE of Ocotillo, CA"
ci10671989,2010-05-19 00:38:59.780,-115.8253333,32.6601667,8.913,4.53,"18km ESE of Ocotillo, CA"
ci10671165,2010-05-18 08:10:00.350,-115.5703333,33.8326667,1.004,3.54,"20km NW of Desert Center, CA"
ci10670413,2010-05-17 13:13:03.920,-115.9105,32.7075,8.46,3.58,"8km ESE of Ocotillo, CA"
ci10669221,2010-05-16 18:33:25.750,-115.6351667,32.5355,8.523,3.63,"7km SW of Progreso, B.C., MX"
ci10666645,2010-05-15 03:19:01.380,-119.0396667,34.0838333,16.671,3.9,"15km S of Camarillo, CA"
ci10665173,2010-05-14 05:11:07.870,-115.861,32.7038333,4.8,3.92,"13km ESE of Ocotillo, CA"
ci10662837,2010-05-12 13:33:23.830,-115.8745,32.7216667,5.18,3.61,"11km E of Ocotillo, CA"
ci10660837,2010-05-10 21:28:55.050,-118.373,35.5298333,0.97,3.85,"13km ESE of Bodfish, CA"
ci10658421,2010-05-09 03:33:43.970,-115.8121667,32.6726667,6.363,4.05,"18km ESE of Ocotillo, CA"
ci10657701,2010-05-08 19:23:06.270,-119.2678333,35.0081667,16.276,4.27,"13km ESE of Maricopa, CA"
ci10657549,2010-05-08 18:46:27.460,-115.8101667,32.6755,2.383,4.69,"18km ESE of Ocotillo, CA"
ci10657533,2010-05-08 18:33:10.750,-115.7971667,32.6815,5.955,4.8,"19km ESE of Ocotillo, CA"
ci14697252,2010-05-07 01:20:26.100,-115.9011667,32.6905,4.058,3.65,"10km ESE of Ocotillo, CA"
ci14695916,2010-05-06 09:01:41.100,-115.8763333,32.7091667,2.918,4.23,"11km ESE of Ocotillo, CA"
ci14695652,2010-05-06 04:16:48.380,-117.3381667,35.9563333,1.368,3.71,"22km N of Trona, CA"
ci14694388,2010-05-05 08:55:40.550,-115.888,32.7213333,2.058,3.8,"10km E of Ocotillo, CA"
ci14694236,2010-05-05 06:58:35.640,-115.887,32.7153333,2.958,3.93,"10km ESE of Ocotillo, CA"
ci14686028,2010-04-29 17:51:15.810,-115.7673333,32.6125,6.085,4.03,"18km WNW of Progreso, B.C., MX"
ci14683268,2010-04-27 18:43:01.920,-115.792,32.6685,5.185,3.58,"20km ESE of Ocotillo, CA"
ci14682004,2010-04-27 10:55:35.720,-115.8465,32.6921667,3.278,4.58,"14km ESE of Ocotillo, CA"
ci10630013,2010-04-22 23:28:26.020,-115.7626667,32.6541667,3.255,3.8,"19km WNW of Progreso, B.C., MX"
ci10629477,2010-04-22 17:12:13.050,-115.8075,32.6595,5.315,4.63,"19km ESE of Ocotillo, CA"
ci10629213,2010-04-22 14:22:03.390,-115.8073333,32.6703333,4.945,4.21,"19km ESE of Ocotillo, CA"
ci10626357,2010-04-20 15:00:28.810,-115.7188333,32.6443333,9.715,3.64,"14km WNW of Progreso, B.C., MX"
ci10622405,2010-04-19 04:26:08.310,-115.8426667,32.6953333,9.05,4.21,"15km ESE of Ocotillo, CA"
ci10619533,2010-04-18 02:27:28.530,-115.778,32.6871667,5.447,3.5,"21km ESE of Ocotillo, CA"
ci10616661,2010-04-16 23:54:50.160,-115.7593333,32.6098333,7.243,3.72,"17km WNW of Progreso, B.C., MX"
ci10614397,2010-04-16 04:30:01.760,-115.7341667,32.6323333,2.975,3.6,"15km WNW of Progreso, B.C., MX"
ci10613517,2010-04-15 21:33:13.140,-115.7211667,32.6483333,9.415,3.5,"15km WNW of Progreso, B.C., MX"
ci10611701,2010-04-15 06:19:55.700,-115.7615,32.6115,8.053,3.5,"17km WNW of Progreso, B.C., MX"
ci10609773,2010-04-14 11:19:59.520,-115.7673333,32.678,2.263,3.84,"20km WNW of Progreso, B.C., MX"
ci10607677,2010-04-13 15:36:32.100,-115.7865,32.6761667,4.235,3.95,"20km ESE of Ocotillo, CA"
ci10604749,2010-04-12 10:36:14.280,-115.7915,32.6578333,1.622,3.62,"21km ESE of Ocotillo, CA"
ci10604477,2010-04-12 07:44:21.480,-115.7211667,32.6041667,9.723,3.78,"13km WNW of Progreso, B.C., MX"
ci10603485,2010-04-11 22:55:10.470,-115.7635,32.6455,4.555,3.59,"18km WNW of Progreso, B.C., MX"
ci10598693,2010-04-10 18:47:59.560,-115.801,32.676,8.567,3.75,"19km ESE of Ocotillo, CA"
ci10598493,2010-04-10 17:31:40.140,-115.7921667,32.6586667,8.197,3.55,"21km ESE of Ocotillo, CA"
ci10597885,2010-04-10 13:21:54.150,-115.7813333,32.672,8.482,3.52,"21km ESE of Ocotillo, CA"
ci10597293,2010-04-10 09:52:01.200,-115.76,32.6805,10.355,3.58,"20km NW of Progreso, B.C., MX"
ci37205253,2010-04-10 09:13:22.660,-115.7505,32.6766667,9.872,3.62,"19km NW of Progreso, B.C., MX"
ci10597061,2010-04-10 09:12:28.030,-115.7581667,32.6753333,9.715,4.5,"20km WNW of Progreso, B.C., MX"
ci10595917,2010-04-10 03:09:32.530,-115.8023333,32.6745,8.037,3.81,"19km ESE of Ocotillo, CA"
ci10595685,2010-04-10 02:18:09.580,-115.7576667,32.6076667,7.807,3.63,"17km W of Progreso, B.C., MX"
ci10594957,2010-04-09 21:58:00.420,-115.7833333,32.6668333,9.465,3.57,"21km WNW of Progreso, B.C., MX"
ci10593141,2010-04-09 11:59:02.040,-115.7648333,32.6068333,7.245,3.52,"17km W of Progreso, B.C., MX"
ci10588789,2010-04-08 15:44:58.950,-115.7611667,32.61,7.755,4.42,"17km WNW of Progreso, B.C., MX"
ci10588005,2010-04-08 12:38:44.320,-115.8351667,32.6915,10.99,3.66,"16km ESE of Ocotillo, CA"
ci10585533,2010-04-08 03:22:32.670,-115.8738333,32.7143333,2.678,3.61,"11km ESE of Ocotillo, CA"
ci10585381,2010-04-08 02:47:57.030,-115.7635,32.6855,3.99,4.23,"20km NW of Progreso, B.C., MX"
nc71379106,2010-04-07 22:40:29.940,-120.4941667,35.9415,9.931,3.99,"7 km NW of Parkfield, California"
ci14627500,2010-04-07 20:11:10.720,-115.7676667,32.6751667,3.905,3.87,"20km WNW of Progreso, B.C., MX"
ci14626708,2010-04-07 16:38:37.620,-115.7291667,32.5908333,3.623,3.66,"14km W of Progreso, B.C., MX"
ci14626372,2010-04-07 15:04:43.170,-115.857,32.6926667,6.603,3.51,"14km ESE of Ocotillo, CA"
ci14624948,2010-04-07 09:27:35.890,-115.885,32.737,3.402,3.75,"10km E of Ocotillo, CA"
ci14624868,2010-04-07 09:25:51.760,-115.902,32.7326667,2.532,3.62,"8km E of Ocotillo, CA"
ci14623820,2010-04-07 05:27:41.380,-115.913,32.7315,1.692,3.58,"8km E of Ocotillo, CA"
ci14623812,2010-04-07 05:25:32.000,-115.9118333,32.7185,1.952,3.83,"8km ESE of Ocotillo, CA"
ci30461759,2010-04-07 05:21:41.570,-115.8923333,32.7116667,7.263,4.28,"10km ESE of Ocotillo, CA"
ci14623804,2010-04-07 05:21:25.940,-115.9045,32.7335,1.947,4.27,"8km E of Ocotillo, CA"
ci14623396,2010-04-07 03:37:47.030,-115.7473333,32.6331667,4.723,3.57,"16km WNW of Progreso, B.C., MX"
ci14622036,2010-04-06 22:09:10.430,-115.753,32.6331667,1.043,4.23,"17km WNW of Progreso, B.C., MX"
ci14621164,2010-04-06 19:02:00.880,-115.8603333,32.7046667,5.153,3.55,"13km ESE of Ocotillo, CA"
ci14620124,2010-04-06 15:13:19.980,-115.88,32.7276667,14.617,3.91,"11km E of Ocotillo, CA"
ci14620076,2010-04-06 14:58:38.010,-115.7711667,32.6338333,2.453,3.53,"18km WNW of Progreso, B.C., MX"
ci14618772,2010-04-06 10:06:37.750,-115.8106667,32.6651667,1.733,4.51,"19km ESE of Ocotillo, CA"
ci14618308,2010-04-06 08:27:30.360,-115.855,32.6955,1.043,3.8,"14km ESE of Ocotillo, CA"
ci14618180,2010-04-06 07:56:51.890,-115.7388333,32.6343333,3.733,3.83,"16km WNW of Progreso, B.C., MX"
ci14617996,2010-04-06 07:23:02.170,-115.8731667,32.708,4.363,3.71,"12km ESE of Ocotillo, CA"
ci14617100,2010-04-06 04:12:21.260,-115.7738333,32.5936667,3.983,4.56,"18km W of Progreso, B.C., MX"
ci30605759,2010-04-06 01:04:35.540,-115.807,32.6405,0.373,3.96,"20km ESE of Ocotillo, CA"
ci14616204,2010-04-06 00:53:53.530,-115.7841667,32.5755,1.483,3.81,"19km W of Progreso, B.C., MX"
ci14616196,2010-04-06 00:51:19.920,-115.7966667,32.6151667,2.273,3.65,"20km W of Progreso, B.C., MX"
ci14615652,2010-04-05 23:02:30.540,-115.7631667,32.6476667,9.975,3.59,"18km WNW of Progreso, B.C., MX"
ci14615252,2010-04-05 21:07:50.420,-115.8588333,32.6843333,1.453,3.52,"14km ESE of Ocotillo, CA"
ci14615212,2010-04-05 21:04:36.440,-115.8588333,32.6781667,2.023,3.72,"14km ESE of Ocotillo, CA"
ci14614580,2010-04-05 18:47:11.590,-115.8121667,32.66,1.303,3.61,"19km ESE of Ocotillo, CA"
ci14614172,2010-04-05 17:26:51.770,-116.4133333,33.0451667,13.1,3.6,"18km ESE of Julian, CA"
ci14613940,2010-04-05 16:29:29.080,-115.7115,32.5478333,4.183,3.51,"12km WSW of Progreso, B.C., MX"
ci14613828,2010-04-05 16:06:02.960,-115.7838333,32.6003333,3.403,3.68,"19km W of Progreso, B.C., MX"
ci14613732,2010-04-05 15:47:34.480,-115.6946667,32.578,7.303,3.59,"10km W of Progreso, B.C., MX"
ci14613700,2010-04-05 15:34:40.730,-115.7325,32.6006667,12.773,3.7,"14km W of Progreso, B.C., MX"
ci14613620,2010-04-05 15:15:26.070,-115.7816667,32.5861667,2.373,3.53,"18km W of Progreso, B.C., MX"
ci14613604,2010-04-05 15:08:17.180,-115.8755,32.724,0.443,3.79,"11km E of Ocotillo, CA"
ci10177010,2010-04-05 14:11:46.200,-115.781,32.6953333,4.473,4.04,"20km ESE of Ocotillo, CA"
ci14613212,2010-04-05 13:33:05.360,-115.8018333,32.6401667,0.002,4.73,"21km ESE of Ocotillo, CA"
ci14613084,2010-04-05 13:07:28.620,-115.7653333,32.6121667,0.473,3.62,"17km WNW of Progreso, B.C., MX"
ci14612996,2010-04-05 12:49:36.230,-115.7603333,32.587,3.323,3.85,"16km W of Progreso, B.C., MX"
ci14612532,2010-04-05 11:20:41.630,-115.8101667,32.6953333,5.443,3.67,"18km ESE of Ocotillo, CA"
ci14612516,2010-04-05 11:14:14.890,-115.8088333,32.6638333,13.653,4.93,"19km ESE of Ocotillo, CA"
ci14612172,2010-04-05 10:05:37.080,-115.8093333,32.634,10.063,4.0,"21km ESE of Ocotillo, CA"
ci14610940,2010-04-05 06:17:00.520,-115.8,32.63,7.103,4.19,"21km WNW of Progreso, B.C., MX"
ci14610748,2010-04-05 05:41:37.780,-115.7781667,32.6298333,0.043,3.96,"19km WNW of Progreso, B.C., MX"
ci14609660,2010-04-05 03:15:24.770,-115.8055,32.6465,1.243,4.96,"20km ESE of Ocotillo, CA"
ci14609604,2010-04-05 03:09:53.750,-115.6515,32.5413333,13.553,3.87,"8km SW of Progreso, B.C., MX"
ci14609548,2010-04-05 03:02:35.840,-115.7953333,32.6555,0.225,3.52,"20km ESE of Ocotillo, CA"
ci14608980,2010-04-05 01:52:25.420,-115.7733333,32.5933333,4.085,4.68,"18km W of Progreso, B.C., MX"
ci14608836,2010-04-05 01:28:13.970,-115.7026667,32.6296667,8.883,3.51,"12km WNW of Progreso, B.C., MX"
ci10170846,2010-04-05 01:27:09.190,-115.771,32.6063333,1.233,3.9,"18km W of Progreso, B.C., MX"
ci14608532,2010-04-05 00:46:52.840,-115.8288333,32.6178333,5.595,3.56,"20km SE of Ocotillo, CA"
ci14608428,2010-04-05 00:32:10.880,-115.7468333,32.6025,5.403,3.89,"16km W of Progreso, B.C., MX"
ci14608292,2010-04-05 00:21:28.520,-115.7645,32.6273333,2.155,3.62,"18km WNW of Progreso, B.C., MX"
ci14608236,2010-04-05 00:12:23.540,-115.7216667,32.5728333,10.933,3.88,"13km W of Progreso, B.C., MX"
ci14608228,2010-04-05 00:11:36.120,-115.7383333,32.6328333,7.511,3.9,"16km WNW of Progreso, B.C., MX"
ci14608116,2010-04-04 23:57:13.520,-115.7483333,32.5853333,4.219,3.83,"15km W of Progreso, B.C., MX"
ci14608076,2010-04-04 23:53:44.800,-115.7843333,32.6158333,2.322,3.61,"19km WNW of Progreso, B.C., MX"
ci14607964,2010-04-04 23:34:28.290,-115.761,32.6025,3.271,4.12,"17km W of Progreso, B.C., MX"
ci14607868,2010-04-04 23:23:10.510,-115.7905,32.5583333,5.198,3.58,"20km W of Progreso, B.C., MX"
ci14607860,2010-04-04 23:22:04.560,-116.494,33.1496667,12.1,3.54,"13km NE of Julian, CA"
ci14607852,2010-04-04 23:19:32.280,-115.7621667,32.6336667,1.295,3.95,"18km WNW of Progreso, B.C., MX"
ci31981759,2010-04-04 22:58:47.480,-115.7416667,32.5386667,5.608,3.85,"16km WSW of Progreso, B.C., MX"
ci30277759,2010-04-04 22:58:27.070,-115.7655,32.565,5.973,3.76,"17km W of Progreso, B.C., MX"
ci14607748,2010-04-04 22:56:40.430,-116.4823333,33.1508333,10.658,3.89,"14km NE of Julian, CA"
nc71376726,2010-04-02 06:00:38.530,-119.38,38.3665,6.959,3.56,"17 km NW of Bridgeport, California"
nc71369580,2010-03-28 09:39:27.400,-122.8236667,38.811,1.85,3.65,"8 km W of Cobb, California"
nn00307385,2010-03-24 02:22:03.802,-119.3694,38.8228,7.9,3.5,"4 km NW of Smith, Nevada"
nc71364650,2010-03-17 16:41:37.930,-121.329,40.1846667,5.306,3.71,"12 km WSW of Lake Almanor West, California"
ci14601172,2010-03-16 11:04:00.190,-118.0816667,33.9923333,18.723,4.44,"2km NE of Pico Rivera, CA"
ci14600292,2010-03-13 16:32:32.320,-116.358,32.9906667,4.984,4.23,"25km NE of Pine Valley, CA"
nc71362300,2010-03-12 10:23:58.120,-121.331,40.1865,6.966,3.61,"12 km WSW of Lake Almanor West, California"
ci14598996,2010-03-11 01:39:38.810,-116.6886667,33.2501667,3.803,3.52,"6km SW of Warner Springs, CA"
ci14598516,2010-03-09 20:05:12.870,-117.8726667,36.0596667,0.839,3.66,"7km ENE of Coso Junction, CA"
ci14598228,2010-03-09 04:18:21.870,-116.359,32.994,4.814,4.02,"24km ESE of Julian, CA"
nc71359775,2010-03-07 06:14:12.350,-121.5356667,36.8128333,4.93,3.55,"3 km S of San Juan Bautista, California"
ci14595820,2010-03-01 09:06:03.090,-117.8785,36.0698333,-0.41,3.76,"7km ENE of Coso Junction, CA"
ci14594756,2010-02-26 15:02:31.670,-115.2566667,32.5518333,14.987,3.88,"9km E of Puebla, B.C., MX"
nn00305504,2010-02-22 02:53:48.197,-116.8044,37.6345,4.5,3.6,"38 km ESE of Goldfield, Nevada"
ci10544917,2010-02-19 19:56:23.050,-117.1841667,34.0146667,6.432,3.59,"5km S of Redlands, CA"
ci10542589,2010-02-15 00:07:09.360,-117.8658333,36.0735,-1.147,4.05,"8km ENE of Coso Junction, CA"
ci10541957,2010-02-13 21:39:06.600,-117.1796667,34.0045,8.025,4.1,"6km S of Redlands, CA"
nc71350686,2010-02-08 19:56:23.890,-121.3635,36.723,2.886,3.5,"8 km SSW of Tres Pinos, California"
nc71346081,2010-01-30 09:32:33.250,-122.8008333,38.831,1.942,3.6,"6 km W of Cobb, California"
nn00302719,2010-01-18 09:03:19.435,-119.4711,38.6825,11.4,3.5,"6 km SSE of Topaz Ranch Estates, Nevada"
ci10530013,2010-01-16 12:03:25.700,-117.0231667,33.9321667,13.143,4.28,"4km W of Beaumont, CA"
ci10528149,2010-01-15 10:29:58.630,-117.8398333,36.0291667,0.443,3.61,"10km E of Coso Junction, CA"
ci10528013,2010-01-15 09:28:18.960,-117.8385,36.032,-0.327,3.53,"10km E of Coso Junction, CA"
ci10527789,2010-01-15 08:23:27.340,-117.843,36.031,0.103,4.41,"10km E of Coso Junction, CA"
ci10526965,2010-01-15 02:13:52.130,-115.6083333,33.1793333,1.803,3.52,"11km NW of Calipatria, CA"
ci14571828,2010-01-12 02:36:08.440,-116.8763333,33.9663333,8.782,4.27,"4km N of Banning, CA"
nc71337451,2010-01-08 19:48:50.050,-121.793,37.4821667,9.373,3.73,"11 km N of East Foothills, California"
nc71336726,2010-01-07 18:09:35.040,-121.7986667,37.4811667,10.753,4.05,"11 km ENE of Milpitas, California"
nc71330090,2010-01-04 14:24:54.440,-123.8685,40.2773333,29.763,4.12,"1 km N of Myers Flat, California"
ci14565924,2009-12-30 20:24:50.610,-115.2365,32.5501667,5.985,3.88,"11km E of Puebla, B.C., MX"
ci24605759,2009-12-30 18:55:40.170,-115.2321667,32.5526667,5.985,3.64,"11km E of Puebla, B.C., MX"
ci14565492,2009-12-30 11:44:38.050,-117.405,35.9736667,1.759,3.64,"23km N of Searles Valley, CA"
ci14564188,2009-12-26 23:02:08.190,-115.9231667,32.9476667,14.186,3.9,"24km NNE of Ocotillo, CA"
nn00432465,2009-12-23 04:59:54.211,-119.9949,39.3133,7.8,3.5,"7 km NNW of Incline Village, Nevada"
nc71325090,2009-12-22 23:40:43.920,-123.3381667,39.7773333,8.488,3.96,"7 km WSW of Covelo, California"
nc71324305,2009-12-20 12:26:25.800,-122.7683333,38.7883333,3.726,3.77,"5 km SW of Cobb, California"
ci14550380,2009-11-26 07:10:46.740,-115.6671667,32.6638333,4.653,3.68,"12km NW of Progreso, B.C., MX"
ci14549156,2009-11-24 14:34:23.350,-118.2465,32.7191667,14.648,3.89,"14km SE of San Clemente Is. (SE tip), CA"
nc71318526,2009-11-24 11:59:53.320,-122.7896667,38.8183333,1.84,3.67,"5 km W of Cobb, California"
ci14547996,2009-11-22 15:55:31.660,-116.8915,34.3591667,1.519,3.63,"12km NNW of Big Bear City, CA"
ci10497821,2009-11-16 21:21:30.630,-117.2745,35.5485,1.248,4.6,"26km SSE of Trona, CA"
ci10497645,2009-11-16 13:54:34.120,-116.6345,33.4146667,6.671,3.61,"15km N of Warner Springs, CA"
ci10497397,2009-11-15 22:48:37.670,-119.3016667,33.1723333,5.671,3.55,"20km ESE of San Nicolas Is., CA"
ci10497389,2009-11-15 22:45:27.130,-119.3018333,33.1655,5.671,4.35,"21km ESE of San Nicolas Is., CA"
ci10495349,2009-11-11 03:24:23.390,-116.0521667,33.2476667,3.879,3.56,"11km WSW of Salton City, CA"
nn00297358,2009-11-08 18:34:33.522,-114.4556,37.3283,0.0,4.1,"32 km S of Caliente, Nevada"
ci10490533,2009-11-03 10:56:29.350,-115.6563333,32.6775,5.178,3.62,"13km NNW of Progreso, B.C., MX"
ci10490325,2009-11-03 07:36:58.030,-115.8471667,32.7131667,1.953,3.79,"14km E of Ocotillo, CA"
ci10489253,2009-11-02 19:27:31.760,-115.6506667,32.6721667,7.618,4.13,"12km NNW of Progreso, B.C., MX"
ci10488901,2009-11-02 04:56:08.260,-117.8791667,36.4045,4.55,3.67,"18km NE of Olancha, CA"
nc71303390,2009-11-01 14:55:34.130,-121.2526667,36.6323333,10.527,3.55,"18 km SSE of Tres Pinos, California"
nc71302365,2009-10-31 06:52:23.990,-122.7693333,38.7945,3.868,3.58,Northern California
nc71299286,2009-10-14 03:27:41.220,-121.8786667,37.6396667,9.165,3.71,"2 km S of Pleasanton, California"
ci10477949,2009-10-09 04:25:05.270,-117.8641667,36.3976667,7.588,4.29,"18km NE of Olancha, CA"
ci14524628,2009-10-08 03:31:17.960,-118.2506667,32.7075,19.648,3.73,"15km SE of San Clemente Is. (SE tip), CA"
ci14523676,2009-10-06 18:06:34.720,-117.8358333,36.4141667,0.012,3.98,"21km NE of Olancha, CA"
ci14520900,2009-10-03 11:37:11.380,-117.8673333,36.3893333,0.44,4.41,"17km NE of Olancha, CA"
ci14520476,2009-10-03 05:31:57.720,-117.8635,36.39,0.08,4.66,"18km NE of Olancha, CA"
ci14519940,2009-10-03 01:47:55.370,-117.8456667,36.3948333,-0.04,4.2,"19km NE of Olancha, CA"
ci14519868,2009-10-03 01:31:44.020,-117.8475,36.4055,0.76,3.97,"20km NE of Olancha, CA"
ci14519860,2009-10-03 01:30:31.910,-117.8513333,36.4026667,-0.06,4.07,"19km NE of Olancha, CA"
ci14519780,2009-10-03 01:16:00.310,-117.8608333,36.391,-1.77,5.19,"18km NE of Olancha, CA"
ci14519764,2009-10-03 01:10:26.100,-117.8681667,36.3863333,1.688,4.85,"17km NE of Olancha, CA"
ci14519756,2009-10-03 01:09:19.140,-117.8638333,36.391,0.7,4.74,"18km NE of Olancha, CA"
ci14518108,2009-10-01 15:08:12.850,-117.869,36.3943333,2.475,3.5,"18km NE of Olancha, CA"
ci14517508,2009-10-01 10:03:30.170,-117.8603333,36.3755,4.305,3.5,"17km NE of Olancha, CA"
ci14517500,2009-10-01 10:01:24.670,-117.8586667,36.3878333,3.985,5.0,"18km NE of Olancha, CA"
ci14508708,2009-09-10 11:22:42.620,-120.5313333,34.5298333,9.933,3.83,"14km SSW of Lompoc, CA"
nc71278336,2009-09-09 18:45:52.080,-121.6321667,36.9021667,4.854,3.56,"1 km NNE of Aromas, California"
nc71271995,2009-09-06 09:47:15.190,-121.4115,36.8515,9.35,3.87,"0 km W of Hollister, California"
nc71271840,2009-09-06 03:20:55.580,-120.7983333,35.5568333,4.986,3.81,"8 km W of Templeton, California"
nc71273541,2009-08-30 19:21:22.170,-118.6211667,37.9541667,5.745,3.74,"19 km NW of Benton, California"
ci10456893,2009-08-30 18:13:59.690,-117.8606667,36.3876667,0.495,3.64,"18km NE of Olancha, CA"
ci10456453,2009-08-30 07:05:58.020,-117.8528333,36.3863333,0.135,3.89,"18km NE of Olancha, CA"
ci14502836,2009-08-27 07:08:24.710,-117.3956667,36.0116667,3.919,3.59,"27km N of Searles Valley, CA"
ci14499528,2009-08-12 23:49:04.910,-116.2138333,33.1,8.123,3.54,"9km WSW of Ocotillo Wells, CA"
ci14494128,2009-08-01 12:55:55.650,-117.3838333,34.2586667,6.233,3.72,"4km NNE of Devore, CA"
ci14491232,2009-07-26 04:54:03.590,-116.719,33.633,12.745,3.53,"10km NNW of Anza, CA"
ci10440529,2009-07-20 12:10:20.590,-116.2156667,33.0995,11.813,3.63,"9km WSW of Ocotillo Wells, CA"
nn00288560,2009-07-20 05:31:49.197,-114.6231,37.4886,0.0,3.7,"17 km SW of Caliente, Nevada"
ci10438025,2009-07-14 02:22:38.220,-117.622,35.7273333,9.39,3.77,"13km NNE of Ridgecrest, CA"
ci10437169,2009-07-11 14:34:44.280,-117.554,32.737,17.851,3.92,"29km WSW of La Jolla, CA"
nc71244841,2009-07-07 05:03:30.260,-122.7975,38.8378333,2.136,3.74,"6 km WNW of Cobb, California"
nc71244696,2009-07-07 00:29:33.360,-122.8085,38.8328333,2.504,3.76,"7 km W of Cobb, California"
nc71241391,2009-06-30 17:27:27.720,-122.7903333,38.8083333,3.302,3.84,"6 km WSW of Cobb, California"
nc71239821,2009-06-27 17:29:35.340,-122.8006667,40.1851667,7.529,3.82,"38 km WNW of Rancho Tehama Reserve, California"
nc40238431,2009-06-20 12:32:48.000,-120.9513333,35.6431667,5.923,4.39,"11 km SW of Lake Nacimiento, California"
ci14477000,2009-06-20 01:00:30.610,-118.0066667,32.8996667,13.996,4.11,"33km ENE of San Clemente Is. (SE tip), CA"
nc40237825,2009-06-08 22:15:04.510,-121.965,37.822,8.657,3.51,"1 km SSW of Diablo, California"
nc40237802,2009-06-08 07:54:03.590,-124.4078333,40.3835,17.147,3.91,"24 km SSW of Ferndale, California"
ci14462064,2009-05-23 22:58:32.940,-117.8376667,36.3961667,-0.64,4.73,"20km NE of Olancha, CA"
ci10411545,2009-05-19 22:49:11.550,-118.329,33.9338333,12.715,4.04,"2km ESE of Lennox, CA"
ci10410337,2009-05-18 03:39:36.340,-118.3356667,33.9376667,13.817,4.7,"2km E of Lennox, CA"
ci10406593,2009-05-08 20:27:13.950,-119.1825,34.4401667,7.287,4.17,"6km E of Ojai, CA"
nc51220943,2009-05-03 17:54:05.210,-124.1638333,40.7491667,20.257,4.17,"2 km NNW of Pine Hills, California"
ci10403777,2009-05-02 01:11:13.660,-118.8825,34.0666667,13.911,4.42,"10km NW of Malibu, CA"
ci10403545,2009-05-01 15:39:25.320,-119.3101667,35.0246667,16.888,3.53,"9km ESE of Maricopa, CA"
nc51220793,2009-04-30 22:50:54.670,-121.6358333,37.2535,6.045,3.51,"13 km N of Morgan Hill, California"
ci10399889,2009-04-24 03:27:50.730,-117.7891667,33.894,4.091,3.98,"2km ENE of Yorba Linda, CA"
ci10399801,2009-04-23 23:56:23.080,-117.7901667,33.8935,4.591,3.76,"2km ENE of Yorba Linda, CA"
nc51220062,2009-04-17 15:09:39.620,-122.798,38.8151667,1.796,3.7,"6 km W of Cobb, California"
ci10396633,2009-04-17 04:57:01.500,-115.6403333,33.1978333,5.253,3.79,"12km WSW of Niland, CA"
ci14444832,2009-04-16 17:55:31.130,-116.4398333,33.25,2.303,3.86,"6km W of Borrego Springs, CA"
nn00280079,2009-04-02 03:52:19.460,-117.0651,41.08,3.9,3.6,"32 km N of Valmy, Nevada"
nc40234037,2009-03-30 17:40:29.260,-121.6156667,37.2848333,7.145,4.3,"17 km NNE of Morgan Hill, California"
nc40233857,2009-03-27 08:32:35.450,-124.395,40.7605,18.029,3.7,"15 km WNW of Fields Landing, California"
ci14435776,2009-03-26 03:25:21.980,-115.7215,33.293,7.422,3.95,"6km S of Bombay Beach, CA"
ci14435296,2009-03-25 19:59:44.100,-115.7196667,33.292,6.543,3.65,"7km S of Bombay Beach, CA"
ci14434688,2009-03-25 07:51:23.010,-115.7213333,33.29,4.443,3.55,"7km S of Bombay Beach, CA"
ci14433456,2009-03-24 11:55:43.930,-115.7281667,33.3171667,6.003,4.77,"4km S of Bombay Beach, CA"
nc40233662,2009-03-23 12:29:21.230,-123.4465,39.5696667,6.11,3.6,"13 km SSE of Laytonville, California"
nc51218275,2009-03-15 05:23:31.280,-120.3491667,36.343,4.154,3.5,"17 km S of Cantua Creek, California"
nc40232913,2009-03-09 03:07:52.690,-120.9335,36.401,6.841,3.5,"27 km NE of King City, California"
nc40232887,2009-03-08 14:47:19.540,-121.8045,37.4743333,9.419,3.5,"10 km ENE of Milpitas, California"
ci10377693,2009-02-20 12:19:14.660,-117.3053333,35.9825,0.718,3.68,"25km NNE of Trona, CA"
nc40231987,2009-02-20 10:29:27.610,-122.8096667,38.8103333,1.433,3.7,"7 km W of Cobb, California"
nn00276270,2009-02-18 03:12:32.772,-114.8833,41.2149,9.5,3.8,"13 km NNE of Wells, Nevada"
ci14421592,2009-02-16 01:03:38.980,-119.4318333,35.3041667,14.045,3.89,"11km SSE of Buttonwillow, CA"
ci14420076,2009-02-09 21:53:58.680,-115.5976667,32.6025,14.558,3.75,"3km NNW of Progreso, B.C., MX"
ci14420052,2009-02-09 21:10:42.890,-115.5973333,32.5926667,16.248,3.82,"2km NW of Progreso, B.C., MX"
nc40231391,2009-02-06 00:20:28.960,-121.3223333,36.693,4.541,3.7,"10 km S of Tres Pinos, California"
ci14418600,2009-01-31 21:09:22.590,-117.7858333,35.4135,7.42,4.39,"14km WNW of Johannesburg, CA"
ci10374021,2009-01-29 08:41:59.120,-118.2265,32.6931667,9.693,4.19,"18km SE of San Clemente Is. (SE tip), CA"
nn00273664,2009-01-27 13:19:14.947,-115.4367,39.0593,8.0,3.5,"36 km WNW of Preston, Nevada"
nc51215680,2009-01-21 20:49:42.510,-121.3306667,36.6978333,6.314,3.5,"10 km S of Tres Pinos, California"
nc51215576,2009-01-20 09:12:26.870,-121.3215,36.691,5.021,3.8,"10 km S of Tres Pinos, California"
nc51215567,2009-01-20 08:14:42.500,-121.3278333,36.6963333,4.674,3.8,"10 km S of Tres Pinos, California"
nc51215555,2009-01-20 06:06:00.470,-121.3273333,36.6956667,6.044,3.9,"10 km S of Tres Pinos, California"
nc71011822,2009-01-15 14:44:07.740,-121.3228333,36.6846667,4.78,3.7,"12km S of Tres Pinos, CA"
ci10370561,2009-01-11 01:06:00.080,-116.9155,34.3081667,5.774,3.6,"7km N of Big Bear Lake, CA"
nc51214975,2009-01-10 09:18:11.160,-123.3413333,39.0316667,6.226,3.8,"3 km NE of Boonville, California"
ci10370141,2009-01-09 03:49:46.270,-117.3041667,34.1073333,13.823,4.45,"3km SSW of San Bernardino, CA"
nc51214595,2009-01-04 17:27:10.480,-122.7725,38.7823333,3.816,4.27,"6 km SW of Cobb, California"
ci10368325,2008-12-28 05:17:07.470,-115.5428333,32.5681667,10.01,4.52,"4km ESE of Progreso, B.C., MX"
nc51213957,2008-12-26 12:19:40.020,-120.8688333,39.9598333,-1.668,4.5,"3 km NE of East Quincy, California"
nc51213676,2008-12-22 18:15:56.800,-121.3015,36.6856667,1.151,3.55,"11 km S of Tres Pinos, California"
nc51213552,2008-12-21 20:09:33.160,-121.3038333,36.6778333,6.181,3.6,"12 km S of Tres Pinos, California"
nc51213534,2008-12-21 17:35:36.640,-121.3001667,36.6748333,6.761,4.0,"12 km S of Tres Pinos, California"
ci10366249,2008-12-14 08:41:26.450,-115.5366667,32.5536667,15.01,4.03,"5km ESE of Progreso, B.C., MX"
ci10366101,2008-12-13 17:16:46.470,-117.3173333,35.972,-0.971,4.01,"24km NNE of Trona, CA"
ci10365237,2008-12-10 00:29:26.210,-117.3766667,34.1631667,7.202,3.63,"3km WNW of Muscoy, CA"
ci14408052,2008-12-06 04:18:42.850,-116.4188333,34.8133333,6.37,5.06,"26km WNW of Ludlow, CA"
ci14407020,2008-12-02 16:53:09.120,-117.3221667,35.9711667,2.329,4.03,"24km NNE of Trona, CA"
ci14407012,2008-12-02 16:41:19.470,-117.3213333,35.9711667,0.789,3.69,"24km NNE of Trona, CA"
ci14406888,2008-12-02 11:23:44.100,-117.307,35.9801667,1.759,3.8,"25km NNE of Trona, CA"
ci14406304,2008-11-30 13:03:07.280,-117.3198333,35.9713333,2.459,4.04,"24km NNE of Trona, CA"
ci14406196,2008-11-29 21:14:09.070,-117.3263333,35.9706667,0.189,4.03,"24km NNE of Trona, CA"
ci14405360,2008-11-25 04:11:36.230,-117.329,35.9733333,-0.011,3.86,"24km N of Trona, CA"
ci14403792,2008-11-17 17:41:37.110,-116.8636667,33.4961667,10.407,3.79,"6km N of Aguanga, CA"
ci14403732,2008-11-17 12:35:42.260,-116.8613333,33.4996667,10.839,4.11,"6km N of Aguanga, CA"
nc51211277,2008-11-15 17:50:41.280,-120.8103333,35.525,4.828,3.96,"9 km WSW of Templeton, California"
nc51211062,2008-11-12 11:10:58.850,-122.837,38.8641667,1.48,3.5,"10 km WNW of Cobb, California"
ci10356753,2008-10-30 03:52:43.210,-115.9031667,33.0533333,1.957,3.5,"24km ESE of Ocotillo Wells, CA"
ci10356741,2008-10-30 03:49:45.370,-115.9046667,33.057,1.184,3.61,"23km ESE of Ocotillo Wells, CA"
nn00263774,2008-10-26 19:47:48.352,-114.5539,36.2353,10.8,3.8,"37 km NE of Boulder City, Nevada"
nc51210163,2008-10-26 16:07:48.210,-124.2215,41.1743333,15.66,3.9,"7 km WNW of Big Lagoon, California"
nn00263769,2008-10-26 15:53:25.556,-114.5478,36.2729,9.7,3.7,"34 km SSW of Moapa Valley, Nevada"
ci14396336,2008-10-02 09:41:49.270,-116.9678333,34.0838333,11.345,4.14,"9km NE of Yucaipa, CA"
nc51208107,2008-09-15 01:34:46.330,-122.769,38.7871667,2.026,3.5,"5 km SW of Cobb, California"
nc51208029,2008-09-13 20:27:52.090,-122.7641667,38.792,1.83,3.6,"4 km SW of Cobb, California"
nc51207967,2008-09-12 13:04:04.450,-123.2758333,39.3935,10.304,3.6,"7 km ESE of Willits, California"
nc51207740,2008-09-06 04:00:15.320,-122.0023333,37.8621667,15.22,4.1,"3km ENE of Alamo, CA"
nc51207465,2008-08-28 13:38:03.940,-121.311,35.8301667,10.39,3.63,"23 km NNW of San Simeon, California"
nc51207076,2008-08-17 05:56:59.370,-124.216,41.1885,15.66,4.6,"7 km WNW of Big Lagoon, California"
nc40221570,2008-08-04 20:03:24.490,-118.739,37.331,16.178,3.73,California-Nevada border region
nn00255981,2008-07-30 21:32:09.011,-116.8344,39.3627,9.5,3.8,"24 km SE of Austin, Nevada"
ci14384236,2008-07-29 20:40:41.500,-117.7428333,33.9423333,15.097,3.64,"6km SSE of Chino Hills, CA"
ci14384052,2008-07-29 18:51:52.290,-117.8018333,33.9516667,16.083,3.8,"6km SW of Chino Hills, CA"
ci14383980,2008-07-29 18:42:15.670,-117.7663333,33.9485,15.503,5.44,"5km S of Chino Hills, CA"
nn00253285,2008-07-08 17:50:54.468,-114.5852,37.4452,2.0,3.5,"19 km SSW of Caliente, Nevada"
nc40220309,2008-07-06 20:25:54.490,-120.7585,35.639,5.881,3.7,"6 km WNW of Paso Robles, California"
nn00252213,2008-06-30 22:49:58.982,-114.3127,37.3304,0.0,4.3,"36 km SSE of Caliente, Nevada"
nc40219867,2008-06-28 14:44:10.510,-118.8188333,37.5848333,9.597,3.9,"9 km WNW of Aspen Springs, California"
ci14376612,2008-06-23 14:14:57.600,-117.2465,34.0476667,14.102,3.99,"1km E of Loma Linda, CA"
nc40219463,2008-06-19 23:57:51.680,-121.3086667,36.681,5.808,3.8,"12 km S of Tres Pinos, California"
nn00249729,2008-06-13 18:31:04.336,-119.6112,40.4725,7.1,3.9,"25 km WSW of Empire, Nevada"
nn00248760,2008-06-08 17:55:19.421,-119.9213,39.5464,1.5,3.9,"3 km N of Mogul, Nevada"
nn00248740,2008-06-08 17:53:40.688,-119.9192,39.5487,2.3,3.7,"3 km N of Mogul, Nevada"
nc51203888,2008-06-06 09:02:53.890,-122.075,37.8158333,7.608,3.5,"5 km ESE of Moraga, California"
nc51203773,2008-06-04 02:29:04.150,-122.1838333,38.2418333,10.065,3.96,"2 km WSW of Green Valley, California"
nc40218402,2008-05-30 04:48:36.230,-122.7641667,38.7758333,1.023,4.14,"6 km SW of Cobb, California"
ci10325809,2008-05-20 02:59:51.880,-117.3528333,35.2696667,3.013,3.73,"28km ESE of Johannesburg, CA"
ci14367532,2008-05-09 22:38:08.350,-116.4555,33.4458333,9.268,4.06,"22km NNW of Borrego Springs, CA"
nn00247350,2008-05-08 05:55:01.579,-119.9256,39.54,2.6,3.6,"2 km N of Mogul, Nevada"
ci14366244,2008-05-04 18:16:30.280,-116.725,33.214,8.196,3.64,"5km SE of Lake Henshaw, CA"
ci12333763,2008-05-02 04:03:42.440,-118.4068333,35.4725,4.62,3.69,"15km SSE of Bodfish, CA"
ci10321585,2008-05-01 08:11:43.220,-118.4253333,35.4733333,4.798,4.43,"14km SSE of Bodfish, CA"
ci10321561,2008-05-01 03:55:35.970,-116.454,33.443,9.248,4.19,"22km NNW of Borrego Springs, CA"
nc40216664,2008-04-30 03:03:06.900,-123.4968333,40.8358333,27.755,5.4,"3 km NNW of Burnt Ranch, California"
nc40216634,2008-04-29 17:45:16.870,-120.7826667,35.4986667,3.665,3.6,"8 km SW of Templeton, California"
nn00243152,2008-04-28 11:33:18.257,-119.9274,39.5275,1.1,4.0,"1 km N of Mogul, Nevada"
nc71005734,2008-04-28 01:24:18.680,-118.5213333,37.4051667,4.408,3.53,"2 km SE of Mesa, California"
nn00278760,2008-04-26 06:41:44.617,-119.926,39.5249,2.3,3.5,"1 km N of Mogul, Nevada"
nn00278758,2008-04-26 06:41:41.008,-119.9334,39.522,2.7,3.5,"1 km NW of Mogul, Nevada"
ci10320621,2008-04-26 06:40:19.120,-119.1331667,38.6103333,3.535,4.7,"27km SE of Smith Valley, NV"
nn00385392,2008-04-26 06:40:10.453,-119.9393,39.5231,2.8,5.1,"1 km NW of Mogul, Nevada"
nn00242527,2008-04-26 06:39:59.648,-119.9279,39.5212,2.8,4.8,"0 km N of Mogul, Nevada"
nn00242477,2008-04-26 01:13:20.999,-119.9283,39.5246,0.9,3.5,"1 km N of Mogul, Nevada"
nn00242164,2008-04-24 22:55:48.953,-119.9332,39.5297,2.9,4.1,"2 km NNW of Mogul, NV"
nn00242157,2008-04-24 22:47:04.170,-119.9283,39.528,2.2,3.6,"1 km N of Mogul, Nevada"
ci10319993,2008-04-23 01:55:29.400,-116.3403333,34.866,4.62,4.14,"23km NW of Ludlow, CA"
nn00241973,2008-04-22 20:40:09.272,-114.8063,41.2206,7.6,3.8,"17 km NE of Wells, Nevada"
nc40215734,2008-04-21 22:00:53.770,-124.2081667,40.7801667,20.609,4.2,"2 km WNW of Bayview, California"
nn00241404,2008-04-15 21:32:31.818,-119.9308,39.5283,1.9,3.5,"1 km NNW of Mogul, Nevada"
ci14360416,2008-04-07 01:27:01.320,-117.6745,35.7835,4.91,3.59,"18km N of Ridgecrest, CA"
nn00239974,2008-04-01 13:16:17.210,-114.8296,41.2255,9.5,4.1,"16 km NE of Wells, Nevada"
nn00239805,2008-03-30 12:27:22.223,-117.3977,37.1532,9.4,3.5,"62 km WNW of Beatty, Nevada"
nn00238358,2008-03-15 16:22:33.530,-114.9023,41.1336,9.9,3.6,"5 km ENE of Wells, Nevada"
nc51198002,2008-03-10 05:14:27.910,-123.2848333,39.3506667,6.5,3.7,"8 km SE of Willits, California"
ci14355252,2008-03-09 09:22:32.080,-117.465,34.139,3.141,3.97,"5km N of Fontana, CA"
nn00237500,2008-03-08 04:17:52.348,-118.4464,38.5724,7.3,3.6,"16 km ENE of Hawthorne, Nevada"
ci10310701,2008-03-06 00:14:26.930,-116.8575,34.2981667,12.129,3.66,"4km NNW of Big Bear City, CA"
nn00236873,2008-03-03 22:45:02.904,-114.8491,41.2038,5.9,3.5,"14 km NE of Wells, Nevada"
nn00236481,2008-02-29 11:08:01.153,-114.7702,41.2288,5.1,3.5,"20 km NE of Wells, Nevada"
nn00236470,2008-02-29 08:49:47.831,-114.8924,41.1121,9.4,3.6,"6 km E of Wells, Nevada"
nn00236336,2008-02-28 15:10:37.755,-114.9237,41.153,8.1,4.0,"5 km NE of Wells, Nevada"
nn00236032,2008-02-27 07:59:38.206,-114.8318,41.1876,9.2,4.1,"13 km NE of Wells, Nevada"
nn00286414,2008-02-27 04:39:43.244,-114.8877,41.0931,8.9,4.1,"6 km ESE of Wells, Nevada"
nn00288387,2008-02-26 12:16:05.461,-114.8839,41.1961,5.4,4.0,"11 km NE of Wells, Nevada"
nn00289576,2008-02-25 16:13:04.630,-114.9149,41.1299,9.0,4.0,"4 km ENE of Wells, Nevada"
nn00289540,2008-02-25 13:23:13.277,-114.8906,41.0995,8.2,4.1,"6 km ESE of Wells, Nevada"
ci14352412,2008-02-24 14:13:33.900,-115.9553333,32.6578333,13.386,3.54,"9km SSE of Ocotillo, CA"
nn00288022,2008-02-24 13:15:27.261,-114.8847,41.1229,0.0,4.1,"6 km E of Wells, Nevada"
nc51197011,2008-02-24 05:32:10.270,-122.81,38.8196667,2.154,3.99,"7 km W of Cobb, California"
nn00287968,2008-02-23 23:32:40.987,-114.8713,41.1625,10.6,4.3,"9 km NE of Wells, Nevada"
nn00235053,2008-02-22 23:27:45.133,-114.9215,41.1279,11.0,4.8,"4 km ENE of Wells, Nevada"
nn00235051,2008-02-22 23:24:03.925,-114.9042,41.1127,8.4,3.8,"5 km E of Wells, Nevada"
nn00234976,2008-02-22 19:22:30.343,-114.8879,41.1222,5.3,3.8,"6 km E of Wells, Nevada"
nn00234964,2008-02-22 18:30:19.281,-114.91,41.114,9.1,3.6,"4 km E of Wells, Nevada"
nn00234957,2008-02-22 17:31:45.329,-114.8706,41.0987,7.7,3.5,Nevada
nn00234955,2008-02-22 17:10:20.143,-114.9242,41.1296,9.4,3.5,"3 km ENE of Wells, Nevada"
nn00234934,2008-02-22 15:30:22.755,-114.9225,41.1184,14.7,3.7,Nevada
nn00234886,2008-02-22 11:17:24.643,-114.9216,41.1663,11.2,3.5,"7 km NNE of Wells, Nevada"
nn00234883,2008-02-22 11:05:29.862,-114.9296,41.1809,8.1,3.6,"8 km NNE of Wells, Nevada"
nn00286845,2008-02-22 10:27:11.215,-114.9038,41.1655,6.3,3.5,Nevada
nn00234828,2008-02-22 07:33:34.953,-114.9544,41.1581,5.4,3.5,"5 km N of Wells, Nevada"
nn00234784,2008-02-22 05:07:22.740,-114.9317,41.1663,9.5,3.6,"6 km NNE of Wells, Nevada"
nn00234715,2008-02-22 02:09:15.351,-114.9247,41.1582,11.5,3.9,"6 km NNE of Wells, Nevada"
nn00286225,2008-02-22 01:50:05.347,-114.902,41.1199,11.7,4.3,"5 km E of Wells, Nevada"
nn00234666,2008-02-21 23:57:50.945,-114.9313,41.1463,13.2,4.6,"4 km NE of Wells, Nevada"
nn00234646,2008-02-21 22:47:28.375,-114.9195,41.1401,16.4,3.5,"4 km NE of Wells, Nevada"
nn00234633,2008-02-21 22:17:19.132,-114.8859,41.1452,4.6,3.5,"7 km ENE of Wells, Nevada"
nn00234591,2008-02-21 20:04:59.393,-114.8246,41.1756,2.6,3.9,"13 km ENE of Wells, Nevada"
nn00234585,2008-02-21 19:53:49.051,-114.9279,41.1164,20.2,3.5,"3 km E of Wells, Nevada"
nn00234579,2008-02-21 19:37:08.521,-114.9205,41.1372,5.6,3.5,"4 km NE of Wells, Nevada"
nn00234505,2008-02-21 17:01:46.612,-114.9337,41.1192,14.4,3.6,"2 km ENE of Wells, Nevada"
nn00234499,2008-02-21 16:39:29.214,-114.9182,41.1287,9.0,3.8,"4 km ENE of Wells, Nevada"
nn00234489,2008-02-21 16:25:49.901,-114.8966,41.1073,8.8,3.8,"5 km E of Wells, Nevada"
nn00234637,2008-02-21 16:20:02.314,-114.87,41.205,3.8,3.9,"13 km NE of Wells, Nevada"
nn00234483,2008-02-21 16:14:17.377,-114.8299,41.1951,0.8,3.6,"14 km NE of Wells, Nevada"
nn00234461,2008-02-21 15:34:25.466,-114.9066,41.1318,5.3,4.1,"5 km ENE of Wells, Nevada"
nn00234449,2008-02-21 15:11:48.122,-114.8793,41.1334,13.6,3.5,"7 km ENE of Wells, Nevada"
nn00234445,2008-02-21 15:06:08.954,-114.9167,41.1265,8.4,3.5,"4 km ENE of Wells, Nevada"
nn00517570,2008-02-21 14:34:55.538,-114.8398,41.137,0.0,5.1,"10 km ENE of Wells, Nevada"
nn00235990,2008-02-21 14:20:51.446,-114.9011,41.1165,6.8,4.6,"5 km E of Wells, Nevada"
nn00234425,2008-02-21 14:16:02.821,-114.8721,41.1444,7.9,5.9,"8 km ENE of Wells, Nevada"
ci14350776,2008-02-18 15:15:31.660,-118.0331667,36.5826667,9.331,3.77,"3km E of Lone Pine, CA"
ci14350304,2008-02-16 11:56:35.990,-117.7325,35.9565,1.504,3.58,"16km E of Little Lake, CA"
nn00232519,2008-02-07 12:53:09.714,-117.8601,38.2197,11.3,3.8,"28 km SE of Mina, Nevada"
nc40210467,2008-02-01 04:56:28.420,-120.1848333,36.0661667,17.542,3.56,"8 km NW of Avenal, California"
nn00231198,2008-01-28 22:18:34.593,-119.9713,39.3087,11.2,3.5,"6 km N of Incline Village, Nevada"
nc51194936,2008-01-19 23:13:05.430,-122.7036667,40.1776667,2.049,4.7,"31 km NW of Rancho Tehama Reserve, California"
nc51194914,2008-01-19 17:18:46.470,-122.7593333,40.1671667,10.169,4.5,"34 km WNW of Rancho Tehama Reserve, California"
ci10299017,2008-01-11 12:05:11.880,-118.5541667,35.3441667,6.411,3.9,"25km NNW of Tehachapi, CA"
ci10295849,2007-12-19 12:14:09.630,-116.9813333,34.1561667,7.817,4.06,"12km SSW of Big Bear Lake, CA"
ci10293685,2007-12-08 13:55:43.960,-116.159,32.648,10.25,3.96,"18km WSW of Ocotillo, CA"
nc40206647,2007-12-01 20:50:12.260,-122.7911667,38.8155,2.146,3.93,"5 km W of Cobb, California"
nc51189877,2007-11-01 16:34:31.280,-118.8136667,37.5396667,4.847,3.53,"9 km W of Aspen Springs, California"
nc51189819,2007-10-31 22:54:24.520,-121.7798333,37.4351667,8.548,3.69,"6 km NNE of East Foothills, California"
nc40204628,2007-10-31 03:04:54.810,-121.7743333,37.4335,9.741,5.45,"6 km NNE of East Foothills, California"
nn00223236,2007-10-25 02:18:12.197,-118.4811,38.5886,4.7,3.7,"14 km ENE of Hawthorne, Nevada"
ci14330056,2007-10-24 12:22:48.770,-117.6846667,35.838,3.54,4.34,"23km ESE of Little Lake, CA"
ci10285533,2007-10-16 08:53:44.120,-117.6346667,34.3853333,6.367,4.2,"3km N of Wrightwood, CA"
nn00221779,2007-10-09 12:13:24.997,-118.5006,38.4821,8.0,3.5,"11 km ESE of Hawthorne, Nevada"
ci14325560,2007-09-25 22:38:23.960,-117.4705,33.7371667,9.268,3.94,"14km NE of Trabuco Canyon, CA"
ci14325120,2007-09-23 08:13:41.750,-116.0515,32.6975,9.02,3.63,"7km SW of Ocotillo, CA"
nc40201994,2007-09-17 14:43:20.610,-122.3881667,38.8601667,8.022,3.6,Northern California
nn00219602,2007-09-13 10:30:48.890,-116.7864,40.6421,5.8,3.6,"12 km E of Battle Mountain, Nevada"
nc40201735,2007-09-13 00:51:42.260,-120.3088333,36.2433333,11.639,3.94,"12 km NNE of Coalinga, California"
ci10279321,2007-09-12 11:30:25.640,-117.4833333,33.7306667,10.602,3.79,"12km NE of Trabuco Canyon, CA"
ci10277945,2007-09-09 13:11:49.230,-117.3253333,32.7705,10.986,3.77,"10km SSW of La Jolla, CA"
nc40201555,2007-09-09 12:19:46.320,-122.8673333,38.83,2.122,3.5,"12 km W of Cobb, California"
ci10277865,2007-09-09 02:34:42.310,-117.7635,33.003,5.849,3.95,"42km WSW of Carlsbad, CA"
nn00219095,2007-09-09 01:33:23.775,-117.107,40.3556,7.9,3.6,"35 km SSW of Battle Mountain, Nevada"
ci10276637,2007-09-05 15:16:47.810,-117.4768333,33.7345,4.092,3.5,"13km NE of Trabuco Canyon, CA"
ci10276197,2007-09-04 14:47:59.640,-117.3406667,32.767,10.786,4.06,"11km SW of La Jolla, CA"
ci10275733,2007-09-02 17:29:14.790,-117.477,33.7321667,12.192,4.73,"13km NE of Trabuco Canyon, CA"
ci10274201,2007-08-30 09:53:08.180,-117.3365,32.7678333,10.476,3.52,"11km SSW of La Jolla, CA"
ci10273353,2007-08-29 04:13:48.600,-116.052,33.1051667,11.811,3.72,"8km ESE of Ocotillo Wells, CA"
ci14313828,2007-08-16 19:23:23.450,-118.6161667,34.2988333,4.672,3.57,"5km NNW of Chatsworth, CA"
ci14312160,2007-08-09 07:58:49.590,-118.6195,34.2995,7.062,4.66,"5km NNW of Chatsworth, CA"
usp000fj0a,2007-08-06 05:59:45.800,-114.39,37.653,5.0,3.9,"5 km SE of Beaverdam, Nevada"
nn00214580,2007-07-29 04:57:46.481,-115.9313,40.5498,11.3,3.6,"23 km SE of Carlin, Nevada"
nc51184307,2007-07-20 17:50:20.350,-122.8066667,38.8066667,0.342,3.79,"7 km WSW of Cobb, California"
nc40199209,2007-07-20 11:42:22.360,-122.193,37.804,5.262,4.2,"4 km ESE of Piedmont, California"
ci10260293,2007-07-08 07:27:41.180,-119.6808333,34.8651667,-1.324,3.74,"33km SW of Maricopa, CA"
nc51183708,2007-07-02 19:58:53.160,-121.621,36.8816667,8.06,4.2,"2km ESE of Aromas, CA"
nc51183428,2007-06-23 22:33:29.440,-123.7326667,40.2615,25.982,3.54,"7 km NE of Phillipsville, California"
nc51182810,2007-06-12 07:23:43.130,-118.8675,37.5403333,7.94,4.6,"14km SE of Mammoth Lakes, CA"
nc51182809,2007-06-12 07:22:36.080,-118.8676667,37.5421667,7.427,3.6,"13 km W of Aspen Springs, California"
ci14296288,2007-06-05 21:13:07.670,-119.2253333,34.8793333,12.167,3.56,"8km WNW of Pine Mountain Club, CA"
ci14295984,2007-06-04 08:15:09.230,-119.2288333,34.8793333,11.537,3.74,"8km WNW of Pine Mountain Club, CA"
ci14295640,2007-06-02 05:11:26.470,-116.2118333,33.8718333,4.233,4.26,"17km N of Indio, CA"
ci14295380,2007-06-01 02:08:37.830,-116.1105,32.6753333,11.463,4.06,"13km WSW of Ocotillo, CA"
ci10249569,2007-05-24 06:15:15.580,-117.3851667,34.1968333,12.285,3.92,"3km SSE of Devore, CA"
ci10249565,2007-05-24 06:11:39.770,-117.3861667,34.1971667,12.115,3.86,"3km SSE of Devore, CA"
nc51182151,2007-05-22 11:34:12.170,-120.4125,35.862,8.65,4.01,"4km SSE of Parkfield, CA"
nc51182114,2007-05-20 23:10:19.540,-121.727,37.364,6.358,3.5,"8 km ESE of East Foothills, California"
ci10248477,2007-05-20 09:40:43.800,-115.9213333,32.9703333,4.096,3.69,"27km NNE of Ocotillo, CA"
ci14287800,2007-04-28 14:55:17.500,-116.499,33.0743333,10.705,3.56,"10km E of Julian, CA"
nn00205477,2007-04-27 19:55:11.361,-115.2946,37.1311,9.2,3.6,"28 km SSW of Alamo, Nevada"
usp000faqx,2007-04-27 15:42:50.560,-115.32,37.096,5.0,3.6,"32 km SSW of Alamo, Nevada"
nc51181154,2007-04-24 21:08:28.530,-122.7965,38.7946667,1.65,4.46,"7 km WSW of Cobb, California"
nc40195896,2007-04-20 03:25:27.010,-119.534,38.6493333,1.366,3.56,"3 km NNW of Topaz, California"
nc40195856,2007-04-19 03:52:44.410,-123.1061667,39.4408333,3.878,3.5,"13 km N of Potter Valley, California"
ci14285852,2007-04-18 22:23:12.000,-116.5941667,33.448,10.01,3.56,"14km SSE of Anza, CA"
usp000f9zw,2007-04-18 11:16:57.590,-121.506,34.66,5.0,4.0,"91 km W of Vandenberg Air Force Base, California"
nc40195779,2007-04-18 08:42:22.330,-123.1073333,39.4645,4.725,4.79,"15 km N of Potter Valley, California"
ci14285168,2007-04-15 22:57:26.720,-116.0565,32.6923333,7.703,4.41,"8km SW of Ocotillo, CA"
nc40195236,2007-04-02 01:04:15.280,-118.3781667,37.3738333,12.276,3.94,"1 km NE of Bishop, California"
ci14282008,2007-03-30 09:09:35.830,-117.7753333,36.0276667,-0.663,4.11,"16km NE of Little Lake, CA"
nc51179423,2007-03-09 03:20:09.820,-119.3625,38.4111667,5.483,3.87,"15 km SE of Walker, California"
nc51179422,2007-03-09 03:17:32.110,-119.3606667,38.4293333,6.785,4.7,"13 km SE of Walker, California"
nc40194055,2007-03-02 04:40:00.750,-122.1113333,37.8965,15.981,4.23,"1 km NNE of Lafayette, California"
nn00200058,2007-02-28 11:47:41.376,-114.8697,41.1544,11.4,3.7,"9 km ENE of Wells, Nevada"
nc40193905,2007-02-25 17:02:27.480,-121.075,37.3055,6.282,3.5,"4 km W of Newman, California"
usp000f5ec,2007-02-23 00:25:16.380,-116.31,40.113,5.0,3.5,"40 km SE of Crescent Valley, Nevada"
nc40193746,2007-02-20 16:46:13.200,-121.3796667,35.7828333,6.565,3.8,"23 km NW of San Simeon, California"
ci10231745,2007-02-14 08:51:13.540,-115.5628333,32.5618333,5.966,3.75,"3km SE of Progreso, B.C., MX"
ci10230869,2007-02-09 03:33:44.070,-116.148,33.2113333,11.881,4.29,"8km NNW of Ocotillo Wells, CA"
nn00197036,2007-01-24 11:30:16.099,-117.0986,37.4133,6.1,4.1,"34 km SSE of Goldfield, Nevada"
ci10226877,2007-01-17 16:07:47.800,-116.3163333,32.9816667,3.359,3.81,"25km SW of Ocotillo Wells, CA"
nc51177779,2007-01-17 14:01:08.040,-118.5311667,37.4071667,5.23,3.6,"1 km SE of Mesa, California"
nc51177644,2007-01-12 11:27:50.290,-122.6156667,38.3901667,9.694,3.7,"6 km WSW of Kenwood, California"
nn00195898,2006-12-25 08:44:10.700,-114.641,37.2381,4.1,3.5,"43 km SSW of Caliente, Nevada"
ci10223765,2006-12-24 03:43:38.860,-116.0508333,33.7068333,12.696,4.11,"11km NE of Thermal, CA"
nc51177103,2006-12-23 06:49:57.280,-122.2451667,37.8576667,9.153,3.6,"2 km ESE of Berkeley, California"
nc51177042,2006-12-21 03:12:28.760,-122.2446667,37.8571667,8.643,3.6,"2 km ESE of Berkeley, California"
nc51176976,2006-12-19 15:21:42.410,-118.1878333,37.4956667,3.938,3.7,"21 km SSW of Dyer, Nevada"
nc51176849,2006-12-16 06:14:05.350,-120.2916667,36.173,10.21,4.2,"7km ENE of Coalinga, CA"
nc51176830,2006-12-15 19:21:55.920,-120.2915,36.172,9.659,3.88,"7 km ENE of Coalinga, California"
nn00194205,2006-12-10 23:04:37.557,-118.3889,38.1872,9.3,3.6,"33 km SW of Mina, Nevada"
ci14263768,2006-11-29 22:15:39.200,-115.9796667,32.8228333,1.211,3.87,"10km N of Ocotillo, CA"
nc21549979,2006-11-29 21:20:46.780,-121.4538333,36.8485,3.05,3.7,"4 km W of Hollister, California"
ci14263716,2006-11-29 21:12:52.410,-115.977,32.8255,2.191,3.75,"10km N of Ocotillo, CA"
ci14263712,2006-11-29 21:10:55.430,-115.9725,32.8205,3.621,4.11,"10km NNE of Ocotillo, CA"
ci14263544,2006-11-29 12:17:35.540,-115.9708333,32.8181667,3.081,3.9,"10km NNE of Ocotillo, CA"
nc21549695,2006-11-28 04:06:40.160,-120.7543333,35.6318333,6.442,3.8,"5 km W of Paso Robles, California"
ci14263132,2006-11-27 21:14:16.580,-117.7116667,36.0611667,-0.302,3.88,"21km E of Coso Junction, CA"
nc21549461,2006-11-26 22:11:48.820,-118.8403333,37.4536667,6.206,3.8,California-Nevada border region
nc21548264,2006-11-17 13:33:36.950,-122.0715,40.1513333,27.662,3.5,"11 km NE of Proberta, California"
ci10217433,2006-11-14 13:32:14.960,-116.0416667,32.6921667,7.966,3.94,"7km SW of Ocotillo, CA"
nc21547458,2006-11-10 05:05:56.300,-123.2808333,39.3576667,2.59,3.7,"8 km SE of Willits, California"
nc21547350,2006-11-09 08:38:13.440,-123.2823333,39.3586667,4.06,4.1,"8 km SE of Willits, California"
nn00191620,2006-11-08 08:03:10.937,-118.2585,40.2054,10.1,3.7,"18 km E of Lovelock, Nevada"
ci10216101,2006-11-04 19:43:44.610,-117.5761667,34.2058333,3.846,3.6,"9km N of Rancho Cucamonga, CA"
ci10215765,2006-11-03 16:12:13.310,-116.057,32.6975,8.88,3.65,"7km SW of Ocotillo, CA"
ci10215753,2006-11-03 15:56:43.050,-116.0481667,32.676,13.436,4.62,"8km SW of Ocotillo, CA"
nc21545945,2006-10-31 20:26:06.920,-120.4073333,35.8555,8.765,3.63,"5 km SSE of Parkfield, California"
nc21544051,2006-10-20 23:31:39.690,-122.783,38.865,1.979,3.86,"7 km NW of Cobb, California"
nc21543835,2006-10-20 17:00:08.100,-122.7873333,38.8666667,2.546,4.56,"7 km NW of Cobb, California"
nc21543593,2006-10-19 15:20:05.290,-124.3246667,40.2795,15.937,3.65,"29 km SW of Scotia, California"
ci14255632,2006-10-09 20:26:50.860,-116.0678333,33.261,8.997,4.01,"11km WSW of Salton City, CA"
nc21539696,2006-09-29 21:54:09.460,-118.8425,37.4493333,6.332,3.8,"16 km SW of Aspen Springs, California"
nc21539036,2006-09-26 20:56:13.420,-123.2185,39.312,11.522,3.9,"5 km NNW of Redwood Valley, California"
ci10207737,2006-09-14 01:25:14.630,-116.0636667,32.6986667,9.37,3.64,"8km WSW of Ocotillo, CA"
ci10207681,2006-09-14 00:11:06.110,-116.0528333,32.6951667,9.92,4.05,"7km SW of Ocotillo, CA"
ci10206665,2006-09-06 22:18:01.510,-116.0436667,33.1758333,12.813,3.66,"9km ENE of Ocotillo Wells, CA"
ci10205997,2006-09-02 16:29:42.040,-116.368,33.9453333,8.367,3.62,"12km E of Desert Hot Springs, CA"
ci10200841,2006-08-07 01:01:42.370,-116.0356667,33.243,9.182,3.68,"10km SW of Salton City, CA"
nc21530368,2006-08-03 03:08:12.860,-122.5886667,38.3635,8.55,4.5,"5 km W of Glen Ellen, California"
nn00185870,2006-07-24 21:06:08.186,-118.0642,39.0672,6.9,3.5,"25 km NNW of Gabbs, Nevada"
ci14242516,2006-07-23 15:58:52.450,-117.4778333,33.73,10.442,3.69,"13km NE of Trabuco Canyon, CA"
ci14239768,2006-07-12 22:22:46.290,-117.9035,36.0755,2.061,3.69,"5km NE of Coso Junction, CA"
ci14239764,2006-07-12 22:20:50.220,-117.9021667,36.071,2.981,4.02,"5km NE of Coso Junction, CA"
ci14239184,2006-07-10 02:54:43.890,-117.1121667,33.856,10.953,3.9,"7km NNE of Nuevo, CA"
nc21526081,2006-07-06 20:43:24.060,-123.459,38.5043333,-0.511,3.7,"23 km S of Sea Ranch, California"
nc21525602,2006-07-03 12:44:51.080,-123.1205,39.4538333,8.391,3.6,"14 km N of Potter Valley, California"
ci14236768,2006-06-30 00:28:06.560,-116.036,33.2406667,3.459,4.37,"10km SW of Salton City, CA"
nn00183504,2006-06-20 04:16:25.262,-114.6723,37.2291,0.0,4.4,"45 km SSW of Caliente, Nevada"
nc21522424,2006-06-15 12:24:51.110,-121.492,37.1015,2.831,4.3,"10 km E of San Martin, California"
nn00183145,2006-06-13 09:18:05.058,-114.8967,37.3057,0.0,3.5,"24 km ESE of Alamo, Nevada"
ci10187953,2006-06-08 22:45:54.810,-116.7936667,33.9196667,17.605,3.87,"1km WNW of Cabazon, CA"
ci10186185,2006-06-02 00:56:15.020,-115.855,32.6761667,5.973,3.86,"14km ESE of Ocotillo, CA"
nc21519587,2006-05-29 10:38:44.350,-120.4558333,39.3703333,6.845,3.7,"5 km NNW of Kingvale, California"
nc21517486,2006-05-14 17:26:48.100,-121.5176667,35.6945,7.98,3.53,"30 km W of San Simeon, California"
nc30230549,2006-05-12 10:38:35.860,-122.8536667,38.8433333,2.044,4.15,"11 km WNW of Cobb, California"
nc21516950,2006-05-12 10:37:29.330,-122.8138333,38.8171667,3.618,4.71,"7 km W of Cobb, California"
ci10182265,2006-05-09 00:13:36.790,-117.3363333,32.6338333,9.204,3.63,"16km WSW of Coronado, CA"
nn00180802,2006-05-07 13:59:42.997,-118.7501,38.2183,13.6,3.6,"35 km SSW of Hawthorne, Nevada"
nn00180665,2006-05-05 06:36:19.124,-118.7567,38.2284,14.0,4.3,"34 km SSW of Hawthorne, Nevada"
ci10178785,2006-04-13 19:06:27.940,-115.819,32.6258333,14.546,3.6,"20km SE of Ocotillo, CA"
nc21512041,2006-04-07 12:53:26.390,-121.0973333,35.7301667,6.751,3.67,"11 km WSW of Oak Shores, California"
nc21512022,2006-04-07 10:04:28.290,-123.35,39.5646667,8.941,3.5,"13 km NNE of Brooktrails, California"
nc21511951,2006-04-07 01:06:54.940,-121.0933333,35.7251667,6.761,4.2,"11 km WSW of Oak Shores, California"
nc21511755,2006-04-05 14:36:53.350,-121.0928333,35.7271667,6.741,3.63,"11 km WSW of Oak Shores, California"
nc21511291,2006-04-01 12:25:59.780,-121.0935,36.5195,1.434,4.34,"23 km ENE of Soledad, California"
ci14219360,2006-03-29 01:36:23.010,-117.5875,35.6218333,7.927,4.11,"8km E of Ridgecrest, CA"
ci14218504,2006-03-24 05:54:13.010,-116.1785,33.7866667,9.288,3.66,"8km NNE of Indio, CA"
nc21510121,2006-03-21 21:41:42.220,-122.071,37.8093333,12.653,3.7,"5 km SW of Alamo, California"
ci14217884,2006-03-20 17:16:19.680,-116.2213333,32.8736667,11.64,3.65,"26km NW of Ocotillo, CA"
nn00177413,2006-03-14 16:32:03.211,-115.9132,39.7309,0.0,3.8,"24 km N of Eureka, Nevada"
ci14216544,2006-03-11 07:45:03.640,-116.8281667,34.2895,3.579,3.53,"4km NNE of Big Bear City, CA"
ci14215812,2006-03-06 06:54:42.960,-115.573,32.5678333,9.966,3.74,"2km SE of Progreso, B.C., MX"
ci14215316,2006-03-03 13:44:05.210,-117.5563333,35.1213333,1.157,3.71,"16km NNE of Boron, CA"
nc21508102,2006-03-03 12:49:50.950,-123.1141667,39.0315,5.899,3.69,"6 km N of Hopland, California"
nc21506332,2006-02-16 17:47:59.650,-118.7735,37.9848333,8.174,4.1,"30 km E of Lee Vining, California"
nc21504088,2006-01-25 15:29:57.150,-121.4846667,37.3865,5.149,3.6,"18 km W of Diablo Grande, California"
nn00174004,2006-01-23 07:58:52.605,-118.5986,38.6327,4.9,3.9,"12 km N of Hawthorne, Nevada"
nn00173739,2006-01-19 16:25:33.938,-115.9034,39.9758,16.3,3.5,"51 km N of Eureka, Nevada"
nc21502994,2006-01-15 10:42:06.990,-121.5118333,37.3846667,2.313,3.6,"20 km W of Diablo Grande, California"
nc21501572,2005-12-31 21:31:28.370,-119.8295,35.975,25.082,3.92,"12 km ESE of Kettleman City, California"
ci14204720,2005-12-17 02:15:27.490,-117.4468333,34.2396667,9.712,3.61,"5km WNW of Devore, CA"
ci14204000,2005-12-13 20:35:22.810,-117.558,35.1271667,-1.019,3.79,"16km NNE of Boron, CA"
ci14201764,2005-12-03 07:49:34.590,-116.8331667,34.329,3.672,4.17,"8km N of Big Bear City, CA"
nn00169321,2005-11-29 04:45:41.190,-119.0115,39.0793,6.1,3.6,"16 km NE of Yerington, Nevada"
nc21495829,2005-11-21 09:33:11.230,-118.896,38.0638333,9.835,3.98,"21 km E of Mono City, California"
nc30229701,2005-11-17 08:56:26.920,-122.771,38.8038333,0.824,3.52,"4 km WSW of Cobb, California"
nc21495369,2005-11-17 08:55:05.710,-122.7835,38.8138333,1.484,3.88,"5 km W of Cobb, California"
nn00168203,2005-11-13 23:30:35.356,-118.6128,38.0402,8.8,3.8,"27 km NNW of Benton, California"
ci10150549,2005-10-29 09:20:11.510,-116.9598333,35.0325,3.135,3.58,"16km NNE of Barstow, CA"
nc21490563,2005-10-20 16:26:50.760,-123.3125,41.0275,34.635,3.57,"24 km NE of Trinity Village, California"
nc21490245,2005-10-19 00:05:12.030,-122.881,38.835,2.009,4.14,"12 km ENE of Cloverdale, California"
ci10148421,2005-10-18 07:31:03.470,-116.7755,34.0121667,17.785,4.42,"11km N of Cabazon, CA"
ci10148369,2005-10-18 04:08:41.520,-116.7753333,34.0141667,15.676,4.1,"11km N of Cabazon, CA"
nc21488576,2005-10-09 05:10:52.340,-121.0968333,35.6671667,5.726,3.56,"8 km ENE of San Simeon, California"
nc21488452,2005-10-08 12:17:46.250,-121.0983333,35.671,5.746,3.9,"8 km ENE of San Simeon, California"
nn00164691,2005-10-06 01:01:45.170,-117.6042,40.4923,8.0,3.9,"49 km ESE of Imlay, Nevada"
nc21487209,2005-10-03 09:19:03.390,-118.8235,37.5515,8.049,3.71,"9 km W of Aspen Springs, California"
nc21487037,2005-10-02 13:48:09.410,-121.0916667,35.6476667,4.516,4.0,"8 km E of San Simeon, California"
ci14187364,2005-09-25 00:10:09.160,-118.4675,35.3816667,4.87,3.64,"23km S of Bodfish, CA"
ci14186928,2005-09-23 10:21:27.370,-119.035,35.04,10.172,3.69,"14km NW of Grapevine, CA"
ci14186800,2005-09-23 00:09:32.710,-119.0206667,35.0443333,11.322,3.78,"14km NW of Grapevine, CA"
ci14186628,2005-09-22 20:30:52.410,-119.007,35.0448333,10.185,4.18,"13km NNW of Grapevine, CA"
ci14186612,2005-09-22 20:24:48.620,-119.0143333,35.0433333,10.005,4.69,"14km NW of Grapevine, CA"
ci14186608,2005-09-22 20:24:04.880,-119.0096667,35.0338333,10.145,4.47,"12km NW of Grapevine, CA"
ci14185700,2005-09-19 23:00:16.270,-115.5295,33.2398333,9.554,3.8,"1km W of Niland, CA"
nn00190934,2005-09-16 15:09:44.424,-119.6272,39.0647,10.4,4.2,"8 km ENE of Johnson Lane, Nevada"
ci14183744,2005-09-11 06:07:27.560,-116.0441667,33.1733333,0.084,3.77,"9km ENE of Ocotillo Wells, CA"
ci14181756,2005-09-05 08:53:53.550,-115.6213333,33.1761667,6.067,3.83,"11km WNW of Calipatria, CA"
ci14179924,2005-09-02 02:46:35.500,-115.647,33.154,4.866,3.76,"13km WNW of Calipatria, CA"
ci14179736,2005-09-02 01:27:19.590,-115.6463333,33.1533333,1.207,5.08,"13km WNW of Calipatria, CA"
ci12217067,2005-09-02 01:27:18.610,-115.6311667,33.1748333,4.977,4.5,"12km WNW of Calipatria, CA"
ci14179292,2005-09-01 13:50:20.190,-115.6328333,33.1783333,0.004,4.48,"12km WNW of Calipatria, CA"
ci12216915,2005-09-01 13:50:09.270,-115.6311667,33.1693333,4.263,3.65,"12km WNW of Calipatria, CA"
ci14179288,2005-09-01 13:48:25.030,-115.6213333,33.1705,4.443,3.68,"11km WNW of Calipatria, CA"
ci12217251,2005-08-31 23:33:38.850,-115.606,33.2006667,3.807,3.79,"9km WSW of Niland, CA"
ci14178248,2005-08-31 23:32:11.040,-115.603,33.1896667,4.267,4.57,"10km SW of Niland, CA"
ci14178236,2005-08-31 23:27:32.190,-115.5891667,33.1983333,2.892,4.45,"8km SW of Niland, CA"
ci14178212,2005-08-31 23:07:16.450,-115.618,33.1758333,4.622,4.2,"11km WNW of Calipatria, CA"
ci14178188,2005-08-31 22:50:24.030,-115.6115,33.1721667,2.003,4.46,"10km WNW of Calipatria, CA"
ci14178184,2005-08-31 22:47:45.530,-115.6351667,33.1663333,4.003,4.63,"12km WNW of Calipatria, CA"
ci12217219,2005-08-31 22:47:44.850,-115.6186667,33.1716667,3.883,3.5,"11km WNW of Calipatria, CA"
ci14178180,2005-08-31 22:45:49.820,-115.6221667,33.172,4.337,3.62,"11km WNW of Calipatria, CA"
ci14177900,2005-08-31 15:35:37.470,-115.6053333,33.1885,4.558,3.76,"10km SW of Niland, CA"
nc21479484,2005-08-25 02:27:44.280,-124.3086667,40.4816667,26.711,4.11,"11km SSW of Ferndale, CA"
nc21476836,2005-08-13 19:13:20.740,-121.2496667,36.6335,7.06,3.6,"18 km SSE of Tres Pinos, California"
ci14172228,2005-08-12 06:35:55.460,-118.1105,32.5881667,9.744,3.68,"34km SE of San Clemente Is. (SE tip), CA"
ci14169456,2005-08-06 05:40:33.460,-118.045,36.1391667,-1.829,4.38,"14km NW of Coso Junction, CA"
nc30506986,2005-07-25 09:42:52.370,-119.5751667,37.1156667,1.987,3.64,"8 km WNW of Auberry, California"
ci14165408,2005-07-24 12:59:42.870,-119.761,33.674,5.832,4.11,"44km SE of Santa Rosa Is., CA"
ci14163180,2005-07-16 04:58:31.740,-116.3206667,34.8443333,1.808,3.77,"20km NW of Ludlow, CA"
nc21466200,2005-06-29 17:20:31.180,-120.4551667,35.9858333,23.157,3.93,"9 km NNW of Parkfield, California"
ci14158696,2005-06-27 22:17:33.610,-117.0305,34.0541667,11.48,3.96,"3km NNE of Yucaipa, CA"
nc21465694,2005-06-27 00:30:28.340,-120.9993333,35.4251667,5.926,3.71,"9 km WSW of Cayucos, California"
nc21465580,2005-06-26 18:45:57.790,-120.0928333,39.305,-2.261,4.77,"8 km NNW of Tahoe Vista, California"
ci12196991,2005-06-16 20:54:19.950,-117.0231667,34.0526667,16.251,3.65,"3km NE of Yucaipa, CA"
ci14155260,2005-06-16 20:53:26.020,-117.0113333,34.058,10.558,4.88,"4km NE of Yucaipa, CA"
nc21462938,2005-06-16 11:37:51.460,-120.1478333,36.0828333,15.517,3.54,"8 km N of Avenal, California"
nc21462363,2005-06-15 02:57:00.600,-122.8036667,38.8441667,1.465,3.5,"7 km WNW of Cobb, California"
nn00157830,2005-06-14 01:31:42.116,-120.621,39.5249,11.5,3.7,"4 km SSE of Sierra City, California"
ci14151344,2005-06-12 15:41:46.520,-116.5666667,33.5325,13.051,5.2,"10km ESE of Anza, CA"
nc21461462,2005-06-09 13:33:05.510,-120.7991667,35.5503333,3.57,3.5,"8 km W of Templeton, California"
nc21460608,2005-06-04 23:52:36.220,-120.276,36.2385,12.6,3.57,"13 km NE of Coalinga, California"
nc21460096,2005-06-02 14:18:05.850,-121.0926667,35.6666667,5.539,3.51,"9 km ENE of San Simeon, California"
ci14148372,2005-05-29 18:30:45.700,-117.5293333,32.5688333,5.805,3.82,"35km WSW of Coronado, CA"
nc21458405,2005-05-24 17:06:20.670,-121.086,35.6696667,5.139,3.53,"9 km ENE of San Simeon, California"
nc21458268,2005-05-23 19:59:58.660,-121.0835,35.6696667,5.489,4.07,"10 km ENE of San Simeon, California"
ci14146956,2005-05-21 00:39:32.690,-116.2048333,33.2235,14.864,4.06,"11km NW of Ocotillo Wells, CA"
nc21456837,2005-05-16 07:24:37.510,-120.477,35.9288333,9.476,4.48,"5 km NW of Parkfield, California"
nc21455783,2005-05-10 20:21:10.510,-121.7576667,40.9461667,17.106,4.43,"10 km NW of Burney, California"
nc21455621,2005-05-09 22:37:39.060,-122.7546667,38.7885,-0.514,4.33,"4 km SW of Cobb, California"
nc21455182,2005-05-08 08:43:55.350,-122.1623333,38.3783333,8.527,4.14,"7 km SSE of Moskowite Corner, California"
ci10097009,2005-05-06 02:29:09.510,-119.1813333,35.0306667,10.678,4.06,"20km E of Maricopa, CA"
ci10094253,2005-04-24 21:44:28.450,-118.6286667,33.7991667,9.942,3.59,"22km W of Palos Verdes Estates, CA"
ci14139160,2005-04-21 13:26:37.310,-120.0265,33.6596667,5.574,3.8,"32km SSE of Santa Rosa Is., CA"
ci14139108,2005-04-21 06:36:19.040,-120.0333333,33.657,5.574,3.95,"33km SSE of Santa Rosa Is., CA"
ci14139032,2005-04-20 22:40:48.780,-119.0881667,34.8936667,10.265,3.61,"8km NE of Pine Mountain Club, CA"
nn00136043,2005-04-16 21:29:06.112,-117.872,38.2258,6.6,3.5,"27 km SE of Mina, Nevada"
ci14138080,2005-04-16 19:18:13.400,-119.191,35.0223333,9.288,4.59,"20km ESE of Maricopa, CA"
nn00135671,2005-04-13 21:55:15.612,-118.5135,38.6249,9.2,3.6,"14 km NE of Hawthorne, Nevada"
ci14137160,2005-04-12 11:06:46.680,-116.8211667,32.7248333,9.787,3.94,"5km E of Jamul, CA"
nc21447168,2005-03-26 04:36:48.830,-120.387,35.8388333,6.459,3.68,"7 km SSE of Parkfield, California"
ci14133048,2005-03-22 08:55:05.580,-116.2595,33.28,4.258,3.7,"11km ENE of Borrego Springs, CA"
ci14131872,2005-03-14 20:23:07.110,-118.669,34.423,13.737,3.55,"8km SSW of Castaic, CA"
nc21445149,2005-03-13 22:09:12.760,-118.8398333,37.4536667,5.448,4.0,"15 km SW of Aspen Springs, California"
nn00129100,2005-02-19 10:17:20.730,-118.59,38.0365,8.2,3.6,"26 km NNW of Benton, California"
nn00129012,2005-02-18 22:08:37.794,-118.2129,38.3796,8.5,3.8,"9 km W of Mina, Nevada"
nc21438324,2005-02-08 22:00:48.890,-120.5053333,35.9538333,9.042,3.54,"8 km NW of Parkfield, California"
nc21437727,2005-02-05 18:43:30.310,-121.4833333,37.4003333,7.195,4.18,"18 km W of Diablo Grande, California"
nn00126586,2005-02-01 22:20:04.147,-117.8316,41.2662,0.1,3.5,"33 km NNW of Winnemucca, Nevada"
nc21436234,2005-01-28 13:03:26.320,-120.042,36.0461667,9.566,3.85,"8 km WNW of Kettleman City, California"
ci14118096,2005-01-12 08:10:46.380,-116.3953333,33.9526667,7.107,4.26,"10km E of Desert Hot Springs, CA"
ci14116972,2005-01-06 14:35:27.680,-117.4448333,34.1238333,6.148,4.42,"3km NNE of Fontana, CA"
ci14116920,2005-01-06 12:11:29.780,-117.4373333,34.1183333,4.078,3.56,"3km NE of Fontana, CA"
