id,time,longitude,latitude,depth,magnitude,place
ci40151807,2022-12-31 12:12:26.650,-116.3933333,33.3975,3.88,4.14,"16 km N of Borrego Springs, CA"
ci40151719,2022-12-31 11:41:09.460,-116.9218333,34.3556667,4.73,3.47,"11km SSE of Lucerne Valley, CA"
nc73827136,2022-12-31 09:18:30.970,-124.3166667,40.5391667,17.7,2.64,"6km SW of Ferndale, CA"
nc73827126,2022-12-31 09:02:23.470,-122.015,38.4573333,18.5,2.76,"6km WNW of Allendale, CA"
nc73826571,2022-12-29 23:03:35.160,-119.3848333,37.6516667,7.88,2.61,"20km ESE of Yosemite Valley, CA"
nc73826471,2022-12-29 17:17:29.200,-124.0883333,40.5995,17.5,2.54,"6km N of Hydesville, CA"
nc73826156,2022-12-29 00:16:18.980,-124.0901667,40.5875,22.1,2.97,"4km N of Hydesville, CA"
ci40150719,2022-12-28 00:55:24.090,-115.604,33.1173333,9.62,2.66,"8km W of Calipatria, CA"
nc73825756,2022-12-27 18:07:18.980,-122.7681667,38.7865,1.61,2.5,"1km NW of The Geysers, CA"
ci40150599,2022-12-27 14:50:47.040,-116.8873333,34.5795,5.53,2.99,"17km NNE of Lucerne Valley, CA"
ci40149879,2022-12-25 18:53:13.340,-116.766,33.9778333,16.51,2.57,"7km NNE of Cabazon, CA"
ci40149623,2022-12-25 08:40:38.690,-116.3198333,33.9333333,5.06,2.5,"14km NNE of Thousand Palms, CA"
nc73824236,2022-12-24 19:33:44.190,-124.0083333,40.5571667,22.4,4.16,"8km E of Hydesville, CA"
nc73823706,2022-12-23 14:36:59.120,-122.7485,38.5065,6.48,2.52,"1km SSE of Larkfield-Wikiup, CA"
nc73823036,2022-12-22 11:49:55.860,-124.3346667,40.3601667,28.71,3.79,"6km NW of Petrolia, CA"
nc73822906,2022-12-22 05:24:44.280,-124.1008333,40.5978333,19.42,2.71,"5km E of Fortuna, CA"
nc73822861,2022-12-22 02:22:50.250,-122.025,37.6201667,3.82,3.34,"3km N of Union City, CA"
nc73822836,2022-12-22 01:21:23.600,-124.0696667,40.6041667,15.82,2.68,"7km NNE of Hydesville, CA"
nc73822711,2022-12-21 20:56:12.360,-124.0081667,40.6381667,18.26,2.65,"13km NE of Hydesville, CA"
nc73822566,2022-12-21 16:34:26.520,-122.1453333,37.739,4.17,2.93,"2km NNE of San Leandro, CA"
nc73822556,2022-12-21 16:28:16.310,-124.0651667,40.5971667,22.03,3.3,"6km NNE of Hydesville, CA"
ci40392904,2022-12-21 11:36:49.040,-117.531,35.6953333,9.46,2.9,"14km SW of Searles Valley, CA"
nc73822341,2022-12-21 07:17:15.200,-124.029,40.693,21.97,3.0,"11km ESE of Pine Hills, CA"
nc73822256,2022-12-21 05:02:53.790,-124.0273333,40.5208333,23.31,2.77,"7km ESE of Hydesville, CA"
nc73822251,2022-12-21 04:55:24.650,-124.0765,40.5935,22.58,2.56,"5km NNE of Hydesville, CA"
nc73822246,2022-12-21 04:38:53.080,-124.0805,40.6011667,16.16,2.53,"6km NNE of Hydesville, CA"
ci40392824,2022-12-21 00:46:14.410,-116.1555,33.7866667,5.77,2.55,"9km NE of Indio, CA"
nc73822111,2022-12-21 00:15:31.470,-124.0691667,40.5586667,18.91,2.74,"3km ENE of Hydesville, CA"
nc73822056,2022-12-20 22:43:03.170,-124.3298333,40.533,17.4,2.56,"7km SW of Ferndale, CA"
nc73822026,2022-12-20 22:06:34.380,-124.3291667,40.5455,19.74,4.35,"6km WSW of Ferndale, CA"
nc73822021,2022-12-20 22:01:19.480,-124.1055,40.5795,21.72,2.58,"4km N of Hydesville, CA"
nc73821996,2022-12-20 20:25:47.300,-124.3391667,40.547,15.42,2.53,"7km WSW of Ferndale, CA"
nc73821776,2022-12-20 17:00:57.230,-124.3565,40.5368333,16.77,2.81,"9km WSW of Ferndale, CA"
nc73821766,2022-12-20 16:40:03.440,-124.3358333,40.5416667,16.98,2.7,"7km WSW of Ferndale, CA"
nc73821761,2022-12-20 16:33:41.550,-124.3623333,40.5303333,17.7,3.2,"10km WSW of Ferndale, CA"
nc73821666,2022-12-20 15:33:26.910,-124.3181667,40.5461667,18.06,3.18,"6km SW of Ferndale, CA"
nc71129529,2022-12-20 15:33:01.090,-124.0028333,40.6371667,18.27,2.91,"13km NE of Hydesville, CA"
us6000jal4,2022-12-20 15:33:00.607,-124.0079,40.6659,25.886,2.6,"14 km ESE of Pine Hills, California"
nc73821656,2022-12-20 15:30:01.280,-123.9766667,40.5656667,20.1,3.01,"10km E of Hydesville, CA"
nc73821636,2022-12-20 15:09:05.740,-124.0688333,40.6005,22.5,3.99,"6km NNE of Hydesville, CA"
nc73821551,2022-12-20 14:10:59.980,-123.8398333,40.7291667,19.47,2.66,"21km SE of Blue Lake, CA"
nc73821486,2022-12-20 13:35:06.290,-124.324,40.5268333,18.0,3.4,"8km SW of Ferndale, CA"
nc73821476,2022-12-20 13:30:45.350,-124.3268333,40.5228333,18.34,2.57,"8km SW of Ferndale, CA"
nc73821431,2022-12-20 13:08:15.260,-124.3391667,40.5166667,17.75,2.52,"9km SW of Ferndale, CA"
nc73821426,2022-12-20 13:05:20.530,-124.3431667,40.5225,18.62,2.53,"9km SW of Ferndale, CA"
nc73821386,2022-12-20 12:40:17.080,-124.1985,40.6136667,23.94,2.52,"4km WNW of Fortuna, CA"
nc73821346,2022-12-20 12:21:43.940,-124.0973333,40.5956667,18.46,2.99,"5km E of Fortuna, CA"
nc73821341,2022-12-20 12:20:28.950,-124.3151667,40.5356667,18.32,2.56,"6km SW of Ferndale, CA"
nc73821321,2022-12-20 12:14:54.000,-124.3285,40.5405,19.24,2.53,"7km SW of Ferndale, CA"
nc73821296,2022-12-20 12:04:41.050,-123.8405,40.7355,19.76,2.81,"20km SE of Blue Lake, CA"
nc73821226,2022-12-20 11:42:54.980,-124.3145,40.529,17.94,3.02,"7km SW of Ferndale, CA"
nc73821181,2022-12-20 11:21:40.110,-124.2598333,40.5871667,20.96,2.71,"1km NNE of Ferndale, CA"
nc73821156,2022-12-20 11:09:01.730,-124.323,40.5405,17.94,2.99,"6km SW of Ferndale, CA"
nc73821146,2022-12-20 11:05:02.360,-124.3256667,40.5345,18.78,2.52,"7km SW of Ferndale, CA"
nc73821141,2022-12-20 11:03:09.540,-124.0923333,40.5868333,22.36,2.99,"4km N of Hydesville, CA"
nc73821136,2022-12-20 11:02:13.380,-124.3286667,40.5318333,18.03,2.72,"7km SW of Ferndale, CA"
nc73821126,2022-12-20 10:57:45.610,-124.3115,40.5386667,17.63,2.67,"6km SW of Ferndale, CA"
nc73821121,2022-12-20 10:54:50.580,-124.3126667,40.5436667,18.43,2.59,"6km SW of Ferndale, CA"
nc73821111,2022-12-20 10:53:16.680,-124.3543333,40.5273333,17.09,3.52,"9km SW of Ferndale, CA"
nc73821106,2022-12-20 10:52:39.630,-124.3128333,40.586,20.75,3.05,"4km WNW of Ferndale, CA"
nc73821116,2022-12-20 10:51:33.830,-124.3221667,40.5298333,18.08,2.68,"7km SW of Ferndale, CA"
nc73821081,2022-12-20 10:48:55.510,-124.1355,40.6,21.58,2.81,"2km E of Fortuna, CA"
nc73821076,2022-12-20 10:48:38.340,-123.9093333,40.5905,25.12,2.59,"17km ENE of Hydesville, CA"
nc73821071,2022-12-20 10:47:34.230,-124.063,40.6031667,15.37,2.51,"7km NNE of Hydesville, CA"
nc73821046,2022-12-20 10:39:02.360,-124.1881667,40.5228333,26.55,4.92,"7km WNW of Rio Dell, CA"
nc73820626,2022-12-19 09:41:09.820,-119.8201667,37.3525,22.26,2.56,"8km W of Ahwahnee, CA"
nc73819746,2022-12-17 11:39:42.860,-122.304,37.9181667,5.48,3.57,"1km ENE of El Cerrito, CA"
ci40391032,2022-12-16 03:26:49.190,-117.8655,33.8498333,7.38,2.63,"2km S of Placentia, CA"
ci40390912,2022-12-15 22:08:53.140,-116.9858333,34.2301667,8.0,2.7,"7km WSW of Big Bear Lake, CA"
nc73819026,2022-12-15 19:33:28.750,-123.814,40.7115,20.84,2.54,"24km SE of Blue Lake, CA"
nc73818431,2022-12-14 01:55:15.630,-121.2621667,36.6455,5.57,2.58,"16km NW of Pinnacles, CA"
nc73818126,2022-12-13 12:31:28.820,-121.2093333,36.6046667,8.88,3.28,"10km NW of Pinnacles, CA"
nc73817871,2022-12-12 23:56:32.660,-122.8348333,38.8615,1.13,2.69,"11km WNW of Cobb, CA"
nc73817481,2022-12-12 01:04:54.450,-124.2786667,40.342,27.35,2.68,"2km NNE of Petrolia, CA"
ci40143903,2022-12-09 06:03:03.220,-116.0415,32.8348333,10.3,2.57,"12km NNW of Ocotillo, CA"
nc73816436,2022-12-09 05:33:33.340,-122.7863333,38.8013333,-0.05,2.58,"4km NW of The Geysers, CA"
nc73816346,2022-12-08 23:25:09.140,-121.6036667,36.873,4.73,2.65,"4km ESE of Aromas, CA"
nc73815951,2022-12-08 02:46:32.300,-120.1395,39.631,-1.24,3.12,"10km ESE of Loyalton, CA"
ci40143335,2022-12-08 02:28:49.080,-118.393,35.5033333,4.85,2.62,"13km SE of Bodfish, CA"
ci40143255,2022-12-07 21:47:06.790,-117.032,34.1771667,7.42,2.71,"8km ESE of Running Springs, CA"
ci40142983,2022-12-07 14:13:22.690,-118.3915,35.5086667,5.07,3.59,"13 km SE of Bodfish, CA"
ci40142759,2022-12-07 00:28:54.200,-117.708,36.0448333,1.79,2.74,"22km NE of Little Lake, CA"
ci40142751,2022-12-07 00:27:03.030,-117.7101667,36.0406667,1.8,2.71,"21km ENE of Little Lake, CA"
nc73814971,2022-12-06 00:10:37.510,-120.0126667,35.9356667,9.46,3.98,"9km SSW of Kettleman City, CA"
nc73814941,2022-12-05 23:13:16.710,-121.6876667,37.3258333,8.21,3.59,"13km ESE of Alum Rock, CA"
nc73814636,2022-12-05 03:20:59.510,-118.6121667,37.4771667,8.43,2.63,"7km N of Round Valley, CA"
nc73814616,2022-12-05 02:26:51.940,-120.026,35.9336667,7.93,2.84,"10km SW of Kettleman City, CA"
nc73814346,2022-12-04 00:27:24.240,-121.9458333,37.8783333,16.47,2.9,"5km NNE of Diablo, CA"
nc73813981,2022-12-02 21:49:43.910,-120.8478333,36.249,8.15,2.6,"20km NE of San Lucas, CA"
ci40383632,2022-12-02 13:08:05.840,-119.2921667,34.4301667,10.61,2.59,"5km WSW of Ojai, CA"
nc73813816,2022-12-02 12:21:48.910,-118.338,37.1563333,8.17,3.91,"4km WSW of Big Pine, CA"
nc73813776,2022-12-02 10:36:11.990,-118.5341667,37.4156667,6.4,2.58,"6km E of Round Valley, CA"
nc73813551,2022-12-01 21:17:12.070,-118.5338333,37.4171667,5.97,2.59,"6km E of Round Valley, CA"
ci40383192,2022-12-01 15:28:29.660,-116.0403333,32.8361667,10.46,3.82,"12km NNW of Ocotillo, CA"
nc73813076,2022-11-30 12:09:32.900,-123.0855,39.0416667,4.14,2.72,"12km SE of Talmage, CA"
nc73812746,2022-11-29 12:23:17.830,-123.1873333,39.8096667,7.75,2.53,"6km ENE of Covelo, CA"
ci40381488,2022-11-27 11:49:45.090,-116.0193333,33.1608333,3.29,2.63,"11km E of Ocotillo Wells, CA"
ci40381112,2022-11-26 07:34:42.900,-116.9095,35.5861667,1.99,2.52,"41km NNW of Fort Irwin, CA"
nc73811581,2022-11-26 03:15:51.460,-121.3368333,36.7043333,2.81,2.6,"10km S of Tres Pinos, CA"
nc73811561,2022-11-26 01:16:43.110,-121.2633333,36.6423333,6.36,2.7,"16km NW of Pinnacles, CA"
ci40380672,2022-11-25 09:06:01.510,-118.3508333,33.9923333,9.84,2.52,"0km SSW of View Park-Windsor Hills, CA"
nc73811036,2022-11-24 15:37:56.420,-120.5643333,36.0043333,4.14,2.51,"17km NW of Parkfield, CA"
ci40380264,2022-11-24 07:20:54.950,-115.5835,33.0695,11.77,3.01,"5km NE of Westmorland, CA"
nc73810741,2022-11-23 22:34:02.290,-121.6641667,37.2916667,5.82,2.92,"15km E of Seven Trees, CA"
ci40380048,2022-11-23 22:16:57.350,-117.7658333,33.8758333,4.79,2.78,"5km ESE of Yorba Linda, CA"
ci40379888,2022-11-23 13:38:09.700,-117.4441667,35.6381667,6.62,2.51,"15km SSW of Searles Valley, CA"
ci40379696,2022-11-23 03:42:45.020,-115.9686667,32.91,9.87,2.57,"20km N of Ocotillo, CA"
nc73809431,2022-11-19 21:49:22.100,-120.8061667,35.5711667,3.46,2.81,"9km WNW of Templeton, CA"
ci40377816,2022-11-19 04:15:41.720,-116.9511667,34.1968333,9.08,2.62,"6km SW of Big Bear Lake, CA"
nc73808001,2022-11-16 05:22:16.280,-122.4241667,37.4401667,10.54,2.83,"3km S of Half Moon Bay, CA"
nc73805095,2022-11-14 20:29:54.130,-122.7993333,38.8171667,3.39,2.69,"6km NW of The Geysers, CA"
nc73805070,2022-11-14 20:27:18.830,-122.793,38.82,2.92,2.96,"6km NNW of The Geysers, CA"
nc73804360,2022-11-12 17:06:55.630,-121.5528333,36.8175,6.37,2.73,"3km SSW of San Juan Bautista, CA"
nc73804285,2022-11-12 13:11:22.400,-119.5185,38.5111667,4.48,3.09,"3km W of Walker, CA"
nc73804110,2022-11-12 04:31:09.900,-122.0476667,37.8308333,9.69,2.71,"2km SSW of Alamo, CA"
ci40131063,2022-11-11 12:05:35.820,-117.7288333,35.8905,2.73,2.8,"17km ESE of Little Lake, CA"
ci40131047,2022-11-11 11:16:19.920,-117.5666667,35.7415,3.56,3.19,"15km W of Searles Valley, CA"
nc73803290,2022-11-10 13:29:43.910,-122.735,38.8085,2.41,2.61,"2km SW of Cobb, CA"
nc73802785,2022-11-08 16:35:25.910,-120.3948333,39.6085,-1.58,2.76,"15km WSW of Loyalton, CA"
nc73802750,2022-11-08 15:26:06.880,-123.115,39.4851667,3.83,2.63,"16km WNW of Lake Pillsbury, CA"
nc73802520,2022-11-07 19:41:35.350,-119.5206667,38.5181667,4.61,3.23,"4km W of Walker, CA"
nc73802510,2022-11-07 19:38:53.130,-123.1898333,39.7935,5.85,2.51,"5km E of Covelo, CA"
nc73802505,2022-11-07 19:32:58.440,-119.5126667,38.5203333,4.55,2.88,"3km WNW of Walker, CA"
nc73804556,2022-11-07 02:01:27.780,-123.1165,39.4828333,5.64,3.76,"16km WNW of Lake Pillsbury, CA"
ci40129359,2022-11-05 20:39:33.120,-118.2781667,33.8315,11.22,2.69,"0km E of Carson, CA"
nc73803991,2022-11-05 19:06:48.590,-121.2515,36.629,9.46,2.8,"14km NW of Pinnacles, CA"
ci40129239,2022-11-05 10:59:26.120,-117.4993333,35.647,7.95,2.66,"16km SSW of Searles Valley, CA"
nc73803321,2022-11-04 20:27:36.120,-122.795,38.8333333,1.26,2.94,"6km WNW of Cobb, CA"
nc73803326,2022-11-04 20:26:32.930,-122.7961667,38.8331667,2.47,3.19,"6km W of Cobb, CA"
nc73803131,2022-11-04 11:46:03.760,-119.4043333,37.4886667,21.94,2.55,"28km NE of Oakhurst, CA"
nc73802826,2022-11-04 02:08:26.420,-122.8013333,38.8363333,1.81,2.83,"7km WNW of Cobb, CA"
nc73802691,2022-11-03 15:45:22.480,-121.7728333,37.43,8.78,2.8,"9km NE of Alum Rock, CA"
nc73802391,2022-11-02 11:12:23.450,-121.6745,37.3105,7.76,2.77,"15km E of Seven Trees, CA"
nc73802331,2022-11-02 04:58:23.840,-121.3175,36.6871667,3.1,2.54,"11km S of Tres Pinos, CA"
ci40127847,2022-10-31 22:53:45.650,-117.3248333,35.974,2.7,2.86,"24km NNE of Trona, CA"
nc73801601,2022-10-31 07:20:59.600,-121.6805,37.3158333,7.25,2.83,"14km ESE of Alum Rock, CA"
nc73801581,2022-10-31 06:06:32.330,-121.8145,37.6296667,8.56,2.8,"6km SE of Pleasanton, CA"
ci40127463,2022-10-31 04:52:58.560,-117.569,34.3418333,4.35,3.01,"6km ESE of Wrightwood, CA"
ci40127287,2022-10-30 13:24:56.920,-117.3738333,36.5111667,4.9,2.52,"23km WSW of Stovepipe Wells, CA"
ci40127223,2022-10-30 08:16:03.080,-117.2351667,34.0463333,15.17,2.85,"2km E of Loma Linda, CA"
nc73800236,2022-10-28 10:40:37.040,-121.3346667,36.9416667,7.04,2.92,"12km NNE of Hollister, CA"
nc73800056,2022-10-28 02:08:00.260,-118.8613333,37.611,2.54,2.87,"11km ESE of Mammoth Lakes, CA"
nc73799881,2022-10-27 20:35:07.210,-118.8613333,37.6091667,2.61,2.53,"11km ESE of Mammoth Lakes, CA"
ci40366648,2022-10-27 12:01:01.620,-117.4845,35.6548333,2.06,2.62,"14km SSW of Searles Valley, CA"
ci40365968,2022-10-26 08:15:08.220,-116.7423333,33.6378333,13.73,2.75,"11km NW of Anza, CA"
ci40365960,2022-10-26 08:14:35.080,-116.7436667,33.6383333,13.64,2.85,"11km NW of Anza, CA"
nc73799336,2022-10-26 06:24:19.660,-119.534,38.5471667,4.12,3.05,"6km NW of Walker, CA"
nc73799211,2022-10-26 00:20:10.600,-121.6811667,37.3163333,7.98,2.72,"14km ESE of Alum Rock, CA"
nc73799186,2022-10-25 22:08:37.200,-121.6751667,37.3106667,8.05,3.54,"15km E of Seven Trees, CA"
nc73799096,2022-10-25 18:47:20.050,-121.6731667,37.3056667,6.66,2.94,"15km E of Seven Trees, CA"
nc73799091,2022-10-25 18:42:02.710,-121.672,37.3115,8.38,5.06,"15km ESE of Alum Rock, CA"
ci40365304,2022-10-24 23:19:02.470,-116.9996667,33.9898333,15.02,2.66,"5km E of Calimesa, CA"
nc73798496,2022-10-24 06:28:33.550,-122.779,38.7943333,3.35,2.52,"3km NW of The Geysers, CA"
nc73798306,2022-10-23 18:16:23.050,-124.14,40.5781667,28.35,4.1,"3km SSE of Fortuna, CA"
nc73798266,2022-10-23 15:14:11.820,-121.5215,37.1215,6.31,2.65,"9km ENE of San Martin, CA"
ci40364760,2022-10-23 09:24:58.150,-116.4261667,33.4806667,5.79,3.27,"23km SSW of La Quinta, CA"
nc73797716,2022-10-22 01:29:57.340,-124.0748333,40.5906667,24.1,2.61,"5km NNE of Hydesville, CA"
nc73797461,2022-10-21 18:54:22.400,-122.8228333,38.8256667,1.28,2.53,"8km NW of The Geysers, CA"
nc73797401,2022-10-21 18:50:26.600,-122.8171667,38.8333333,1.39,2.78,"8km NW of The Geysers, CA"
nc73797066,2022-10-20 20:02:47.270,-121.7188333,37.3605,6.42,2.52,"10km E of Alum Rock, CA"
nn00849678,2022-10-20 15:46:16.512,-118.8638,38.0721,12.7,2.5,California-Nevada border region
nc73796981,2022-10-20 15:46:16.400,-118.8585,38.0658333,10.77,2.63,"21km SE of Bodie, CA"
nc73796946,2022-10-20 15:07:11.570,-121.401,40.1221667,14.26,2.68,"18km NW of Belden, CA"
nc73796766,2022-10-20 07:55:16.770,-123.5185,40.3495,33.05,4.32,"36km NE of Redway, CA"
nc73796026,2022-10-20 00:02:34.810,-122.8108333,38.816,1.68,3.22,"6km NW of The Geysers, CA"
nc71129239,2022-10-20 00:00:10.180,-122.8098333,38.8233333,1.72,2.55,"7km NW of The Geysers, CA"
nc73795956,2022-10-19 23:59:50.050,-122.8078333,38.8176667,2.43,3.27,"6km NW of The Geysers, CA"
nc73795966,2022-10-19 23:59:04.760,-122.8151667,38.8121667,3.26,3.33,"6km NW of The Geysers, CA"
nc73795876,2022-10-19 20:59:32.730,-124.2983333,40.3865,26.46,2.67,"7km N of Petrolia, CA"
nc73795221,2022-10-18 11:05:47.380,-121.605,36.1438333,11.15,2.65,"14km NNW of Lopez Point, CA"
nc73795046,2022-10-17 21:56:47.280,-122.7543333,38.7928333,0.76,2.55,"2km N of The Geysers, CA"
ci40362256,2022-10-17 05:25:28.830,-116.888,33.4506667,12.71,2.56,"2km WNW of Aguanga, CA"
nc73794591,2022-10-16 20:10:26.310,-118.8795,37.5195,5.76,2.83,"16km SE of Mammoth Lakes, CA"
nc73793981,2022-10-15 17:30:41.780,-122.7143333,38.765,1.69,3.14,"2km WSW of Anderson Springs, CA"
ci40360984,2022-10-14 17:24:22.310,-118.9916667,35.0453333,13.1,2.72,"13km NNW of Grapevine, CA"
nc73792771,2022-10-12 19:42:55.620,-123.0976667,39.0688333,5.41,2.73,"9km SE of Talmage, CA"
ci40359712,2022-10-12 12:54:07.000,-118.9958333,35.0486667,12.27,3.67,"13km NNW of Grapevine, CA"
ci40359472,2022-10-12 01:21:33.040,-118.2661667,33.8378333,10.75,2.52,"2km ENE of Carson, CA"
nc73792396,2022-10-12 00:28:36.750,-119.4411667,38.5498333,7.27,3.54,"5km NE of Walker, CA"
nc73792071,2022-10-11 06:47:42.690,-121.619,40.4825,16.83,2.75,"6km SE of Viola, CA"
ci40358456,2022-10-10 10:12:44.470,-117.5615,35.6735,7.9,2.88,"12km ENE of Ridgecrest, CA"
ci40358328,2022-10-09 21:48:21.120,-117.4841667,35.6578333,4.94,3.01,"14km SSW of Searles Valley, CA"
ci40357392,2022-10-07 22:45:05.470,-116.3546667,33.0413333,11.79,3.47,"23km E of Julian, CA"
ci40356608,2022-10-06 12:11:08.400,-115.5425,33.2083333,6.99,2.79,"4km SSW of Niland, CA"
ci40356576,2022-10-06 12:03:35.730,-115.5441667,33.2041667,5.8,2.84,"5km SSW of Niland, CA"
ci40356424,2022-10-06 05:29:53.930,-117.2246667,34.0243333,11.33,2.54,"4km SE of Loma Linda, CA"
nc73789551,2022-10-05 04:51:30.350,-120.0411667,37.3278333,19.55,3.01,"19km SSW of Mariposa, CA"
ci40355088,2022-10-03 16:08:09.970,-116.9215,33.9246667,7.62,3.01,"4km W of Banning, CA"
ci40354936,2022-10-03 08:24:33.660,-117.7646667,33.8696667,4.27,3.08,"5km ESE of Yorba Linda, CA"
ci40354880,2022-10-03 06:16:26.150,-115.8898333,32.9686667,11.76,2.71,"26km WSW of Westmorland, CA"
ci40353408,2022-09-30 11:50:11.750,-116.5131667,33.4803333,9.3,3.41,"17km ESE of Anza, CA"
ci40353312,2022-09-30 06:07:26.170,-116.9548333,34.0613333,13.24,2.53,"9km ENE of Yucaipa, CA"
nc73786811,2022-09-28 17:02:02.090,-121.6206667,37.5,7.61,3.35,"24km NE of Alum Rock, CA"
nc73786496,2022-09-27 15:39:12.280,-121.603,36.9603333,5.37,2.61,"6km SSW of Gilroy, CA"
ci40107319,2022-09-27 13:02:57.910,-116.4898333,34.4301667,7.67,3.33,"36km N of Yucca Valley, CA"
ci40107223,2022-09-27 09:10:44.470,-118.3876667,35.509,4.99,2.55,"13km SE of Bodfish, CA"
ci40107167,2022-09-27 08:03:39.320,-118.3885,35.5076667,5.18,3.7,"13km SE of Bodfish, CA"
nc73786291,2022-09-27 06:46:02.150,-119.878,35.9696667,29.65,2.78,"9km ESE of Kettleman City, CA"
ci40107063,2022-09-27 01:46:17.230,-118.546,35.3355,3.08,2.78,"24km NNW of Tehachapi, CA"
nc73786101,2022-09-26 17:07:38.680,-123.1926667,39.7988333,6.42,2.52,"5km E of Covelo, CA"
nc73785906,2022-09-26 05:18:31.980,-122.7428333,38.8051667,1.9,2.7,"2km SW of Cobb, CA"
nc73785696,2022-09-25 11:18:52.990,-121.1085,36.5491667,1.75,2.52,"4km ENE of Pinnacles, CA"
nc73785241,2022-09-24 04:03:34.050,-121.1003333,36.545,2.42,2.5,"4km ENE of Pinnacles, CA"
nc73784941,2022-09-23 06:58:34.290,-122.714,38.7713333,1.66,3.05,"2km WSW of Anderson Springs, CA"
nc73784806,2022-09-22 22:24:54.670,-122.6548333,40.2178333,8.27,2.74,"31km NW of Rancho Tehama Reserve, CA"
nc73784676,2022-09-22 17:06:52.580,-123.1876667,39.7915,6.24,2.77,"5km E of Covelo, CA"
ci40103815,2022-09-21 10:50:48.980,-117.8355,36.1721667,7.13,3.04,"17km NE of Coso Junction, CA"
ci40103399,2022-09-20 18:38:33.700,-115.7913333,33.3623333,2.99,2.73,"6km WNW of Bombay Beach, CA"
ci40103391,2022-09-20 18:34:41.320,-115.791,33.3613333,3.01,3.48,"6km WNW of Bombay Beach, CA"
nc73783921,2022-09-20 14:12:13.840,-123.1853333,39.8078333,8.54,2.59,"6km ENE of Covelo, CA"
nc73783911,2022-09-20 14:03:08.070,-123.1861667,39.8005,9.05,3.96,"5km E of Covelo, CA"
ci40103127,2022-09-20 09:21:56.730,-117.479,35.704,4.52,2.82,"10km SW of Searles Valley, CA"
nc73783386,2022-09-19 04:47:18.910,-121.3453333,36.7296667,7.74,3.26,"7km SSW of Tres Pinos, CA"
ci40102487,2022-09-18 15:33:07.050,-115.9435,33.761,6.73,2.58,"23km NE of Thermal, CA"
ci40102327,2022-09-18 09:13:21.970,-115.9403333,33.764,6.34,3.3,"23km NE of Thermal, CA"
ci40102247,2022-09-18 06:55:48.060,-115.9373333,33.7635,6.15,3.53,"23km NE of Thermal, CA"
ci40102063,2022-09-18 05:04:41.750,-115.939,33.7621667,6.19,2.54,"23km NE of Thermal, CA"
ci40101999,2022-09-18 04:43:31.310,-115.9406667,33.7633333,6.12,2.68,"23km NE of Thermal, CA"
nc73782941,2022-09-18 02:35:43.010,-119.7873333,37.6095,32.41,2.83,"14km ENE of Midpines, CA"
ci40101903,2022-09-18 01:03:01.810,-117.9805,35.9601667,3.76,2.9,"7km WNW of Little Lake, CA"
ci40101519,2022-09-17 08:09:21.750,-117.7216667,35.8918333,8.96,2.56,"17km ESE of Little Lake, CA"
nc73782441,2022-09-16 16:12:42.850,-119.505,38.5233333,5.3,3.65,"2km WNW of Walker, CA"
nc73782086,2022-09-15 20:07:05.390,-121.0358333,36.9443333,6.42,3.25,"21km SW of Los Banos, CA"
nc73781891,2022-09-15 09:41:16.770,-122.2441667,37.859,8.6,2.85,"3km ESE of Berkeley, CA"
nc73781611,2022-09-14 18:55:06.140,-122.4135,38.2855,6.62,2.67,"4km E of Sonoma, CA"
nc73781501,2022-09-14 13:06:55.030,-121.5546667,36.8216667,5.76,2.82,"3km SSW of San Juan Bautista, CA"
ci40100063,2022-09-14 04:14:30.280,-117.376,36.043,1.16,2.74,"31km N of Searles Valley, CA"
nc71129069,2022-09-14 01:40:20.420,-122.7036667,38.4813333,5.59,4.29,"4km N of Santa Rosa, CA"
nc73781306,2022-09-14 01:39:38.730,-122.7071667,38.475,5.57,4.39,"3km N of Santa Rosa, CA"
ci40099991,2022-09-14 01:23:36.000,-119.391,35.2793333,21.58,2.68,"15km SSE of Buttonwillow, CA"
nc73781266,2022-09-13 22:44:25.840,-118.8123333,37.4665,8.99,3.0,"16km SW of Toms Place, CA"
nc73781151,2022-09-13 15:24:37.250,-121.5245,37.1288333,6.34,2.69,"9km ENE of San Martin, CA"
nc73780871,2022-09-12 20:09:09.110,-120.4031667,39.6025,-1.55,3.3,"16km WSW of Loyalton, CA"
nc73780841,2022-09-12 16:12:35.900,-120.3996667,39.6043333,-1.73,2.74,"16km WSW of Loyalton, CA"
ci40099295,2022-09-12 14:35:56.610,-118.5978333,34.2053333,6.14,2.6,"1km NE of Canoga Park, CA"
nc73780681,2022-09-12 05:31:30.380,-122.2335,37.8453333,9.29,2.92,"2km N of Piedmont, CA"
nc73780521,2022-09-11 21:33:20.930,-118.926,37.566,9.08,2.92,"9km SSE of Mammoth Lakes, CA"
nc73780356,2022-09-11 06:55:21.990,-121.2581667,36.6365,9.53,3.24,"16km NW of Pinnacles, CA"
nc73780211,2022-09-11 02:27:31.070,-122.8076667,38.8325,2.24,2.93,"7km W of Cobb, CA"
ci40098479,2022-09-10 03:46:02.620,-116.0848333,33.1183333,8.82,2.68,"5km ESE of Ocotillo Wells, CA"
nc73779741,2022-09-09 12:57:21.700,-122.7468333,38.7813333,-0.52,2.57,"1km ENE of The Geysers, CA"
nc73779746,2022-09-09 12:56:14.690,-122.7595,38.7891667,1.63,2.95,"1km NNW of The Geysers, CA"
nc73776905,2022-09-08 12:48:15.140,-121.5693333,36.8376667,4.68,2.51,"3km WSW of San Juan Bautista, CA"
nc73776805,2022-09-08 09:46:49.630,-122.8043333,38.8266667,1.52,2.56,"7km NW of The Geysers, CA"
nc73776525,2022-09-07 21:13:31.070,-121.1541667,36.5603333,7.18,2.63,"3km NNW of Pinnacles, CA"
ci40097423,2022-09-07 10:30:51.160,-118.549,35.3678333,3.26,2.58,"25km SSW of Bodfish, CA"
ci40096951,2022-09-06 11:55:24.410,-116.843,33.9918333,17.26,3.19,"8km NNE of Banning, CA"
nc73775910,2022-09-06 02:00:46.790,-120.701,35.9285,11.36,2.63,"12km NE of Bradley, CA"
nc73775750,2022-09-05 13:40:09.430,-123.7751667,40.0238333,17.26,2.73,"12km SSE of Redway, CA"
nc73775530,2022-09-04 22:55:15.620,-121.6781667,37.3121667,7.77,3.36,"14km ESE of Alum Rock, CA"
nc73775475,2022-09-04 20:32:05.750,-121.1366667,36.5661667,10.39,2.53,"4km N of Pinnacles, CA"
nc73775400,2022-09-04 18:57:55.730,-121.1308333,36.5688333,9.91,3.47,"4km NNE of Pinnacles, CA"
ci40096015,2022-09-04 13:53:27.250,-116.044,33.0885,8.29,2.82,"10km SE of Ocotillo Wells, CA"
ci40095951,2022-09-04 10:45:27.810,-117.5571667,35.637,7.55,2.94,"11km E of Ridgecrest, CA"
ci40095559,2022-09-03 17:04:55.810,-117.5595,34.0203333,11.39,3.57,"5km NW of Mira Loma, CA"
nc73774795,2022-09-03 00:52:46.180,-121.5391667,37.1508333,5.84,2.79,"10km NE of San Martin, CA"
nc73774585,2022-09-02 08:39:12.790,-121.1023333,36.5585,1.99,2.87,"5km NE of Pinnacles, CA"
nc73774560,2022-09-02 08:23:29.010,-121.1031667,36.5595,1.18,2.91,"5km NE of Pinnacles, CA"
nc73774500,2022-09-02 05:00:11.200,-118.7546667,37.4326667,8.95,2.79,"14km W of Round Valley, CA"
nc73774300,2022-09-01 13:36:22.150,-121.0965,36.549,1.6,4.0,"5km ENE of Pinnacles, CA"
nc73774045,2022-08-31 23:28:49.720,-119.4313333,37.6675,16.26,2.66,"15km ESE of Yosemite Valley, CA"
nc73774035,2022-08-31 22:41:44.170,-124.256,40.5055,26.24,3.33,"8km S of Ferndale, CA"
nc73773940,2022-08-31 16:39:17.410,-121.404,36.8903333,9.71,2.92,"5km N of Hollister, CA"
nc73773725,2022-08-31 02:45:13.540,-121.8515,39.7498333,16.43,2.7,"2km NW of Chico, CA"
ci40334032,2022-08-29 21:45:14.940,-116.429,33.4826667,9.68,2.55,"23km SSW of La Quinta, CA"
ci40333424,2022-08-28 22:48:03.720,-118.3181667,35.6443333,7.28,3.42,"14km ESE of Wofford Heights, CA"
nc73772490,2022-08-27 19:42:52.740,-121.7126667,37.3568333,8.12,3.0,"10km E of Alum Rock, CA"
ci40331312,2022-08-25 07:32:51.460,-116.3506667,33.3161667,11.56,3.27,"7km NNE of Borrego Springs, CA"
ci40329976,2022-08-22 22:12:09.160,-116.9925,33.777,17.39,2.56,"3km WSW of San Jacinto, CA"
nc73770775,2022-08-22 20:19:51.000,-121.5248333,36.7813333,9.82,2.86,"7km S of San Juan Bautista, CA"
ci40329824,2022-08-22 16:23:41.150,-116.0123333,32.8516667,11.43,2.77,"13km N of Ocotillo, CA"
nc73770575,2022-08-22 02:40:05.470,-121.0418333,36.461,7.6,2.5,"12km SE of Pinnacles, CA"
nc73770465,2022-08-21 18:37:46.790,-119.4496667,38.5748333,5.82,2.65,"7km NNE of Walker, CA"
ci40329176,2022-08-21 11:02:38.290,-116.3615,33.3441667,11.44,2.61,"10km N of Borrego Springs, CA"
nc73770065,2022-08-20 15:03:52.170,-122.8216667,38.8398333,2.47,2.59,"9km WNW of Cobb, CA"
ci40327432,2022-08-18 00:28:47.660,-115.7933333,33.362,2.77,2.92,"6km WNW of Bombay Beach, CA"
nc73769110,2022-08-17 17:05:10.050,-119.4588333,38.5888333,3.8,2.83,"8km NNE of Walker, CA"
nc73768945,2022-08-17 04:21:11.340,-120.6738333,36.4321667,18.3,2.82,"2km N of New Idria, CA"
ci40326728,2022-08-17 00:53:01.240,-116.7775,33.9263333,14.2,3.19,"1km NE of Cabazon, CA"
nc73768410,2022-08-15 16:52:45.780,-123.4543333,40.432,27.28,2.52,"27km WSW of Hayfork, CA"
nc73768225,2022-08-15 02:03:05.330,-119.4438333,38.5756667,5.29,2.57,"8km NNE of Walker, CA"
ci40325536,2022-08-15 01:54:57.850,-117.8573333,36.1036667,7.32,2.79,"10km NE of Coso Junction, CA"
ci40325296,2022-08-14 11:14:22.330,-117.4605,36.8255,4.64,2.61,"37km NW of Stovepipe Wells, CA"
ci40325256,2022-08-14 09:40:03.710,-115.5221667,33.1901667,7.71,2.62,"6km S of Niland, CA"
ci40325064,2022-08-13 22:19:20.710,-115.5216667,33.1915,7.11,2.71,"5km S of Niland, CA"
ci40325048,2022-08-13 21:56:42.960,-115.5283333,33.1938333,7.29,2.97,"5km S of Niland, CA"
ci40324944,2022-08-13 18:02:31.800,-115.5201667,33.194,5.61,2.82,"5km S of Niland, CA"
nc73767655,2022-08-13 12:33:35.760,-123.9355,40.7575,22.58,3.57,"14km SE of Bayside, CA"
nc73767575,2022-08-13 07:25:36.240,-123.882,41.132,28.27,3.17,"16km WSW of Weitchpec, CA"
nc73767400,2022-08-12 20:56:44.070,-119.541,38.511,3.12,2.5,"5km W of Walker, CA"
nc73767170,2022-08-12 05:22:17.210,-119.4516667,38.5808333,5.16,2.87,"8km NNE of Walker, CA"
nc73767145,2022-08-12 03:37:05.020,-119.4523333,38.5876667,5.2,3.45,"8km NNE of Walker, CA"
ci40323896,2022-08-12 02:46:04.300,-116.4911667,34.4333333,8.15,2.8,"36km N of Yucca Valley, CA"
nc73767120,2022-08-12 02:06:05.650,-119.459,38.5881667,5.26,2.93,"8km NNE of Walker, CA"
nc73766880,2022-08-11 17:12:57.710,-119.4498333,38.586,5.23,3.49,"8km NNE of Walker, CA"
nc73766330,2022-08-10 15:41:57.940,-119.4596667,38.5856667,3.53,2.52,"8km NNE of Walker, CA"
ci40078807,2022-08-10 04:36:50.850,-117.496,35.6531667,9.09,2.57,"15km SSW of Searles Valley, CA"
nc73766140,2022-08-10 02:38:27.850,-121.1313333,36.5558333,9.11,2.65,"3km NNE of Pinnacles, CA"
nc73765870,2022-08-09 08:49:14.400,-119.4626667,38.5818333,5.2,2.54,"8km NNE of Walker, CA"
nc73765725,2022-08-09 00:33:28.590,-119.4488333,38.5843333,5.07,3.0,"8km NNE of Walker, CA"
nc73765710,2022-08-09 00:12:43.790,-119.4635,38.5813333,5.32,2.61,"8km N of Walker, CA"
nc73765695,2022-08-08 23:36:42.970,-119.4533333,38.5756667,5.43,2.7,"7km NNE of Walker, CA"
nc73765690,2022-08-08 22:39:15.590,-119.4538333,38.5835,6.39,2.57,"8km NNE of Walker, CA"
nc73765685,2022-08-08 22:37:42.970,-119.4508333,38.5865,5.71,2.71,"8km NNE of Walker, CA"
nc73765585,2022-08-08 20:44:14.110,-119.446,38.5816667,5.4,4.45,"8km NNE of Walker, CA"
ci40077271,2022-08-08 03:27:10.480,-116.9723333,33.3693333,5.44,2.5,"10km E of Pala, CA"
nc73765315,2022-08-08 02:38:51.560,-121.0928333,36.6546667,11.05,3.26,"14km NNE of Pinnacles, CA"
ci40076879,2022-08-07 12:11:58.680,-116.2025,33.3428333,12.37,2.6,"17km SW of Oasis, CA"
nc73764870,2022-08-06 18:18:45.470,-121.28,36.7695,10.07,2.7,"4km ESE of Tres Pinos, CA"
nc73764400,2022-08-05 02:45:38.270,-120.814,36.238,6.55,2.82,"22km ENE of San Lucas, CA"
ci40074431,2022-08-03 18:45:00.270,-117.8075,34.4603333,5.14,3.33,"4km SSW of Llano, CA"
nc73763100,2022-08-02 14:32:45.520,-119.2715,36.6278333,25.05,2.55,"4km E of Orange Cove, CA"
nc73763050,2022-08-02 12:18:39.650,-119.0793333,38.2285,14.91,2.97,"6km WNW of Bodie, CA"
nc73764571,2022-07-31 05:57:41.530,-122.2858333,40.7031667,22.18,2.71,"8km ENE of Shasta Lake, CA"
nc73764286,2022-07-30 06:35:40.750,-123.0711667,39.025,3.55,2.78,"14km W of Lakeport, CA"
nc73761961,2022-07-23 12:22:03.800,-121.195,36.5913333,6.99,2.63,"8km NW of Pinnacles, CA"
nc73761801,2022-07-23 02:47:13.330,-120.163,36.0743333,7.88,3.37,"8km NNW of Avenal, CA"
nc73761796,2022-07-23 01:41:04.680,-121.4761667,39.4656667,0.59,4.24,"5km S of Oroville East, CA"
nc73761716,2022-07-22 22:15:15.250,-122.7618333,38.7928333,1.05,2.57,"2km NNW of The Geysers, CA"
ci40067623,2022-07-22 02:41:06.680,-117.816,36.1928333,7.06,2.77,"20km ESE of Olancha, CA"
ci40067559,2022-07-22 00:11:28.750,-117.8156667,36.189,6.86,3.1,"20km ESE of Olancha, CA"
nc73760676,2022-07-19 17:00:16.920,-118.4551667,37.9133333,10.03,3.06,"44km NNE of Toms Place, CA"
ci40066079,2022-07-19 01:15:45.540,-115.9808333,33.2696667,4.74,2.56,"4km SW of Salton City, CA"
nc73760391,2022-07-19 00:17:06.190,-122.7228333,38.7553333,1.71,2.76,"4km SW of Anderson Springs, CA"
ci40065903,2022-07-18 17:07:58.290,-118.3873333,35.5143333,5.38,3.38,"12km SE of Bodfish, CA"
ci40065399,2022-07-17 18:18:39.190,-115.983,33.272,4.9,3.46,"4km SW of Salton City, CA"
ci40065255,2022-07-17 15:44:26.540,-118.3865,35.5126667,4.66,3.8,"13km SE of Bodfish, CA"
ci40065175,2022-07-17 11:34:47.530,-118.2855,35.487,3.0,3.47,"22km ESE of Bodfish, CA"
nc73759571,2022-07-17 08:19:59.640,-122.8221667,38.8165,2.64,3.26,"7km NW of The Geysers, CA"
ci40064743,2022-07-16 19:58:02.640,-116.106,33.231,8.92,2.99,"10km NNE of Ocotillo Wells, CA"
nc73759136,2022-07-16 03:26:29.140,-122.735,38.7861667,1.94,2.5,"2km ENE of The Geysers, CA"
nc73758971,2022-07-15 19:40:49.700,-119.4548333,38.5775,6.19,2.96,"7km NNE of Walker, CA"
nc73758756,2022-07-15 02:42:39.400,-123.5321667,41.283,39.55,2.99,"12km SSW of Somes Bar, CA"
ci40063391,2022-07-15 01:19:07.000,-117.5843333,35.7091667,6.3,4.58,"13km NE of Ridgecrest, CA"
ci40063207,2022-07-14 20:25:15.380,-117.5976667,34.218,13.37,2.83,"10km WSW of Lytle Creek, CA"
nc73758651,2022-07-14 20:11:42.950,-119.4613333,38.577,5.58,2.6,"7km NNE of Walker, CA"
ci40063159,2022-07-14 19:30:34.210,-117.5951667,34.2206667,13.57,3.25,"10km WSW of Lytle Creek, CA"
ci40063127,2022-07-14 18:54:03.220,-115.9846667,33.2725,4.95,3.58,"4km SW of Salton City, CA"
nc73758261,2022-07-13 16:08:16.560,-121.464,36.9828333,4.59,2.95,"10km ESE of Gilroy, CA"
ci40303048,2022-07-13 16:01:36.530,-116.3316667,33.3111667,11.68,3.27,"7km NNE of Borrego Springs, CA"
nc73758121,2022-07-13 03:59:30.040,-119.704,38.6661667,-1.37,2.54,"8km ESE of Markleeville, CA"
ci40302584,2022-07-12 18:29:04.760,-117.6045,35.793,6.56,2.69,"18km W of Searles Valley, CA"
ci40302120,2022-07-12 01:47:38.030,-117.3131667,34.1713333,6.75,2.52,"3km ENE of Muscoy, CA"
ci40301944,2022-07-11 17:45:56.580,-117.4041667,35.6025,6.0,2.6,"18km S of Trona, CA"
nc73756806,2022-07-09 18:58:37.170,-118.6045,37.4141667,8.79,2.72,"1km W of Round Valley, CA"
nc73756726,2022-07-09 15:34:52.400,-121.1521667,40.226,5.02,2.55,"2km N of Prattville, CA"
nc73756541,2022-07-09 01:52:08.880,-119.4151667,37.6316667,9.44,2.5,"19km SE of Yosemite Valley, CA"
ci40299688,2022-07-08 10:29:52.960,-116.1058333,33.2323333,9.02,3.11,"10km NNE of Ocotillo Wells, CA"
ci40299648,2022-07-08 08:57:32.640,-116.1048333,33.2318333,9.19,2.86,"10km NNE of Ocotillo Wells, CA"
nc73756056,2022-07-08 00:50:19.730,-120.8255,36.2465,6.43,2.61,"22km NE of San Lucas, CA"
nc73755936,2022-07-07 16:37:02.130,-119.0746667,38.2281667,11.11,2.78,"6km WNW of Bodie, CA"
nc73755781,2022-07-07 09:19:06.530,-118.9253333,37.5663333,8.74,2.78,"9km SSE of Mammoth Lakes, CA"
nc73755626,2022-07-07 03:00:24.220,-119.8226667,38.6226667,1.83,2.51,"8km SSW of Markleeville, CA"
ci40298688,2022-07-07 01:30:31.400,-116.1063333,33.2308333,9.6,3.54,"10km NNE of Ocotillo Wells, CA"
nc73755446,2022-07-06 18:51:22.790,-118.8616667,37.563,3.87,2.89,"13km SE of Mammoth Lakes, CA"
ci40297864,2022-07-06 06:15:46.400,-118.402,35.5548333,2.88,3.53,"9km ESE of Bodfish, CA"
nc73755121,2022-07-05 23:48:26.340,-122.7128333,38.7748333,2.11,2.54,"2km W of Anderson Springs, CA"
nc73754326,2022-07-04 14:13:35.350,-118.5498333,37.353,10.46,2.51,"8km SSE of Round Valley, CA"
nc73754191,2022-07-04 07:22:41.360,-118.5516667,37.353,10.3,3.38,"8km SSE of Round Valley, CA"
ci40295976,2022-07-03 19:56:40.100,-119.1375,35.0841667,14.68,2.66,"24km E of Maricopa, CA"
nc73753116,2022-07-01 05:27:56.810,-118.2695,37.1925,11.63,3.24,"4km NNE of Big Pine, CA"
nc73753046,2022-07-01 01:40:51.590,-124.3055,40.374,28.5,2.65,"6km NNW of Petrolia, CA"
nc73752786,2022-06-30 05:07:26.260,-118.4985,37.4365,5.0,2.58,"9km ENE of Round Valley, CA"
nc73752776,2022-06-30 04:30:30.370,-121.6373333,37.262,6.25,2.68,"15km N of Morgan Hill, CA"
ci40293664,2022-06-29 15:37:39.060,-119.2046667,34.3358333,10.28,2.7,"7km NNE of Ventura, CA"
ci40293376,2022-06-29 04:19:36.690,-115.6073333,33.1813333,2.96,3.02,"10km SW of Niland, CA"
nc73752031,2022-06-28 11:57:40.710,-122.7471667,38.8301667,0.48,4.19,"2km WNW of Cobb, CA"
nc73751651,2022-06-27 14:44:42.590,-123.2185,40.602,28.06,2.59,"6km NNW of Hayfork, CA"
ci40291976,2022-06-27 00:27:04.780,-115.7171667,32.6496667,9.3,2.52,"15km WNW of Progreso, B.C., MX"
ci40291608,2022-06-26 06:32:25.610,-115.4478333,32.7028333,11.9,2.5,"6km ENE of Calexico, CA"
ci40291096,2022-06-25 08:13:57.390,-116.1741667,32.8588333,6.13,2.5,"22km NW of Ocotillo, CA"
ci40290920,2022-06-24 22:32:23.570,-115.7193333,32.652,10.49,2.63,"15km WNW of Progreso, B.C., MX"
nc73750331,2022-06-24 09:05:12.080,-120.5266667,35.9723333,10.72,3.35,"12km NW of Parkfield, CA"
ci40290216,2022-06-24 02:56:13.910,-117.5901667,36.9768333,8.17,2.56,"57km NW of Stovepipe Wells, CA"
nc73750001,2022-06-23 16:21:06.930,-118.5986667,37.4118333,10.94,2.82,"0km SSW of Round Valley, CA"
ci40289408,2022-06-23 00:20:24.790,-116.4385,33.3865,12.09,2.73,"16km NNW of Borrego Springs, CA"
nc73748191,2022-06-20 15:43:06.790,-118.8805,37.6315,-0.6,2.64,"9km E of Mammoth Lakes, CA"
nc73748171,2022-06-20 15:39:46.740,-118.8851667,37.6321667,-0.07,2.73,"8km E of Mammoth Lakes, CA"
nc73748176,2022-06-20 15:39:22.800,-118.8815,37.6316667,-0.04,2.65,"9km E of Mammoth Lakes, CA"
nc73748071,2022-06-20 09:17:08.840,-122.7608333,38.8206667,2.04,2.56,"3km W of Cobb, CA"
nc73747976,2022-06-20 08:27:36.920,-118.8906667,37.6401667,-0.56,2.77,"8km E of Mammoth Lakes, CA"
nc73747896,2022-06-20 05:33:03.640,-118.8846667,37.6355,-0.17,2.78,"8km E of Mammoth Lakes, CA"
ci40287104,2022-06-19 07:48:15.930,-119.139,34.418,20.58,2.84,"10km ESE of Ojai, CA"
nc73747161,2022-06-18 20:14:16.080,-121.5806667,37.1923333,5.08,3.33,"10km NE of Morgan Hill, CA"
nc73747016,2022-06-18 11:22:49.660,-124.175,40.5938333,18.57,2.68,"2km WSW of Fortuna, CA"
ci40286392,2022-06-17 23:47:52.230,-119.0065,35.1083333,13.05,3.13,"19km SSW of Lamont, CA"
nc73746481,2022-06-16 23:56:26.780,-118.5875,37.4108333,11.7,2.89,"1km ESE of Round Valley, CA"
ci40285368,2022-06-16 17:58:34.410,-118.988,35.1836667,12.52,3.09,"11km SW of Lamont, CA"
nc73746246,2022-06-16 15:58:06.100,-119.4301667,37.668,15.59,2.5,"15km ESE of Yosemite Valley, CA"
nc73746091,2022-06-16 08:48:56.620,-122.7983333,38.8281667,1.96,2.64,"7km W of Cobb, CA"
ci40040359,2022-06-15 02:18:33.050,-117.4081667,35.9876667,0.72,3.24,"24km N of Searles Valley, CA"
nc73745021,2022-06-13 19:36:35.770,-122.0265,40.478,9.39,2.58,"12km W of Shingletown, CA"
nc73744941,2022-06-13 10:23:06.550,-120.989,36.4141667,10.98,2.87,"19km SE of Pinnacles, CA"
ci40039327,2022-06-13 09:45:10.910,-116.4615,33.5033333,5.64,2.55,"20km ESE of Anza, CA"
nc73744931,2022-06-13 09:40:43.530,-123.0025,38.9461667,6.06,3.01,"13km SW of Lakeport, CA"
nc73744471,2022-06-12 18:28:44.590,-120.9146667,36.342,6.5,2.7,"23km WSW of New Idria, CA"
nc73744236,2022-06-12 02:06:39.560,-118.8621667,37.5636667,3.79,2.58,"13km SE of Mammoth Lakes, CA"
nc73744171,2022-06-11 22:46:57.340,-118.8613333,37.5628333,3.65,2.57,"13km SE of Mammoth Lakes, CA"
ci40036911,2022-06-09 07:34:17.520,-118.3875,35.5115,4.31,3.21,"13km SE of Bodfish, CA"
ci40036719,2022-06-08 22:48:21.560,-118.3873333,35.5108333,5.2,3.55,"13km SE of Bodfish, CA"
ci40036375,2022-06-08 14:41:32.920,-116.1145,33.283,2.76,3.05,"15km W of Salton City, CA"
nc73741501,2022-06-08 12:59:47.790,-121.1366667,36.5448333,8.78,2.68,"2km NNE of Pinnacles, CA"
nc73741171,2022-06-07 16:31:24.490,-118.5233333,37.925,6.67,2.56,"43km S of Qualeys Camp, NV"
nc73741011,2022-06-06 16:05:32.550,-122.7141667,38.7456667,1.59,2.62,"4km SSW of Anderson Springs, CA"
nc73740866,2022-06-05 20:09:09.100,-122.6258333,38.7776667,6.07,2.67,"3km NNW of Middletown, CA"
nc73740571,2022-06-04 15:30:20.420,-122.8581667,39.302,6.61,2.51,"15km SE of Lake Pillsbury, CA"
ci40033063,2022-06-03 12:05:21.050,-118.4136667,33.9005,11.27,2.51,"2km N of Manhattan Beach, CA"
ci40032983,2022-06-03 10:40:29.910,-116.6641667,33.2338333,10.94,3.68,"6km SSW of Warner Springs, CA"
nc73740091,2022-06-02 14:04:01.520,-118.2513333,37.1958333,12.5,2.87,"5km NE of Big Pine, CA"
nc73740051,2022-06-02 12:07:22.230,-122.0076667,38.0765,18.43,4.14,"7km NW of Bay Point, CA"
ci40031607,2022-06-01 12:58:22.190,-116.4458333,34.0105,7.28,2.51,"8km NE of Desert Hot Springs, CA"
ci40031287,2022-05-31 23:53:29.030,-117.6253333,35.7945,5.92,3.08,"20km NNE of Ridgecrest, CA"
nc71128289,2022-05-31 19:00:14.190,-122.8136667,38.8093333,0.57,2.93,"6km NW of The Geysers, CA"
nc73739561,2022-05-31 19:00:01.700,-122.8116667,38.8003333,3.73,2.99,"5km WNW of The Geysers, CA"
ci40030831,2022-05-31 09:02:55.860,-117.6878333,35.889,6.08,2.82,"20km ESE of Little Lake, CA"
nc73739416,2022-05-31 00:05:24.860,-122.7153333,38.7638333,1.47,2.52,"2km WSW of Anderson Springs, CA"
nc73739276,2022-05-29 22:58:25.220,-123.28,40.824,28.67,2.85,"30km WNW of Weaverville, CA"
nc73739051,2022-05-28 20:46:49.880,-122.8098333,38.8138333,1.36,2.5,"6km NW of The Geysers, CA"
nc73738836,2022-05-28 00:42:05.860,-120.8108333,36.2383333,6.67,3.02,"22km ENE of San Lucas, CA"
ci40027143,2022-05-26 09:23:32.530,-117.406,35.6026667,4.79,4.28,"18km S of Trona, CA"
nc73738116,2022-05-26 08:11:39.700,-118.2918333,37.2298333,5.47,3.31,"7km N of Big Pine, CA"
nc73738111,2022-05-26 08:01:23.950,-118.8021667,37.5456667,7.32,2.5,"11km W of Toms Place, CA"
nc73738011,2022-05-26 03:32:32.860,-118.59,37.4115,11.29,2.81,"1km ESE of Round Valley, CA"
ci40026471,2022-05-25 17:29:55.340,-118.722,34.374,12.52,2.57,"8km SE of Piru, CA"
nc73737316,2022-05-24 05:16:33.330,-122.0078333,39.6326667,24.73,2.58,"12km S of Hamilton City, CA"
nc73737211,2022-05-23 21:49:50.720,-122.0033333,39.79,16.8,2.72,"5km N of Hamilton City, CA"
ci40024535,2022-05-23 10:32:50.250,-119.4113333,34.4101667,13.25,2.7,"10km E of Carpinteria, CA"
nc73736866,2022-05-22 23:40:28.870,-119.5231667,38.5181667,3.53,2.61,"4km W of Walker, CA"
nc73736586,2022-05-22 13:19:53.430,-121.5553333,36.8296667,3.45,2.93,"2km SW of San Juan Bautista, CA"
ci40024007,2022-05-22 08:26:23.880,-119.0171667,34.9223333,12.78,2.63,"8km WSW of Grapevine, CA"
nc73736456,2022-05-22 01:30:30.390,-118.8228333,37.5186667,5.31,3.35,"14km WSW of Toms Place, CA"
nc73736226,2022-05-21 08:11:12.300,-122.9758333,40.5215,43.13,2.57,"18km ESE of Hayfork, CA"
nc73736021,2022-05-20 16:20:35.460,-124.3091667,40.4836667,19.16,3.05,"11km SSW of Ferndale, CA"
ci40023071,2022-05-20 11:53:55.270,-116.2773333,33.2318333,10.62,2.53,"10km ESE of Borrego Springs, CA"
nc73735931,2022-05-20 08:16:49.080,-118.5413333,37.9438333,9.38,2.61,"40km S of Qualeys Camp, NV"
ci40022359,2022-05-19 12:52:00.230,-116.504,33.5018333,13.99,2.7,"17km ESE of Anza, CA"
ci40021831,2022-05-18 15:47:52.730,-116.9495,36.4608333,8.16,2.62,"9km W of Furnace Creek, CA"
ci40020279,2022-05-16 15:36:38.810,-118.32,35.6433333,7.56,2.66,"14km ENE of Lake Isabella, CA"
ci40019951,2022-05-16 06:36:52.230,-116.4455,34.0068333,7.38,2.84,"7km NE of Desert Hot Springs, CA"
ci40019919,2022-05-16 06:16:50.290,-116.4448333,34.0078333,8.25,3.76,"7km NE of Desert Hot Springs, CA"
ci40018903,2022-05-14 21:28:14.790,-119.353,34.9123333,5.83,3.26,"17km SSE of Maricopa, CA"
ci40017815,2022-05-13 19:45:18.040,-117.6093333,35.6956667,7.96,3.16,"10km NE of Ridgecrest, CA"
ci40017663,2022-05-13 16:28:42.500,-117.6081667,35.6948333,8.48,2.78,"10km NE of Ridgecrest, CA"
ci40017591,2022-05-13 13:32:36.610,-116.8575,33.342,7.37,3.48,"2km SSE of Palomar Observatory, CA"
ci40017247,2022-05-13 05:11:38.470,-117.8825,36.2231667,5.52,2.73,"13km ESE of Olancha, CA"
ci40256064,2022-05-11 07:25:19.250,-116.4855,33.4798333,14.33,2.57,"19km ESE of Anza, CA"
nc73732056,2022-05-11 07:07:26.560,-119.2275,38.0553333,7.48,2.76,"14km NW of Lee Vining, CA"
ci40255408,2022-05-10 08:01:52.130,-117.3873333,35.5235,8.8,2.96,"27km S of Trona, CA"
ci40255392,2022-05-10 06:53:51.020,-117.3896667,35.5251667,9.05,3.53,"27km S of Trona, CA"
ci40255256,2022-05-09 23:21:37.400,-118.0076667,36.918,1.49,3.15,"21km NE of Independence, CA"
ci40255152,2022-05-09 21:38:24.160,-116.354,33.0425,11.99,2.57,"24km E of Julian, CA"
ci40255120,2022-05-09 21:35:33.550,-116.3538333,33.0391667,11.34,3.54,"24km E of Julian, CA"
nc73731161,2022-05-09 09:26:07.620,-118.7981667,37.38,10.66,2.6,"18km WSW of Round Valley, CA"
ci40254520,2022-05-08 15:38:43.400,-117.4736667,35.68,6.73,2.57,"12km SSW of Searles Valley, CA"
nc73730551,2022-05-07 21:25:30.200,-119.3401667,38.2368333,10.54,2.57,"10km WSW of Bridgeport, CA"
ci40254184,2022-05-07 12:16:22.990,-118.5115,35.5283333,1.91,2.7,"7km SSW of Bodfish, CA"
nc73730346,2022-05-07 08:00:22.990,-122.8126667,38.8321667,2.51,2.51,"8km NW of The Geysers, CA"
nc73730186,2022-05-06 19:36:20.150,-118.4088333,37.3885,10.36,2.91,"1km ENE of Dixon Lane-Meadow Creek, CA"
ci40253800,2022-05-06 19:24:47.770,-116.662,33.9835,16.28,2.63,"10km SW of Morongo Valley, CA"
ci40252632,2022-05-05 06:01:03.340,-120.1806667,35.3671667,7.55,2.84,"16km W of Simmler, CA"
nc73729226,2022-05-04 13:56:06.310,-123.7663333,40.6633333,26.62,2.53,"30km SE of Blue Lake, CA"
nc73729071,2022-05-04 01:12:16.730,-121.622,37.503,6.82,2.6,"24km NE of Alum Rock, CA"
ci40251216,2022-05-03 14:30:55.100,-117.198,34.0185,15.49,2.57,"4km SSW of Redlands, CA"
nc73728751,2022-05-03 13:01:08.180,-122.8013333,38.8235,3.46,2.84,"6km NW of The Geysers, CA"
nc73728746,2022-05-03 12:59:14.720,-122.8008333,38.824,3.31,2.66,"6km NW of The Geysers, CA"
ci40250808,2022-05-02 21:56:48.810,-118.0658333,36.132,2.48,3.45,"14km NW of Coso Junction, CA"
nc73728246,2022-05-02 15:18:21.070,-123.7021667,41.1365,31.65,2.74,"6km S of Weitchpec, CA"
nc73728211,2022-05-02 14:19:30.890,-124.3295,40.5781667,20.91,2.72,"6km W of Ferndale, CA"
ci40250208,2022-05-02 09:16:05.190,-118.1891667,36.1976667,2.75,2.89,"19km WSW of Olancha, CA"
nc73727841,2022-05-01 20:52:35.390,-121.593,36.8575,6.9,2.75,"5km WNW of San Juan Bautista, CA"
nc73727816,2022-05-01 20:22:01.330,-121.5958333,36.8575,6.81,2.69,"5km WNW of San Juan Bautista, CA"
nc73727496,2022-05-01 10:53:26.030,-121.6015,36.856,6.77,2.5,"5km SE of Aromas, CA"
nc73727061,2022-05-01 03:17:37.970,-122.8116667,38.7988333,3.08,3.34,"5km WNW of The Geysers, CA"
nc73726571,2022-04-30 18:18:21.940,-122.8003333,38.8136667,4.31,2.71,"6km NW of The Geysers, CA"
nc73726581,2022-04-30 18:17:56.920,-122.8031667,38.8195,3.74,3.32,"6km NW of The Geysers, CA"
nc73726291,2022-04-29 21:30:28.210,-121.8908333,37.992,18.04,2.66,"4km S of Pittsburg, CA"
nc73726266,2022-04-29 19:53:01.350,-120.0893333,41.6835,1.19,2.62,"18km NNE of Cedarville, CA"
nc73726051,2022-04-29 04:43:08.420,-121.12,36.5725,9.93,2.73,"5km NNE of Pinnacles, CA"
nc73725601,2022-04-28 10:34:18.150,-122.6485,40.788,12.44,2.66,"9km N of French Gulch, CA"
nc73725406,2022-04-28 04:32:22.580,-119.9881667,35.7945,14.78,2.99,"24km S of Kettleman City, CA"
nc73725356,2022-04-28 01:52:44.500,-121.1268333,36.573,10.12,2.54,"5km NNE of Pinnacles, CA"
nc73723750,2022-04-26 14:26:57.970,-124.3471667,40.4025,23.56,2.55,"10km NNW of Petrolia, CA"
nc73723705,2022-04-26 13:51:05.160,-120.142,39.3263333,6.89,2.74,"4km E of Truckee, CA"
ci40246224,2022-04-26 07:00:56.090,-115.5261667,32.8898333,5.48,2.55,"6km NE of Imperial, CA"
nc73723210,2022-04-25 15:23:20.820,-122.8798333,38.8328333,2.63,2.74,"12km ENE of Cloverdale, CA"
nc73723030,2022-04-25 06:18:32.570,-124.334,40.569,21.62,2.73,"6km W of Ferndale, CA"
ci40245048,2022-04-24 16:42:37.980,-117.4541667,35.6421667,6.71,2.72,"15km SSW of Searles Valley, CA"
nc73721675,2022-04-22 11:14:24.700,-122.8021667,38.8223333,2.61,2.93,"6km NW of The Geysers, CA"
nc73721640,2022-04-22 08:21:58.630,-122.7635,38.7863333,2.11,2.82,"1km NNW of The Geysers, CA"
nc73721575,2022-04-22 05:02:34.900,-121.3041667,36.6781667,4.37,3.22,"12km S of Tres Pinos, CA"
ci40243480,2022-04-21 22:18:06.360,-117.4706667,35.6711667,8.35,2.52,"12km SSW of Searles Valley, CA"
ci40243288,2022-04-21 18:58:50.260,-115.5135,32.8948333,9.45,3.62,"7km NE of Imperial, CA"
ci40242936,2022-04-21 07:11:43.800,-115.5226667,32.901,5.41,2.54,"7km NE of Imperial, CA"
ci40242720,2022-04-20 23:52:47.560,-115.515,32.9191667,7.92,3.25,"7km SSE of Brawley, CA"
nc73720990,2022-04-20 21:49:49.140,-118.5995,37.4133333,10.59,2.95,"0km SW of Round Valley, CA"
ci40241880,2022-04-20 05:19:44.850,-115.5111667,32.918,11.48,3.41,"7km SSE of Brawley, CA"
ci40241816,2022-04-20 03:56:46.450,-115.5171667,32.915,7.69,3.29,"7km S of Brawley, CA"
ci40241472,2022-04-19 20:51:28.980,-115.5085,32.9033333,7.28,2.79,"8km NE of Imperial, CA"
ci40241440,2022-04-19 20:30:08.420,-115.5138333,32.9105,11.46,3.72,"8km SSE of Brawley, CA"
ci40241424,2022-04-19 20:22:41.540,-115.5165,32.9095,11.77,3.61,"8km S of Brawley, CA"
ci40241296,2022-04-19 18:15:05.270,-115.5153333,32.9116667,5.59,2.82,"8km S of Brawley, CA"
ci40241024,2022-04-19 13:48:06.150,-117.6761667,35.9438333,4.05,2.73,"21km E of Little Lake, CA"
nc73719985,2022-04-19 05:00:09.150,-122.9833333,38.7966667,1.3,3.15,"3km ESE of Cloverdale, CA"
nc73719600,2022-04-18 11:38:56.580,-121.6291667,36.9711667,3.97,2.59,"7km SW of Gilroy, CA"
nc73719475,2022-04-18 05:49:53.480,-123.9311667,41.2768333,29.9,2.68,"21km WNW of Weitchpec, CA"
nc73719250,2022-04-18 02:17:52.830,-122.8221667,38.8043333,2.28,2.74,"6km WNW of The Geysers, CA"
nc73719205,2022-04-18 02:08:59.240,-122.8193333,38.8053333,2.47,2.77,"6km WNW of The Geysers, CA"
ci40238472,2022-04-16 21:10:58.870,-117.576,36.0411667,1.1,2.7,"32km ENE of Little Lake, CA"
ci40238416,2022-04-16 19:34:23.740,-117.9308333,37.0725,1.89,2.7,"33km ESE of Big Pine, CA"
nc73718085,2022-04-16 00:01:49.220,-121.6915,36.9511667,11.74,2.56,"4km E of Interlaken, CA"
nc73718040,2022-04-15 22:19:56.640,-124.4005,40.428,10.74,2.56,"15km NW of Petrolia, CA"
nc73717790,2022-04-15 10:38:29.380,-120.062,36.0181667,4.43,2.61,"6km ENE of Avenal, CA"
nc73717600,2022-04-14 21:06:40.670,-121.3868333,41.1491667,-1.23,2.79,"11km N of McArthur, CA"
ci39992023,2022-04-14 06:33:40.730,-116.3625,33.3633333,3.28,2.58,"12km N of Borrego Springs, CA"
nc73717261,2022-04-12 00:54:16.370,-124.2815,40.4623333,24.84,2.55,"13km S of Ferndale, CA"
ci39990551,2022-04-11 23:40:20.790,-115.6436667,33.1728333,7.73,3.24,"13km WNW of Calipatria, CA"
nc73716646,2022-04-10 17:02:58.610,-121.2625,36.7566667,10.91,2.57,"6km SE of Tres Pinos, CA"
ci39989335,2022-04-09 13:14:38.560,-118.4771667,35.368,7.83,2.52,"24km S of Bodfish, CA"
nc73716036,2022-04-08 18:04:08.550,-120.3475,35.7981667,10.26,2.82,"10km NNW of Cholame, CA"
ci39988527,2022-04-08 09:35:54.780,-118.5361667,35.3131667,3.29,3.28,"22km NNW of Tehachapi, CA"
nc73715206,2022-04-06 23:29:46.010,-118.8656667,37.5793333,3.42,2.89,"12km ESE of Mammoth Lakes, CA"
nc73714596,2022-04-05 08:05:34.920,-123.8226667,40.1378333,22.9,2.52,"2km N of Redway, CA"
nc73714286,2022-04-04 21:16:24.530,-124.2193333,40.4815,21.43,2.78,"10km WSW of Rio Dell, CA"
nc73714176,2022-04-04 15:18:31.590,-124.2186667,40.4816667,21.41,3.8,"10km WSW of Rio Dell, CA"
nc73714181,2022-04-04 15:16:46.240,-124.2101667,40.4871667,21.4,4.07,"9km W of Rio Dell, CA"
nc73713976,2022-04-04 02:42:54.140,-121.2656667,36.6421667,10.35,2.73,"16km NW of Pinnacles, CA"
ci39985119,2022-04-03 09:51:30.520,-116.9765,35.0381667,2.01,3.62,"16km NNE of Barstow, CA"
nc73713561,2022-04-03 00:25:06.630,-120.7465,36.7981667,4.67,2.67,"20km SSW of South Dos Palos, CA"
nc73713331,2022-04-02 10:31:04.680,-123.5105,41.0453333,33.39,3.54,"16km NE of Willow Creek, CA"
nc73713306,2022-04-02 08:55:50.130,-119.828,38.6265,-1.78,2.73,"8km SSW of Markleeville, CA"
nc73713091,2022-04-01 15:31:59.620,-123.4696667,40.8165,26.05,3.02,"19km SE of Willow Creek, CA"
nc73713056,2022-04-01 14:04:29.480,-122.7295,38.7486667,1.99,2.71,"4km SE of The Geysers, CA"
ci39983615,2022-04-01 13:14:37.370,-117.325,36.0003333,2.32,2.62,"27km N of Trona, CA"
ci39983439,2022-04-01 08:44:03.130,-115.45,32.7996667,13.6,2.81,"7km W of Holtville, CA"
nc73712916,2022-04-01 02:28:12.940,-121.542,36.812,5.73,2.82,"4km S of San Juan Bautista, CA"
nc73712886,2022-04-01 00:58:29.410,-121.5396667,36.8083333,5.78,2.65,"4km S of San Juan Bautista, CA"
nc73712821,2022-03-31 22:39:04.670,-121.5395,36.8105,5.84,3.33,"4km S of San Juan Bautista, CA"
nc73712606,2022-03-31 08:16:30.000,-118.601,37.4108333,10.53,3.29,"0km SW of Round Valley, CA"
nc73712486,2022-03-31 02:05:26.760,-118.6031667,37.4093333,10.53,3.93,"1km SW of Round Valley, CA"
nc73711961,2022-03-29 18:53:25.180,-122.7728333,38.7995,0.65,2.75,"3km NNW of The Geysers, CA"
ci39981303,2022-03-29 18:35:43.770,-116.0031667,33.1913333,8.54,2.71,"13km SSW of Salton City, CA"
ci39980583,2022-03-28 15:24:32.130,-115.6095,33.1831667,2.28,3.04,"10km SW of Niland, CA"
nc73711436,2022-03-28 08:35:41.430,-122.8886667,39.3458333,8.76,2.57,"9km SE of Lake Pillsbury, CA"
nc73710701,2022-03-26 17:46:51.280,-119.5428333,38.5136667,-0.46,3.29,"6km W of Walker, CA"
nc73710551,2022-03-26 11:53:01.950,-119.5418333,38.5153333,-0.78,2.59,"5km W of Walker, CA"
nc73710541,2022-03-26 11:32:23.820,-120.2005,35.9705,18.78,2.61,"7km WSW of Avenal, CA"
ci39978903,2022-03-26 10:13:58.540,-117.9348333,37.0676667,8.44,2.81,"33km ESE of Big Pine, CA"
nc73710361,2022-03-25 21:10:58.610,-122.2585,39.1266667,-0.49,3.67,"10km WSW of Williams, CA"
nc73710256,2022-03-25 16:23:51.840,-119.5386667,38.5188333,0.1,2.65,"5km W of Walker, CA"
nc73709221,2022-03-23 09:56:36.520,-123.8245,40.1353333,22.86,2.79,"2km N of Redway, CA"
ci39974975,2022-03-23 01:58:44.750,-118.4318333,34.291,7.47,2.61,"1km ENE of San Fernando, CA"
nc73708841,2022-03-22 16:35:40.080,-122.7916667,38.8035,1.35,2.68,"4km NW of The Geysers, CA"
ci39974207,2022-03-22 11:59:40.490,-116.5325,33.4715,13.09,3.03,"16km SE of Anza, CA"
ci39974135,2022-03-22 10:33:38.430,-117.5645,34.0498333,7.4,3.28,"6km E of Ontario, CA"
nc73708346,2022-03-21 08:31:58.570,-124.0215,40.7213333,27.45,2.63,"11km E of Pine Hills, CA"
ci39973183,2022-03-20 23:31:48.540,-115.5998333,33.1128333,11.02,2.94,"8km W of Calipatria, CA"
nc73707826,2022-03-19 16:59:41.390,-121.7615,37.0021667,12.04,3.58,"4km ENE of Corralitos, CA"
nc73707696,2022-03-19 12:58:03.960,-119.532,38.5208333,1.4,2.53,"5km W of Walker, CA"
nc73707656,2022-03-19 11:04:50.830,-119.5305,38.5206667,1.43,2.71,"4km W of Walker, CA"
nc73707556,2022-03-19 06:01:29.970,-121.627,36.9731667,4.64,2.61,"6km SW of Gilroy, CA"
nc73707451,2022-03-19 00:02:48.990,-119.5446667,38.5181667,-0.21,2.6,"6km W of Walker, CA"
ci39971663,2022-03-18 21:48:28.880,-117.929,36.4891667,6.43,2.86,"17km SE of Lone Pine, CA"
ci39971647,2022-03-18 21:30:15.660,-116.003,33.1933333,7.93,2.83,"12km SSW of Salton City, CA"
nc73707241,2022-03-18 15:16:25.790,-120.9055,36.483,17.94,3.28,"22km ESE of Pinnacles, CA"
nc73707036,2022-03-18 04:59:57.380,-119.5348333,38.5238333,0.03,2.96,"5km WNW of Walker, CA"
nc73707031,2022-03-18 04:55:08.510,-119.5306667,38.5215,1.12,2.62,"4km W of Walker, CA"
nc73707026,2022-03-18 04:53:41.370,-119.5358333,38.5243333,0.8,2.72,"5km WNW of Walker, CA"
nc73707021,2022-03-18 04:51:22.290,-119.5405,38.521,-0.54,3.99,"5km W of Walker, CA"
ci39969735,2022-03-17 01:46:56.550,-116.7736667,34.0955,11.78,2.53,"19km WNW of Morongo Valley, CA"
ci39969223,2022-03-16 10:13:38.140,-117.1686667,33.9906667,15.0,2.76,"7km S of Redlands, CA"
ci39969103,2022-03-16 05:43:13.670,-115.5321667,32.6946667,3.18,2.68,"4km WNW of Calexico, CA"
ci39968663,2022-03-15 18:15:34.880,-117.6508333,35.8251667,6.27,3.09,"23km N of Ridgecrest, CA"
ci40207960,2022-03-15 00:57:31.560,-119.2963333,34.4368333,10.23,2.5,"5km WSW of Ojai, CA"
nc73705706,2022-03-15 00:48:49.460,-124.2883333,40.4145,25.14,2.52,"10km N of Petrolia, CA"
nc73705586,2022-03-14 19:22:28.220,-122.7523333,38.7835,2.34,2.89,"1km NNE of The Geysers, CA"
ci40207704,2022-03-14 19:16:16.300,-116.6406667,33.9348333,11.97,2.94,"10km WNW of Garnet, CA"
nc73705266,2022-03-14 04:31:07.290,-121.1868333,36.5751667,4.93,2.6,"6km NW of Pinnacles, CA"
nc73705251,2022-03-14 04:09:24.970,-121.1828333,36.586,5.89,3.07,"7km NNW of Pinnacles, CA"
nc73705146,2022-03-13 20:51:32.260,-121.1883333,36.5846667,6.03,4.12,"7km NW of Pinnacles, CA"
nc71127384,2022-03-13 20:51:30.100,-121.1863333,36.5893333,6.1,3.23,"8km NNW of Pinnacles, CA"
nc73704531,2022-03-12 03:42:07.980,-121.0545,36.4666667,2.13,2.58,"11km SE of Pinnacles, CA"
nc73704246,2022-03-11 17:44:30.460,-122.2991667,37.919,4.97,2.8,"1km ENE of El Cerrito, CA"
nc73703361,2022-03-09 17:54:47.110,-124.2781667,40.3945,27.39,2.73,"8km N of Petrolia, CA"
nc73702686,2022-03-08 03:39:46.550,-120.8196667,36.2478333,6.53,2.84,"22km NE of San Lucas, CA"
nc73702626,2022-03-08 01:13:56.920,-119.0768333,38.2285,14.37,2.82,"6km WNW of Bodie, CA"
nc73702521,2022-03-07 18:24:20.150,-119.074,38.2331667,9.89,2.81,"6km WNW of Bodie, CA"
nc73702486,2022-03-07 16:22:42.900,-119.08,38.2258333,8.97,3.54,"6km WNW of Bodie, CA"
nc73701916,2022-03-06 04:19:55.990,-122.745,38.7798333,0.47,2.69,"1km ENE of The Geysers, CA"
nc73701676,2022-03-05 15:07:29.780,-121.1181667,36.5286667,6.48,3.22,"2km E of Pinnacles, CA"
ci40200072,2022-03-05 11:02:16.160,-118.384,35.5136667,4.74,3.27,"13km SE of Bodfish, CA"
nc73701596,2022-03-05 11:00:22.300,-120.6948333,36.527,7.87,2.53,"12km N of New Idria, CA"
nc73700486,2022-03-03 11:39:58.200,-122.7581667,38.7805,0.4,3.78,"0km NNW of The Geysers, CA"
ci40198320,2022-03-02 22:55:02.670,-115.5431667,33.8533333,1.78,2.73,"20km NW of Desert Center, CA"
nc73700131,2022-03-02 19:10:21.150,-119.4486667,38.5778333,6.22,2.83,"8km NNE of Walker, CA"
nc73699581,2022-03-01 16:51:12.230,-121.9951667,37.1243333,14.48,2.68,"5km SSW of Lexington Hills, CA"
ci40196752,2022-03-01 06:34:09.970,-119.2936667,34.4333333,11.54,2.61,"5km WSW of Ojai, CA"
ci40196656,2022-03-01 05:06:42.710,-119.2975,34.441,11.56,2.83,"5km W of Ojai, CA"
ci40196616,2022-03-01 05:01:10.860,-119.2935,34.439,10.87,2.84,"5km WSW of Ojai, CA"
ci40194848,2022-02-27 04:44:34.540,-119.136,34.4221667,17.29,3.05,"10km ESE of Ojai, CA"
ci40194736,2022-02-27 01:44:18.300,-119.132,34.4211667,19.66,3.98,"10km NW of Santa Paula, CA"
ci40193240,2022-02-25 07:38:48.150,-115.8163333,32.7053333,11.1,2.54,"17km E of Ocotillo, CA"
nc73697236,2022-02-24 13:09:20.320,-122.7965,38.8235,2.89,2.61,"6km NW of The Geysers, CA"
ci40191736,2022-02-23 00:20:39.970,-117.9803333,35.9585,3.82,2.82,"7km WNW of Little Lake, CA"
nc73695786,2022-02-21 05:07:36.210,-121.3711667,36.7206667,2.7,3.4,"9km SSW of Tres Pinos, CA"
ci40190688,2022-02-20 20:49:31.870,-117.1866667,34.0348333,11.07,2.65,"2km S of Redlands, CA"
nc73695371,2022-02-20 04:49:48.090,-121.5218333,36.9223333,6.23,2.82,"9km N of San Juan Bautista, CA"
nc73694996,2022-02-19 07:35:26.950,-118.7413333,38.0868333,6.68,2.66,"27km ESE of Bodie, CA"
nc73694886,2022-02-19 03:47:14.280,-118.811,37.4691667,6.65,2.89,"16km SW of Toms Place, CA"
nc73694846,2022-02-19 02:24:03.980,-121.516,36.7936667,4.95,2.76,"6km SSE of San Juan Bautista, CA"
ci40188280,2022-02-17 19:52:08.720,-116.3321667,32.9991667,9.93,2.93,"25km SW of Ocotillo Wells, CA"
nc73693841,2022-02-16 23:02:47.900,-121.1255,35.6986667,6.6,3.3,"8km NE of San Simeon, CA"
ci40187488,2022-02-16 17:18:21.670,-119.1371667,34.4116667,16.1,2.74,"10km NW of Santa Paula, CA"
nc73693631,2022-02-16 14:21:25.120,-122.1248333,37.7313333,6.0,2.91,"3km ENE of San Leandro, CA"
nc73693601,2022-02-16 12:46:07.440,-121.1485,35.7026667,6.32,2.94,"8km NNE of San Simeon, CA"
nc73693581,2022-02-16 12:10:59.580,-121.5535,36.8451667,7.0,3.09,"1km W of San Juan Bautista, CA"
nc71127199,2022-02-16 10:36:48.600,-124.3243333,40.3516667,28.29,2.53,"4km NW of Petrolia, CA"
nc73693441,2022-02-16 02:10:03.750,-122.4296667,40.6161667,21.87,2.71,"6km ENE of Shasta, CA"
nc73693421,2022-02-16 01:16:32.520,-121.6668333,36.9151667,10.6,2.54,"4km NW of Aromas, CA"
ci40185640,2022-02-14 16:41:35.260,-118.6415,34.3891667,3.23,3.17,"10km SW of Valencia, CA"
ci40185360,2022-02-14 11:09:59.050,-117.5335,35.6595,9.5,2.63,"14km ENE of Ridgecrest, CA"
nc73691736,2022-02-12 03:13:42.080,-122.1478333,37.7395,3.84,3.24,"2km NNE of San Leandro, CA"
ci40183056,2022-02-11 14:21:13.660,-117.6876667,35.9163333,2.79,2.93,"20km E of Little Lake, CA"
ci40182600,2022-02-11 00:35:46.380,-119.1346667,34.4205,16.29,2.64,"10km NW of Santa Paula, CA"
ci40182560,2022-02-11 00:25:02.020,-119.1323333,34.4171667,18.74,3.86,"10km NW of Santa Paula, CA"
ci40180600,2022-02-09 04:05:51.690,-118.4408333,36.1376667,3.29,2.73,"42km WSW of Olancha, CA"
nc73690306,2022-02-09 03:09:35.100,-123.5148333,41.345,35.81,2.63,"5km SW of Somes Bar, CA"
ci40180552,2022-02-09 01:47:42.470,-117.675,35.9861667,2.12,2.64,"22km ENE of Little Lake, CA"
nc73690166,2022-02-08 23:16:00.410,-122.8013333,38.8081667,2.93,3.27,"5km NW of The Geysers, CA"
ci40180104,2022-02-08 15:38:22.330,-118.2895,34.0871667,7.97,2.59,"2km WSW of Silver Lake, CA"
nc73690016,2022-02-08 13:14:57.500,-121.5826667,36.8373333,7.33,2.85,"4km WSW of San Juan Bautista, CA"
nc73689936,2022-02-08 06:51:14.480,-117.9148333,37.3256667,11.21,2.85,"8km SE of Deep Springs, CA"
nc73689771,2022-02-07 16:38:53.850,-121.6636667,37.2921667,5.03,2.73,"16km E of Seven Trees, CA"
nc73689506,2022-02-07 00:01:53.730,-122.1356667,37.7281667,4.28,3.09,"2km ENE of San Leandro, CA"
ci40178728,2022-02-06 23:24:47.510,-117.4786667,33.7323333,11.02,3.62,"13km NE of Trabuco Canyon, CA"
nc73689126,2022-02-06 04:55:17.850,-122.7453333,38.7856667,0.84,3.36,"1km NE of The Geysers, CA"
nc73688171,2022-02-04 15:50:09.360,-122.8191667,38.8461667,1.12,3.14,"9km WNW of Cobb, CA"
ci37387020,2022-02-03 15:18:32.540,-117.4813333,34.1328333,5.48,2.61,"4km NNW of Fontana, CA"
ci39931047,2022-02-02 16:23:55.830,-119.3995,35.28,22.47,2.51,"15km SSE of Buttonwillow, CA"
ci39930791,2022-02-02 13:17:39.780,-115.615,33.0298333,4.64,2.54,"1km SE of Westmorland, CA"
nc73687186,2022-02-02 07:45:52.030,-118.7743333,37.5176667,5.58,2.65,"10km WSW of Toms Place, CA"
nc73687071,2022-02-02 03:50:14.760,-118.7748333,37.5181667,5.53,2.8,"10km WSW of Toms Place, CA"
ci39930343,2022-02-02 03:39:36.210,-115.6146667,33.033,5.16,2.72,"1km SE of Westmorland, CA"
nc73687041,2022-02-02 03:14:17.470,-121.6093333,36.8676667,7.94,2.76,"4km SE of Aromas, CA"
nc73686986,2022-02-02 01:41:48.220,-119.7725,38.6553333,-1.09,3.47,"4km SSE of Markleeville, CA"
nc73686881,2022-02-01 18:05:16.380,-121.0445,36.4708333,3.31,2.5,"11km SE of Pinnacles, CA"
ci39929895,2022-02-01 17:26:16.480,-118.2048333,33.949,15.79,3.26,"1km SE of South Gate, CA"
nc73686851,2022-02-01 14:28:19.810,-124.2936667,40.3695,27.55,2.59,"5km N of Petrolia, CA"
nc73686036,2022-01-30 20:59:08.070,-120.3315,35.7831667,8.36,2.75,"8km NNW of Cholame, CA"
nc73686026,2022-01-30 20:47:35.650,-120.331,35.781,8.35,2.96,"7km NNW of Cholame, CA"
ci39928087,2022-01-30 17:46:26.970,-116.9146667,33.3355,13.31,4.0,"5km WSW of Palomar Observatory, CA"
nc73685556,2022-01-29 21:46:34.080,-123.8431667,40.5511667,26.43,2.63,"22km E of Hydesville, CA"
nc73685486,2022-01-29 18:37:31.400,-124.3391667,40.2843333,8.3,2.77,"6km SW of Petrolia, CA"
nc73685406,2022-01-29 14:35:40.520,-123.184,39.801,7.48,2.91,"6km E of Covelo, CA"
nc73684951,2022-01-28 18:45:06.020,-120.0695,36.0826667,11.67,2.64,"10km NNE of Avenal, CA"
nc73684846,2022-01-28 11:39:56.140,-119.4778333,38.457,6.45,2.82,"6km S of Walker, CA"
ci39926031,2022-01-28 10:40:07.860,-117.0401667,33.8395,14.45,2.5,"10km NW of San Jacinto, CA"
nc73684816,2022-01-28 10:36:54.660,-123.1843333,39.7941667,9.47,2.59,"5km E of Covelo, CA"
nc73684671,2022-01-28 03:40:17.270,-123.1841667,39.7995,8.89,2.51,"6km E of Covelo, CA"
nc73683766,2022-01-27 22:07:58.380,-124.3208333,40.477,17.99,2.68,"12km SSW of Ferndale, CA"
ci39924911,2022-01-27 11:12:18.860,-118.993,35.0418333,7.93,2.58,"12km NNW of Grapevine, CA"
ci39924879,2022-01-27 10:52:41.220,-118.9931667,35.0398333,9.91,2.84,"12km NNW of Grapevine, CA"
ci39924871,2022-01-27 10:51:22.330,-118.9958333,35.0445,12.03,3.51,"13km NNW of Grapevine, CA"
ci39923679,2022-01-26 10:38:30.020,-117.7755,36.0235,1.83,3.12,"15km NE of Little Lake, CA"
ci39923631,2022-01-26 09:59:17.040,-117.7763333,36.023,1.63,3.02,"15km NE of Little Lake, CA"
ci39923623,2022-01-26 09:59:05.010,-117.7791667,36.0256667,1.74,3.03,"15km NE of Little Lake, CA"
ci39923479,2022-01-26 05:05:55.330,-117.781,36.0263333,1.66,2.57,"15km NE of Little Lake, CA"
ci39923447,2022-01-26 05:00:01.620,-117.7811667,36.0251667,1.65,2.85,"15km NE of Little Lake, CA"
ci39921383,2022-01-23 20:57:15.240,-116.3975,33.4338333,6.66,3.21,"20km N of Borrego Springs, CA"
nc73682276,2022-01-23 16:57:43.060,-121.2675,36.6675,4.91,2.69,"14km SSE of Tres Pinos, CA"
nc73682266,2022-01-23 16:53:10.310,-121.2703333,36.6666667,5.17,3.07,"14km SSE of Tres Pinos, CA"
nc73682121,2022-01-23 01:20:10.250,-119.538,38.545,3.71,2.58,"6km WNW of Walker, CA"
ci39920079,2022-01-22 01:01:42.300,-116.0805,32.8625,7.23,3.01,"16km NNW of Ocotillo, CA"
nc73681616,2022-01-21 21:17:43.410,-122.7396667,38.7623333,0.9,2.59,"2km SE of The Geysers, CA"
nc73681251,2022-01-20 23:35:54.110,-119.5316667,38.5373333,3.55,2.51,"5km WNW of Walker, CA"
nc73681106,2022-01-20 18:11:21.570,-118.147,37.3301667,12.72,2.59,"15km WSW of Deep Springs, CA"
ci39917967,2022-01-20 09:52:30.400,-117.4053333,35.5243333,8.7,2.53,"27km ESE of Ridgecrest, CA"
ci39917799,2022-01-20 04:26:10.480,-116.8985,33.7298333,3.9,2.97,"2km SSW of Valle Vista, CA"
ci39915287,2022-01-18 07:39:15.120,-116.7506667,33.8255,12.48,3.45,"10km NNW of Idyllwild, CA"
ci39914199,2022-01-17 00:02:29.990,-119.2985,34.4386667,10.42,3.19,"5km WSW of Ojai, CA"
ci39913455,2022-01-15 16:19:02.000,-118.7328333,34.9595,7.29,2.54,"18km NE of Lebec, CA"
nc73678776,2022-01-15 13:10:58.400,-124.293,40.38,28.69,2.69,"6km N of Petrolia, CA"
ci39912487,2022-01-14 15:05:41.430,-115.4401667,32.7728333,12.18,2.85,"7km SW of Holtville, CA"
nc73678226,2022-01-14 04:50:22.640,-122.8366667,38.8395,2.46,2.59,"10km NW of The Geysers, CA"
nc73677916,2022-01-13 10:33:52.700,-123.7545,40.0278333,19.3,2.75,"12km SSE of Redway, CA"
ci39910983,2022-01-13 08:23:09.790,-116.3925,33.3718333,5.06,2.75,"13km N of Borrego Springs, CA"
ci39910327,2022-01-13 03:24:53.520,-116.4405,33.4738333,13.13,2.86,"23km ESE of Anza, CA"
ci39910255,2022-01-13 03:19:08.700,-116.443,33.4688333,13.97,3.86,"23km ESE of Anza, CA"
nc73677651,2022-01-12 22:44:50.630,-124.2275,40.4398333,25.84,2.61,"12km WSW of Rio Dell, CA"
ci39909663,2022-01-12 09:06:03.170,-115.535,32.9341667,11.04,2.54,"5km S of Brawley, CA"
ci39909511,2022-01-12 02:12:08.390,-116.3635,33.3611667,2.96,2.65,"12km N of Borrego Springs, CA"
ci39908695,2022-01-11 11:41:49.810,-118.2528333,33.8123333,11.57,2.52,"3km SE of Carson, CA"
ci39908519,2022-01-11 05:47:24.830,-118.2685,33.8083333,14.88,2.83,"3km SSE of Carson, CA"
ci39908023,2022-01-10 18:59:47.040,-115.9283333,35.6485,1.74,2.61,"35km SE of Tecopa, CA"
nc73676346,2022-01-10 03:10:27.420,-123.7946667,41.1895,27.61,2.76,"7km W of Weitchpec, CA"
nc73676091,2022-01-09 07:54:00.250,-120.3461667,36.2871667,12.58,2.52,"16km N of Coalinga, CA"
ci39906383,2022-01-08 23:46:18.060,-116.8868333,33.373,4.58,3.21,"3km NW of Palomar Observatory, CA"
nc73675616,2022-01-08 10:51:27.620,-122.8685,39.69,4.11,2.86,"13km WNW of Alder Springs, CA"
nc73675531,2022-01-08 08:29:01.760,-122.8058333,38.8345,1.12,2.59,"7km W of Cobb, CA"
ci39905711,2022-01-08 06:21:31.650,-118.9911667,34.4365,1.8,3.56,"8km WNW of Fillmore, CA"
nc73675266,2022-01-07 20:34:12.320,-122.8743333,39.6896667,6.83,2.83,"14km WNW of Alder Springs, CA"
ci39904831,2022-01-07 13:15:11.710,-115.533,32.9236667,11.64,2.63,"6km S of Brawley, CA"
nc73674891,2022-01-07 02:32:07.130,-117.9028333,37.3363333,8.72,3.01,"8km ESE of Deep Springs, CA"
nc73674821,2022-01-07 00:56:40.260,-124.3218333,40.478,18.75,3.03,"12km SSW of Ferndale, CA"
nc73674241,2022-01-06 01:08:38.240,-124.3326667,40.4511667,26.98,2.82,"15km NNW of Petrolia, CA"
nc73674211,2022-01-06 00:28:07.010,-117.9023333,37.3338333,9.5,4.75,"8km ESE of Deep Springs, CA"
nc73674136,2022-01-05 20:20:34.190,-124.274,40.4543333,25.14,2.57,"14km S of Ferndale, CA"
nc73673706,2022-01-04 20:28:54.410,-118.4995,37.4366667,4.62,2.61,"9km ENE of Round Valley, CA"
nc73673491,2022-01-04 11:18:29.210,-122.4705,37.6643333,7.99,2.6,"2km SW of Colma, CA"
ci39901543,2022-01-03 03:02:30.170,-119.3926667,35.2811667,21.55,2.95,"15km SSE of Buttonwillow, CA"
ci39901519,2022-01-03 02:34:48.200,-119.3906667,35.284,17.73,3.92,"15km SSE of Buttonwillow, CA"
nc73672071,2022-01-01 09:48:40.700,-118.9556667,38.1096667,16.63,2.68,"12km SSE of Bodie, CA"
nc73672011,2022-01-01 08:33:48.700,-122.728,38.7745,1.53,2.67,"2km E of The Geysers, CA"
nc73671951,2022-01-01 06:10:48.010,-120.441,35.8995,5.65,3.29,"1km W of Parkfield, CA"
nc73671851,2022-01-01 00:27:51.990,-124.3223333,40.4771667,19.08,2.88,"12km SSW of Ferndale, CA"
nc73671466,2021-12-31 21:24:28.100,-124.323,40.4775,19.55,2.59,"12km SSW of Ferndale, CA"
nc73671446,2021-12-31 20:57:46.030,-124.3288333,40.4778333,19.05,3.81,"12km SSW of Ferndale, CA"
ci39900159,2021-12-31 19:27:58.900,-117.208,34.0346667,14.43,3.38,"3km SW of Redlands, CA"
nc73670851,2021-12-31 19:08:31.870,-124.32,40.4768333,19.35,2.54,"12km SSW of Ferndale, CA"
nc73670166,2021-12-31 11:24:49.930,-118.7698333,38.0515,9.5,2.55,"28km SE of Bodie, CA"
ci39899719,2021-12-31 10:48:10.410,-116.8791667,33.3743333,4.65,2.62,"2km NW of Palomar Observatory, CA"
ci39899591,2021-12-31 09:33:52.010,-116.879,33.3723333,4.6,2.95,"2km NW of Palomar Observatory, CA"
nc73669281,2021-12-30 18:07:07.640,-121.4720001,40.2729988,7.57,2.93,"12km SE of Mineral, CA"
nc73669251,2021-12-30 12:28:00.240,-124.2968333,40.3795,29.11,2.63,"6km N of Petrolia, CA"
nc73669121,2021-12-29 14:32:23.100,-121.1261667,40.2108333,5.35,2.5,"3km E of Prattville, CA"
nc73669096,2021-12-29 10:59:32.330,-124.2693333,40.3406667,27.66,2.66,"2km NE of Petrolia, CA"
nc73668996,2021-12-28 23:17:46.330,-124.254,40.4573333,27.07,2.77,"13km S of Ferndale, CA"
ci39897903,2021-12-28 16:30:18.740,-116.1983333,33.8395,8.55,2.88,"13km N of Indio, CA"
ci39897879,2021-12-28 16:19:00.270,-117.4836667,34.1285,5.29,2.57,"4km NW of Fontana, CA"
nc73668761,2021-12-27 17:09:16.420,-121.1711667,36.562,2.32,2.69,"4km NW of Pinnacles, CA"
ci39897055,2021-12-27 09:10:46.920,-117.8513333,36.1118333,3.82,2.55,"12km NE of Coso Junction, CA"
nc73668566,2021-12-26 07:19:46.530,-121.1905,36.5941667,5.64,3.22,"8km NNW of Pinnacles, CA"
ci39896143,2021-12-25 04:08:43.140,-117.8495,36.0991667,1.99,2.68,"11km NE of Coso Junction, CA"
nc73668326,2021-12-24 18:30:13.390,-124.2628333,40.4353333,25.59,2.87,"12km N of Petrolia, CA"
nc73668171,2021-12-24 00:20:39.000,-124.276,40.3705,26.1,2.51,"5km N of Petrolia, CA"
nc73668161,2021-12-24 00:14:49.590,-124.3176667,40.3758333,28.53,2.59,"6km NNW of Petrolia, CA"
nc73668111,2021-12-23 18:32:59.040,-124.3826667,40.4336667,27.16,2.9,"15km NW of Petrolia, CA"
ci39894823,2021-12-23 12:44:24.480,-116.8856667,33.3711667,4.6,3.12,"3km NW of Palomar Observatory, CA"
ci39894495,2021-12-23 05:04:58.370,-115.8265,33.0351667,7.42,2.94,"19km W of Westmorland, CA"
nc73667866,2021-12-23 03:28:52.150,-124.2925,40.3751667,21.02,3.87,"6km N of Petrolia, CA"
ci39894247,2021-12-23 02:47:57.770,-116.2595,33.2751667,4.67,2.53,"11km ENE of Borrego Springs, CA"
nc73667826,2021-12-23 01:13:19.950,-124.273,40.4535,25.7,2.7,"14km S of Ferndale, CA"
ci39893383,2021-12-22 12:37:16.930,-117.8603333,36.0911667,3.47,2.54,"9km ENE of Coso Junction, CA"
nc73667431,2021-12-22 00:36:41.810,-123.304,41.0188333,40.21,2.9,"29km ENE of Willow Creek, CA"
ci39892903,2021-12-21 22:38:38.010,-116.8803333,33.3746667,4.82,2.69,"3km NW of Palomar Observatory, CA"
nc73667331,2021-12-21 20:03:16.540,-123.2128333,39.7981667,-1.16,3.08,"3km E of Covelo, CA"
nc73667231,2021-12-21 16:50:37.020,-124.3031667,40.4201667,24.19,2.84,"11km N of Petrolia, CA"
nc73667171,2021-12-21 14:16:14.270,-124.3068333,40.469,27.6,3.16,"12km SSW of Ferndale, CA"
nc73667151,2021-12-21 14:09:48.410,-124.2786667,40.3885,24.75,2.88,"7km N of Petrolia, CA"
nc73666831,2021-12-21 04:34:19.950,-124.2841667,40.4475,27.54,3.76,"14km N of Petrolia, CA"
nc73666806,2021-12-21 03:44:05.810,-124.3875,40.4535,23.01,2.81,"17km NNW of Petrolia, CA"
nc73666801,2021-12-21 03:26:39.360,-124.2383333,40.4115,26.83,3.84,"10km NNE of Petrolia, CA"
nc73666796,2021-12-21 03:18:38.660,-124.2456667,40.4496667,27.27,2.69,"13km WSW of Rio Dell, CA"
nc73666781,2021-12-21 02:46:03.380,-124.2693333,40.4025,26.68,2.61,"9km N of Petrolia, CA"
nc73666771,2021-12-21 02:31:55.340,-124.2411667,40.3998333,23.36,2.75,"9km NNE of Petrolia, CA"
nc73666671,2021-12-21 00:26:06.370,-124.2141667,40.5415,26.08,2.61,"6km SE of Ferndale, CA"
nc73666666,2021-12-21 00:10:58.310,-124.2455,40.3858333,23.15,2.79,"8km NNE of Petrolia, CA"
nc73666641,2021-12-20 23:40:29.530,-124.296,40.5055,18.36,2.98,"8km SSW of Ferndale, CA"
nc73666621,2021-12-20 23:25:14.690,-124.305,40.4485,23.29,2.75,"14km N of Petrolia, CA"
nc73666591,2021-12-20 23:02:26.740,-124.2183333,40.431,27.74,2.55,"12km SW of Rio Dell, CA"
nc73666556,2021-12-20 22:40:00.100,-124.3095,40.4108333,25.85,2.58,"10km NNW of Petrolia, CA"
nc73666511,2021-12-20 21:53:46.470,-124.2258333,40.3585,26.93,3.93,"6km NE of Petrolia, CA"
nc73666476,2021-12-20 21:31:39.020,-124.2385,40.4138333,22.54,3.18,"11km NNE of Petrolia, CA"
nc73666466,2021-12-20 21:29:59.970,-124.2968333,40.4723333,24.96,2.59,"12km SSW of Ferndale, CA"
nc73666461,2021-12-20 21:24:05.760,-124.3761667,40.4688333,26.48,2.66,"15km SW of Ferndale, CA"
nc73666451,2021-12-20 21:21:14.460,-124.3165,40.4485,26.62,2.56,"14km N of Petrolia, CA"
nc73666446,2021-12-20 21:19:57.630,-124.3005,40.4636667,24.23,3.28,"13km SSW of Ferndale, CA"
nc73666431,2021-12-20 21:16:54.480,-124.2666667,40.386,24.05,2.54,"7km NNE of Petrolia, CA"
nc73666426,2021-12-20 21:16:03.160,-124.34,40.46,25.92,2.88,"14km SSW of Ferndale, CA"
nc73666411,2021-12-20 21:10:08.940,-124.2491667,40.4431667,28.02,3.12,"14km NNE of Petrolia, CA"
nc73666396,2021-12-20 21:06:38.210,-124.1348333,40.4316667,26.96,3.02,"8km SSW of Rio Dell, CA"
nc73666381,2021-12-20 20:56:22.920,-124.342,40.3728333,27.52,2.98,"7km NW of Petrolia, CA"
nc73666376,2021-12-20 20:55:43.240,-124.2931667,40.425,25.23,3.07,"11km N of Petrolia, CA"
nc73666371,2021-12-20 20:53:30.560,-124.2538333,40.3463333,22.35,2.91,"4km NE of Petrolia, CA"
nc73666356,2021-12-20 20:46:24.690,-124.2801667,40.3841667,26.07,2.65,"7km N of Petrolia, CA"
nc73666316,2021-12-20 20:36:20.000,-124.2273333,40.4641667,25.18,2.56,"11km WSW of Rio Dell, CA"
nc73666311,2021-12-20 20:34:52.040,-124.3031667,40.3696667,28.18,2.58,"5km NNW of Petrolia, CA"
nc73666306,2021-12-20 20:30:58.310,-124.2305,40.4901667,25.32,2.76,"10km SSE of Ferndale, CA"
nc73666296,2021-12-20 20:29:22.320,-124.3193333,40.4258333,26.36,2.78,"12km NNW of Petrolia, CA"
nc73666291,2021-12-20 20:28:23.500,-124.2843333,40.4038333,25.19,2.9,"9km N of Petrolia, CA"
nc73666276,2021-12-20 20:25:01.050,-124.3,40.4236667,25.31,2.71,"11km N of Petrolia, CA"
nc73666271,2021-12-20 20:24:11.030,-124.2591667,40.4936667,26.03,2.65,"9km S of Ferndale, CA"
nc73666266,2021-12-20 20:23:59.040,-124.3558333,40.2693333,21.42,2.69,"9km SW of Petrolia, CA"
nc73666261,2021-12-20 20:23:04.920,-124.2831667,40.3938333,25.86,2.59,"8km N of Petrolia, CA"
nc71126899,2021-12-20 20:20:29.050,-124.2853333,40.3753333,25.74,2.84,"6km N of Petrolia, CA"
nc73666251,2021-12-20 20:20:16.640,-124.3343333,40.3695,27.81,2.74,"6km NW of Petrolia, CA"
nc73666246,2021-12-20 20:18:28.880,-124.2896667,40.4241667,25.42,2.8,"11km N of Petrolia, CA"
nc73666231,2021-12-20 20:10:31.310,-124.298,40.3901667,27.04,6.2,"7km N of Petrolia, CA"
ci40130936,2021-12-19 07:44:45.200,-117.853,36.1131667,3.26,3.08,"11km NE of Coso Junction, CA"
ci40130624,2021-12-18 19:16:20.020,-117.0453333,34.0473333,11.24,2.93,"2km N of Yucaipa, CA"
ci40129448,2021-12-17 13:08:38.740,-116.2573333,33.2751667,5.35,2.53,"11km E of Borrego Springs, CA"
nc73663731,2021-12-15 00:35:38.570,-122.8125,38.8365,2.44,2.61,"8km WNW of Cobb, CA"
nc73662196,2021-12-10 16:17:24.450,-122.6431667,38.534,7.29,2.53,"7km SW of Calistoga, CA"
nc73662026,2021-12-10 03:18:51.030,-119.5411667,38.5418333,3.51,2.87,"6km WNW of Walker, CA"
nc73662016,2021-12-10 02:39:47.050,-121.1318333,40.2195,5.72,2.82,"2km ENE of Prattville, CA"
ci39883407,2021-12-09 07:25:11.700,-115.5158333,32.7593333,13.73,2.58,"3km NNE of Heber, CA"
nc73661611,2021-12-09 04:28:33.800,-124.16,40.2513333,12.75,2.7,"13km SE of Petrolia, CA"
nc73661561,2021-12-09 01:04:52.450,-121.2941667,35.7736667,4.9,2.61,"17km NNW of San Simeon, CA"
nc73661466,2021-12-08 20:49:59.670,-120.6135,36.4978333,9.24,2.73,"10km NNE of New Idria, CA"
ci39882375,2021-12-08 10:28:04.820,-117.5068333,34.2005,4.98,3.62,"7km S of Lytle Creek, CA"
ci39881343,2021-12-07 07:11:22.480,-116.0806667,35.9868333,2.74,3.12,"17km E of Shoshone, CA"
nc73660671,2021-12-07 06:29:11.510,-119.531,38.5151667,4.32,2.61,"4km W of Walker, CA"
ci39880583,2021-12-06 17:45:04.800,-117.572,35.718,8.08,2.55,"14km NE of Ridgecrest, CA"
ci39879567,2021-12-05 11:10:33.750,-117.2148333,34.0138333,11.17,2.67,"6km SSW of Redlands, CA"
nc73659836,2021-12-05 02:08:28.730,-122.1575,37.7623333,2.84,2.52,"4km N of San Leandro, CA"
ci39878623,2021-12-04 11:16:57.780,-115.5145,32.8806667,11.81,2.78,"6km NE of Imperial, CA"
nc73658306,2021-12-01 03:30:13.330,-122.7263333,38.7921667,2.1,2.53,"3km ENE of The Geysers, CA"
ci39875151,2021-12-01 01:39:48.580,-117.5241667,35.6755,9.49,2.78,"15km SW of Searles Valley, CA"
ci39875135,2021-12-01 01:23:41.210,-117.5245,35.6763333,9.12,3.19,"15km SW of Searles Valley, CA"
nc73660155,2021-11-30 16:07:02.370,-121.5598333,37.1641667,2.34,2.7,"9km ENE of Morgan Hill, CA"
ci39874375,2021-11-30 10:11:11.900,-117.8713333,36.0453333,3.49,2.78,"7km E of Coso Junction, CA"
nc73659805,2021-11-30 03:30:27.380,-122.2888333,37.9098333,4.88,2.5,"1km W of Kensington, CA"
nc73659755,2021-11-30 02:21:37.140,-118.6291667,37.5735,12.76,2.74,"5km ENE of Toms Place, CA"
ci39871631,2021-11-27 14:12:30.130,-116.7508333,34.2285,7.6,2.57,"9km ESE of Big Bear City, CA"
nc73658195,2021-11-26 18:27:52.100,-118.8551667,37.4983333,4.19,2.77,"17km WSW of Toms Place, CA"
nc73658180,2021-11-26 17:45:05.440,-118.854,37.497,3.89,2.69,"17km WSW of Toms Place, CA"
nc73657915,2021-11-26 05:28:29.530,-118.8506667,37.4966667,4.2,2.97,"17km WSW of Toms Place, CA"
nc73657750,2021-11-25 21:57:10.770,-118.8523333,37.4981667,4.52,2.95,"17km WSW of Toms Place, CA"
nc73657510,2021-11-25 10:10:05.530,-124.1473333,40.243,11.17,2.59,"15km SE of Petrolia, CA"
nc73656560,2021-11-23 01:40:27.490,-121.3188333,36.687,5.03,2.91,"12km S of Tres Pinos, CA"
nc73656545,2021-11-23 01:03:06.640,-121.3226667,36.685,6.54,2.62,"12km S of Tres Pinos, CA"
ci39866855,2021-11-22 04:32:24.000,-117.971,36.5291667,7.63,2.97,"11km SE of Lone Pine, CA"
nc73655455,2021-11-20 11:52:24.730,-121.1596667,40.2301667,7.89,2.83,"2km NE of Almanor, CA"
nc73655200,2021-11-20 01:52:51.870,-118.3813333,37.3688333,4.69,3.12,"1km ENE of Bishop, CA"
nc73655190,2021-11-20 01:41:11.450,-118.3776667,37.3628333,5.01,2.69,"2km E of Bishop, CA"
ci39864743,2021-11-20 01:39:18.760,-116.7871667,33.9943333,11.94,3.17,"8km N of Cabazon, CA"
nc73654265,2021-11-18 00:01:35.650,-121.9636667,37.7915,10.07,2.72,"2km NE of San Ramon, CA"
nc73654100,2021-11-17 19:58:46.240,-121.9675,37.7893333,9.45,2.98,"1km NE of San Ramon, CA"
nc73654070,2021-11-17 19:46:27.660,-121.9688333,37.7898333,9.39,2.55,"1km NE of San Ramon, CA"
nc73654065,2021-11-17 19:44:46.240,-121.9628333,37.7896667,9.51,3.22,"2km NE of San Ramon, CA"
nc73654060,2021-11-17 19:43:43.550,-121.9688333,37.7891667,10.3,3.86,"1km NE of San Ramon, CA"
nc73653790,2021-11-17 00:40:56.500,-123.0681667,39.0221667,3.22,2.51,"13km W of Lakeport, CA"
nc73653615,2021-11-16 17:22:40.840,-118.8358333,37.506,7.53,3.13,"15km WSW of Toms Place, CA"
nc73653605,2021-11-16 17:05:41.660,-118.8348333,37.5051667,7.64,2.57,"15km WSW of Toms Place, CA"
nc73652930,2021-11-15 09:28:29.470,-120.4905,35.9445,9.79,3.17,"7km NW of Parkfield, CA"
nc73652870,2021-11-15 06:20:46.690,-118.774,37.5191667,5.55,2.87,"10km WSW of Toms Place, CA"
ci40095672,2021-11-13 16:31:56.250,-118.029,36.1755,3.18,2.52,"12km S of Olancha, CA"
nc73651875,2021-11-12 11:45:26.140,-123.3721667,41.2541667,38.3,2.51,"16km SSE of Somes Bar, CA"
nc73651550,2021-11-11 15:05:05.960,-122.7471667,38.8478333,1.74,3.13,"4km NW of Cobb, CA"
nc73651530,2021-11-11 13:35:29.180,-124.2441667,40.374,28.57,2.86,"6km NNE of Petrolia, CA"
nc73651400,2021-11-11 04:09:09.160,-123.2831667,39.4166667,6.2,2.82,"6km E of Willits, CA"
ci39854175,2021-11-11 01:54:19.260,-118.6725,35.2065,6.44,2.64,"14km E of Arvin, CA"
ci39853095,2021-11-09 20:36:28.730,-116.6413333,34.6301667,6.76,2.57,"36km NE of Lucerne Valley, CA"
nc73650800,2021-11-09 19:48:30.630,-124.2528333,40.3785,27.27,2.82,"6km NNE of Petrolia, CA"
ci39852935,2021-11-09 16:15:09.550,-117.6983333,35.87,8.83,2.54,"20km ESE of Little Lake, CA"
ci39852735,2021-11-09 12:18:32.350,-117.666,35.8378333,5.04,2.76,"24km N of Ridgecrest, CA"
nc73650135,2021-11-07 19:44:20.410,-118.5161667,37.4083333,7.41,2.81,"7km E of Round Valley, CA"
ci39851063,2021-11-07 07:58:28.620,-118.3856667,35.5058333,6.45,2.64,"13km SE of Bodfish, CA"
nc73649690,2021-11-07 00:42:24.030,-121.959,41.9255,7.46,2.5,"6km SW of Dorris, CA"
ci39849903,2021-11-05 16:38:39.180,-118.4495,32.8538333,3.08,3.06,"10km WNW of San Clemente Is. (SE tip), CA"
ci39849663,2021-11-05 12:03:13.550,-117.4856667,35.6648333,10.73,3.36,"14km SSW of Searles Valley, CA"
nc73648890,2021-11-05 06:59:07.790,-122.8116667,38.8331667,2.13,2.79,"8km W of Cobb, CA"
nc73648830,2021-11-05 04:46:44.420,-122.2916667,37.9091667,5.01,2.65,"1km W of Kensington, CA"
nc73648540,2021-11-04 00:24:34.080,-123.4245,39.8938333,7.43,4.08,"19km NW of Covelo, CA"
nc73648125,2021-11-03 04:55:50.550,-124.2805,40.3555,28.39,2.54,"3km N of Petrolia, CA"
nc73648090,2021-11-03 01:33:16.950,-124.2571667,40.3711667,29.93,3.05,"6km NNE of Petrolia, CA"
ci39847431,2021-11-03 01:17:08.410,-116.693,35.0821667,10.54,2.56,"20km S of Fort Irwin, CA"
nc73648050,2021-11-03 00:39:08.730,-124.2525,40.373,27.74,2.63,"6km NNE of Petrolia, CA"
nc73648040,2021-11-03 00:24:51.300,-124.2553333,40.363,29.6,4.38,"5km NNE of Petrolia, CA"
nc73646380,2021-10-30 00:18:55.770,-119.1796667,36.5901667,26.85,2.66,"9km ENE of East Orosi, CA"
nc73646365,2021-10-29 22:26:38.050,-120.8438333,39.9493333,5.41,2.71,"5km ENE of East Quincy, CA"
ci39843975,2021-10-29 15:24:10.250,-117.8781667,36.221,1.91,3.01,"13km ESE of Olancha, CA"
nc73645525,2021-10-27 16:19:27.180,-119.5305,38.5156667,4.61,2.84,"4km W of Walker, CA"
ci39842247,2021-10-26 19:47:08.380,-117.3195,35.941,1.61,2.67,"20km NNE of Trona, CA"
nc73645125,2021-10-26 18:38:51.780,-122.7086667,38.7613333,1.26,2.9,"2km SW of Anderson Springs, CA"
nc73644915,2021-10-26 11:29:20.770,-119.5303333,38.545,4.33,2.68,"6km NW of Walker, CA"
ci39842055,2021-10-26 07:08:41.690,-116.9793333,34.0335,20.39,2.53,"6km E of Yucaipa, CA"
nc73644810,2021-10-26 06:55:52.180,-121.739,37.3858333,6.64,2.6,"8km ENE of Alum Rock, CA"
ci39842031,2021-10-26 04:38:49.060,-117.777,36.021,1.81,2.68,"15km NE of Little Lake, CA"
nc73644635,2021-10-25 23:49:36.100,-121.3038333,35.7688333,6.46,3.53,"17km NW of San Simeon, CA"
nc73644630,2021-10-25 23:42:35.860,-121.3043333,35.7758333,7.79,4.65,"18km NW of San Simeon, CA"
nc73644595,2021-10-25 22:17:32.490,-119.5311667,38.5453333,4.18,2.86,"6km NW of Walker, CA"
nc73644600,2021-10-25 22:17:18.670,-119.5298333,38.5443333,4.64,2.78,"6km NW of Walker, CA"
ci39841223,2021-10-24 14:01:02.280,-118.1973333,34.0168333,17.15,3.61,"3km WSW of East Los Angeles, CA"
nc73644055,2021-10-24 11:10:51.640,-122.8071667,38.8351667,2.51,2.61,"7km WNW of Cobb, CA"
ci39841127,2021-10-24 06:49:12.020,-115.876,32.9675,11.15,3.55,"25km WSW of Westmorland, CA"
nc73643860,2021-10-24 04:09:22.590,-122.8545,38.8238333,2.69,2.59,"10km WNW of The Geysers, CA"
nc73643820,2021-10-24 03:53:39.750,-122.8556667,38.8253333,2.88,2.77,"10km WNW of The Geysers, CA"
nc73643690,2021-10-23 21:46:28.260,-120.3128333,39.5631667,5.98,3.13,"14km SSW of Loyalton, CA"
ci39840791,2021-10-23 16:12:50.530,-115.9545,33.1585,8.77,2.67,"16km S of Salton City, CA"
nc73643495,2021-10-23 13:34:45.010,-122.2555,37.9861667,10.3,2.75,"4km ENE of El Sobrante, CA"
nc73643080,2021-10-23 04:28:00.390,-122.802,38.829,2.17,2.69,"7km W of Cobb, CA"
nc73643070,2021-10-23 04:26:26.860,-122.8016667,38.8283333,2.16,2.93,"7km W of Cobb, CA"
nc73642940,2021-10-22 21:14:19.670,-118.732,37.5855,8.93,3.38,"5km WNW of Toms Place, CA"
nc73642595,2021-10-22 02:30:17.310,-118.7328333,37.5878333,8.81,3.26,"6km WNW of Toms Place, CA"
nc73642535,2021-10-21 22:35:35.530,-119.277,37.2233333,13.51,2.76,"14km NNE of Shaver Lake, CA"
nc73641850,2021-10-20 08:57:15.880,-121.3173333,36.6708333,6.52,3.73,"13km S of Tres Pinos, CA"
nc73641845,2021-10-20 08:52:50.670,-121.3088333,36.6796667,5.24,2.73,"12km S of Tres Pinos, CA"
nc73641755,2021-10-20 05:20:51.670,-122.816,38.7928333,3.41,2.73,"5km WNW of The Geysers, CA"
nc73641685,2021-10-20 04:05:04.280,-122.7601667,38.7878333,1.51,3.13,"1km NNW of The Geysers, CA"
ci39837919,2021-10-20 01:15:34.830,-117.8601667,36.2158333,4.9,2.89,"15km ESE of Olancha, CA"
nc73641610,2021-10-20 00:18:08.890,-118.7415,38.0613333,8.68,2.55,"29km SE of Bodie, CA"
ci39837511,2021-10-19 19:11:10.090,-116.7676667,33.6611667,13.84,2.78,"10km SSW of Idyllwild, CA"
nc73641125,2021-10-18 10:14:20.510,-121.5498333,36.8146667,6.79,2.89,"4km SSW of San Juan Bautista, CA"
nc73641120,2021-10-18 10:13:44.920,-119.4101667,38.5316667,2.08,2.58,"6km ENE of Walker, CA"
nc73641100,2021-10-18 09:45:06.480,-120.3091667,36.1858333,10.36,3.44,"7km NE of Coalinga, CA"
nc73641095,2021-10-18 09:42:15.540,-120.3048333,36.196,10.33,2.76,"8km NE of Coalinga, CA"
ci39836455,2021-10-18 07:36:12.960,-117.9296667,37.0533333,1.77,2.51,"34km ESE of Big Pine, CA"
ci39836263,2021-10-18 00:41:49.100,-117.856,36.2098333,4.61,2.51,"16km ESE of Olancha, CA"
ci39836215,2021-10-17 21:41:06.920,-117.8613333,36.213,4.1,2.69,"15km ESE of Olancha, CA"
nc73640750,2021-10-17 16:50:32.230,-121.9966667,39.7918333,16.72,2.9,"6km NNE of Hamilton City, CA"
ci39835791,2021-10-17 13:19:00.720,-117.86,36.2131667,4.19,3.98,"15km ESE of Olancha, CA"
nc73640435,2021-10-17 02:55:02.370,-121.6998333,37.5491667,3.39,2.83,"16km SSE of Livermore, CA"
nc73640380,2021-10-16 22:55:40.090,-118.7495,37.4945,14.02,2.76,"10km SW of Toms Place, CA"
nc73640340,2021-10-16 21:10:18.570,-119.5253333,38.5495,4.44,2.52,"6km NW of Walker, CA"
ci39835079,2021-10-16 04:20:19.830,-118.2773333,35.4463333,6.87,2.61,"25km SE of Bodfish, CA"
nc73639975,2021-10-15 19:54:07.920,-123.0351667,38.9293333,4.42,2.97,"14km N of Cloverdale, CA"
nc73639270,2021-10-13 21:41:33.990,-122.8123333,38.8086667,1.79,2.59,"6km NW of The Geysers, CA"
ci40068112,2021-10-11 23:14:47.140,-117.5356667,35.658,7.73,3.08,"13km ENE of Ridgecrest, CA"
nc73638450,2021-10-11 20:38:55.100,-118.5426667,37.4445,10.19,2.71,"6km NE of Round Valley, CA"
nc73637770,2021-10-10 04:38:02.040,-122.766,38.7858333,1.66,2.59,"1km NW of The Geysers, CA"
nc73637645,2021-10-09 22:51:25.620,-122.7673333,38.7865,1.6,2.56,"1km NW of The Geysers, CA"
nc73636880,2021-10-08 03:58:23.620,-122.1508333,41.1355,6.64,2.52,"13km SE of Dunsmuir, CA"
nc73636830,2021-10-08 00:44:53.990,-119.886,35.9543333,29.21,2.91,"9km SE of Kettleman City, CA"
nc73636810,2021-10-08 00:13:49.320,-118.9533333,38.1018333,9.57,3.66,"13km SSE of Bodie, CA"
nc73636435,2021-10-07 02:18:48.580,-122.452,40.6101667,22.17,2.55,"4km ENE of Shasta, CA"
nc73636175,2021-10-06 14:25:27.520,-118.3253333,36.989,8.89,3.52,"20km S of Big Pine, CA"
ci40063744,2021-10-05 17:52:14.080,-115.5843333,33.0553333,11.14,2.71,"4km ENE of Westmorland, CA"
ci40063464,2021-10-05 15:32:23.540,-116.0545,33.7835,7.1,2.86,"16km NE of Coachella, CA"
nc73633396,2021-10-04 23:07:48.800,-121.2886667,36.5891667,6.36,3.66,"14km WNW of Pinnacles, CA"
nc73633266,2021-10-04 16:36:51.450,-121.6375,37.8718333,4.43,2.69,"0km N of Byron, CA"
nc73632846,2021-10-03 12:02:00.480,-121.6146667,37.2326667,3.89,3.29,"12km NNE of Morgan Hill, CA"
nc73632531,2021-10-02 19:22:26.670,-122.1575,37.7501667,6.2,3.35,"3km N of San Leandro, CA"
ci40061528,2021-10-02 19:04:44.030,-117.4946667,35.5881667,7.29,2.93,"17km ESE of Ridgecrest, CA"
nc73632136,2021-10-02 02:15:14.000,-122.1573333,37.7508333,6.62,2.98,"3km N of San Leandro, CA"
ci40061064,2021-10-02 01:42:20.500,-118.321,35.0691667,2.69,3.68,"14km W of Mojave, CA"
nc73631706,2021-10-01 05:12:19.310,-122.7513333,38.783,0.05,2.73,"1km NE of The Geysers, CA"
ci40060160,2021-10-01 03:46:56.750,-116.4441667,34.1386667,6.7,3.07,"3km NNW of Yucca Valley, CA"
nc73631381,2021-09-30 12:45:03.170,-122.6711667,38.4416667,9.27,3.23,"3km ESE of Santa Rosa, CA"
nc73631171,2021-09-29 22:20:35.910,-121.1843333,36.5788333,7.96,2.83,"6km NW of Pinnacles, CA"
nc73630901,2021-09-29 12:33:15.200,-119.5385,38.5416667,5.31,3.29,"28km SE of Markleeville, CA"
ci40059112,2021-09-29 05:53:59.840,-115.5931667,33.0671667,10.71,2.97,"4km NE of Westmorland, CA"
nc73630596,2021-09-28 19:41:18.800,-120.31,35.7593333,3.76,3.24,"4km NNW of Cholame, CA"
nc71126389,2021-09-28 15:12:38.630,-119.5315,38.5418333,5.16,3.79,"28km SE of Markleeville, CA"
nc73630471,2021-09-28 15:12:12.240,-119.5348333,38.542,5.04,3.8,"28km SE of Markleeville, CA"
nc71126394,2021-09-28 13:55:26.100,-119.543,38.5416667,3.23,2.73,"6km WNW of Walker, CA"
nc73630191,2021-09-27 22:27:55.090,-124.1636667,40.2585,12.3,2.73,"13km SE of Petrolia, CA"
nc73630116,2021-09-27 15:32:00.070,-119.4063333,38.517,3.38,2.88,"30km S of Smith Valley, NV"
nc73629861,2021-09-26 19:23:31.670,-119.413,38.5151667,3.02,3.43,"30km SSW of Smith Valley, NV"
nc73629831,2021-09-26 17:52:50.290,-120.24,36.0123333,15.64,2.76,"10km W of Avenal, CA"
nc73629746,2021-09-26 11:51:03.000,-119.4268333,38.532,3.15,2.61,"29km SSW of Smith Valley, NV"
nc73629686,2021-09-26 08:51:30.240,-124.1636667,40.2491667,11.69,3.61,"13km SE of Petrolia, CA"
nc73629301,2021-09-25 15:35:57.220,-119.5198333,38.4858333,4.22,2.68,"32km ENE of Dardanelle, CA"
ci39818879,2021-09-25 15:07:34.110,-116.382,33.1631667,8.09,2.64,"10km S of Borrego Springs, CA"
nc73629206,2021-09-25 12:12:08.550,-119.4815,38.5371667,6.38,2.95,"30km SSW of Smith Valley, NV"
ci39818327,2021-09-24 19:28:15.220,-117.4695,35.6053333,3.82,3.44,"19km E of Ridgecrest, CA"
nc73628921,2021-09-24 17:31:00.510,-124.353,40.292,20.58,2.53,"7km WSW of Petrolia, CA"
nc73628751,2021-09-24 07:04:45.520,-122.232,38.1035,11.02,2.71,"1km SSE of Vallejo, CA"
ci39817815,2021-09-24 02:58:48.270,-118.271,33.8293333,7.45,2.64,"1km ESE of Carson, CA"
nc73628241,2021-09-23 01:53:41.890,-119.5006667,38.5433333,7.32,3.61,"30km SSW of Smith Valley, NV"
nc73628226,2021-09-23 00:39:10.610,-119.4213333,38.5645,0.78,2.91,"25km SSW of Smith Valley, NV"
nc73628091,2021-09-22 18:56:56.040,-122.7826667,38.7996667,3.3,2.65,"3km NW of The Geysers, CA"
nc73628046,2021-09-22 17:16:03.180,-121.8161667,37.4611667,6.63,2.5,"9km ENE of Milpitas, CA"
nc73627931,2021-09-22 10:25:56.180,-118.9518333,38.1066667,7.87,2.62,"13km SSE of Bodie, CA"
ci39815335,2021-09-21 22:57:32.310,-116.7108333,33.6346667,13.42,3.26,"10km NNW of Anza, CA"
ci39815127,2021-09-21 22:41:30.350,-116.7148333,33.6348333,13.22,3.42,"10km NNW of Anza, CA"
ci39814663,2021-09-21 11:15:56.820,-115.9695,33.8736667,5.05,3.19,"28km NE of Indio, CA"
ci39814495,2021-09-21 02:45:19.490,-117.455,35.6395,7.11,2.76,"15km SSW of Searles Valley, CA"
nc73627216,2021-09-21 02:39:02.820,-119.5613333,38.4203333,4.88,2.84,"25km ENE of Dardanelle, CA"
nc73627176,2021-09-20 23:45:58.520,-119.5595,38.4156667,5.69,2.75,"25km ENE of Dardanelle, CA"
nc73626811,2021-09-19 17:09:40.550,-119.5653333,38.4196667,5.71,2.68,"25km ENE of Dardanelle, CA"
nc73626591,2021-09-19 00:09:14.810,-121.991,37.7285,7.08,3.1,"6km WNW of Dublin, CA"
nc73626526,2021-09-18 19:34:09.970,-118.9495,38.1095,7.35,2.51,"13km SSE of Bodie, CA"
nc73626516,2021-09-18 19:20:31.030,-119.4986667,38.5468333,6.82,3.97,"30km SSW of Smith Valley, NV"
ci39812695,2021-09-18 13:27:59.960,-118.118,35.0176667,7.84,2.62,"6km SE of Mojave, CA"
ci39812479,2021-09-18 06:06:09.940,-118.264,33.8261667,11.06,2.79,"2km ESE of Carson, CA"
nc73626246,2021-09-18 04:39:49.140,-124.3251667,40.2768333,19.58,2.96,"6km SSW of Petrolia, CA"
ci39812319,2021-09-18 02:58:34.700,-118.2636667,33.8313333,11.86,4.28,"2km E of Carson, CA"
ci39811703,2021-09-17 13:02:26.480,-116.9701667,33.9826667,15.84,2.71,"6km N of Beaumont, CA"
nc73625951,2021-09-17 12:49:44.460,-119.4226667,38.5415,2.22,2.54,"28km SSW of Smith Valley, NV"
nc73625896,2021-09-17 11:04:48.730,-119.4176667,38.5413333,3.42,2.78,"28km SSW of Smith Valley, NV"
nc73625641,2021-09-16 21:45:18.880,-119.5121667,38.4728333,4.42,2.76,"32km ENE of Dardanelle, CA"
nc73625391,2021-09-16 03:23:55.870,-118.6208333,37.4138333,9.57,2.55,"2km W of Round Valley, CA"
nc73625371,2021-09-16 02:45:42.970,-120.6135,36.0445,4.39,2.79,"23km NW of Parkfield, CA"
nc73625096,2021-09-15 12:29:44.360,-119.5606667,38.4188333,6.26,3.55,"25km ENE of Dardanelle, CA"
ci39808847,2021-09-15 00:57:35.490,-118.4341667,34.2965,7.38,2.88,"1km NNE of San Fernando, CA"
ci39808671,2021-09-14 21:36:26.190,-117.4888333,34.2418333,8.48,2.87,"2km SSE of Lytle Creek, CA"
nc73624816,2021-09-14 18:45:27.450,-121.8273333,37.4978333,4.52,2.93,"10km NE of Milpitas, CA"
nc73624666,2021-09-14 07:38:52.100,-120.5926667,36.2965,16.6,3.79,"15km SSE of New Idria, CA"
ci39807135,2021-09-13 14:59:35.980,-118.8976667,34.2278333,2.41,3.62,"5km NNW of Thousand Oaks, CA"
ci39805055,2021-09-11 01:17:44.750,-117.7771667,34.1286667,5.88,2.59,"3km NNW of La Verne, CA"
ci40037896,2021-09-09 15:01:24.820,-117.4456667,34.1378333,7.33,2.59,"5km NNE of Fontana, CA"
nc73622616,2021-09-09 14:28:37.000,-119.417,38.5591667,2.31,2.87,"26km SSW of Smith Valley, NV"
nc73622621,2021-09-09 14:27:54.090,-119.4175,38.5571667,2.89,3.41,"26km SSW of Smith Valley, NV"
nc73622486,2021-09-09 03:38:38.060,-119.521,38.5371667,6.73,2.59,"29km SE of Markleeville, CA"
nc73622436,2021-09-09 01:31:24.870,-121.2806667,36.6578333,4.81,2.51,"15km SSE of Tres Pinos, CA"
ci40037184,2021-09-08 20:01:24.810,-117.8358333,36.1376667,2.56,2.51,"14km NE of Coso Junction, CA"
ci40036480,2021-09-08 10:22:53.590,-117.2273333,34.0166667,15.13,2.58,"5km SE of Loma Linda, CA"
ci40035168,2021-09-07 09:41:29.540,-116.7865,33.25,5.73,2.7,"2km WNW of Lake Henshaw, CA"
nc73621121,2021-09-06 22:34:53.000,-122.8163333,38.8128333,3.14,2.52,"6km NW of The Geysers, CA"
nc73621131,2021-09-06 22:34:24.790,-122.8158333,38.815,2.27,3.11,"7km NW of The Geysers, CA"
ci40034504,2021-09-06 13:45:53.660,-116.3768333,33.3306667,9.86,2.72,"8km N of Borrego Springs, CA"
ci40034480,2021-09-06 13:14:20.260,-116.5693333,33.4555,11.54,2.67,"15km SE of Anza, CA"
ci40034128,2021-09-06 02:01:51.960,-117.3331667,35.9498333,2.98,2.61,"21km NNE of Trona, CA"
ci40034056,2021-09-06 00:01:43.860,-118.0636667,36.1501667,2.58,2.85,"16km SSW of Olancha, CA"
ci40034008,2021-09-05 23:39:22.320,-118.0653333,36.15,2.63,3.31,"16km SSW of Olancha, CA"
nc73620341,2021-09-05 05:27:45.570,-123.1191667,39.143,9.8,3.69,"4km ENE of Talmage, CA"
nc73619556,2021-09-03 17:46:03.880,-119.5311667,38.5121667,5.07,2.76,"30km SE of Markleeville, CA"
nc73619436,2021-09-03 11:16:59.830,-118.8386667,37.485,4.69,2.68,"16km WSW of Toms Place, CA"
nc73619366,2021-09-03 08:20:42.370,-118.7368333,37.5865,9.6,2.85,"6km WNW of Toms Place, CA"
nc73619336,2021-09-03 05:44:20.480,-123.118,39.1465,9.21,3.78,"4km ENE of Talmage, CA"
nc73619326,2021-09-03 04:54:21.690,-120.4418333,39.9665,11.92,2.82,"11km NNE of Lake Davis, CA"
nc73619256,2021-09-03 00:02:31.560,-123.1643333,39.8698333,5.62,2.8,"11km NE of Covelo, CA"
nc73618926,2021-09-01 23:13:35.700,-121.7721667,37.6236667,3.94,2.6,"6km S of Livermore, CA"
nc73618506,2021-08-31 20:20:46.990,-123.1173333,39.1446667,8.94,2.99,"4km ENE of Talmage, CA"
nc73618476,2021-08-31 19:07:43.890,-119.4195,38.5673333,1.94,2.82,"25km SSW of Smith Valley, NV"
nc73618401,2021-08-31 16:09:56.600,-121.1828333,36.5781667,8.54,4.05,"6km NW of Pinnacles, CA"
ci40027904,2021-08-31 09:50:07.870,-118.3801667,35.5183333,6.6,3.12,"13km SE of Bodfish, CA"
nc73618296,2021-08-31 08:17:59.160,-119.4311667,38.574,0.81,2.57,"25km SSW of Smith Valley, NV"
nc73618221,2021-08-31 03:23:52.540,-119.5348333,38.4968333,2.8,2.98,"31km ENE of Dardanelle, CA"
ci40027728,2021-08-31 01:59:51.170,-119.0943333,35.0301667,10.13,2.72,"18km WNW of Grapevine, CA"
nc73617546,2021-08-29 19:56:35.770,-122.7578333,38.8296667,0.28,2.72,"3km WNW of Cobb, CA"
nc73617431,2021-08-29 13:23:31.260,-119.4153333,38.5461667,2.57,3.41,"27km SSW of Smith Valley, NV"
nc73617241,2021-08-29 02:31:15.130,-119.4205,38.5498333,2.46,3.33,"27km SSW of Smith Valley, NV"
nc73617121,2021-08-28 19:00:39.610,-119.5321667,38.5393333,4.54,2.55,"28km SE of Markleeville, CA"
nc73616791,2021-08-28 02:44:19.030,-119.4216667,38.5668333,-1.53,2.52,"25km SSW of Smith Valley, NV"
nc73616726,2021-08-28 00:10:55.290,-119.4198333,38.568,-1.8,2.57,"25km SSW of Smith Valley, NV"
ci40024128,2021-08-27 12:34:51.160,-118.3791667,35.5151667,5.01,4.0,"13km SE of Bodfish, CA"
nc73616336,2021-08-27 10:13:20.880,-119.4206667,38.5456667,2.24,2.85,"27km SSW of Smith Valley, NV"
nc73616171,2021-08-27 07:04:59.850,-119.4278333,38.5638333,-1.9,3.06,"26km SSW of Smith Valley, NV"
nc73616096,2021-08-27 05:41:31.840,-119.4151667,38.5586667,1.59,2.78,"26km SSW of Smith Valley, NV"
nc73616066,2021-08-27 05:19:33.940,-119.4205,38.5566667,2.13,2.72,"26km SSW of Smith Valley, NV"
nc73615996,2021-08-27 04:55:18.280,-119.4235,38.5645,-0.19,2.99,"25km SSW of Smith Valley, NV"
nc73615986,2021-08-27 04:47:44.690,-119.4211667,38.5663333,-1.92,4.37,"25km SSW of Smith Valley, NV"
nc73615901,2021-08-27 01:54:20.700,-119.422,38.5593333,-0.91,2.86,"26km SSW of Smith Valley, NV"
nc73615886,2021-08-27 01:47:25.700,-119.4195,38.5558333,0.71,3.5,"26km SSW of Smith Valley, NV"
nc73615376,2021-08-25 20:01:08.760,-118.5465,37.9103333,6.2,2.8,"40km NNE of Toms Place, CA"
nc73615366,2021-08-25 19:52:16.940,-118.5495,37.9096667,6.71,2.85,"40km NNE of Toms Place, CA"
nc73615276,2021-08-25 16:06:33.070,-119.4836667,38.5368333,6.46,2.88,"30km SSW of Smith Valley, NV"
nc73614951,2021-08-24 23:17:05.100,-119.4575,38.5436667,3.93,2.52,"28km SSW of Smith Valley, NV"
ci40019504,2021-08-23 21:55:43.920,-115.631,33.1433333,9.37,2.93,"11km W of Calipatria, CA"
ci40018784,2021-08-23 14:57:23.620,-115.6413333,33.139,7.16,4.04,"12km N of Westmorland, CA"
nc73614206,2021-08-23 08:20:42.250,-119.4831667,38.537,6.6,3.05,"30km SSW of Smith Valley, NV"
nc73613886,2021-08-22 23:02:39.630,-119.5338333,38.5308333,2.95,2.54,"29km SE of Markleeville, CA"
nc73613606,2021-08-22 13:44:59.170,-119.4215,38.5458333,1.93,2.79,"27km SSW of Smith Valley, NV"
nc73613581,2021-08-22 13:27:52.790,-119.4286667,38.5456667,0.18,2.72,"28km SSW of Smith Valley, NV"
nc73613381,2021-08-22 04:16:40.220,-119.4608333,38.5403333,3.01,2.56,"29km SSW of Smith Valley, NV"
nc73613366,2021-08-22 03:50:51.330,-119.4573333,38.5451667,3.08,3.1,"28km SSW of Smith Valley, NV"
nc73613146,2021-08-21 22:56:40.590,-119.53,38.5301667,2.06,3.17,"29km SE of Markleeville, CA"
nc73613051,2021-08-21 20:22:01.140,-119.4293333,38.5533333,-1.53,3.07,"27km SSW of Smith Valley, NV"
nc73613026,2021-08-21 20:12:31.040,-119.4235,38.5505,1.54,2.58,"27km SSW of Smith Valley, NV"
nc73613006,2021-08-21 19:54:46.550,-121.374,36.772,9.34,3.1,"5km S of Ridgemark, CA"
ci40016064,2021-08-20 06:03:53.170,-117.721,35.8853333,2.64,2.67,"18km ESE of Little Lake, CA"
nc73612301,2021-08-20 05:29:25.650,-119.532,38.5393333,4.35,2.6,"28km SE of Markleeville, CA"
ci40014840,2021-08-19 04:29:46.130,-115.9626667,33.071,2.99,3.37,"18km ESE of Ocotillo Wells, CA"
ci40014744,2021-08-19 02:14:41.240,-115.9605,33.0738333,3.32,2.8,"18km ESE of Ocotillo Wells, CA"
nc73611751,2021-08-19 00:23:54.500,-118.9915,37.5418333,12.47,2.6,"11km S of Mammoth Lakes, CA"
ci40014624,2021-08-18 22:40:26.540,-115.9653333,33.0651667,3.2,2.5,"18km ESE of Ocotillo Wells, CA"
ci40014576,2021-08-18 21:50:22.940,-115.9675,33.0748333,3.84,3.84,"17km ESE of Ocotillo Wells, CA"
ci40014560,2021-08-18 21:45:14.590,-115.9598333,33.0733333,7.07,3.98,"18km ESE of Ocotillo Wells, CA"
ci37346044,2021-08-18 18:34:26.230,-115.9563333,33.0716667,4.19,2.53,"18km ESE of Ocotillo Wells, CA"
ci40014304,2021-08-18 18:34:03.980,-115.9541667,33.0706667,7.4,2.68,"18km ESE of Ocotillo Wells, CA"
ci40014256,2021-08-18 18:01:01.120,-115.9581667,33.0733333,3.61,2.8,"18km ESE of Ocotillo Wells, CA"
nc73611326,2021-08-17 21:14:22.800,-121.3935,36.7311667,3.02,2.9,"9km SW of Tres Pinos, CA"
nc73611096,2021-08-17 10:09:46.540,-120.497,36.4586667,15.64,3.03,"16km ENE of New Idria, CA"
nc73610771,2021-08-16 19:59:41.640,-122.313,38.5483333,-0.24,2.53,"12km ESE of Angwin, CA"
ci39774951,2021-08-16 18:59:38.390,-116.443,34.14,4.38,3.06,"3km NNW of Yucca Valley, CA"
nc73610586,2021-08-16 05:03:11.910,-120.428,35.884,5.93,2.65,"2km SSE of Parkfield, CA"
nc73610581,2021-08-16 04:54:35.450,-122.948,39.4986667,9.76,2.86,"10km N of Lake Pillsbury, CA"
nc73609926,2021-08-14 05:12:28.870,-121.1786667,36.6211667,5.95,2.7,"10km NNW of Pinnacles, CA"
nc73609596,2021-08-13 13:08:24.300,-122.841,39.6816667,3.24,2.68,"10km WNW of Alder Springs, CA"
ci39772319,2021-08-13 03:15:07.620,-117.4911667,34.084,9.47,2.54,"3km WSW of Fontana, CA"
nc73609421,2021-08-13 02:33:41.620,-119.554,38.5101667,3.07,3.16,"29km SE of Markleeville, CA"
nc73609126,2021-08-12 11:35:39.240,-122.018,39.5186667,26.26,2.59,"15km E of Willows, CA"
nc73608406,2021-08-10 19:29:31.570,-119.4975,38.4935,5.02,2.68,"34km ENE of Dardanelle, CA"
ci39769839,2021-08-10 17:48:09.340,-117.8356667,36.1365,2.34,2.9,"14km NE of Coso Junction, CA"
ci39768007,2021-08-09 06:09:45.480,-115.9551667,32.9035,8.89,2.86,"19km N of Ocotillo, CA"
nc73607176,2021-08-07 22:06:50.750,-119.5656667,38.4153333,4.83,2.82,"25km ENE of Dardanelle, CA"
nc73607056,2021-08-07 16:01:02.420,-122.8581667,39.6803333,3.66,2.94,"12km WNW of Alder Springs, CA"
nc73606811,2021-08-07 02:23:53.080,-121.4146667,36.8856667,8.53,2.8,"4km NNW of Hollister, CA"
ci39765679,2021-08-06 14:37:45.250,-119.0836667,35.0406667,7.98,3.39,"18km NW of Grapevine, CA"
nc73606411,2021-08-06 10:04:56.620,-120.795,35.5845,6.01,2.8,"9km WNW of Templeton, CA"
nc73606406,2021-08-06 09:56:28.380,-124.2191667,40.3531667,28.71,2.63,"6km ENE of Petrolia, CA"
ci39764447,2021-08-05 06:51:30.990,-116.9853333,33.7553333,17.42,3.12,"2km NW of Hemet, CA"
ci39764303,2021-08-05 01:23:34.730,-116.8686667,34.3418333,1.98,2.72,"9km NNW of Big Bear City, CA"
nc73605886,2021-08-05 00:27:30.310,-118.861,37.548,6.3,2.55,"14km SE of Mammoth Lakes, CA"
nc73605761,2021-08-04 19:36:05.890,-122.8585,39.6705,4.27,2.86,"12km W of Alder Springs, CA"
nc73605716,2021-08-04 18:49:46.010,-119.4321667,38.5318333,0.0,2.68,"29km SSW of Smith Valley, NV"
nc73605601,2021-08-04 12:25:43.280,-119.5301667,38.5468333,4.14,2.55,"28km SE of Markleeville, CA"
nc73605581,2021-08-04 10:26:39.100,-122.8653333,39.6671667,5.71,2.78,"12km W of Alder Springs, CA"
nc73605316,2021-08-03 22:52:00.050,-122.8636667,39.6705,5.99,2.93,"12km W of Alder Springs, CA"
nc73605151,2021-08-03 18:55:00.830,-118.5555,37.9176667,6.69,3.26,"41km NNE of Toms Place, CA"
nc73605146,2021-08-03 18:41:40.580,-122.869,39.674,2.6,2.79,"13km WNW of Alder Springs, CA"
nc73605076,2021-08-03 16:58:00.060,-119.4583333,38.57,-0.3,3.26,"26km SSW of Smith Valley, NV"
nc73605026,2021-08-03 15:57:51.590,-122.8641667,39.6696667,-0.39,2.86,"12km W of Alder Springs, CA"
nc73604966,2021-08-03 14:13:53.480,-122.8756667,39.6738333,0.66,2.58,"13km W of Alder Springs, CA"
nc73604971,2021-08-03 14:12:57.680,-122.865,39.6736667,0.75,2.9,"12km WNW of Alder Springs, CA"
nc73604831,2021-08-03 06:10:04.450,-122.8608333,39.6676667,1.71,2.88,"12km W of Alder Springs, CA"
nc73604776,2021-08-03 03:16:15.790,-122.8728333,39.6671667,1.45,2.73,"13km W of Alder Springs, CA"
ci39762183,2021-08-03 01:44:17.950,-116.5276667,35.6811667,3.02,2.72,"33km SW of Tecopa, CA"
nc73604726,2021-08-03 01:02:36.060,-122.0115,39.5091667,24.53,2.63,"16km E of Willows, CA"
nc73604661,2021-08-02 23:05:42.790,-121.6705,37.3021667,6.15,2.92,"15km E of Seven Trees, CA"
nc73604541,2021-08-02 20:15:28.880,-122.8666667,39.6661667,4.22,2.66,"12km W of Alder Springs, CA"
nc73604521,2021-08-02 19:58:47.800,-122.8695,39.6696667,0.88,2.89,"12km W of Alder Springs, CA"
nc73604446,2021-08-02 18:38:51.840,-122.8623333,39.6718333,2.48,2.83,"12km W of Alder Springs, CA"
nc73604441,2021-08-02 18:30:46.940,-122.8596667,39.6758333,1.63,2.64,"12km WNW of Alder Springs, CA"
nc73604436,2021-08-02 18:28:54.290,-122.8623333,39.6703333,7.64,3.66,"12km W of Alder Springs, CA"
nc73604356,2021-08-02 15:04:30.420,-122.8566667,39.6698333,5.55,2.73,"11km W of Alder Springs, CA"
nc73604336,2021-08-02 14:49:31.840,-122.8585,39.6711667,5.23,2.53,"12km W of Alder Springs, CA"
nc73604321,2021-08-02 14:05:50.960,-119.5298333,38.529,3.59,2.68,"29km SE of Markleeville, CA"
nc73603886,2021-08-01 14:50:04.890,-121.4133333,36.8638333,7.37,2.96,"2km NW of Hollister, CA"
nc73603701,2021-08-01 05:38:44.730,-121.8848333,37.8478333,8.43,2.5,"4km NNE of Blackhawk, CA"
nc73603671,2021-08-01 03:52:49.190,-121.4151667,36.866,7.32,2.76,"3km NW of Hollister, CA"
nc73603581,2021-07-31 22:16:32.170,-122.8605,39.6793333,0.42,2.95,"12km WNW of Alder Springs, CA"
nc73603561,2021-07-31 21:47:30.410,-122.8645,39.6743333,-0.63,2.71,"12km WNW of Alder Springs, CA"
nc73603486,2021-07-31 19:09:38.270,-120.333,35.7806667,8.5,2.73,"7km NNW of Cholame, CA"
nc73603251,2021-07-31 15:15:56.250,-122.7895,38.816,3.47,3.17,"5km NNW of The Geysers, CA"
ci39759175,2021-07-31 00:59:29.340,-117.212,34.0356667,14.55,3.05,"4km SW of Redlands, CA"
nc73602511,2021-07-30 14:27:13.470,-119.4915,38.5215,8.82,2.66,"32km SSW of Smith Valley, NV"
nc73602186,2021-07-30 03:11:08.220,-122.8033333,38.8238333,3.01,2.54,"7km NW of The Geysers, CA"
nc73601321,2021-07-28 23:50:23.280,-119.4621667,38.567,1.19,3.28,"26km SSW of Smith Valley, NV"
nc73601146,2021-07-28 19:38:57.680,-119.5236667,38.522,5.91,2.65,"30km SE of Markleeville, CA"
nc73600961,2021-07-28 15:58:15.640,-119.529,38.4965,4.77,2.71,"32km ENE of Dardanelle, CA"
nc73600926,2021-07-28 15:07:31.230,-120.3323333,35.78,8.53,3.4,"7km NNW of Cholame, CA"
ci39755863,2021-07-28 14:47:49.420,-116.1255,33.7813333,5.39,2.61,"11km NE of Indio, CA"
nc73600901,2021-07-28 14:14:20.010,-119.3795,38.2298333,10.7,3.18,"13km WSW of Bridgeport, CA"
nc73600841,2021-07-28 10:51:09.240,-123.0123333,38.5555,5.78,3.05,"6km NNW of Guerneville, CA"
nc73600811,2021-07-28 09:06:42.550,-119.4468333,38.5263333,2.58,2.52,"30km SSW of Smith Valley, NV"
nc73600766,2021-07-28 06:52:46.800,-124.2785,40.3786667,27.06,2.5,"6km N of Petrolia, CA"
nc73600631,2021-07-27 23:33:32.640,-119.5071667,38.5273333,6.13,2.54,"31km SE of Markleeville, CA"
nc73600416,2021-07-27 16:31:12.260,-119.4635,38.5685,1.29,2.57,"26km SSW of Smith Valley, NV"
nc73600206,2021-07-27 05:40:03.870,-122.8478333,39.6675,1.33,2.51,"11km W of Alder Springs, CA"
nc73600036,2021-07-26 21:40:11.540,-119.4985,38.5215,4.67,3.28,"32km SE of Markleeville, CA"
ci39753207,2021-07-26 08:21:18.440,-118.5116667,35.2038333,5.5,3.21,"10km NW of Tehachapi, CA"
nc73599586,2021-07-26 01:21:52.000,-122.8501667,39.6683333,4.67,3.16,"11km W of Alder Springs, CA"
nc73599091,2021-07-25 02:35:29.130,-122.8523333,39.6691667,0.05,2.76,"11km W of Alder Springs, CA"
nc73598366,2021-07-23 19:47:49.640,-119.4941667,38.4708333,7.67,3.17,"33km ENE of Dardanelle, CA"
nc73598301,2021-07-23 18:34:30.600,-120.5275,35.9725,7.81,2.64,"12km NW of Parkfield, CA"
nc73598166,2021-07-23 13:43:38.040,-119.5231667,38.5481667,4.38,2.52,"28km ESE of Markleeville, CA"
nc73598126,2021-07-23 11:38:18.500,-119.4628333,38.5273333,2.39,2.84,"30km SSW of Smith Valley, NV"
nc73598071,2021-07-23 07:56:54.740,-119.5135,38.5503333,6.66,2.69,"29km ESE of Markleeville, CA"
nc73597676,2021-07-22 19:19:58.680,-122.0228333,38.9415,16.22,2.52,"8km NW of Dunnigan, CA"
us6000ey2u,2021-07-22 18:53:05.899,-119.5466,38.4977,5.09,2.5,"6 km WSW of Walker, California"
nc73597641,2021-07-22 18:16:59.070,-119.5265,38.5318333,3.5,2.72,"29km SE of Markleeville, CA"
nc73597571,2021-07-22 15:41:34.600,-119.4863333,38.5201667,6.22,2.5,"32km SSW of Smith Valley, NV"
ci39749199,2021-07-22 04:29:19.830,-115.4658333,32.8135,14.07,2.89,"8km W of Holtville, CA"
ci39749151,2021-07-22 03:50:50.750,-115.46,32.812,11.68,2.97,"7km W of Holtville, CA"
ci39749135,2021-07-22 03:48:11.930,-115.4641667,32.8135,11.27,2.88,"8km W of Holtville, CA"
nc73597286,2021-07-22 03:12:03.390,-119.7966667,38.8086667,6.28,2.75,"2km NNE of Mesa Vista, CA"
nc73597156,2021-07-21 23:33:38.850,-119.5325,38.5145,4.99,3.24,"30km SE of Markleeville, CA"
nc73597121,2021-07-21 23:02:00.630,-119.5298333,38.5476667,4.08,2.52,"28km SE of Markleeville, CA"
nc73596526,2021-07-21 04:21:09.380,-119.512,38.5133333,5.69,2.9,"32km SE of Markleeville, CA"
nc73596516,2021-07-21 03:50:11.260,-119.5108333,38.5143333,5.85,3.09,"32km SE of Markleeville, CA"
nc73596461,2021-07-21 01:57:28.280,-123.9025,40.7218333,25.22,2.53,"19km SE of Bayside, CA"
nc73596441,2021-07-21 01:29:16.060,-121.5268333,36.7776667,9.93,2.87,"8km S of San Juan Bautista, CA"
ci39747359,2021-07-20 17:01:23.940,-117.8721667,36.2203333,4.98,2.67,"14km ESE of Olancha, CA"
ci37478357,2021-07-20 13:49:10.100,-115.6946667,33.1606667,0.79,2.69,"15km NNW of Westmorland, CA"
ci39746767,2021-07-20 05:12:50.460,-117.4283333,36.8405,1.31,2.84,"36km NW of Stovepipe Wells, CA"
nc73595631,2021-07-19 19:58:10.730,-119.4761667,38.4625,5.47,3.03,"31km NW of Bridgeport, CA"
nc73595286,2021-07-19 10:26:45.200,-119.5276667,38.5186667,4.91,2.94,"30km SE of Markleeville, CA"
nc73595121,2021-07-19 06:34:17.100,-119.5106667,38.4773333,4.87,2.62,"32km ENE of Dardanelle, CA"
nc73594701,2021-07-18 13:24:10.670,-119.4703333,38.4241667,5.44,3.6,"28km NW of Bridgeport, CA"
nc73594666,2021-07-18 11:27:35.710,-119.528,38.5216667,4.21,2.5,"30km SE of Markleeville, CA"
nc73594431,2021-07-18 04:22:50.470,-119.5151667,38.5321667,7.23,2.52,"30km SE of Markleeville, CA"
nc73594306,2021-07-18 00:08:28.940,-121.2593333,36.642,5.18,2.56,"16km NW of Pinnacles, CA"
nc73594251,2021-07-17 22:22:27.850,-119.5426667,38.529,3.1,2.77,"28km SE of Markleeville, CA"
nn00814653,2021-07-17 20:59:32.897,-117.5104,37.05,16.0,2.8,"67 km ENE of Independence, California"
nc73593931,2021-07-17 17:12:54.940,-119.4615,38.552,2.18,2.54,"28km SSW of Smith Valley, NV"
nc73593686,2021-07-17 10:08:37.040,-119.5028333,38.537,6.74,2.59,"31km ESE of Markleeville, CA"
nc73593641,2021-07-17 09:49:10.780,-119.469,38.5495,3.15,3.52,"28km SSW of Smith Valley, NV"
nc73593256,2021-07-17 00:44:54.260,-119.4601667,38.5363333,2.04,3.41,"29km SSW of Smith Valley, NV"
nc73593236,2021-07-17 00:32:54.810,-119.5143333,38.4795,4.92,3.13,"32km ENE of Dardanelle, CA"
nc73593166,2021-07-16 23:25:41.490,-119.5433333,38.5001667,3.31,2.57,"30km SE of Markleeville, CA"
nc73593041,2021-07-16 20:28:32.430,-119.542,38.4985,3.7,2.61,"31km SE of Markleeville, CA"
ci39743287,2021-07-16 19:35:17.790,-117.3631667,36.1093333,1.76,2.59,"38km N of Searles Valley, CA"
nc73592951,2021-07-16 19:13:02.210,-119.4558333,38.538,2.11,2.9,"29km SSW of Smith Valley, NV"
nc73592511,2021-07-16 06:45:19.300,-119.5388333,38.5275,2.85,2.63,"29km SE of Markleeville, CA"
nc73592506,2021-07-16 06:37:02.190,-119.5226667,38.5373333,6.37,2.51,"29km SE of Markleeville, CA"
nc73592361,2021-07-16 02:47:17.300,-119.4318333,38.5396667,1.41,2.91,"28km SSW of Smith Valley, NV"
ci39742079,2021-07-15 20:57:16.020,-115.4633333,32.8186667,8.8,2.86,"8km W of Holtville, CA"
nc73591921,2021-07-15 17:51:54.480,-119.497,38.5013333,5.63,2.69,"33km SE of Markleeville, CA"
nc73591926,2021-07-15 17:51:10.070,-119.5013333,38.4983333,5.67,2.98,"33km SE of Markleeville, CA"
nc73591771,2021-07-15 15:32:12.810,-119.4986667,38.5455,7.54,2.52,"30km SSW of Smith Valley, NV"
nc73591671,2021-07-15 14:18:29.020,-119.485,38.5218333,4.8,3.77,"32km SSW of Smith Valley, NV"
nc73591586,2021-07-15 13:05:42.620,-119.545,38.4728333,3.09,2.58,"29km ENE of Dardanelle, CA"
nc73591576,2021-07-15 12:42:51.860,-119.5283333,38.529,4.41,2.5,"29km SE of Markleeville, CA"
nc73591216,2021-07-15 02:53:47.550,-119.523,38.5085,4.23,2.53,"31km SE of Markleeville, CA"
nc73590426,2021-07-14 12:36:45.100,-119.5083333,38.486,5.05,2.85,"32km ENE of Dardanelle, CA"
nc73590396,2021-07-14 11:33:20.190,-119.5036667,38.5316667,4.98,2.77,"31km SE of Markleeville, CA"
ci39974224,2021-07-14 09:30:02.100,-117.5275,35.6618333,1.79,2.89,"14km ENE of Ridgecrest, CA"
nc73590191,2021-07-14 08:43:31.280,-119.5363333,38.5401667,4.32,3.19,"28km SE of Markleeville, CA"
nc73590006,2021-07-14 05:15:58.570,-119.4618333,38.5478333,1.79,2.53,"28km SSW of Smith Valley, NV"
nc73589811,2021-07-14 03:46:14.210,-119.4605,38.5486667,2.03,3.89,"28km SSW of Smith Valley, NV"
nc73589271,2021-07-13 17:51:39.010,-119.4991667,38.5238333,6.58,2.9,"32km SE of Markleeville, CA"
ci39738575,2021-07-13 17:35:08.910,-116.006,33.884,3.81,2.68,"27km NE of Indio, CA"
nc73589021,2021-07-13 12:02:17.680,-119.5301667,38.5306667,4.5,2.87,"29km SE of Markleeville, CA"
nc73588786,2021-07-13 04:44:18.920,-120.807,36.228,7.95,2.75,"22km ENE of San Lucas, CA"
nc73588401,2021-07-12 18:20:28.920,-119.5041667,38.5566667,5.18,2.79,"29km SSW of Smith Valley, NV"
nc73588281,2021-07-12 15:43:07.470,-119.5163333,38.5425,5.26,2.81,"29km ESE of Markleeville, CA"
nc73587891,2021-07-12 07:18:28.270,-119.4755,38.4615,6.82,2.68,"31km NW of Bridgeport, CA"
nc73587766,2021-07-12 04:42:42.660,-119.52,38.5516667,6.05,2.88,"28km ESE of Markleeville, CA"
nc73587761,2021-07-12 04:36:34.090,-119.4758333,38.4588333,6.02,2.9,"31km NW of Bridgeport, CA"
nc73587701,2021-07-12 02:04:37.100,-119.4466667,38.5715,1.37,2.65,"25km SSW of Smith Valley, NV"
nc73587666,2021-07-12 00:43:35.140,-119.5358333,38.4906667,4.52,2.65,"31km ENE of Dardanelle, CA"
ci39736951,2021-07-11 22:43:47.870,-117.5298333,35.6763333,9.29,2.75,"15km ENE of Ridgecrest, CA"
nc73587561,2021-07-11 22:05:17.950,-119.5056667,38.4721667,5.75,2.52,"32km ENE of Dardanelle, CA"
nc73587501,2021-07-11 19:06:54.500,-119.5285,38.5416667,4.18,2.97,"28km SE of Markleeville, CA"
nc73587456,2021-07-11 17:37:46.560,-121.4153333,36.8848333,8.75,2.66,"4km NNW of Hollister, CA"
nc73587376,2021-07-11 12:35:42.770,-119.5393333,38.5198333,0.67,3.26,"29km SE of Markleeville, CA"
nc73587306,2021-07-11 09:39:04.940,-119.5235,38.475,3.09,2.85,"31km ENE of Dardanelle, CA"
nc73587241,2021-07-11 07:37:05.840,-119.5455,38.4788333,4.07,2.58,"29km ENE of Dardanelle, CA"
nc73587191,2021-07-11 06:09:04.020,-119.5275,38.5151667,5.04,3.07,"30km SE of Markleeville, CA"
nc73587171,2021-07-11 05:04:55.480,-119.4818333,38.5018333,0.04,2.55,"34km SSW of Smith Valley, NV"
nc73587156,2021-07-11 04:23:21.660,-119.4736667,38.5546667,2.46,2.93,"28km SSW of Smith Valley, NV"
nc73587066,2021-07-11 01:27:48.040,-119.5431667,38.4751667,1.96,3.11,"29km ENE of Dardanelle, CA"
nc73587046,2021-07-11 01:11:23.910,-119.4926667,38.5435,4.78,2.56,"30km SSW of Smith Valley, NV"
nc73587036,2021-07-11 00:55:55.380,-119.5265,38.5195,2.88,2.62,"30km SE of Markleeville, CA"
nc73587006,2021-07-10 23:13:51.930,-119.513,38.4873333,4.58,2.54,"32km ENE of Dardanelle, CA"
nc73586911,2021-07-10 19:10:46.680,-119.5506667,38.4711667,-0.09,2.62,"28km ENE of Dardanelle, CA"
nc73586901,2021-07-10 18:53:58.570,-119.5153333,38.5171667,5.7,2.5,"31km SE of Markleeville, CA"
nc73586896,2021-07-10 18:44:27.200,-119.5293333,38.5126667,1.36,2.57,"30km SE of Markleeville, CA"
nc73586811,2021-07-10 16:27:36.060,-119.5266667,38.4883333,3.27,2.65,"31km ENE of Dardanelle, CA"
nc73586796,2021-07-10 16:20:28.580,-119.553,38.536,2.97,2.55,"27km SE of Markleeville, CA"
nc73586776,2021-07-10 15:51:53.860,-119.5196667,38.5508333,5.51,2.61,"29km ESE of Markleeville, CA"
nc73586756,2021-07-10 15:42:14.280,-119.5313333,38.5223333,4.36,2.53,"30km SE of Markleeville, CA"
nc73586696,2021-07-10 11:43:12.940,-119.4296667,38.453,2.07,2.67,"28km NW of Bridgeport, CA"
nc73586681,2021-07-10 11:01:24.460,-119.4286667,38.4556667,1.55,2.7,"28km NW of Bridgeport, CA"
nc73586651,2021-07-10 10:30:43.570,-119.4711667,38.5313333,0.11,2.51,"30km SSW of Smith Valley, NV"
nc73586571,2021-07-10 07:10:14.600,-119.5343333,38.504,3.48,2.88,"31km SE of Markleeville, CA"
nc73586481,2021-07-10 02:48:45.260,-119.5403333,38.4985,2.67,3.57,"31km SE of Markleeville, CA"
nc73586466,2021-07-10 02:19:22.340,-119.4885,38.5196667,5.21,2.53,"32km SSW of Smith Valley, NV"
nc73586451,2021-07-10 01:57:33.430,-119.5056667,38.4993333,5.61,3.02,"33km SE of Markleeville, CA"
nc73586416,2021-07-10 01:21:01.190,-119.5535,38.5318333,2.47,3.76,"28km SE of Markleeville, CA"
nc73586411,2021-07-10 01:12:46.740,-119.5175,38.5015,5.23,2.64,"32km SE of Markleeville, CA"
nc73586381,2021-07-10 00:19:24.980,-119.4825,38.5323333,0.18,2.62,"30km SSW of Smith Valley, NV"
nc73586371,2021-07-10 00:18:33.840,-119.4775,38.5391667,0.22,3.06,"30km SSW of Smith Valley, NV"
nc73586326,2021-07-09 23:27:33.400,-119.5078333,38.531,5.63,2.57,"31km SE of Markleeville, CA"
nc73586281,2021-07-09 22:59:50.050,-119.522,38.536,5.02,3.14,"29km SE of Markleeville, CA"
nc73586276,2021-07-09 22:57:57.890,-119.5323333,38.5078333,1.63,2.86,"31km SE of Markleeville, CA"
nc73586236,2021-07-09 21:09:37.710,-119.5448333,38.498,2.01,3.07,"30km SE of Markleeville, CA"
nc73586231,2021-07-09 21:05:58.050,-119.4438333,38.5255,1.71,2.62,"30km SSW of Smith Valley, NV"
nc73586216,2021-07-09 20:48:25.390,-119.5195,38.5266667,4.95,2.9,"30km SE of Markleeville, CA"
nc73586201,2021-07-09 20:18:39.240,-119.5408333,38.5305,0.79,2.93,"28km SE of Markleeville, CA"
nc73586111,2021-07-09 18:05:08.600,-119.5261667,38.5461667,5.1,2.88,"28km SE of Markleeville, CA"
nc73586091,2021-07-09 17:27:42.640,-119.536,38.5178333,3.39,2.73,"30km SE of Markleeville, CA"
nc73586076,2021-07-09 17:06:28.940,-119.5221667,38.544,3.88,2.8,"29km SE of Markleeville, CA"
nc73586061,2021-07-09 16:48:47.550,-119.5515,38.5023333,-0.23,2.76,"30km SE of Markleeville, CA"
nc73586056,2021-07-09 16:38:16.230,-119.4578333,38.5493333,0.48,2.67,"28km SSW of Smith Valley, NV"
nc73586051,2021-07-09 16:35:38.040,-119.4705,38.546,1.43,2.91,"29km SSW of Smith Valley, NV"
nc73586046,2021-07-09 16:32:48.280,-119.5215,38.5078333,4.03,2.99,"31km SE of Markleeville, CA"
nc73586001,2021-07-09 15:37:57.130,-119.5006667,38.5068333,3.94,2.5,"33km SE of Markleeville, CA"
nc73585996,2021-07-09 15:20:48.660,-119.4738333,38.5385,1.38,2.68,"30km SSW of Smith Valley, NV"
nc73585971,2021-07-09 14:27:32.650,-119.4868333,38.459,4.55,2.59,"32km NW of Bridgeport, CA"
nc73585961,2021-07-09 14:12:08.060,-119.5436667,38.5405,1.26,2.81,"28km SE of Markleeville, CA"
nc73585956,2021-07-09 14:00:36.410,-119.5173333,38.551,3.92,2.93,"29km ESE of Markleeville, CA"
nc73585946,2021-07-09 13:55:43.950,-119.5165,38.504,4.21,2.72,"32km SE of Markleeville, CA"
nc73585941,2021-07-09 13:51:27.880,-119.5116667,38.5138333,6.25,2.62,"32km SE of Markleeville, CA"
nc73585926,2021-07-09 13:14:32.440,-119.5495,38.4983333,0.43,2.66,"30km SE of Markleeville, CA"
nc73585916,2021-07-09 13:09:09.060,-119.5158333,38.4855,3.87,2.68,"32km ENE of Dardanelle, CA"
nc73585876,2021-07-09 12:07:06.420,-119.5326667,38.4926667,4.6,2.57,"31km ENE of Dardanelle, CA"
nc73585856,2021-07-09 11:49:18.590,-119.4678333,38.54,1.34,3.32,"29km SSW of Smith Valley, NV"
us6000etu3,2021-07-09 11:48:56.243,-119.5271,38.4569,5.0,3.0,"7 km SW of Walker, California"
nc73585846,2021-07-09 11:30:08.950,-119.5081667,38.5178333,5.45,2.64,"32km SE of Markleeville, CA"
nc73585816,2021-07-09 09:59:15.990,-119.5466667,38.4643333,-0.69,2.57,"28km ENE of Dardanelle, CA"
nc73585796,2021-07-09 09:47:02.050,-119.5471667,38.4865,-1.11,2.58,"30km ENE of Dardanelle, CA"
nc73585791,2021-07-09 09:45:17.960,-119.5071667,38.5486667,6.09,3.39,"30km ESE of Markleeville, CA"
nc73585781,2021-07-09 09:38:17.080,-119.5228333,38.5281667,6.12,3.41,"30km SE of Markleeville, CA"
nc73585776,2021-07-09 09:16:17.590,-119.4666667,38.5456667,0.99,3.41,"29km SSW of Smith Valley, NV"
nc73585771,2021-07-09 09:13:49.050,-119.466,38.5493333,0.67,3.55,"28km SSW of Smith Valley, NV"
nc73585751,2021-07-09 08:57:10.980,-119.5363333,38.557,4.58,2.62,"27km ESE of Markleeville, CA"
nc73585746,2021-07-09 08:55:10.710,-119.531,38.5115,3.09,2.55,"30km SE of Markleeville, CA"
nc73585731,2021-07-09 08:13:35.560,-119.5251667,38.5465,4.43,2.64,"28km SE of Markleeville, CA"
nc73585726,2021-07-09 08:07:03.020,-119.511,38.511,5.08,2.6,"32km SE of Markleeville, CA"
nc73585706,2021-07-09 08:01:21.020,-119.5188333,38.5513333,4.22,2.78,"29km ESE of Markleeville, CA"
nc73585656,2021-07-09 07:15:58.990,-119.5208333,38.5291667,5.2,2.53,"30km SE of Markleeville, CA"
nc73585661,2021-07-09 07:14:08.500,-119.5326667,38.5476667,4.11,2.9,"28km SE of Markleeville, CA"
nc73585636,2021-07-09 07:03:18.580,-119.4825,38.507,4.38,2.59,"33km SSW of Smith Valley, NV"
nc73585631,2021-07-09 06:57:27.410,-119.5411667,38.474,1.75,2.81,"29km ENE of Dardanelle, CA"
nc73585626,2021-07-09 06:48:03.260,-119.509,38.5148333,6.79,2.5,"32km SE of Markleeville, CA"
nc73585621,2021-07-09 06:42:19.840,-119.5396667,38.4791667,1.73,3.12,"30km ENE of Dardanelle, CA"
nc73585616,2021-07-09 06:12:09.370,-119.5248333,38.4981667,4.46,2.56,"32km SE of Markleeville, CA"
nc73585606,2021-07-09 06:10:49.480,-119.5205,38.4753333,3.97,2.62,"31km ENE of Dardanelle, CA"
nc73585601,2021-07-09 06:05:12.610,-119.536,38.5135,3.21,2.68,"30km SE of Markleeville, CA"
nc73585576,2021-07-09 05:43:55.340,-119.5386667,38.5393333,4.64,3.57,"28km SE of Markleeville, CA"
nc73585556,2021-07-09 05:22:34.440,-119.5368333,38.5215,-0.98,2.67,"29km SE of Markleeville, CA"
nc73585546,2021-07-09 05:20:03.200,-119.5046667,38.5128333,6.63,2.51,"32km SE of Markleeville, CA"
nc73585536,2021-07-09 05:15:21.200,-119.532,38.5438333,3.15,2.57,"28km SE of Markleeville, CA"
nc73585531,2021-07-09 05:10:35.790,-119.5293333,38.5426667,3.92,4.34,"28km SE of Markleeville, CA"
nc73585526,2021-07-09 05:04:18.400,-119.512,38.5291667,5.7,4.06,"30km SE of Markleeville, CA"
nc73585521,2021-07-09 04:33:47.610,-119.51,38.4803333,5.98,2.87,"32km ENE of Dardanelle, CA"
nc73585516,2021-07-09 04:31:16.860,-119.5425,38.5071667,2.39,2.53,"30km SE of Markleeville, CA"
nc73585511,2021-07-09 04:29:54.410,-119.532,38.5353333,4.34,2.66,"29km SE of Markleeville, CA"
nc71123549,2021-07-09 04:20:33.640,-119.4825,38.5096667,6.79,3.01,"33km SSW of Smith Valley, NV"
nc73585471,2021-07-09 04:03:58.260,-119.5486667,38.514,0.85,3.19,"29km SE of Markleeville, CA"
nc73585466,2021-07-09 04:03:02.040,-119.5386667,38.5173333,-2.09,3.3,"30km SE of Markleeville, CA"
nc73585446,2021-07-09 03:48:15.400,-119.5331667,38.5385,3.34,3.0,"28km SE of Markleeville, CA"
nc73585441,2021-07-09 03:35:17.580,-119.5328333,38.492,3.01,2.91,"31km ENE of Dardanelle, CA"
nc73585436,2021-07-09 03:26:18.980,-119.474,38.4521667,4.91,2.54,"30km NW of Bridgeport, CA"
nc73585431,2021-07-09 03:10:42.680,-119.512,38.5128333,4.72,2.55,"32km SE of Markleeville, CA"
nc73585416,2021-07-09 03:09:38.810,-119.538,38.511,1.4,2.52,"30km SE of Markleeville, CA"
nc73585391,2021-07-09 02:36:17.850,-119.5391667,38.5196667,-1.17,2.67,"29km SE of Markleeville, CA"
nc73585346,2021-07-09 02:18:06.870,-119.5203333,38.4891667,4.42,2.69,"32km ENE of Dardanelle, CA"
nc73585341,2021-07-09 02:10:13.330,-119.5406667,38.451,2.77,2.6,"28km ENE of Dardanelle, CA"
nc73585331,2021-07-09 02:03:16.430,-119.521,38.5078333,5.9,2.9,"31km SE of Markleeville, CA"
nc73585326,2021-07-09 02:00:56.250,-119.5353333,38.4726667,1.1,2.88,"30km ENE of Dardanelle, CA"
nc73585321,2021-07-09 01:58:49.800,-119.539,38.5125,2.45,3.19,"30km SE of Markleeville, CA"
nc73585296,2021-07-09 01:52:26.320,-119.524,38.5303333,4.61,2.66,"30km SE of Markleeville, CA"
us6000etfs,2021-07-09 01:49:08.043,-119.5457,38.5096,5.0,2.7,"6 km W of Walker, California"
nc73585291,2021-07-09 01:46:00.400,-119.5343333,38.5086667,3.71,4.55,"30km SE of Markleeville, CA"
nc73585286,2021-07-09 01:43:18.640,-119.5193333,38.5028333,4.17,2.7,"32km SE of Markleeville, CA"
nc73585281,2021-07-09 01:42:21.480,-119.5055,38.4595,6.47,2.54,"31km ENE of Dardanelle, CA"
nc73585276,2021-07-09 01:40:58.430,-119.5268333,38.4628333,3.06,2.75,"30km ENE of Dardanelle, CA"
nc73585266,2021-07-09 01:36:04.450,-119.549,38.4621667,0.14,2.64,"28km ENE of Dardanelle, CA"
nc73585246,2021-07-09 01:26:05.560,-119.5346667,38.5066667,3.76,2.69,"30km SE of Markleeville, CA"
nc73585241,2021-07-09 01:24:18.730,-119.5145,38.4965,5.1,2.69,"33km SE of Markleeville, CA"
nc73585236,2021-07-09 01:20:41.980,-119.5366667,38.5023333,3.08,2.58,"31km SE of Markleeville, CA"
nc73585221,2021-07-09 01:08:29.020,-119.4993333,38.5538333,6.77,2.88,"29km SSW of Smith Valley, NV"
nc73585216,2021-07-09 01:07:10.770,-119.5446667,38.4543333,0.92,2.77,"28km ENE of Dardanelle, CA"
nc73585211,2021-07-09 01:04:58.080,-119.5416667,38.4968333,1.56,2.84,"31km NE of Dardanelle, CA"
nc73585206,2021-07-09 01:03:33.960,-119.5255,38.475,3.05,2.58,"31km ENE of Dardanelle, CA"
nc73585196,2021-07-09 00:59:07.850,-119.5313333,38.472,1.66,3.31,"30km ENE of Dardanelle, CA"
nc73585191,2021-07-09 00:58:01.980,-119.5213333,38.5135,3.76,2.69,"31km SE of Markleeville, CA"
nc73585186,2021-07-09 00:56:45.720,-119.5295,38.4738333,1.37,2.67,"30km ENE of Dardanelle, CA"
nc73585176,2021-07-09 00:51:17.590,-119.5258333,38.5363333,4.11,3.1,"29km SE of Markleeville, CA"
nc73585171,2021-07-09 00:48:43.860,-119.51,38.5161667,5.76,2.63,"32km SE of Markleeville, CA"
nc73585166,2021-07-09 00:42:59.410,-119.5218333,38.4885,3.38,2.69,"32km ENE of Dardanelle, CA"
nc73585161,2021-07-09 00:40:36.840,-119.5168333,38.521,4.95,2.6,"31km SE of Markleeville, CA"
nc73585151,2021-07-09 00:35:40.470,-119.473,38.4565,5.64,2.5,"31km NW of Bridgeport, CA"
nc73585146,2021-07-09 00:31:06.850,-119.5276667,38.474,3.0,2.72,"30km ENE of Dardanelle, CA"
nc73585141,2021-07-09 00:27:46.560,-119.5103333,38.4781667,4.81,4.41,"32km ENE of Dardanelle, CA"
nc73585136,2021-07-09 00:20:13.130,-119.5343333,38.4773333,1.62,2.64,"30km ENE of Dardanelle, CA"
nc73585131,2021-07-09 00:19:27.500,-119.5218333,38.4698333,3.53,2.62,"31km ENE of Dardanelle, CA"
nc73585126,2021-07-09 00:17:45.650,-119.5238333,38.512,4.52,2.9,"4km W of Walker, CA"
nc73585121,2021-07-09 00:15:07.750,-119.5178333,38.4711667,4.45,2.87,"31km ENE of Dardanelle, CA"
nc73585116,2021-07-09 00:12:29.130,-119.514,38.5253333,3.74,2.67,"31km SE of Markleeville, CA"
nc73585111,2021-07-09 00:05:21.510,-119.4825,38.4563333,4.79,3.92,"31km NW of Bridgeport, CA"
nc73585101,2021-07-09 00:03:18.520,-119.5353333,38.5365,2.81,3.64,"28km SE of Markleeville, CA"
nc73585091,2021-07-09 00:01:11.990,-119.5266667,38.5096667,3.66,2.95,"31km SE of Markleeville, CA"
nc73585086,2021-07-08 23:58:53.570,-119.524,38.537,5.83,4.24,"29km SE of Markleeville, CA"
nc73585076,2021-07-08 23:57:25.730,-119.5195,38.5058333,4.5,2.76,"32km SE of Markleeville, CA"
nc73585066,2021-07-08 23:54:12.130,-119.5131667,38.4756667,4.46,2.5,"32km ENE of Dardanelle, CA"
nc71123449,2021-07-08 23:52:18.100,-119.526,38.4841667,3.87,2.64,"31km ENE of Dardanelle, CA"
us6000etdn,2021-07-08 23:49:42.266,-119.5449,38.5117,6.45,2.5,"5 km W of Walker, California"
nc73585056,2021-07-08 23:47:43.520,-119.5335,38.536,4.55,3.76,"28km SE of Markleeville, CA"
nc73585051,2021-07-08 23:46:45.460,-119.5438333,38.4775,-0.74,2.7,"29km ENE of Dardanelle, CA"
nc73585061,2021-07-08 23:44:41.130,-119.5218333,38.5528333,4.36,3.52,"28km ESE of Markleeville, CA"
nc73585041,2021-07-08 23:43:57.670,-119.5248333,38.4768333,2.89,2.83,"31km ENE of Dardanelle, CA"
nc73585036,2021-07-08 23:41:03.400,-119.525,38.47,2.66,2.76,"30km ENE of Dardanelle, CA"
nc73585026,2021-07-08 23:38:38.780,-119.5288333,38.4831667,2.58,2.72,"31km ENE of Dardanelle, CA"
nc71123404,2021-07-08 23:36:20.640,-119.5306667,38.5225,4.71,2.81,"30km SE of Markleeville, CA"
nc71123399,2021-07-08 23:35:26.440,-119.5488333,38.4973333,1.16,2.86,"30km NE of Dardanelle, CA"
nc73585021,2021-07-08 23:33:40.900,-119.5448333,38.4796667,1.58,4.63,"29km ENE of Dardanelle, CA"
nc73585006,2021-07-08 23:28:30.900,-119.5335,38.4761667,2.41,2.65,"30km ENE of Dardanelle, CA"
nc73584991,2021-07-08 23:25:14.800,-119.5178333,38.5436667,5.48,2.97,"29km ESE of Markleeville, CA"
nc71123419,2021-07-08 23:22:18.770,-119.5183333,38.5221667,6.21,2.92,"30km SE of Markleeville, CA"
nc71123414,2021-07-08 23:22:09.400,-119.5288333,38.5181667,4.27,3.04,"30km SE of Markleeville, CA"
nc73584986,2021-07-08 23:21:45.670,-119.518,38.4938333,8.65,3.03,"32km ENE of Dardanelle, CA"
nc73584981,2021-07-08 23:19:01.270,-119.5073333,38.4945,4.83,2.57,"33km ENE of Dardanelle, CA"
nc73584976,2021-07-08 23:16:21.760,-119.5313333,38.4981667,4.99,2.96,"31km SE of Markleeville, CA"
nc71123424,2021-07-08 23:16:04.910,-119.5073333,38.524,7.8,2.57,"31km SE of Markleeville, CA"
nc73584971,2021-07-08 23:13:58.680,-119.5228333,38.5056667,5.15,3.35,"31km SE of Markleeville, CA"
nc73584966,2021-07-08 23:11:03.610,-119.5458333,38.4746667,2.91,3.38,"29km ENE of Dardanelle, CA"
nc71123479,2021-07-08 23:07:54.090,-119.5158333,38.5321667,7.31,2.55,"30km SE of Markleeville, CA"
nc73584961,2021-07-08 23:07:41.870,-119.5375,38.4735,0.6,2.8,"30km ENE of Dardanelle, CA"
nc73584956,2021-07-08 23:06:15.040,-119.5103333,38.4541667,6.04,3.08,"31km ENE of Dardanelle, CA"
nc73584951,2021-07-08 23:05:55.820,-119.539,38.4716667,0.45,2.99,"29km ENE of Dardanelle, CA"
nc73584946,2021-07-08 23:03:23.100,-119.5135,38.4838333,4.46,3.29,"32km ENE of Dardanelle, CA"
nc71123394,2021-07-08 23:01:30.200,-119.5341667,38.504,0.91,2.81,"31km SE of Markleeville, CA"
nc73584931,2021-07-08 23:01:01.350,-119.512,38.5241667,6.77,3.66,"31km SE of Markleeville, CA"
nc73584936,2021-07-08 22:59:45.260,-119.5106667,38.5128333,6.74,4.31,"32km SE of Markleeville, CA"
nc73584941,2021-07-08 22:58:53.780,-119.5271667,38.5273333,6.26,2.96,"30km SE of Markleeville, CA"
us6000etc9,2021-07-08 22:57:29.880,-119.5018,38.5228,3.77,3.2,"2 km WNW of Walker, California"
nc71123379,2021-07-08 22:50:14.370,-119.5021667,38.5126667,7.4,5.03,"32km SE of Markleeville, CA"
nc73584926,2021-07-08 22:49:48.110,-119.4998333,38.5075,7.45,6.0,"Antelope Valley, CA"
nc73584531,2021-07-08 07:36:26.100,-122.323,38.5531667,10.0,3.58,"11km ESE of Angwin, CA"
ci39731119,2021-07-06 23:30:20.700,-116.9253333,33.796,9.23,2.52,"3km ENE of San Jacinto, CA"
nc73583916,2021-07-06 20:33:29.430,-122.7928333,38.823,3.03,2.5,"6km NNW of The Geysers, CA"
ci39730303,2021-07-06 03:39:50.380,-117.5206667,35.6751667,7.26,2.79,"15km SW of Searles Valley, CA"
ci39730287,2021-07-06 02:38:01.000,-117.5335,35.6815,6.1,3.53,"14km ENE of Ridgecrest, CA"
ci39730167,2021-07-05 23:01:24.850,-116.3018333,34.7141667,3.88,2.76,"13km W of Ludlow, CA"
nc73583386,2021-07-05 14:32:14.890,-121.2093333,36.6075,5.47,2.52,"10km NW of Pinnacles, CA"
nc73582701,2021-07-03 23:23:51.380,-120.8746667,37.0516667,5.75,3.74,"2km WSW of Los Banos, CA"
nc73582536,2021-07-03 10:41:39.600,-120.4993333,35.9495,10.43,3.15,"8km NW of Parkfield, CA"
ci39727919,2021-07-03 09:47:11.730,-117.0985,34.2511667,4.14,3.01,"5km NNE of Running Springs, CA"
ci39727887,2021-07-03 08:22:25.550,-117.48,34.1333333,4.67,3.41,"4km NNW of Fontana, CA"
nc73582466,2021-07-03 06:36:18.090,-120.5,35.952,10.51,3.09,"9km NW of Parkfield, CA"
ci39727759,2021-07-03 04:58:09.560,-118.3781667,35.5178333,6.53,3.47,"13km SE of Bodfish, CA"
nc73582201,2021-07-02 16:10:13.400,-122.8325,38.8336667,1.17,2.71,"9km NW of The Geysers, CA"
ci39726439,2021-07-01 22:25:16.450,-117.864,36.105,2.7,2.5,"10km NE of Coso Junction, CA"
nc73581641,2021-07-01 03:53:12.270,-121.1828333,36.589,3.08,2.82,"7km NNW of Pinnacles, CA"
nc73581631,2021-07-01 03:35:59.490,-121.1841667,36.5886667,2.82,2.57,"7km NNW of Pinnacles, CA"
nc73581561,2021-06-30 22:19:19.600,-122.2215,39.1353333,-0.27,3.17,"7km WSW of Williams, CA"
ci39725271,2021-06-30 22:15:56.120,-117.587,35.7791667,6.71,3.23,"17km W of Searles Valley, CA"
nc73581206,2021-06-30 08:49:46.490,-121.9923333,37.7306667,7.82,2.71,"6km SSW of San Ramon, CA"
nc73580646,2021-06-29 01:29:48.060,-122.1223333,37.7061667,9.2,3.9,"3km N of San Lorenzo, CA"
ci39721919,2021-06-28 14:57:24.350,-117.9068333,36.2098333,2.53,2.9,"12km SE of Olancha, CA"
nc73580231,2021-06-27 23:45:56.030,-121.0368333,36.4648333,3.29,2.84,"12km SE of Pinnacles, CA"
nc73580101,2021-06-27 13:52:38.310,-118.7731667,37.5211667,5.37,2.81,"9km WSW of Toms Place, CA"
ci39720559,2021-06-27 00:59:09.750,-115.5971667,33.1528333,3.44,2.79,"8km WNW of Calipatria, CA"
ci39719335,2021-06-25 21:12:31.310,-117.5586667,34.0815,11.42,2.92,"5km SSE of Rancho Cucamonga, CA"
ci39718407,2021-06-25 08:26:58.640,-117.0758333,35.0735,3.71,3.01,"20km NNW of Barstow, CA"
ci39718135,2021-06-24 23:11:56.640,-117.612,34.36,7.85,2.78,"2km E of Wrightwood, CA"
nc73579151,2021-06-24 22:40:08.320,-121.1708333,36.5745,6.39,2.63,"5km NNW of Pinnacles, CA"
nc73578841,2021-06-24 09:17:55.050,-118.7766667,37.5191667,4.93,2.73,"10km WSW of Toms Place, CA"
nc73578836,2021-06-24 09:13:31.470,-118.7756667,37.5161667,4.76,2.72,"10km WSW of Toms Place, CA"
ci39716863,2021-06-24 00:08:35.500,-118.3946667,33.9498333,11.69,3.16,"4km NNE of El Segundo, CA"
ci39716639,2021-06-23 20:06:07.180,-116.4441667,34.1468333,5.47,3.57,"4km NNW of Yucca Valley, CA"
nc73578421,2021-06-23 08:25:36.780,-120.4626667,39.3726667,10.01,3.3,"24km WNW of Truckee, CA"
nc73578256,2021-06-22 20:47:36.470,-121.5905,37.5776667,1.07,2.76,"20km SE of Livermore, CA"
nc73578990,2021-06-19 14:11:40.260,-123.2725,39.3925,6.77,2.81,"7km ESE of Willits, CA"
nc73578975,2021-06-19 13:26:17.940,-120.0295,39.1205,5.39,2.85,"10km SE of Dollar Point, CA"
nc73578855,2021-06-19 02:43:16.900,-122.054,37.65,6.56,2.59,"2km ENE of Hayward, CA"
ci39711727,2021-06-18 18:16:41.430,-117.9215,36.138,5.63,3.09,"11km NNE of Coso Junction, CA"
ci39711719,2021-06-18 18:13:45.820,-117.9228333,36.1378333,5.85,2.91,"11km NNE of Coso Junction, CA"
ci39711711,2021-06-18 18:11:45.360,-117.9223333,36.1405,7.14,2.55,"11km NNE of Coso Junction, CA"
nc73578685,2021-06-18 17:40:09.800,-121.161,36.5716667,2.92,2.85,"5km NNW of Pinnacles, CA"
ci39711255,2021-06-18 08:22:25.800,-115.8193333,32.7073333,11.68,3.45,"17km E of Ocotillo, CA"
ci39710967,2021-06-18 04:22:35.170,-116.8476667,34.373,9.7,2.65,"12km N of Big Bear City, CA"
ci39710335,2021-06-17 17:13:17.950,-117.8868333,36.44,0.83,3.22,"20km NNE of Olancha, CA"
nc73577930,2021-06-17 01:11:14.020,-122.8061667,39.3345,7.0,2.68,"15km ESE of Lake Pillsbury, CA"
ci39709071,2021-06-16 18:17:06.530,-117.8911667,36.4428333,0.59,2.58,"21km NNE of Olancha, CA"
ci39709007,2021-06-16 17:51:59.480,-117.7748333,36.036,1.53,2.65,"16km E of Coso Junction, CA"
ci39708967,2021-06-16 17:44:55.070,-117.8888333,36.442,0.5,3.38,"21km NNE of Olancha, CA"
nc73577565,2021-06-16 07:48:39.260,-121.5613333,36.8235,5.34,2.61,"3km SW of San Juan Bautista, CA"
nc73577390,2021-06-15 23:07:59.850,-121.2823333,36.6741667,6.87,2.98,"13km SSE of Tres Pinos, CA"
nc73577175,2021-06-15 12:41:01.610,-121.7818333,37.3933333,1.38,2.51,"5km NE of Alum Rock, CA"
ci39705335,2021-06-14 12:28:12.030,-116.3121667,33.3551667,12.0,3.06,"12km NNE of Borrego Springs, CA"
ci39705263,2021-06-14 10:37:48.530,-116.9278333,33.7955,10.03,2.57,"3km ENE of San Jacinto, CA"
ci39705103,2021-06-14 08:45:20.650,-115.6216667,33.1431667,3.38,2.56,"10km W of Calipatria, CA"
nc73574186,2021-06-14 03:16:58.630,-122.8446667,38.8216667,2.04,2.96,"9km WNW of The Geysers, CA"
nc73574191,2021-06-14 03:16:24.290,-122.8278333,38.8051667,3.56,3.98,"7km WNW of The Geysers, CA"
nc73574161,2021-06-14 02:08:35.520,-123.365,41.1496667,39.31,2.5,"27km SSE of Somes Bar, CA"
ci39704359,2021-06-13 18:20:12.150,-115.6413333,33.1386667,7.61,3.15,"11km N of Westmorland, CA"
ci39704287,2021-06-13 17:43:13.850,-115.6408333,33.1361667,7.9,3.01,"11km N of Westmorland, CA"
nc73573646,2021-06-13 06:54:47.290,-122.8291667,38.8078333,2.65,3.98,"7km WNW of The Geysers, CA"
ci39702311,2021-06-12 23:15:33.350,-117.358,35.994,2.51,2.58,"26km N of Searles Valley, CA"
nc73573326,2021-06-12 17:16:16.370,-120.9676667,36.429,12.34,2.53,"19km SE of Pinnacles, CA"
ci39937512,2021-06-12 14:16:39.500,-115.6436667,33.1926667,3.5,2.88,"13km WSW of Niland, CA"
ci39937456,2021-06-12 14:04:20.530,-115.6453333,33.1908333,2.85,2.7,"13km WSW of Niland, CA"
ci39937032,2021-06-12 08:25:07.770,-115.6401667,33.2028333,1.81,3.01,"12km WSW of Niland, CA"
ci39936648,2021-06-12 05:55:20.790,-115.6605,33.205,2.78,3.79,"14km WSW of Niland, CA"
ci39936560,2021-06-12 05:29:03.220,-115.654,33.1986667,3.79,2.8,"13km WSW of Niland, CA"
ci39936392,2021-06-12 05:01:11.770,-115.6588333,33.1968333,3.01,2.85,"14km WSW of Niland, CA"
ci39936336,2021-06-12 04:54:37.060,-115.6498333,33.2148333,2.91,2.59,"12km WSW of Niland, CA"
ci39936328,2021-06-12 04:54:12.150,-115.6496667,33.1961667,2.9,2.85,"13km WSW of Niland, CA"
ci37476581,2021-06-12 04:52:06.230,-115.6803333,33.2181667,3.24,2.94,"15km W of Niland, CA"
ci39936312,2021-06-12 04:51:52.110,-115.6496667,33.2083333,3.23,2.63,"13km WSW of Niland, CA"
ci39936304,2021-06-12 04:51:41.020,-115.6478333,33.2001667,2.88,2.54,"13km WSW of Niland, CA"
ci39936288,2021-06-12 04:49:38.280,-115.656,33.206,2.62,4.06,"13km WSW of Niland, CA"
ci39936280,2021-06-12 04:48:44.560,-115.6555,33.2003333,2.94,3.35,"14km WSW of Niland, CA"
ew1623472898,2021-06-12 04:41:38.511,-115.6436,33.2354,8.0,4.1407,"11 km W of Niland, California"
ci39936232,2021-06-12 04:41:37.860,-115.6543333,33.1956667,3.12,3.61,"14km WSW of Niland, CA"
ci39936216,2021-06-12 04:41:20.120,-115.6575,33.2033333,2.99,3.02,"14km WSW of Niland, CA"
ci39936208,2021-06-12 04:40:23.030,-115.652,33.2033333,2.41,3.79,"13km WSW of Niland, CA"
ci39936192,2021-06-12 04:39:46.510,-115.647,33.2066667,2.47,4.32,"12km WSW of Niland, CA"
ci37347052,2021-06-12 04:38:19.760,-115.6415,33.2108333,1.44,2.91,"12km WSW of Niland, CA"
ci39936184,2021-06-12 04:38:00.820,-115.6468333,33.2165,2.28,2.84,"12km WSW of Niland, CA"
ci39936176,2021-06-12 04:36:44.850,-115.649,33.2023333,3.15,2.98,"13km WSW of Niland, CA"
ci39936152,2021-06-12 04:32:32.150,-115.6381667,33.2131667,3.08,2.56,"12km WSW of Niland, CA"
ci39936144,2021-06-12 04:31:32.730,-115.6435,33.2026667,3.16,2.58,"12km WSW of Niland, CA"
ci39936136,2021-06-12 04:30:28.490,-115.6465,33.2068333,2.77,3.85,"12km WSW of Niland, CA"
ci39936128,2021-06-12 04:27:34.880,-115.6498333,33.2081667,2.97,3.94,"13km WSW of Niland, CA"
ci39936096,2021-06-12 04:22:23.600,-115.641,33.2068333,2.99,2.73,"12km WSW of Niland, CA"
nc73572726,2021-06-11 10:45:53.300,-121.6631667,36.9255,7.04,3.25,"4km NNW of Aromas, CA"
ci39933160,2021-06-10 17:10:19.990,-116.0925,33.2246667,8.87,3.03,"10km NNE of Ocotillo Wells, CA"
nc73572136,2021-06-10 01:38:19.100,-121.1218333,36.5373333,4.0,2.54,"2km ENE of Pinnacles, CA"
ci39931192,2021-06-09 13:51:36.260,-117.14,35.8718333,2.84,2.72,"25km ENE of Trona, CA"
nc73571931,2021-06-09 13:49:44.790,-124.2671667,40.4403333,28.42,2.52,"13km N of Petrolia, CA"
ci39929032,2021-06-07 22:41:38.000,-115.6426667,33.1825,5.46,2.65,"13km WSW of Niland, CA"
nc73571316,2021-06-07 22:22:02.870,-118.5005,37.4306667,5.14,2.73,"9km NNW of West Bishop, CA"
ci39928832,2021-06-07 21:46:43.980,-115.6413333,33.1673333,4.67,2.69,"13km WNW of Calipatria, CA"
ci39928744,2021-06-07 21:24:52.050,-115.6401667,33.1583333,5.46,3.61,"12km WNW of Calipatria, CA"
ci39928712,2021-06-07 21:19:11.490,-115.6398333,33.1566667,5.88,3.35,"12km WNW of Calipatria, CA"
ci39928704,2021-06-07 21:18:19.830,-115.6395,33.1708333,5.71,2.69,"13km WNW of Calipatria, CA"
ci39928664,2021-06-07 21:08:28.590,-115.64,33.1666667,5.34,4.08,"13km WNW of Calipatria, CA"
nc73571176,2021-06-07 18:00:58.220,-118.4978333,37.4288333,6.22,2.57,"8km NNW of West Bishop, CA"
ci39928208,2021-06-07 16:16:01.370,-115.6415,33.1746667,3.42,2.85,"13km WNW of Calipatria, CA"
nc73571146,2021-06-07 16:07:29.030,-118.5013333,37.4301667,5.61,3.35,"9km ENE of Round Valley, CA"
ci39927952,2021-06-07 14:45:22.420,-115.6373333,33.1843333,4.93,3.52,"13km WSW of Niland, CA"
ci37328020,2021-06-07 14:45:21.020,-115.6401667,33.1916667,4.02,2.78,"12km WSW of Niland, CA"
ci39927928,2021-06-07 14:43:13.400,-115.6415,33.1865,4.08,2.59,"13km WSW of Niland, CA"
ci39927264,2021-06-07 05:44:35.620,-115.6266667,33.1436667,7.51,3.56,"11km W of Calipatria, CA"
nc73570951,2021-06-07 02:21:29.870,-118.4983333,37.4306667,5.81,3.19,"9km NNW of West Bishop, CA"
ci39926696,2021-06-06 22:22:19.050,-115.6418333,33.1595,3.73,2.77,"12km WNW of Calipatria, CA"
ci39926504,2021-06-06 20:17:40.420,-115.5975,33.1525,3.49,2.61,"8km WNW of Calipatria, CA"
ci39925720,2021-06-06 15:55:33.380,-115.641,33.175,3.9,2.74,"13km WNW of Calipatria, CA"
ci39925712,2021-06-06 15:54:09.650,-115.6261667,33.1425,7.63,2.5,"11km W of Calipatria, CA"
ci39925568,2021-06-06 15:02:08.850,-115.6181667,33.1425,7.44,2.56,"10km W of Calipatria, CA"
ci39925520,2021-06-06 14:51:02.460,-115.6253333,33.1045,7.58,2.71,"8km N of Westmorland, CA"
ci39925280,2021-06-06 13:32:50.120,-115.6208333,33.1413333,3.77,2.53,"10km W of Calipatria, CA"
ci39925024,2021-06-06 11:44:30.550,-115.6421667,33.1743333,3.66,2.68,"13km WNW of Calipatria, CA"
ci39924776,2021-06-06 11:05:03.570,-115.6413333,33.185,3.32,2.65,"13km WSW of Niland, CA"
ci39924760,2021-06-06 11:03:20.960,-115.6363333,33.1865,5.61,3.06,"12km WSW of Niland, CA"
ci39924752,2021-06-06 11:03:14.790,-115.641,33.1858333,4.83,2.85,"13km WSW of Niland, CA"
ci39924744,2021-06-06 10:56:06.560,-115.6453333,33.1561667,5.85,3.08,"13km WNW of Calipatria, CA"
ci39923968,2021-06-06 08:26:56.030,-115.6373333,33.1701667,4.99,2.62,"12km WNW of Calipatria, CA"
ci39923848,2021-06-06 08:08:12.960,-115.6431667,33.1853333,3.01,2.52,"13km WSW of Niland, CA"
ci39923832,2021-06-06 08:05:36.600,-115.6395,33.1855,9.8,3.81,"13km WSW of Niland, CA"
ci39923296,2021-06-06 06:33:17.460,-115.6195,33.1511667,6.9,2.5,"10km WNW of Calipatria, CA"
ci39923240,2021-06-06 06:26:29.150,-115.6431667,33.1816667,4.72,2.53,"13km WSW of Niland, CA"
ci39923152,2021-06-06 06:05:09.560,-115.6393333,33.1586667,7.2,2.51,"12km WNW of Calipatria, CA"
ci39922872,2021-06-06 05:01:30.600,-115.6446667,33.1645,5.36,3.19,"13km WNW of Calipatria, CA"
ci39922840,2021-06-06 04:56:02.330,-115.6448333,33.1826667,3.98,2.53,"13km WSW of Niland, CA"
ci39922792,2021-06-06 04:49:59.960,-115.642,33.1835,4.69,2.63,"13km WSW of Niland, CA"
ci39922784,2021-06-06 04:47:32.800,-115.634,33.1381667,7.65,2.61,"11km W of Calipatria, CA"
ci39922424,2021-06-06 03:14:19.940,-115.6428333,33.1896667,5.07,2.71,"13km WSW of Niland, CA"
ci39922408,2021-06-06 03:08:23.210,-115.6195,33.1506667,9.28,3.61,"10km WNW of Calipatria, CA"
ci39922368,2021-06-06 02:58:54.060,-115.6383333,33.1841667,5.99,2.53,"13km WSW of Niland, CA"
ci39922216,2021-06-06 02:07:34.560,-115.6418333,33.1838333,5.04,2.75,"13km WSW of Niland, CA"
ci39921840,2021-06-06 00:15:10.450,-115.6425,33.1643333,5.78,2.79,"13km WNW of Calipatria, CA"
ci39921712,2021-06-05 23:43:33.510,-115.639,33.1591667,5.67,2.63,"12km WNW of Calipatria, CA"
ci37328484,2021-06-05 22:37:58.240,-115.5106667,32.7586667,16.7,2.62,"4km NNE of Heber, CA"
ci39921336,2021-06-05 22:25:11.960,-117.3225,35.981,3.01,2.63,"25km NNE of Trona, CA"
ci39921296,2021-06-05 22:10:19.950,-115.6048333,33.1506667,3.09,2.55,"9km WNW of Calipatria, CA"
ci39921288,2021-06-05 22:09:59.700,-115.6206667,33.1408333,3.72,2.53,"10km W of Calipatria, CA"
ci39921208,2021-06-05 21:49:39.770,-115.6216667,33.1433333,3.61,3.27,"10km W of Calipatria, CA"
ci39921088,2021-06-05 21:33:17.430,-115.6303333,33.1305,8.89,2.6,"10km N of Westmorland, CA"
ci39921064,2021-06-05 21:30:13.570,-115.6415,33.1426667,6.91,2.8,"12km N of Westmorland, CA"
ci39920416,2021-06-05 19:46:55.610,-115.6253333,33.139,7.03,2.78,"10km W of Calipatria, CA"
ci39920400,2021-06-05 19:41:04.450,-115.646,33.136,3.7,2.95,"11km NNW of Westmorland, CA"
ci39920152,2021-06-05 19:14:14.580,-115.6213333,33.1586667,5.48,2.91,"11km WNW of Calipatria, CA"
ci39920080,2021-06-05 19:07:07.680,-115.6096667,33.1486667,3.15,2.73,"9km WNW of Calipatria, CA"
ci39920072,2021-06-05 19:06:29.910,-115.6195,33.1571667,5.11,2.54,"10km WNW of Calipatria, CA"
ci39920064,2021-06-05 19:05:31.380,-115.6215,33.1615,6.36,3.34,"11km WNW of Calipatria, CA"
ci39919912,2021-06-05 18:49:54.540,-115.6306667,33.1456667,7.94,2.92,"11km WNW of Calipatria, CA"
ci39919880,2021-06-05 18:47:48.840,-115.62,33.1461667,5.74,2.73,"10km WNW of Calipatria, CA"
ci39919736,2021-06-05 18:33:37.950,-115.6433333,33.1341667,3.21,2.61,"11km N of Westmorland, CA"
ci37327332,2021-06-05 18:24:13.470,-115.6048333,33.1505,3.17,2.95,"9km WNW of Calipatria, CA"
ci39919664,2021-06-05 18:24:06.720,-115.6118333,33.156,4.33,2.74,"10km WNW of Calipatria, CA"
ci39919656,2021-06-05 18:21:48.750,-115.6186667,33.1513333,7.06,4.09,"10km WNW of Calipatria, CA"
ci39919648,2021-06-05 18:21:08.120,-115.6401667,33.1591667,5.74,2.71,"12km WNW of Calipatria, CA"
ci39919632,2021-06-05 18:20:14.620,-115.6181667,33.1483333,4.67,2.84,"10km WNW of Calipatria, CA"
ci39919616,2021-06-05 18:17:37.900,-115.6388333,33.1381667,4.76,3.09,"11km N of Westmorland, CA"
ci39919608,2021-06-05 18:16:51.370,-115.6351667,33.1353333,6.97,3.25,"11km N of Westmorland, CA"
ci39919600,2021-06-05 18:16:14.540,-115.6201667,33.1523333,5.12,2.9,"10km WNW of Calipatria, CA"
ci39919584,2021-06-05 18:13:49.500,-115.6258333,33.1431667,3.06,2.69,"11km W of Calipatria, CA"
ci39919568,2021-06-05 18:13:21.210,-115.6135,33.1461667,6.45,2.59,"10km WNW of Calipatria, CA"
ci39919576,2021-06-05 18:13:16.830,-115.6338333,33.1456667,6.55,2.53,"11km WNW of Calipatria, CA"
ci39919560,2021-06-05 18:12:53.910,-115.6263333,33.1396667,7.42,2.5,"11km W of Calipatria, CA"
ci37329204,2021-06-05 18:11:39.930,-115.6271667,33.1396667,7.31,2.83,"11km W of Calipatria, CA"
ci39919504,2021-06-05 18:08:10.750,-115.6236667,33.1475,7.28,2.53,"10km WNW of Calipatria, CA"
ci39919496,2021-06-05 18:07:47.570,-115.6326667,33.1425,5.53,2.5,"11km W of Calipatria, CA"
ci39919488,2021-06-05 18:07:20.960,-115.6213333,33.1423333,6.86,2.61,"10km W of Calipatria, CA"
ci39919472,2021-06-05 18:03:40.050,-115.6138333,33.15,5.32,3.51,"10km WNW of Calipatria, CA"
ci39919456,2021-06-05 18:03:05.990,-115.6315,33.1415,4.83,2.9,"11km W of Calipatria, CA"
ci39919448,2021-06-05 18:02:36.200,-115.61,33.1493333,3.87,2.58,"9km WNW of Calipatria, CA"
ci39919440,2021-06-05 18:01:04.460,-115.6261667,33.1498333,6.81,3.28,"11km WNW of Calipatria, CA"
ci39919432,2021-06-05 18:01:01.460,-115.6303333,33.1468333,5.76,2.85,"11km WNW of Calipatria, CA"
ci37327964,2021-06-05 18:00:51.540,-115.6381667,33.1381667,6.62,2.79,"11km N of Westmorland, CA"
ci39919424,2021-06-05 18:00:49.190,-115.6656667,33.1553333,2.92,2.87,"14km NNW of Westmorland, CA"
ci39919416,2021-06-05 17:59:06.170,-115.6333333,33.1563333,6.49,3.29,"12km WNW of Calipatria, CA"
ci39919408,2021-06-05 17:58:42.200,-115.6323333,33.1366667,7.57,3.4,"11km W of Calipatria, CA"
ci39919400,2021-06-05 17:57:21.900,-115.6155,33.145,3.69,4.29,"10km WNW of Calipatria, CA"
ci39919392,2021-06-05 17:55:58.820,-115.6348333,33.14,5.78,5.25,"11km W of Calipatria, CA"
ci39919384,2021-06-05 17:55:39.620,-115.6316667,33.136,5.49,2.9,"11km W of Calipatria, CA"
ci39919368,2021-06-05 17:53:59.120,-115.633,33.1383333,5.66,2.58,"11km W of Calipatria, CA"
ci39919360,2021-06-05 17:53:03.380,-115.6295,33.1418333,5.69,2.84,"11km W of Calipatria, CA"
nc73570296,2021-06-05 17:52:32.550,-118.8288333,37.5361667,3.95,2.55,"13km WSW of Toms Place, CA"
ci39919352,2021-06-05 17:52:29.280,-115.6288333,33.1386667,5.82,2.82,"11km W of Calipatria, CA"
ci37329188,2021-06-05 17:51:09.970,-115.6318333,33.1425,3.14,2.97,"11km W of Calipatria, CA"
ci39919336,2021-06-05 17:50:50.980,-115.639,33.142,5.91,3.88,"12km N of Westmorland, CA"
ci39919328,2021-06-05 17:50:37.540,-115.6271667,33.1395,5.21,2.68,"11km W of Calipatria, CA"
ci39919312,2021-06-05 17:49:31.650,-115.6316667,33.1271667,6.22,2.57,"10km N of Westmorland, CA"
ci39919304,2021-06-05 17:49:16.850,-115.6363333,33.1371667,5.97,2.59,"11km N of Westmorland, CA"
ci39919296,2021-06-05 17:48:58.990,-115.6378333,33.1395,7.29,3.25,"12km N of Westmorland, CA"
ci39919280,2021-06-05 17:47:53.750,-115.6305,33.1481667,4.03,3.89,"11km WNW of Calipatria, CA"
ci37327820,2021-06-05 17:47:50.730,-115.6351667,33.1375,4.46,3.0,"11km N of Westmorland, CA"
ci39919272,2021-06-05 17:47:19.810,-115.6338333,33.1448333,4.64,3.12,"11km W of Calipatria, CA"
ci39919264,2021-06-05 17:46:39.500,-115.641,33.134,4.63,3.79,"11km N of Westmorland, CA"
ci39919256,2021-06-05 17:46:26.060,-115.6343333,33.1415,5.87,3.56,"11km W of Calipatria, CA"
ci37327652,2021-06-05 17:46:21.000,-115.6371667,33.14,6.0,3.25,"12km N of Westmorland, CA"
ci39919248,2021-06-05 17:45:16.380,-115.64,33.1375,4.59,4.08,"11km N of Westmorland, CA"
ci39919216,2021-06-05 17:42:10.930,-115.6453333,33.1336667,3.84,3.21,"11km NNW of Westmorland, CA"
ci39919208,2021-06-05 17:40:51.960,-115.6408333,33.1301667,3.05,3.55,"10km N of Westmorland, CA"
ci37476517,2021-06-05 17:39:39.490,-115.6368333,33.1391667,3.46,2.93,"11km N of Westmorland, CA"
ci39919184,2021-06-05 17:39:37.560,-115.6398333,33.1363333,3.52,2.66,"11km N of Westmorland, CA"
ci39919152,2021-06-05 17:34:09.110,-115.6395,33.1363333,5.95,2.8,"11km N of Westmorland, CA"
ci39919136,2021-06-05 17:33:40.110,-115.6445,33.136,6.3,2.58,"11km N of Westmorland, CA"
ci39918632,2021-06-05 15:08:21.940,-115.6355,33.1416667,5.77,2.94,"11km W of Calipatria, CA"
ci39918280,2021-06-05 12:21:57.320,-115.64,33.1313333,3.17,2.74,"11km N of Westmorland, CA"
ci39918264,2021-06-05 12:18:58.580,-115.6378333,33.1371667,4.82,2.53,"11km N of Westmorland, CA"
ci39918256,2021-06-05 12:18:37.820,-115.6408333,33.1336667,3.74,2.62,"11km N of Westmorland, CA"
nc73569571,2021-06-03 19:34:02.920,-123.7985,40.9776667,23.24,2.76,"15km WNW of Willow Creek, CA"
nc73569391,2021-06-03 12:15:32.800,-121.726,37.3721667,7.07,3.59,"9km E of Alum Rock, CA"
nc73569196,2021-06-03 04:34:42.450,-121.1141667,36.5501667,9.14,3.62,"3km NE of Pinnacles, CA"
nc73569001,2021-06-02 17:56:10.880,-118.5528333,37.9013333,7.12,2.84,"39km NNE of Toms Place, CA"
ci37325924,2021-06-01 21:29:55.500,-116.8883333,33.467,13.64,2.74,"4km NW of Aguanga, CA"
ci39913520,2021-06-01 21:29:46.490,-116.8916667,33.4596667,12.83,3.16,"3km NW of Aguanga, CA"
nc73568006,2021-05-31 10:57:41.520,-118.3773333,37.4941667,3.58,2.85,"12km NNE of Dixon Lane-Meadow Creek, CA"
nc73567966,2021-05-31 09:06:14.350,-118.8263333,37.5226667,4.9,3.44,"14km WSW of Toms Place, CA"
ci39911016,2021-05-31 07:41:55.460,-117.8541667,33.8333333,5.35,2.68,"3km E of Anaheim, CA"
nc73567286,2021-05-29 20:11:35.390,-119.775,38.6525,1.71,2.91,"4km SSE of Markleeville, CA"
nc73566776,2021-05-28 17:05:34.460,-120.0301667,39.1206667,6.52,2.68,"10km SE of Dollar Point, CA"
nc73566756,2021-05-28 16:22:58.320,-120.0296667,39.1255,6.29,2.74,"9km SE of Dollar Point, CA"
nc73566751,2021-05-28 16:04:54.470,-120.0338333,39.1245,5.41,3.11,"9km SE of Dollar Point, CA"
nc73566741,2021-05-28 15:46:36.720,-120.0346667,39.1265,6.91,2.61,"9km SE of Dollar Point, CA"
nc73566711,2021-05-28 15:25:21.840,-120.0286667,39.1221667,7.02,4.15,"10km SE of Dollar Point, CA"
ci39908152,2021-05-28 14:52:18.440,-117.5105,36.4718333,-1.25,2.8,"36km WSW of Stovepipe Wells, CA"
nc73566641,2021-05-28 12:48:51.890,-121.2916667,36.668,4.26,2.97,"14km S of Tres Pinos, CA"
nc73566621,2021-05-28 11:59:10.650,-120.029,39.1221667,5.8,2.9,"10km SE of Dollar Point, CA"
ci39907816,2021-05-28 09:00:13.400,-115.6156667,33.1466667,6.58,2.58,"10km WNW of Calipatria, CA"
nc73566416,2021-05-28 03:39:08.350,-118.5533333,37.9066667,6.45,2.74,"40km NNE of Toms Place, CA"
nc73566341,2021-05-28 00:27:06.820,-120.4778333,39.8693333,3.01,2.62,"0km W of Lake Davis, CA"
ci39907352,2021-05-28 00:07:37.170,-117.8543333,33.8305,5.44,2.63,"3km E of Anaheim, CA"
nc73566146,2021-05-27 15:40:37.290,-118.9265,37.589,4.6,2.66,"7km SE of Mammoth Lakes, CA"
ci39906384,2021-05-27 15:18:26.370,-117.4118333,35.6318333,6.5,2.98,"15km SSW of Trona, CA"
ci39906312,2021-05-27 14:19:00.120,-119.2053333,35.3096667,24.5,3.11,"10km SSW of Rosedale, CA"
nc73565651,2021-05-26 17:54:02.220,-122.7601667,38.8456667,1.3,2.78,"4km NW of Cobb, CA"
nc73565351,2021-05-26 04:14:57.080,-123.1816667,39.2321667,4.57,2.9,"4km SSE of Redwood Valley, CA"
ci39904632,2021-05-25 22:42:20.880,-117.5125,36.4658333,3.45,2.56,"36km WSW of Stovepipe Wells, CA"
ci39904576,2021-05-25 22:06:00.110,-117.506,36.4678333,3.45,2.62,"35km WSW of Stovepipe Wells, CA"
nc73564681,2021-05-24 19:26:57.330,-118.5613333,37.9123333,5.72,2.87,"40km NNE of Toms Place, CA"
nc73566495,2021-05-24 04:55:54.900,-118.5543333,37.9058333,6.35,2.55,"40km NNE of Toms Place, CA"
nc73566430,2021-05-24 01:18:28.110,-118.5536667,37.9015,6.92,2.83,"39km NNE of Toms Place, CA"
nc73566250,2021-05-23 17:20:40.030,-120.4731667,39.8735,3.88,2.77,"0km N of Lake Davis, CA"
nc71123209,2021-05-23 09:18:24.990,-120.468,39.8675,4.45,2.77,"0km ESE of Lake Davis, CA"
nc73566115,2021-05-23 09:18:07.990,-120.4733333,39.8718333,3.92,2.95,"0km NNW of Lake Davis, CA"
nc73565955,2021-05-23 02:39:12.780,-123.2448333,39.3453333,5.24,2.64,"10km NNW of Redwood Valley, CA"
nc73565810,2021-05-22 19:35:42.880,-123.253,40.881,23.27,2.52,"31km WNW of Weaverville, CA"
ci39899896,2021-05-22 16:14:23.060,-117.6843333,35.9926667,2.11,2.55,"21km ENE of Little Lake, CA"
ci39898776,2021-05-21 10:25:46.410,-117.3225,35.9826667,2.82,2.78,"25km NNE of Trona, CA"
ci39659271,2021-05-20 01:37:22.690,-117.3245,35.9748333,3.04,3.59,"24km NNE of Trona, CA"
nc73564200,2021-05-18 14:44:25.290,-120.2116667,36.1631667,8.98,3.63,"11km WSW of Huron, CA"
ci39656903,2021-05-18 12:51:47.370,-117.5206667,36.0728333,2.67,2.56,"36km NNW of Searles Valley, CA"
ci39656815,2021-05-18 09:31:18.770,-116.729,34.9543333,7.19,2.6,"28km ENE of Barstow, CA"
nc73564030,2021-05-18 03:15:46.390,-118.7735,37.5175,6.04,2.57,"10km WSW of Toms Place, CA"
nc73563910,2021-05-17 19:49:55.160,-120.0345,39.1273333,7.29,2.83,"9km SE of Dollar Point, CA"
nc73563895,2021-05-17 19:45:32.520,-118.7741667,37.519,5.49,3.06,"10km WSW of Toms Place, CA"
nc73563870,2021-05-17 19:37:02.470,-118.7746667,37.518,5.47,2.91,"10km WSW of Toms Place, CA"
nc73563860,2021-05-17 19:24:39.900,-120.0316667,39.127,7.17,3.35,"9km SE of Dollar Point, CA"
nc73563565,2021-05-17 06:36:10.320,-123.9213333,40.1201667,18.04,2.79,"8km W of Redway, CA"
nc73563250,2021-05-16 13:26:28.980,-123.923,40.1193333,18.77,2.9,"8km W of Redway, CA"
ci39654679,2021-05-15 23:04:10.600,-117.4133333,35.5865,7.72,2.52,"20km S of Trona, CA"
nc73562810,2021-05-15 07:14:21.120,-118.7793333,37.5445,8.24,2.51,"9km WSW of Toms Place, CA"
nc73562750,2021-05-15 03:02:12.340,-124.183,40.7346667,5.29,2.69,"1km NNE of Humboldt Hill, CA"
nc73562615,2021-05-14 23:59:05.050,-122.7318333,38.7718333,2.62,2.97,"2km ESE of The Geysers, CA"
nc73562600,2021-05-14 22:11:14.900,-118.553,37.9018333,6.89,2.61,"39km NNE of Toms Place, CA"
nc73561695,2021-05-12 17:44:45.920,-122.371,40.9061667,20.04,2.94,"25km N of Shasta Lake, CA"
ci39649375,2021-05-12 10:14:26.010,-118.3843333,35.504,6.92,2.78,"14km SE of Bodfish, CA"
nc73560190,2021-05-09 13:16:14.950,-118.7495,38.0823333,7.66,2.96,"27km ESE of Bodie, CA"
ci39645767,2021-05-09 09:09:33.800,-117.2335,34.0265,16.29,3.03,"4km SE of Loma Linda, CA"
nc73559835,2021-05-08 08:29:11.020,-124.3438333,40.4071667,28.87,2.5,"10km NNW of Petrolia, CA"
nc73559705,2021-05-07 23:59:43.950,-120.0276667,39.1275,6.1,2.64,"9km SE of Dollar Point, CA"
nc73559310,2021-05-07 07:27:01.830,-120.699,36.1218333,5.67,2.55,"22km ENE of San Ardo, CA"
nc71126849,2021-05-07 04:37:38.190,-120.3195,39.467,10.8,3.0,"19km NW of Truckee, CA"
nc73559265,2021-05-07 04:35:14.150,-120.3145,39.461,10.12,4.65,"19km NW of Truckee, CA"
nc71123164,2021-05-07 04:26:54.470,-120.3223333,39.4668333,12.39,2.74,"20km NW of Truckee, CA"
nc73559260,2021-05-07 04:26:31.770,-120.3168333,39.4648333,9.41,3.14,"19km NW of Truckee, CA"
nc73559120,2021-05-06 21:52:24.570,-122.8025,38.8366667,2.42,2.53,"7km WNW of Cobb, CA"
ci39643303,2021-05-06 20:04:47.010,-117.6955,35.8765,7.98,2.51,"20km ESE of Little Lake, CA"
ci39643023,2021-05-06 17:32:59.060,-117.4543333,35.6428333,6.87,2.74,"15km SSW of Searles Valley, CA"
nc73558875,2021-05-06 13:18:34.070,-120.0328333,39.1263333,7.85,2.52,"9km SE of Dollar Point, CA"
ci39642223,2021-05-05 22:14:56.980,-116.6355,34.0363333,10.04,2.78,"5km WSW of Morongo Valley, CA"
nc73558495,2021-05-05 14:58:49.970,-120.3106667,36.197,10.51,2.65,"8km NE of Coalinga, CA"
nc73558425,2021-05-05 13:06:28.850,-123.2616667,39.3763333,4.3,2.82,"9km ESE of Willits, CA"
ci39641143,2021-05-05 09:55:21.870,-117.9991667,36.5573333,7.37,2.76,"7km ESE of Lone Pine, CA"
ci39640111,2021-05-04 13:31:45.100,-116.6118333,35.732,1.12,2.55,"37km WSW of Tecopa, CA"
nc73557990,2021-05-04 12:36:14.150,-120.9441667,36.735,7.28,3.18,"29km NE of Pinnacles, CA"
nc73557800,2021-05-03 21:52:08.580,-119.3746667,37.4921667,11.21,2.63,"30km NE of Oakhurst, CA"
nc73556930,2021-05-01 18:26:24.170,-121.8401667,39.7535,14.43,2.73,"2km NNW of Chico, CA"
ci39637183,2021-04-30 21:35:43.520,-117.0455,34.0446667,11.48,2.64,"1km N of Yucaipa, CA"
nc73556500,2021-04-30 14:59:35.170,-122.7971667,38.8113333,3.67,2.76,"5km NW of The Geysers, CA"
nc73556330,2021-04-30 03:00:55.410,-121.189,36.5873333,4.67,2.52,"7km NNW of Pinnacles, CA"
nc73556175,2021-04-29 19:51:35.300,-118.8548333,37.5145,1.56,2.59,"16km WSW of Toms Place, CA"
ci39634983,2021-04-29 17:12:19.480,-117.4393333,35.653,6.69,3.14,"13km SSW of Searles Valley, CA"
nc73556060,2021-04-29 14:08:39.830,-122.7908333,38.8075,3.21,2.69,"4km NW of The Geysers, CA"
ci39632647,2021-04-28 10:50:21.900,-116.3816667,33.1628333,7.33,3.45,"10km S of Borrego Springs, CA"
nc73555550,2021-04-28 07:18:37.290,-122.235,37.8456667,5.53,2.76,"2km N of Piedmont, CA"
nc73555290,2021-04-27 17:47:22.280,-120.5278333,35.9741667,10.45,2.81,"12km NW of Parkfield, CA"
nc73554845,2021-04-26 12:37:11.860,-120.031,39.1235,6.39,3.23,"9km SE of Dollar Point, CA"
nc73554840,2021-04-26 12:18:34.790,-123.4526667,39.7013333,8.06,2.61,"3km ENE of Laytonville, CA"
nc73554815,2021-04-26 11:44:33.700,-122.2365,37.8461667,5.69,2.55,"2km N of Piedmont, CA"
ci39629223,2021-04-26 08:20:09.010,-117.4691667,35.6608333,10.83,2.53,"13km SSW of Searles Valley, CA"
nc73554700,2021-04-26 04:05:56.810,-122.7,38.7536667,0.33,3.1,"2km SSW of Anderson Springs, CA"
nc73554405,2021-04-25 15:54:52.140,-120.0288333,39.1266667,6.62,2.51,"9km SE of Dollar Point, CA"
nc73554400,2021-04-25 15:44:58.930,-120.032,39.1293333,5.2,2.92,"9km SE of Dollar Point, CA"
nc73554390,2021-04-25 15:35:48.970,-120.0295,39.1268333,6.56,2.77,"9km SE of Dollar Point, CA"
nc73554385,2021-04-25 15:33:23.610,-120.0433333,39.1283333,7.51,3.7,"8km SE of Dollar Point, CA"
ci39628175,2021-04-25 05:31:58.580,-116.0778333,33.8053333,2.02,2.55,"16km NE of Indio, CA"
nc73554210,2021-04-25 05:00:39.860,-121.6381667,37.2668333,7.07,2.55,"15km N of Morgan Hill, CA"
nc73554215,2021-04-25 04:59:28.510,-121.6395,37.267,7.66,3.61,"15km N of Morgan Hill, CA"
nc73554015,2021-04-24 21:16:53.330,-120.1911667,36.0425,8.66,2.51,"7km NW of Avenal, CA"
nc73553930,2021-04-24 18:02:11.700,-121.4945,36.7716667,7.58,2.8,"9km SSE of San Juan Bautista, CA"
nc73553895,2021-04-24 15:54:42.640,-120.8643333,36.2805,9.96,2.53,"22km NE of San Lucas, CA"
nc73553705,2021-04-24 05:34:48.490,-118.694664,38.0696678,-1.46,2.7,"30km SSW of Qualeys Camp, NV"
nc73553685,2021-04-24 04:21:42.730,-122.724,38.768,1.5,2.62,"3km WSW of Anderson Springs, CA"
nc73553370,2021-04-23 11:18:40.530,-123.0365,39.5256667,7.42,3.91,"15km NNW of Lake Pillsbury, CA"
ci39625767,2021-04-23 06:51:07.920,-116.6198333,35.0608333,1.97,3.01,"23km SSE of Fort Irwin, CA"
nc73553180,2021-04-23 00:08:08.160,-122.707,38.7745,2.57,2.81,"1km W of Anderson Springs, CA"
nc73552920,2021-04-22 07:00:10.340,-118.78,37.5453333,8.23,3.09,"9km WSW of Toms Place, CA"
nc73552870,2021-04-22 04:55:18.620,-119.4183333,37.6901667,17.6,2.63,"15km ESE of Yosemite Valley, CA"
nc73552510,2021-04-21 03:55:27.800,-121.566,36.8303333,5.55,2.97,"3km SW of San Juan Bautista, CA"
nc73552000,2021-04-20 09:48:34.270,-123.5988333,40.188,33.89,4.03,"20km ENE of Redway, CA"
ci39857008,2021-04-20 07:03:37.550,-117.21,34.045,15.93,2.69,"3km WSW of Redlands, CA"
nc73551905,2021-04-20 05:07:51.620,-118.7781667,37.5481667,7.98,2.87,"9km W of Toms Place, CA"
nc73551895,2021-04-20 04:25:20.820,-122.0193333,39.5111667,22.52,2.81,"15km E of Willows, CA"
nc73551855,2021-04-20 02:39:04.860,-122.017,39.5165,23.07,3.82,"15km E of Willows, CA"
nc73551560,2021-04-19 18:50:58.790,-122.7228333,38.757,2.88,3.98,"3km SW of Anderson Springs, CA"
nc73551205,2021-04-19 02:21:39.530,-122.8046667,38.8276667,1.72,2.75,"7km NW of The Geysers, CA"
nc73550725,2021-04-17 19:35:08.280,-123.0433333,40.113,45.98,2.85,"40km NNE of Covelo, CA"
nc73550650,2021-04-17 16:29:21.230,-123.0365,40.1228333,44.97,2.71,"41km NNE of Covelo, CA"
nc73550145,2021-04-16 09:35:58.710,-122.7203333,38.7711667,1.92,2.74,"2km W of Anderson Springs, CA"
ci39851592,2021-04-15 23:16:19.070,-117.5191667,36.477,-0.65,2.61,"36km WSW of Stovepipe Wells, CA"
ci39851144,2021-04-15 18:05:03.520,-117.5368333,35.6786667,6.81,3.06,"14km ENE of Ridgecrest, CA"
nc73549690,2021-04-15 13:39:27.830,-122.8113333,38.8298333,1.93,2.55,"8km NW of The Geysers, CA"
ci39849168,2021-04-13 22:05:32.100,-116.0885,33.8078333,3.54,2.61,"15km NE of Indio, CA"
ci39849144,2021-04-13 21:35:03.940,-116.0878333,33.8063333,3.03,3.54,"15km NE of Indio, CA"
nc73548930,2021-04-13 14:25:52.650,-118.824,37.569,4.04,2.76,"13km W of Toms Place, CA"
nc73548225,2021-04-11 22:03:29.160,-122.8135,38.8256667,1.96,2.63,"7km NW of The Geysers, CA"
ci39846664,2021-04-11 09:45:36.990,-117.603,35.7846667,6.61,3.13,"18km W of Searles Valley, CA"
nc73547645,2021-04-10 14:13:21.940,-122.5848333,38.5226667,9.14,3.26,"6km S of Calistoga, CA"
ci39845832,2021-04-10 13:22:06.120,-115.4393333,32.7705,15.63,3.44,"7km SW of Holtville, CA"
nc73547590,2021-04-10 11:50:14.080,-121.6751667,37.582,3.95,2.93,"14km SE of Livermore, CA"
ci39845512,2021-04-10 03:57:58.440,-116.4451667,34.1475,5.88,3.0,"4km NNW of Yucca Valley, CA"
ci39844272,2021-04-09 03:57:58.930,-115.4328333,32.7803333,11.58,2.75,"6km SW of Holtville, CA"
ci39844264,2021-04-09 03:57:13.020,-115.4381667,32.7825,12.58,2.87,"6km WSW of Holtville, CA"
ci39844232,2021-04-09 03:31:46.760,-115.4355,32.776,13.84,2.84,"6km SW of Holtville, CA"
ci39844112,2021-04-09 00:33:47.080,-116.7873333,33.9323333,14.76,3.11,"2km N of Cabazon, CA"
ci39843952,2021-04-08 20:51:15.140,-117.5496667,35.6538333,8.34,3.62,"12km ENE of Ridgecrest, CA"
ci39843544,2021-04-08 16:20:30.480,-117.433,36.7885,0.83,2.58,"33km NW of Stovepipe Wells, CA"
ci39843240,2021-04-08 11:19:38.820,-116.9946667,33.8243333,12.41,2.79,"6km NW of San Jacinto, CA"
ci39842904,2021-04-08 03:57:47.630,-115.4366667,32.7751667,15.82,2.65,"7km SW of Holtville, CA"
ci39842896,2021-04-08 03:52:08.190,-115.4328333,32.7753333,16.19,3.73,"6km SW of Holtville, CA"
ci39842872,2021-04-08 03:28:51.230,-115.4376667,32.7776667,15.85,3.2,"6km SW of Holtville, CA"
ci39842792,2021-04-08 02:08:32.930,-115.4381667,32.786,15.25,2.86,"6km WSW of Holtville, CA"
ci39842512,2021-04-07 20:41:59.790,-116.9626667,35.093,1.92,2.91,"22km NNE of Barstow, CA"
nc73546475,2021-04-07 20:18:17.420,-120.701,36.7646667,3.53,3.31,"23km S of South Dos Palos, CA"
ci39841832,2021-04-07 13:42:05.870,-117.4105,35.6096667,8.97,3.64,"17km S of Trona, CA"
nc73546285,2021-04-07 12:56:14.820,-122.7986667,38.7898333,3.59,2.85,"4km WNW of The Geysers, CA"
nc73545795,2021-04-05 16:42:01.510,-122.7368333,38.8053333,2.07,2.53,"2km SSW of Cobb, CA"
ci39838928,2021-04-05 11:44:01.950,-118.3333333,33.9405,19.34,4.0,"2km E of Lennox, CA"
ci39838888,2021-04-05 11:15:37.460,-118.3348333,33.9421667,19.76,3.03,"2km ENE of Lennox, CA"
ci39838568,2021-04-04 21:14:44.870,-116.978,33.9661667,13.13,3.29,"4km N of Beaumont, CA"
nc73545210,2021-04-03 07:17:26.030,-121.527,36.7968333,6.67,2.75,"6km S of San Juan Bautista, CA"
nc73545135,2021-04-02 19:10:53.260,-121.2425,35.749,5.54,2.59,"13km NNW of San Simeon, CA"
nc73544965,2021-04-02 03:24:00.730,-120.1001667,39.2355,4.92,2.62,"4km W of Tahoe Vista, CA"
ci39835112,2021-04-01 20:45:22.030,-116.0835,32.824,7.74,2.88,"13km NW of Ocotillo, CA"
ci39597271,2021-04-01 12:52:52.740,-118.2136667,33.9841667,13.49,2.95,"1km ENE of Huntington Park, CA"
nc73544675,2021-04-01 06:03:39.440,-122.0406667,40.4723333,19.32,3.0,"13km W of Shingletown, CA"
nc73544470,2021-03-31 13:44:03.800,-121.5231667,36.797,6.7,3.28,"6km SSE of San Juan Bautista, CA"
nc73544430,2021-03-31 12:14:47.890,-123.857,41.3485,33.42,2.83,"22km NW of Weitchpec, CA"
nc73544305,2021-03-30 23:33:52.090,-120.89,36.0023333,10.95,2.5,"2km SE of San Ardo, CA"
nc73541836,2021-03-30 17:05:34.140,-122.7781667,38.8276667,1.37,3.13,"5km W of Cobb, CA"
nc73541601,2021-03-30 05:43:48.010,-121.7513333,37.367,8.0,2.6,"7km E of Alum Rock, CA"
nc73540541,2021-03-27 08:49:36.720,-121.224,36.6195,5.07,2.6,"12km NW of Pinnacles, CA"
nc73540376,2021-03-26 22:14:30.950,-123.0766667,39.0403333,-0.57,2.77,"13km SE of Talmage, CA"
nc73540371,2021-03-26 22:12:05.450,-123.0773333,39.0385,1.76,2.76,"13km SE of Talmage, CA"
ci39590215,2021-03-25 19:35:19.910,-117.5358333,35.7211667,7.22,2.8,"13km WSW of Searles Valley, CA"
ci39589855,2021-03-25 09:15:16.540,-117.6128333,36.1715,2.12,2.66,"33km ENE of Coso Junction, CA"
nc73539561,2021-03-24 23:29:46.680,-121.3035,36.8706667,7.25,2.81,"8km NE of Ridgemark, CA"
nc73539551,2021-03-24 23:07:08.590,-121.4615,37.0035,8.29,3.22,"10km E of Gilroy, CA"
nc73539421,2021-03-24 16:45:34.270,-123.4771667,39.2498333,7.29,2.77,"21km SSW of Willits, CA"
nc73539406,2021-03-24 15:41:13.980,-123.4743333,39.2448333,8.2,3.98,"21km SSW of Willits, CA"
nc73539356,2021-03-24 10:36:48.590,-121.6695,37.4228333,5.17,2.5,"15km ENE of Alum Rock, CA"
nc73539331,2021-03-24 09:38:38.780,-121.6563333,40.6306667,8.49,2.51,"13km N of Viola, CA"
nc73539181,2021-03-24 03:06:24.830,-118.5533333,37.8951667,6.41,2.79,"39km NNE of Toms Place, CA"
ci39588623,2021-03-24 00:08:38.010,-117.4485,35.6511667,2.8,3.09,"14km SSW of Searles Valley, CA"
nc73539061,2021-03-23 21:15:47.290,-122.2556667,38.4261667,10.51,2.81,"10km ENE of Yountville, CA"
nc73538866,2021-03-23 13:54:39.500,-120.7475,36.7376667,4.25,2.7,"27km SSW of South Dos Palos, CA"
nc73538636,2021-03-22 23:55:15.040,-120.5233333,35.9715,10.56,2.72,"12km NW of Parkfield, CA"
nc73540810,2021-03-22 22:39:53.100,-122.7083333,38.7481667,1.77,2.72,"3km SSW of Anderson Springs, CA"
nc73540280,2021-03-21 22:33:08.610,-118.5543333,37.8966667,6.15,3.08,"39km NNE of Toms Place, CA"
ci39586591,2021-03-21 19:04:50.930,-117.2516667,34.0441667,16.23,2.65,"1km ESE of Loma Linda, CA"
ci39586383,2021-03-21 12:03:02.680,-117.5911667,35.7666667,6.65,2.8,"17km W of Searles Valley, CA"
ci39586079,2021-03-20 22:49:23.210,-117.6045,34.0411667,4.52,3.05,"2km ESE of Ontario, CA"
nc73539660,2021-03-20 17:55:19.830,-118.8451667,37.4583333,11.08,2.77,"19km SW of Toms Place, CA"
ci39585143,2021-03-19 18:24:36.600,-116.442,33.0316667,6.61,3.07,"16km ESE of Julian, CA"
ci39585127,2021-03-19 18:17:53.050,-118.0021667,36.5605,7.65,2.51,"7km ESE of Lone Pine, CA"
nc73539070,2021-03-19 00:52:16.750,-123.1075,39.4246667,1.08,2.72,"13km W of Lake Pillsbury, CA"
nc73538955,2021-03-18 18:56:45.650,-121.2086667,36.6045,6.74,3.37,"10km NW of Pinnacles, CA"
nc73538830,2021-03-18 14:01:18.800,-122.3588333,38.2141667,8.66,2.68,"10km WNW of American Canyon, CA"
ci37319988,2021-03-16 13:39:37.090,-115.63,33.1651667,5.06,2.66,"12km WNW of Calipatria, CA"
ci39581455,2021-03-16 13:39:29.490,-115.6361667,33.1576667,5.14,2.55,"12km WNW of Calipatria, CA"
nc73535821,2021-03-16 11:42:43.130,-118.8426667,37.4748333,5.69,2.68,"17km SW of Toms Place, CA"
nc73535286,2021-03-15 07:14:47.320,-121.1495,36.5658333,5.44,2.65,"4km N of Pinnacles, CA"
nc73534971,2021-03-14 05:57:13.630,-122.4303333,40.903,17.71,2.75,"25km NNW of Shasta Lake, CA"
nc73534526,2021-03-13 03:22:18.730,-121.1898333,36.5898333,5.43,2.52,"8km NNW of Pinnacles, CA"
ci39578047,2021-03-12 14:23:57.610,-117.3173333,34.1098333,16.68,2.5,"3km SW of San Bernardino, CA"
ci39577999,2021-03-12 13:57:57.620,-116.2611667,32.9211667,10.5,2.51,"27km ENE of Pine Valley, CA"
nc73534196,2021-03-12 10:28:31.430,-118.5558333,37.918,7.21,2.5,"41km NNE of Toms Place, CA"
ci39577879,2021-03-12 07:26:06.930,-116.2615,32.9218333,9.94,2.86,"27km ENE of Pine Valley, CA"
nc73533391,2021-03-10 07:08:42.290,-120.6995,36.7603333,4.18,2.78,"23km S of South Dos Palos, CA"
nc73533196,2021-03-09 16:22:31.780,-120.074,41.8265,10.28,2.53,"29km W of Wimer Place, NV"
ci39575335,2021-03-09 00:14:59.180,-117.4903333,37.1223333,-1.36,3.21,"65km NNW of Stovepipe Wells, CA"
ci39575255,2021-03-08 21:30:18.420,-116.3351667,35.1558333,1.68,2.53,"27km WSW of Baker, CA"
nc73532721,2021-03-08 05:31:40.420,-118.5535,37.5161667,10.47,3.15,"12km NNE of Round Valley, CA"
nc73532516,2021-03-07 17:11:45.450,-121.1618333,40.2538333,9.34,2.58,"4km NNE of Almanor, CA"
nc73532491,2021-03-07 16:03:42.130,-123.2496667,39.3586667,7.41,2.64,"11km ESE of Willits, CA"
nc73531751,2021-03-06 01:52:42.940,-122.7785,38.805,0.96,2.69,"4km NNW of The Geysers, CA"
ci39572823,2021-03-05 18:33:11.710,-117.7023333,35.9123333,6.77,3.26,"19km E of Little Lake, CA"
ci39572543,2021-03-05 13:22:02.080,-118.0176667,35.7703333,2.61,2.86,"21km SSW of Little Lake, CA"
ci39572231,2021-03-05 05:32:46.040,-118.0693333,36.1628333,1.69,2.98,"14km SSW of Olancha, CA"
nc73531396,2021-03-05 02:11:48.320,-119.9916667,37.3653333,19.33,2.61,"14km S of Mariposa, CA"
nc73531186,2021-03-04 15:53:28.550,-122.533,38.4801667,10.6,3.09,"6km WSW of St. Helena, CA"
ci39807144,2021-03-02 17:44:30.500,-117.9656667,34.4611667,8.17,2.65,"7km SSE of Littlerock, CA"
ci39806928,2021-03-02 15:07:29.500,-116.9625,35.093,2.62,2.69,"22km NNE of Barstow, CA"
nc73530011,2021-03-01 22:26:44.820,-122.729,38.7581667,1.24,2.88,"3km SE of The Geysers, CA"
ci39806272,2021-03-01 22:13:48.390,-117.3601667,35.9478333,3.08,2.69,"20km N of Searles Valley, CA"
ci39805504,2021-03-01 15:17:18.830,-115.8271667,32.7523333,11.26,2.77,"16km E of Ocotillo, CA"
ci39805264,2021-03-01 06:17:09.090,-117.559,34.1803333,9.23,2.86,"7km NNE of Rancho Cucamonga, CA"
ci39805008,2021-02-28 20:12:49.320,-116.9235,34.3261667,5.51,2.94,"9km N of Big Bear Lake, CA"
ci39804712,2021-02-28 13:46:45.800,-117.9995,36.5573333,7.85,3.49,"7km ESE of Lone Pine, CA"
nc73529186,2021-02-28 08:24:37.350,-118.8941667,38.095,11.82,3.24,"17km SE of Bodie, CA"
nc73529096,2021-02-28 04:43:40.840,-122.7665,38.7873333,1.5,2.58,"1km NW of The Geysers, CA"
ci39804392,2021-02-28 02:56:22.490,-117.6923333,35.906,2.56,2.66,"20km E of Little Lake, CA"
nc73528961,2021-02-27 17:46:05.340,-119.2741667,36.9413333,33.45,2.76,"18km SSE of Shaver Lake, CA"
ci39803792,2021-02-27 14:57:40.830,-117.8985,36.4995,8.53,2.55,"18km ESE of Lone Pine, CA"
ci39803680,2021-02-27 08:17:26.860,-117.4776667,35.6845,7.7,3.1,"11km SW of Searles Valley, CA"
ci39803176,2021-02-26 20:51:50.230,-118.7046667,34.2698333,10.93,3.02,"3km E of Simi Valley, CA"
nc73528376,2021-02-26 11:54:57.860,-121.076,36.4965,4.83,2.52,"7km ESE of Pinnacles, CA"
ci39802112,2021-02-26 01:58:14.710,-117.3288333,35.9721667,3.68,2.52,"24km N of Trona, CA"
nc73528006,2021-02-25 20:19:05.460,-118.9941667,37.5131667,2.35,2.86,"14km S of Mammoth Lakes, CA"
nc73527826,2021-02-25 19:30:19.630,-122.8206667,38.8178333,2.63,3.81,"7km NW of The Geysers, CA"
nc73527601,2021-02-25 08:11:51.610,-121.3466667,36.7086667,3.64,2.89,"9km SSW of Tres Pinos, CA"
ci39801096,2021-02-25 01:28:46.830,-118.0656667,36.1566667,2.0,2.85,"15km SSW of Olancha, CA"
ci39800544,2021-02-24 16:55:36.910,-115.4616667,32.8135,13.54,3.05,"8km W of Holtville, CA"
ci39800312,2021-02-24 12:00:03.660,-118.0,36.5601667,6.89,2.83,"7km ESE of Lone Pine, CA"
nc73527026,2021-02-24 07:23:50.530,-118.5451667,37.9078333,7.88,2.5,"40km NNE of Toms Place, CA"
ci39798888,2021-02-23 12:21:48.400,-115.7988333,32.696,11.1,2.64,"19km ESE of Ocotillo, CA"
nc73526151,2021-02-22 01:38:13.840,-121.4781667,37.0456667,6.22,3.76,"9km ENE of Gilroy, CA"
ci39797144,2021-02-22 00:28:10.410,-116.8083333,33.9976667,9.83,3.19,"9km NNW of Cabazon, CA"
ci39796672,2021-02-21 13:44:40.590,-117.3206667,35.9698333,3.05,2.54,"24km NNE of Trona, CA"
ci39796248,2021-02-21 01:24:49.210,-118.0698333,36.1588333,2.37,2.5,"15km SSW of Olancha, CA"
ci39796240,2021-02-21 01:19:59.740,-118.071,36.1575,1.67,3.47,"15km SSW of Olancha, CA"
ci39795640,2021-02-20 02:33:52.010,-117.5488333,35.7105,2.93,2.78,"14km WSW of Searles Valley, CA"
ci39794648,2021-02-19 08:52:39.160,-117.3208333,35.9746667,2.61,3.03,"24km NNE of Trona, CA"
nc73524821,2021-02-19 00:13:20.320,-118.1611667,37.2335,8.75,3.37,"14km NE of Big Pine, CA"
nc73524686,2021-02-18 16:07:14.790,-120.339,39.7496667,9.59,2.72,"10km SSE of Beckwourth, CA"
nc73524356,2021-02-17 16:50:37.330,-119.266,38.3031667,2.69,2.99,"6km NNW of Bridgeport, CA"
nc73524311,2021-02-17 14:36:32.140,-120.5561667,35.8336667,8.81,2.74,"13km WSW of Parkfield, CA"
nc73524246,2021-02-17 09:13:36.920,-122.0043333,37.6001667,4.64,2.56,"1km ENE of Union City, CA"
nc73523661,2021-02-15 20:53:53.860,-118.8296667,37.5063333,4.89,2.5,"15km WSW of Toms Place, CA"
ci39552143,2021-02-14 23:42:34.470,-117.3201667,35.9725,3.07,3.6,"24km NNE of Trona, CA"
nc73523021,2021-02-14 11:57:50.380,-118.3201667,37.2631667,12.19,3.69,"6km ESE of Wilkerson, CA"
ci39550831,2021-02-13 03:55:22.900,-117.933,36.2145,2.33,2.64,"10km SE of Olancha, CA"
ci39550623,2021-02-13 00:23:35.840,-117.3508333,35.5741667,5.48,2.52,"21km S of Trona, CA"
ci39550583,2021-02-13 00:11:51.870,-117.9306667,36.218,3.09,2.84,"10km SE of Olancha, CA"
ci39550567,2021-02-12 23:57:13.500,-117.9266667,36.2183333,3.11,4.03,"10km SE of Olancha, CA"
nc73522106,2021-02-12 17:07:13.500,-121.1731667,36.5748333,7.92,2.98,"6km NNW of Pinnacles, CA"
nc73521646,2021-02-11 17:20:19.190,-122.054,40.3276667,14.96,2.8,"19km WSW of Manton, CA"
ci39547407,2021-02-10 07:57:14.760,-115.6075,33.1828333,3.2,2.72,"10km SW of Niland, CA"
ci39547391,2021-02-10 07:55:23.350,-115.8285,32.739,10.75,2.8,"15km E of Ocotillo, CA"
ci39547135,2021-02-10 03:45:05.610,-115.6115,33.1616667,2.83,2.79,"10km WNW of Calipatria, CA"
ci39547031,2021-02-10 01:45:44.230,-115.614,33.1696667,3.95,2.69,"10km WNW of Calipatria, CA"
ci39546975,2021-02-10 01:27:09.840,-115.6113333,33.1751667,3.68,3.76,"11km WNW of Calipatria, CA"
ci39546951,2021-02-10 01:25:07.940,-115.609,33.1715,2.85,2.72,"10km WNW of Calipatria, CA"
ci39546943,2021-02-10 01:24:32.480,-115.6128333,33.1703333,4.38,2.94,"10km WNW of Calipatria, CA"
ci39546855,2021-02-10 01:01:41.460,-115.5998333,33.172,3.6,3.2,"10km WNW of Calipatria, CA"
ci39546863,2021-02-10 01:01:15.790,-115.6136667,33.1753333,3.77,3.82,"11km WNW of Calipatria, CA"
nc73520831,2021-02-09 18:58:31.960,-121.8953333,37.5268333,6.9,2.68,"8km ESE of Fremont, CA"
ci39546087,2021-02-09 11:51:26.490,-115.6331667,33.1581667,7.86,2.95,"12km WNW of Calipatria, CA"
nc73520291,2021-02-08 14:11:55.410,-122.195,41.635,15.5,2.62,"23km SW of Mount Hebron, CA"
ci39544847,2021-02-08 13:03:34.630,-115.8233333,32.7483333,11.43,2.59,"16km E of Ocotillo, CA"
ci39544719,2021-02-08 08:00:12.430,-115.8288333,32.7456667,11.43,3.45,"15km E of Ocotillo, CA"
nc73519946,2021-02-08 01:01:40.730,-123.0973333,39.246,6.35,2.64,"10km ESE of Redwood Valley, CA"
nc73519926,2021-02-08 00:45:33.050,-121.8266667,37.4978333,5.13,3.22,"10km NE of Milpitas, CA"
nc73519916,2021-02-08 00:15:24.370,-118.5576667,37.4463333,12.59,2.77,"5km NE of Round Valley, CA"
ci39543967,2021-02-07 18:57:51.030,-117.3241667,35.9771667,2.6,3.41,"24km NNE of Trona, CA"
ci39543391,2021-02-07 00:25:47.300,-115.9766667,33.216,10.04,2.56,"9km SSW of Salton City, CA"
nc73519516,2021-02-06 23:04:52.700,-120.5775,36.0066667,4.69,2.62,"18km NW of Parkfield, CA"
ci39539495,2021-02-03 09:42:45.980,-115.8221667,32.7421667,9.15,2.75,"16km E of Ocotillo, CA"
ci39539487,2021-02-03 09:36:55.210,-115.8255,32.7431667,10.75,2.86,"16km E of Ocotillo, CA"
ci39539439,2021-02-03 09:23:36.290,-115.8261667,32.7516667,11.24,3.74,"16km E of Ocotillo, CA"
nc73517801,2021-02-03 05:12:40.410,-122.2435,37.8631667,9.85,2.63,"3km ESE of Berkeley, CA"
ci39537399,2021-02-01 04:18:48.290,-115.8283333,32.7506667,11.28,3.53,"16km E of Ocotillo, CA"
ci39537223,2021-02-01 00:12:40.220,-115.6446667,33.1683333,5.49,2.59,"13km WNW of Calipatria, CA"
ci39537047,2021-01-31 20:42:01.060,-115.649,33.171,5.12,2.57,"14km WNW of Calipatria, CA"
nc73518845,2021-01-31 09:20:24.130,-122.1296667,39.4115,26.11,2.56,"14km SSE of Willows, CA"
ci39536127,2021-01-30 16:10:51.310,-115.8276667,32.7525,10.12,2.67,"16km E of Ocotillo, CA"
ci39535487,2021-01-29 23:46:29.460,-117.6955,35.8973333,2.48,2.51,"20km ESE of Little Lake, CA"
nc73518005,2021-01-29 14:00:02.500,-122.8808333,38.9151667,4.46,2.52,"8km SSW of Kelseyville, CA"
nc73517925,2021-01-29 13:00:08.740,-122.8808333,38.914,4.95,2.97,"8km SSW of Kelseyville, CA"
ci39534943,2021-01-29 02:25:04.310,-117.5426667,35.6716667,8.25,3.2,"13km ENE of Ridgecrest, CA"
ci39534271,2021-01-28 06:26:58.680,-115.607,33.1835,4.89,2.55,"10km SW of Niland, CA"
nc73517370,2021-01-28 06:00:06.560,-122.8085,38.8248333,1.79,2.84,"7km NW of The Geysers, CA"
ci39534111,2021-01-28 05:40:34.350,-115.612,33.1816667,3.65,2.66,"11km SW of Niland, CA"
ci39768064,2021-01-25 20:52:28.360,-115.8236667,32.7383333,10.72,3.01,"16km E of Ocotillo, CA"
nc73515985,2021-01-24 23:27:23.130,-118.8675,37.5028333,4.96,2.63,"18km WSW of Toms Place, CA"
nc73515940,2021-01-24 22:16:08.040,-118.8673333,37.5058333,5.45,2.54,"18km SE of Mammoth Lakes, CA"
ci39766848,2021-01-23 22:26:35.580,-115.8268333,32.7473333,10.31,2.58,"16km E of Ocotillo, CA"
ci39766168,2021-01-23 04:13:13.950,-117.5761667,35.7096667,7.59,2.69,"13km NE of Ridgecrest, CA"
ci39765640,2021-01-22 15:45:20.530,-115.9985,33.2698333,3.29,2.92,"5km SW of Salton City, CA"
nc73514715,2021-01-22 00:48:11.350,-122.027,37.9686667,15.44,3.01,"1km W of Concord, CA"
nc73514515,2021-01-21 20:34:09.760,-118.9278333,37.6365,5.67,2.6,"4km E of Mammoth Lakes, CA"
nc73514395,2021-01-21 15:19:34.140,-120.8116667,35.554,3.87,2.67,"10km W of Templeton, CA"
ci39763488,2021-01-21 01:23:55.130,-117.9121667,35.9668333,3.23,3.29,"3km N of Little Lake, CA"
ci39763472,2021-01-21 01:22:24.920,-117.9123333,35.9658333,3.0,3.54,"3km N of Little Lake, CA"
ci39762912,2021-01-20 16:31:58.950,-118.2716667,33.9186667,19.76,3.52,"2km W of Willowbrook, CA"
ci39762272,2021-01-20 00:18:51.360,-117.6241667,35.7998333,6.67,2.63,"20km W of Searles Valley, CA"
nc73513200,2021-01-19 04:22:20.290,-122.7175,38.4765,4.79,2.68,"3km NNW of Santa Rosa, CA"
ci39760416,2021-01-18 07:29:46.520,-117.4663333,35.9515,2.82,3.27,"21km NNW of Searles Valley, CA"
nc73512770,2021-01-18 01:12:47.830,-123.0815,39.0193333,1.38,2.8,"15km W of Lakeport, CA"
nc73512365,2021-01-17 04:06:03.950,-121.6086667,36.8658333,8.01,2.98,"4km SE of Aromas, CA"
nc71121489,2021-01-17 04:02:30.610,-122.735,38.7941667,1.57,2.69,"3km NE of The Geysers, CA"
nc73512355,2021-01-17 04:01:27.110,-121.6105,36.8673333,8.32,4.2,"4km SE of Aromas, CA"
ci39759456,2021-01-17 03:30:32.420,-118.0908333,36.1911667,0.96,3.36,"13km SW of Olancha, CA"
ci39759432,2021-01-17 03:14:49.720,-118.0923333,36.1875,1.52,3.75,"13km SW of Olancha, CA"
ci39759376,2021-01-17 02:49:08.800,-118.0938333,36.1876667,1.11,4.02,"13km SW of Olancha, CA"
nc73512235,2021-01-17 01:51:42.810,-121.6735,40.6106667,-1.59,2.79,"10km N of Viola, CA"
nc73511975,2021-01-16 10:38:27.030,-118.5443333,37.9088333,6.44,2.52,"40km NNE of Toms Place, CA"
nc73511870,2021-01-16 07:28:16.350,-118.5501667,37.9088333,7.47,2.68,"40km NNE of Toms Place, CA"
nc73511860,2021-01-16 07:16:02.120,-118.549,37.9091667,4.72,3.3,"40km NNE of Toms Place, CA"
nc73511825,2021-01-16 06:56:34.230,-118.5508333,37.9066667,8.05,2.76,"40km NNE of Toms Place, CA"
nc73511815,2021-01-16 06:55:28.100,-118.5516667,37.9086667,4.63,2.55,"40km NNE of Toms Place, CA"
nc73511800,2021-01-16 06:52:19.220,-118.5488333,37.9118333,6.27,2.96,"41km NNE of Toms Place, CA"
nc73511805,2021-01-16 06:52:00.740,-118.5475,37.9085,6.11,3.0,"40km NNE of Toms Place, CA"
nc73511755,2021-01-16 06:32:15.470,-118.5505,37.908,6.55,2.85,"40km NNE of Toms Place, CA"
nc73511750,2021-01-16 06:31:26.630,-118.5536667,37.9091667,4.89,2.55,"40km NNE of Toms Place, CA"
nc73511495,2021-01-15 22:50:15.560,-118.5456667,37.9103333,7.96,2.92,"40km NNE of Toms Place, CA"
nc73511455,2021-01-15 22:11:07.870,-118.5385,37.9106667,7.68,3.9,"41km NNE of Toms Place, CA"
nc73511395,2021-01-15 20:38:11.710,-118.5445,37.9103333,5.78,2.92,"41km NNE of Toms Place, CA"
nc73511365,2021-01-15 20:02:03.460,-118.541,37.9133333,8.71,2.87,"41km NNE of Toms Place, CA"
nc73511370,2021-01-15 20:01:47.380,-118.5448333,37.9095,6.12,2.86,"40km NNE of Toms Place, CA"
nc73510910,2021-01-14 19:18:10.680,-122.0406667,37.9708333,15.24,3.63,"2km W of Concord, CA"
nc73510370,2021-01-13 08:26:31.150,-121.4776667,36.7693333,4.76,2.82,"10km SSE of San Juan Bautista, CA"
ci39755760,2021-01-13 08:21:30.830,-117.476,35.6588333,6.45,2.54,"14km SSW of Searles Valley, CA"
nc73509325,2021-01-11 02:20:52.310,-120.172,39.4016667,9.81,2.63,"8km N of Truckee, CA"
ci39752864,2021-01-10 08:21:03.920,-115.6095,33.1778333,3.18,3.34,"11km WNW of Calipatria, CA"
ci39752760,2021-01-10 07:01:48.420,-115.6075,33.1763333,2.94,2.9,"10km WNW of Calipatria, CA"
nc73508780,2021-01-09 22:41:51.810,-121.2283333,36.6196667,5.42,2.51,"12km NW of Pinnacles, CA"
nc73508755,2021-01-09 21:26:05.970,-124.3585,40.356,19.18,2.85,"7km WNW of Petrolia, CA"
nc73508380,2021-01-09 00:00:09.330,-119.7653333,36.3548333,24.67,2.75,"6km NNE of Lemoore, CA"
nc73507880,2021-01-07 11:44:06.930,-121.7715,37.428,9.74,2.99,"8km NE of Alum Rock, CA"
ci39512023,2021-01-06 10:35:54.770,-117.8938333,35.3645,6.61,2.81,"24km W of Johannesburg, CA"
nc73507450,2021-01-06 07:43:43.170,-122.0395,37.9803333,15.98,2.64,"3km WNW of Concord, CA"
ci39511567,2021-01-05 17:19:40.530,-117.6126667,35.7871667,6.19,2.68,"19km W of Searles Valley, CA"
nc73507165,2021-01-05 10:15:42.830,-121.2338333,36.6221667,5.7,2.77,"13km NW of Pinnacles, CA"
nc73507050,2021-01-05 00:57:14.690,-122.5878333,38.3413333,7.13,2.58,"6km WSW of Glen Ellen, CA"
ci39510783,2021-01-04 18:16:26.440,-115.6018333,33.1808333,2.23,3.41,"10km SW of Niland, CA"
ci37463485,2021-01-04 18:05:30.460,-115.5928333,33.1935,2.68,3.45,"9km SW of Niland, CA"
ci39510719,2021-01-04 18:04:59.600,-115.595,33.1851667,2.24,3.95,"9km SW of Niland, CA"
ci37463493,2021-01-04 18:04:54.680,-115.5908333,33.185,2.2,3.07,"9km SW of Niland, CA"
ci39510663,2021-01-04 17:30:23.690,-117.4721667,35.6683333,7.71,2.8,"13km SSW of Searles Valley, CA"
nc73506865,2021-01-04 10:08:47.320,-121.0868333,35.7205,4.76,2.67,"13km NE of San Simeon, CA"
nc73506495,2021-01-03 09:16:50.450,-121.2321667,36.6188333,6.01,2.65,"12km NW of Pinnacles, CA"
nc73506425,2021-01-03 06:05:32.870,-121.219,36.6126667,7.56,2.6,"11km NW of Pinnacles, CA"
nc73506410,2021-01-03 05:21:59.970,-121.2076667,36.6005,5.98,3.36,"10km NW of Pinnacles, CA"
nc73506395,2021-01-03 04:33:15.280,-121.231,36.6201667,6.01,2.54,"13km NW of Pinnacles, CA"
ci39509727,2021-01-03 03:59:28.130,-117.607,35.6776667,4.24,2.63,"9km NE of Ridgecrest, CA"
ci39509719,2021-01-03 03:58:47.380,-117.606,35.679,4.52,2.78,"9km NE of Ridgecrest, CA"
nc73506355,2021-01-03 03:51:09.190,-121.2308333,36.6215,6.3,3.02,"13km NW of Pinnacles, CA"
nc73506345,2021-01-03 03:39:51.320,-120.0551667,39.5761667,2.56,2.69,"11km NW of Verdi-Mogul, NV"
nc73506320,2021-01-03 02:45:39.050,-121.2296667,36.6188333,6.17,2.54,"12km NW of Pinnacles, CA"
nc73506235,2021-01-02 23:34:32.000,-121.2245,36.6148333,6.43,2.63,"12km NW of Pinnacles, CA"
nc73506185,2021-01-02 21:31:41.310,-121.2285,36.6213333,6.37,2.62,"12km NW of Pinnacles, CA"
ci39509463,2021-01-02 18:56:55.640,-117.8951667,36.4998333,8.83,2.97,"18km ESE of Lone Pine, CA"
nc73506095,2021-01-02 15:41:29.750,-121.2096667,36.6058333,4.94,2.54,"10km NW of Pinnacles, CA"
nc73506045,2021-01-02 14:42:23.790,-121.2125,36.6085,6.32,4.32,"10km NW of Pinnacles, CA"
nc73506040,2021-01-02 14:36:36.420,-121.2156667,36.6083333,6.16,3.09,"11km NW of Pinnacles, CA"
ci39509183,2021-01-02 12:10:04.370,-117.8978333,36.5005,8.08,3.29,"18km ESE of Lone Pine, CA"
ci39508687,2021-01-01 15:58:03.260,-117.8431667,36.1305,2.65,2.71,"13km NE of Coso Junction, CA"
nc73505505,2021-01-01 12:10:18.770,-118.8736667,37.5533333,6.54,2.72,"13km SE of Mammoth Lakes, CA"
ci39508463,2021-01-01 06:01:02.000,-115.9246667,33.7446667,3.67,2.81,"23km ENE of Thermal, CA"
nc73505195,2020-12-31 15:20:58.020,-118.8443333,37.6118333,5.85,2.91,"12km ESE of Mammoth Lakes, CA"
nc73505115,2020-12-31 09:44:58.010,-122.3431667,37.9625,4.88,2.6,"0km E of San Pablo, CA"
nc73504795,2020-12-31 04:22:03.380,-122.8231667,38.8388333,2.27,3.63,"9km WNW of Cobb, CA"
nc73504600,2020-12-30 17:45:57.540,-118.5513333,37.9055,2.34,2.65,"40km NNE of Toms Place, CA"
ci39507071,2020-12-30 14:58:56.130,-115.4491667,32.7845,13.68,2.56,"7km WSW of Holtville, CA"
nc73504435,2020-12-30 08:44:48.960,-121.2063333,36.603,6.18,2.64,"10km NW of Pinnacles, CA"
nc73504420,2020-12-30 08:30:22.090,-121.2088333,36.605,5.98,3.1,"10km NW of Pinnacles, CA"
nc73504360,2020-12-30 04:26:30.420,-122.1411667,37.3543333,6.48,2.8,"3km S of Los Altos Hills, CA"
nc73504280,2020-12-30 00:14:50.960,-121.2086667,36.6066667,6.37,2.73,"10km NW of Pinnacles, CA"
nc73504275,2020-12-30 00:14:35.140,-122.7683333,38.7868333,1.46,2.69,"2km NW of The Geysers, CA"
nc73504005,2020-12-29 02:39:19.910,-123.3123333,40.7973333,25.97,2.5,"29km NNW of Hayfork, CA"
nc73503950,2020-12-28 22:10:53.800,-120.8745,39.9711667,3.26,2.51,"5km NNE of East Quincy, CA"
ci39505847,2020-12-28 12:40:01.940,-118.632,35.1838333,6.91,2.52,"18km WNW of Tehachapi, CA"
nc73503625,2020-12-28 02:13:44.070,-118.8768333,37.5191667,4.92,2.66,"16km SE of Mammoth Lakes, CA"
nc73503535,2020-12-27 19:05:47.530,-121.5748333,36.8441667,3.98,3.19,"3km W of San Juan Bautista, CA"
nc73503450,2020-12-27 14:44:40.090,-122.0176667,39.5058333,26.35,3.86,"15km E of Willows, CA"
nc73503305,2020-12-27 05:50:31.260,-118.7363333,38.0408333,4.62,3.45,"31km SE of Bodie, CA"
ci39505103,2020-12-27 04:05:37.240,-118.2883333,35.4886667,2.7,3.5,"22km ESE of Bodfish, CA"
nc73503145,2020-12-26 22:07:30.860,-121.9726667,38.0335,8.33,2.62,"1km WNW of Bay Point, CA"
nc73503020,2020-12-26 10:57:57.450,-121.6583333,37.2863333,6.35,2.58,"16km E of Seven Trees, CA"
nc73502965,2020-12-26 08:47:00.670,-118.8855,37.6375,3.21,2.64,"8km E of Mammoth Lakes, CA"
nc73502910,2020-12-26 05:54:55.850,-120.1753333,39.2513333,-2.3,3.0,"9km S of Truckee, CA"
ci39504023,2020-12-25 20:25:59.070,-115.9211667,33.7473333,3.68,3.64,"23km ENE of Thermal, CA"
ci39503855,2020-12-25 16:42:04.600,-117.8598333,33.851,6.82,2.71,"2km SSE of Placentia, CA"
ci39503791,2020-12-25 15:22:04.470,-116.7301667,33.6501667,15.32,2.59,"10km S of Idyllwild, CA"
nc73502585,2020-12-25 10:48:47.130,-122.766,38.7976667,1.27,2.78,"2km NNW of The Geysers, CA"
nc73502035,2020-12-24 00:22:04.800,-121.5741667,36.844,3.71,2.74,"3km W of San Juan Bautista, CA"
ci39501911,2020-12-23 12:52:49.480,-117.464,35.607,6.48,2.73,"19km SSW of Searles Valley, CA"
nc73501535,2020-12-22 12:26:28.980,-118.9393333,37.5106667,6.94,2.89,"14km SSE of Mammoth Lakes, CA"
ci39500703,2020-12-22 07:38:15.460,-117.9221667,34.4573333,7.83,2.76,"6km SSW of Pearblossom, CA"
nc73501420,2020-12-22 06:12:53.050,-118.773,37.4785,13.27,2.85,"12km SW of Toms Place, CA"
nc73500900,2020-12-20 23:18:42.840,-119.8003333,36.7328333,27.47,2.63,"5km ENE of West Park, CA"
nc73500430,2020-12-19 18:40:10.630,-120.7705,36.1935,7.73,2.9,"23km NNE of San Ardo, CA"
ci39497079,2020-12-18 18:57:12.620,-117.8928333,36.2081667,1.93,2.85,"13km SE of Olancha, CA"
nc73499875,2020-12-18 16:13:42.360,-124.2291667,40.4311667,25.76,3.97,"13km NNE of Petrolia, CA"
ci39496207,2020-12-17 16:34:59.380,-117.8958333,36.2058333,2.16,2.57,"13km SE of Olancha, CA"
ci39495743,2020-12-17 05:41:02.510,-117.8933333,36.2068333,2.11,2.75,"13km SE of Olancha, CA"
nc73498630,2020-12-16 07:33:44.340,-118.8796667,37.6348333,5.43,2.53,"9km E of Mammoth Lakes, CA"
nc73498140,2020-12-15 14:59:41.220,-121.5483333,37.1608333,3.85,3.54,"10km ENE of Morgan Hill, CA"
nc73498145,2020-12-15 14:58:40.020,-121.5493333,37.1605,4.34,3.68,"10km ENE of Morgan Hill, CA"
nc73497720,2020-12-14 20:33:18.090,-120.7151667,39.928,0.11,2.55,"4km NE of Greenhorn, CA"
ci37308332,2020-12-14 18:01:55.300,-118.894,34.548,21.18,2.83,"17km N of Fillmore, CA"
ci39729840,2020-12-14 18:01:42.440,-118.8973333,34.5443333,19.42,2.81,"16km N of Fillmore, CA"
nc73497300,2020-12-13 10:37:24.410,-118.846,37.4721667,5.54,2.83,"18km SW of Toms Place, CA"
nc73497120,2020-12-13 01:11:51.490,-122.799,38.8045,2.77,2.72,"5km NW of The Geysers, CA"
nc73497020,2020-12-12 19:20:12.790,-123.7551667,39.9101667,5.74,3.02,"20km NNE of Rockport, CA"
nc73496370,2020-12-11 07:24:34.300,-123.253,39.3706667,6.84,2.76,"10km ESE of Willits, CA"
nc73496000,2020-12-10 10:07:39.660,-122.2646667,41.9726667,11.81,2.63,"25km ENE of Hornbrook, CA"
nc73495525,2020-12-09 10:14:47.120,-123.0615,39.028,3.08,2.62,"13km W of Lakeport, CA"
ci39488695,2020-12-08 22:37:42.200,-117.9991667,36.437,4.37,2.62,"17km N of Olancha, CA"
ci39488679,2020-12-08 22:31:13.340,-117.998,36.43,2.53,2.74,"16km N of Olancha, CA"
nc73495190,2020-12-08 13:00:06.930,-120.843,35.5056667,4.1,2.52,"8km NNE of Cayucos, CA"
nc73495050,2020-12-08 03:38:41.660,-120.8455,35.5058333,4.0,2.6,"8km NNE of Cayucos, CA"
ci39487231,2020-12-07 03:58:09.560,-115.5841667,33.0455,12.9,3.33,"4km ENE of Westmorland, CA"
ci39487087,2020-12-07 00:24:47.200,-117.7008333,35.8835,2.62,3.07,"20km ESE of Little Lake, CA"
ci39486671,2020-12-06 15:17:53.130,-116.6693333,33.237,9.2,3.62,"6km SSW of Warner Springs, CA"
nc73494405,2020-12-06 15:03:33.260,-123.0671667,39.0376667,4.95,4.39,"13km W of Lakeport, CA"
ci39486375,2020-12-06 06:21:34.000,-118.192,33.9826667,13.6,2.52,"1km NW of Bell, CA"
ci39486175,2020-12-05 23:44:24.740,-116.7116667,34.9645,9.22,2.65,"29km ENE of Barstow, CA"
ci39485527,2020-12-05 05:41:29.460,-116.9311667,33.4211667,8.08,3.55,"7km WSW of Aguanga, CA"
nc73493750,2020-12-05 02:37:11.400,-124.1733333,40.6308333,23.81,2.86,"4km NNW of Fortuna, CA"
ci39484863,2020-12-04 11:54:22.740,-116.8011667,33.4791667,3.9,2.85,"7km NE of Aguanga, CA"
nc73493085,2020-12-04 10:48:50.160,-122.8108333,38.8135,3.76,2.99,"6km NW of The Geysers, CA"
nc73493050,2020-12-04 10:45:06.480,-122.8088333,38.82,2.59,3.71,"7km NW of The Geysers, CA"
nc73492895,2020-12-04 03:18:25.150,-121.4511667,36.7416667,7.58,3.17,"11km SW of Ridgemark, CA"
ci39484199,2020-12-03 19:11:50.420,-116.8525,34.087,2.57,2.55,"18km N of Banning, CA"
nc73492440,2020-12-03 06:31:45.470,-123.069,39.035,4.25,2.83,"13km W of Lakeport, CA"
ci39482631,2020-12-02 06:42:46.700,-115.7328333,33.1856667,3.3,2.51,"18km S of Bombay Beach, CA"
ci39481535,2020-12-01 05:13:05.200,-118.8325,35.0788333,2.99,2.55,"14km S of Arvin, CA"
nc73491170,2020-12-01 04:15:12.630,-118.7523333,38.0508333,8.11,3.06,"29km SE of Bodie, CA"
ci39481463,2020-12-01 01:54:49.480,-117.4676667,35.6508333,8.57,3.2,"14km SSW of Searles Valley, CA"
nc73491090,2020-12-01 01:06:20.530,-123.3905,39.1626667,4.56,2.92,"16km W of Ukiah, CA"
nc73489061,2020-11-30 04:54:06.860,-118.7781667,37.4986667,5.02,2.7,"11km SW of Toms Place, CA"
ci39480223,2020-11-29 22:29:48.320,-117.5533333,35.7128333,7.23,3.09,"15km WSW of Searles Valley, CA"
ci39478847,2020-11-28 03:15:07.260,-116.3401667,34.8595,5.24,2.56,"22km NW of Ludlow, CA"
ci39478751,2020-11-28 00:56:56.550,-117.2418333,34.0465,14.98,2.91,"2km E of Loma Linda, CA"
ci39478599,2020-11-27 21:57:03.270,-116.4943333,33.046,6.7,2.78,"11km ESE of Julian, CA"
ci39477815,2020-11-26 22:59:57.630,-115.605,33.174,10.03,3.56,"10km WNW of Calipatria, CA"
ci39477743,2020-11-26 20:53:05.760,-118.8323333,35.0813333,3.12,2.93,"14km S of Arvin, CA"
ci39477655,2020-11-26 16:52:39.070,-117.9625,34.4638333,7.16,3.1,"7km SSE of Littlerock, CA"
nc73487351,2020-11-26 09:50:30.460,-118.741,38.0511667,-0.74,3.37,"30km SE of Bodie, CA"
ci39476919,2020-11-25 19:05:11.180,-116.7998333,33.4791667,3.43,2.8,"7km NE of Aguanga, CA"
nc73486216,2020-11-23 14:09:06.030,-118.7403333,37.7245,13.28,2.9,"19km NNW of Toms Place, CA"
nc73485976,2020-11-23 03:25:37.330,-118.7495,38.0528333,1.99,2.83,"29km SE of Bodie, CA"
nc73485241,2020-11-21 12:49:37.040,-119.4056667,37.631,13.61,2.55,"20km SE of Yosemite Valley, CA"
ci39472135,2020-11-20 23:35:08.130,-117.1668333,33.9965,9.39,2.62,"7km SSE of Redlands, CA"
nc73484926,2020-11-20 19:50:37.700,-122.7235,38.7896667,1.9,2.9,"3km ENE of The Geysers, CA"
ci39471319,2020-11-20 06:55:29.580,-116.3825,33.4173333,14.04,2.52,"18km N of Borrego Springs, CA"
nc73484551,2020-11-20 01:20:52.840,-124.0076667,40.5925,22.94,2.65,"9km ENE of Hydesville, CA"
ci39470639,2020-11-19 18:22:23.790,-118.8268333,35.081,2.71,3.06,"14km S of Arvin, CA"
nc73484346,2020-11-19 15:46:49.230,-118.931,37.638,5.79,2.93,"4km E of Mammoth Lakes, CA"
ci39469159,2020-11-18 12:09:07.490,-115.5956667,33.0736667,11.2,2.95,"5km NNE of Westmorland, CA"
ci39468407,2020-11-17 17:32:32.690,-116.3401667,34.8618333,5.26,3.51,"23km NW of Ludlow, CA"
nc73483376,2020-11-17 16:22:57.820,-122.8066667,38.798,2.3,2.79,"5km WNW of The Geysers, CA"
ci39467983,2020-11-17 07:19:21.210,-116.7215,34.0711667,5.33,3.47,"13km WNW of Morongo Valley, CA"
nc73483136,2020-11-17 00:30:28.970,-119.3903333,37.6401667,11.65,2.54,"20km SE of Yosemite Valley, CA"
ci39466903,2020-11-16 10:56:22.320,-117.7236667,35.8881667,7.67,3.59,"17km ESE of Little Lake, CA"
ci39466855,2020-11-16 09:28:01.580,-117.2331667,34.0433333,15.06,3.41,"3km ESE of Loma Linda, CA"
nc73482516,2020-11-15 15:20:58.850,-118.8283333,37.5345,9.46,2.88,"13km WSW of Toms Place, CA"
nc73481386,2020-11-13 14:21:10.820,-122.8,38.822,3.11,2.82,"6km NW of The Geysers, CA"
ci39464071,2020-11-13 05:56:53.180,-115.6296667,33.1598333,5.21,2.64,"11km WNW of Calipatria, CA"
nc73481116,2020-11-13 01:07:20.090,-121.5171667,36.7896667,6.79,2.78,"6km SSE of San Juan Bautista, CA"
ci39463231,2020-11-12 14:55:31.990,-116.3078333,34.685,4.75,2.65,"14km WSW of Ludlow, CA"
nc73480556,2020-11-11 20:48:33.020,-121.5313333,36.8035,6.47,2.97,"5km S of San Juan Bautista, CA"
nc73480551,2020-11-11 20:26:59.420,-121.536,36.8055,6.9,3.3,"4km S of San Juan Bautista, CA"
nc73480236,2020-11-10 21:17:16.340,-119.3993333,37.6395,6.74,2.72,"19km SE of Yosemite Valley, CA"
nc71114014,2020-11-10 18:34:24.740,-119.4,37.6293333,3.85,2.6,"20km SE of Yosemite Valley, CA"
nc73480151,2020-11-10 18:09:58.840,-119.4063333,37.639,9.54,2.8,"19km SE of Yosemite Valley, CA"
nc73480086,2020-11-10 15:28:29.950,-123.8636667,40.413,31.04,2.94,"23km ESE of Rio Dell, CA"
ci39460711,2020-11-09 15:25:42.200,-117.6835,35.9788333,2.0,2.81,"21km ENE of Little Lake, CA"
ci39460703,2020-11-09 15:22:10.350,-117.682,35.9793333,1.81,3.1,"21km ENE of Little Lake, CA"
nc73479561,2020-11-08 21:49:23.350,-121.2791667,36.6578333,4.4,2.7,"15km SSE of Tres Pinos, CA"
nc73479546,2020-11-08 20:48:41.600,-119.4033333,37.6315,11.79,2.61,"20km SE of Yosemite Valley, CA"
nc73479541,2020-11-08 20:36:34.480,-119.403,37.6388333,10.07,2.5,"19km SE of Yosemite Valley, CA"
nc73479336,2020-11-08 08:07:12.930,-121.1851667,36.5858333,4.36,2.84,"7km NNW of Pinnacles, CA"
nc73479271,2020-11-08 07:05:05.000,-121.1666667,35.7371667,5.65,2.63,"11km NNE of San Simeon, CA"
nc73479071,2020-11-07 19:52:57.300,-122.8063333,38.8345,2.62,2.53,"7km W of Cobb, CA"
nc73478891,2020-11-07 05:39:50.330,-122.1088333,40.3095,15.81,2.68,"18km NE of Red Bluff, CA"
ci39459383,2020-11-06 20:27:37.040,-115.9423333,32.967,10.84,2.58,"26km N of Ocotillo, CA"
ci39458103,2020-11-05 18:14:30.970,-117.7263333,35.7338333,6.77,2.7,"12km NE of Inyokern, CA"
ci39457871,2020-11-05 16:11:34.540,-117.4506667,35.6376667,7.97,2.57,"15km SSW of Searles Valley, CA"
ci39457519,2020-11-05 11:53:44.760,-117.7773333,36.0291667,1.61,2.61,"16km E of Coso Junction, CA"
ci39457071,2020-11-05 00:35:48.010,-119.0285,34.9791667,11.44,2.7,"10km WNW of Grapevine, CA"
nc73477631,2020-11-04 00:20:24.770,-119.3898333,37.6391667,11.81,3.4,"20km SE of Yosemite Valley, CA"
nc73477526,2020-11-03 17:41:19.160,-123.2448333,39.367,7.0,3.34,"11km ESE of Willits, CA"
nc73477356,2020-11-02 22:22:14.470,-123.2433333,39.3638333,7.08,2.89,"11km ESE of Willits, CA"
ci39454303,2020-11-02 16:26:29.780,-116.3381667,34.8598333,5.31,2.64,"22km NW of Ludlow, CA"
nc73477136,2020-11-02 02:20:34.280,-120.5875,36.0271667,4.48,2.83,"20km NW of Parkfield, CA"
ci39452551,2020-10-31 20:57:23.850,-118.5076667,35.339,3.64,3.02,"24km NNW of Tehachapi, CA"
ci39452471,2020-10-31 19:49:37.810,-116.6948333,34.1128333,2.44,2.88,"13km NW of Morongo Valley, CA"
nc73476341,2020-10-30 08:02:46.090,-119.3846667,37.638,6.44,2.61,"20km SE of Yosemite Valley, CA"
nc73476346,2020-10-30 08:02:03.830,-119.396,37.6336667,8.39,3.1,"20km SE of Yosemite Valley, CA"
ci39448471,2020-10-29 06:45:43.310,-117.5996667,35.5918333,4.4,2.58,"8km ESE of Ridgecrest, CA"
ci39448263,2020-10-29 00:36:23.070,-115.9453333,32.8331667,11.23,2.6,"12km NNE of Ocotillo, CA"
ci39447775,2020-10-28 18:14:30.080,-116.46,33.5041667,5.72,2.61,"21km ESE of Anza, CA"
ci39446927,2020-10-27 23:18:51.850,-117.9613333,36.4528333,7.04,2.82,"18km SSE of Lone Pine, CA"
nc73475701,2020-10-27 19:22:43.900,-121.0576667,36.6015,12.69,3.29,"11km NE of Pinnacles, CA"
ci39445839,2020-10-27 01:26:16.840,-116.339,34.8598333,5.11,3.3,"22km NW of Ludlow, CA"
nc73475311,2020-10-26 13:38:36.600,-122.306,38.5575,9.35,3.46,"13km E of Angwin, CA"
ci39445087,2020-10-26 07:24:21.030,-116.3396667,34.8645,5.08,2.63,"23km NW of Ludlow, CA"
ci39444167,2020-10-25 00:32:20.620,-117.5735,35.6216667,8.59,2.71,"9km E of Ridgecrest, CA"
nc73474766,2020-10-24 23:06:50.570,-120.5983333,36.0358333,4.42,2.51,"21km NW of Parkfield, CA"
ci39443703,2020-10-24 12:27:35.140,-117.6201667,33.9045,3.66,2.56,"6km NW of Corona, CA"
nc73474556,2020-10-24 10:17:55.840,-122.6953333,38.7685,2.46,2.8,"1km SSW of Anderson Springs, CA"
nc73474511,2020-10-24 06:53:39.950,-123.2425,39.366,7.53,2.51,"11km ESE of Willits, CA"
ci39442679,2020-10-23 06:32:09.970,-115.5825,33.1881667,3.94,2.91,"8km SW of Niland, CA"
ci39442343,2020-10-22 23:03:03.220,-116.34,34.8608333,5.1,2.96,"23km NW of Ludlow, CA"
ci39442191,2020-10-22 21:22:03.390,-115.5796667,33.1981667,2.65,2.83,"7km SW of Niland, CA"
ci39442143,2020-10-22 21:07:39.830,-115.5806667,33.201,3.44,2.5,"7km SW of Niland, CA"
ci39442119,2020-10-22 21:02:16.190,-115.59,33.2065,2.18,2.73,"8km WSW of Niland, CA"
ci39442127,2020-10-22 21:01:40.640,-115.5858333,33.202,2.25,2.74,"8km SW of Niland, CA"
ci39442103,2020-10-22 20:59:26.460,-115.5845,33.2,3.03,3.91,"8km SW of Niland, CA"
ci39442031,2020-10-22 20:45:28.390,-115.58,33.192,3.21,2.52,"8km SW of Niland, CA"
ci39441879,2020-10-22 18:17:59.510,-116.3418333,34.8608333,5.26,2.58,"23km NW of Ludlow, CA"
nc73474001,2020-10-22 18:08:58.300,-118.5201667,37.4058333,7.32,2.67,"7km E of Round Valley, CA"
nc73473896,2020-10-22 12:53:30.280,-123.2475,39.3661667,7.43,2.84,"10km ESE of Willits, CA"
ci39441199,2020-10-22 09:19:35.090,-116.3423333,34.863,5.24,3.3,"23km NW of Ludlow, CA"
ci39441087,2020-10-22 06:10:15.050,-118.4028333,35.5008333,2.94,3.27,"13km SE of Bodfish, CA"
ci39669176,2020-10-20 10:30:46.070,-116.2895,33.0053333,7.14,3.44,"21km SW of Ocotillo Wells, CA"
nc73472956,2020-10-20 04:01:06.180,-123.2435,39.3663333,7.63,2.74,"11km ESE of Willits, CA"
nc73472891,2020-10-20 01:59:46.410,-123.2518333,39.3638333,7.02,3.43,"10km ESE of Willits, CA"
nc73472896,2020-10-20 01:58:50.210,-123.2443333,39.3658333,7.5,3.79,"11km ESE of Willits, CA"
us6000c9lh,2020-10-19 21:47:47.484,-116.3222,34.863,5.0,2.5,"49 km SSW of Baker, California"
ci39668384,2020-10-19 17:21:37.810,-116.3368333,34.8663333,5.06,3.11,"23km NW of Ludlow, CA"
nc73472606,2020-10-19 10:14:39.210,-122.0343323,38.6066666,9.47,2.59,"10km S of Esparto, CA"
nc73472601,2020-10-19 10:00:43.760,-122.0333328,38.6110001,10.56,2.87,"9km S of Esparto, CA"
ci39667864,2020-10-19 09:45:33.550,-117.3943333,35.9733333,2.61,2.64,"23km N of Searles Valley, CA"
ci39667688,2020-10-19 03:34:43.950,-116.3395,34.8621667,4.84,3.47,"23km NW of Ludlow, CA"
nc73472461,2020-10-19 02:34:19.710,-118.4615,37.574,7.37,2.62,"19km E of Toms Place, CA"
nc73472226,2020-10-18 07:01:57.140,-124.2145,40.3536667,28.38,3.25,"7km ENE of Petrolia, CA"
nc73471866,2020-10-17 11:15:45.170,-121.2636667,36.6446667,6.52,2.51,"16km NW of Pinnacles, CA"
nc73471826,2020-10-17 09:58:34.030,-120.3743333,35.6135,5.7,2.98,"5km S of Shandon, CA"
nc73471131,2020-10-15 15:17:03.670,-121.6345,36.977,3.75,2.52,"7km WSW of Gilroy, CA"
nc73470916,2020-10-15 00:25:55.480,-124.0898333,40.9405,27.98,2.65,"1km SE of McKinleyville, CA"
nc73470861,2020-10-14 21:43:55.940,-121.5366667,36.0293333,8.01,2.98,"3km ENE of Lopez Point, CA"
nc73470856,2020-10-14 21:42:41.170,-121.5443333,36.0263333,8.71,3.47,"2km ENE of Lopez Point, CA"
nc73470851,2020-10-14 21:40:06.550,-121.5396667,36.0271667,9.44,2.95,"3km ENE of Lopez Point, CA"
ci39663320,2020-10-14 21:11:50.700,-117.5643333,35.6688333,5.84,2.62,"11km ENE of Ridgecrest, CA"
ci39663192,2020-10-14 18:37:56.080,-117.9518333,36.4388333,7.45,2.88,"18km NNE of Olancha, CA"
nc73470691,2020-10-14 12:18:05.360,-120.624,36.4318333,9.38,2.62,"5km ENE of New Idria, CA"
nc73470291,2020-10-13 12:46:10.170,-121.3366667,36.6993333,4.37,2.52,"10km S of Tres Pinos, CA"
ci39661560,2020-10-13 12:27:54.740,-115.8718333,32.8978333,11.68,2.63,"21km NNE of Ocotillo, CA"
ci39660472,2020-10-12 11:52:01.730,-117.5446667,35.6636667,3.25,2.59,"13km ENE of Ridgecrest, CA"
ci39659992,2020-10-11 16:55:38.090,-117.5215,35.7183333,6.34,2.52,"12km WSW of Searles Valley, CA"
nc73469561,2020-10-11 16:36:46.660,-122.1196667,37.1866667,9.4,2.72,"7km N of Boulder Creek, CA"
nc73468941,2020-10-10 01:24:11.430,-123.7326667,40.3761667,28.6,3.73,"30km NNE of Redway, CA"
ci39657488,2020-10-09 01:24:19.410,-115.583,33.0236667,11.95,2.89,"4km ESE of Westmorland, CA"
ci39656712,2020-10-08 17:30:48.830,-116.816,33.583,5.73,2.57,"14km WNW of Anza, CA"
nc73467886,2020-10-07 17:29:44.960,-123.256,39.3646667,5.85,2.92,"10km ESE of Willits, CA"
nc73467781,2020-10-07 11:47:35.490,-122.136,37.7306667,4.51,2.54,"2km ENE of San Leandro, CA"
nc73467641,2020-10-07 04:21:13.830,-118.7445,38.0708333,8.16,2.91,"28km SE of Bodie, CA"
nc73467606,2020-10-07 02:28:54.020,-120.4883333,36.4788333,13.0,2.53,"16km W of Cantua Creek, CA"
ci39654952,2020-10-07 01:44:04.730,-116.8266667,34.3541667,7.82,3.42,"10km N of Big Bear City, CA"
nc73467571,2020-10-07 00:54:54.780,-123.253,39.365,6.13,2.69,"10km ESE of Willits, CA"
ci39654856,2020-10-06 23:29:17.780,-116.6553333,33.7885,14.91,2.92,"8km NE of Idyllwild, CA"
nc73467491,2020-10-06 20:41:26.780,-123.7406667,39.9221667,4.76,2.79,"21km NNE of Rockport, CA"
nc73467496,2020-10-06 20:40:58.050,-123.7476667,39.9178333,4.8,2.79,"21km NNE of Rockport, CA"
ci39653920,2020-10-06 08:50:55.200,-115.5778333,33.0406667,11.03,3.02,"4km E of Westmorland, CA"
nc73467176,2020-10-06 05:24:14.550,-123.9113333,41.437,31.85,3.07,"14km SE of Klamath, CA"
nc73466751,2020-10-05 04:06:36.920,-118.8156667,37.4838333,3.96,3.46,"15km SW of Toms Place, CA"
nc73466356,2020-10-04 05:22:52.140,-123.2456667,39.3615,6.5,2.68,"11km ESE of Willits, CA"
nc73466321,2020-10-04 04:49:17.490,-123.2521667,39.3573333,6.62,3.47,"11km ESE of Willits, CA"
nc73466316,2020-10-04 04:44:12.350,-122.0385,37.9585,11.59,2.58,"2km ENE of Pleasant Hill, CA"
ci39651784,2020-10-03 23:26:59.940,-115.5861667,33.0223333,12.8,3.62,"4km ESE of Westmorland, CA"
ci39651720,2020-10-03 20:21:00.460,-115.5871667,33.0201667,11.26,2.94,"4km ESE of Westmorland, CA"
ci39651712,2020-10-03 20:16:27.150,-117.4285,35.66,7.01,3.35,"12km S of Searles Valley, CA"
nc73466101,2020-10-03 14:13:57.990,-118.8523333,37.441,4.49,2.79,"20km SW of Toms Place, CA"
ci39650672,2020-10-03 01:31:00.020,-115.5855,33.0215,14.43,2.8,"4km ESE of Westmorland, CA"
nc73465746,2020-10-02 15:39:59.320,-121.8271667,37.4945,4.95,2.91,"10km NE of Milpitas, CA"
ci39649856,2020-10-02 14:36:43.020,-115.5786667,33.0246667,6.58,2.52,"4km ESE of Westmorland, CA"
ci39649656,2020-10-02 12:32:47.240,-117.5481667,35.643,6.13,3.4,"12km ENE of Ridgecrest, CA"
ci39649608,2020-10-02 12:13:43.600,-115.5911667,33.039,2.67,2.62,"3km E of Westmorland, CA"
nc73465571,2020-10-02 07:53:53.290,-123.361,39.8505,5.71,2.66,"12km WNW of Covelo, CA"
ci39649056,2020-10-02 06:08:50.640,-115.5716667,33.0601667,3.92,3.66,"5km ENE of Westmorland, CA"
ci39649048,2020-10-02 06:08:28.090,-115.5726667,33.0691667,5.63,3.71,"6km NE of Westmorland, CA"
ci39649040,2020-10-02 06:08:19.880,-115.5708333,33.0681667,11.17,3.4,"6km NE of Westmorland, CA"
ci39648936,2020-10-02 05:37:29.260,-115.566,33.0683333,9.19,2.86,"6km NE of Westmorland, CA"
ci39648776,2020-10-02 03:31:52.510,-115.5725,33.0666667,5.95,2.51,"6km NE of Westmorland, CA"
ci39648576,2020-10-02 02:23:51.650,-115.5751667,33.0678333,5.21,2.69,"6km NE of Westmorland, CA"
ci39648528,2020-10-02 02:15:04.800,-115.5806667,33.0641667,5.73,2.5,"5km NE of Westmorland, CA"
ci39648480,2020-10-02 02:10:44.830,-115.5753333,33.0658333,10.79,3.22,"5km NE of Westmorland, CA"
ci39648432,2020-10-02 01:52:30.470,-115.5776667,33.0606667,7.42,2.61,"5km ENE of Westmorland, CA"
ci39648408,2020-10-02 01:40:34.080,-115.5791667,33.0603333,3.89,2.66,"5km ENE of Westmorland, CA"
ci39648352,2020-10-02 01:12:30.150,-115.579,33.0613333,5.96,2.67,"5km NE of Westmorland, CA"
ci39648168,2020-10-01 23:58:10.400,-115.5888333,33.049,7.95,2.53,"3km ENE of Westmorland, CA"
ci39648016,2020-10-01 23:15:07.320,-115.5855,33.0341667,8.29,2.54,"3km E of Westmorland, CA"
ci39647952,2020-10-01 23:03:58.730,-115.5805,33.064,7.2,2.81,"5km NE of Westmorland, CA"
ci39647912,2020-10-01 22:54:34.730,-115.5926667,33.0698333,7.58,2.65,"4km NE of Westmorland, CA"
ci39647880,2020-10-01 22:50:38.880,-115.5865,33.0545,2.09,2.51,"4km ENE of Westmorland, CA"
ci39647872,2020-10-01 22:50:00.150,-115.5988333,33.1068333,3.99,2.57,"8km NNE of Westmorland, CA"
ci39647856,2020-10-01 22:47:30.980,-115.5815,33.0595,10.86,3.87,"4km ENE of Westmorland, CA"
ci39647632,2020-10-01 21:42:37.850,-115.5981667,33.1031667,5.77,2.99,"8km NNE of Westmorland, CA"
ci39647624,2020-10-01 21:42:24.320,-115.5971667,33.105,7.28,2.55,"8km NNE of Westmorland, CA"
ci39647584,2020-10-01 21:26:08.300,-115.5805,33.0563333,7.16,2.61,"4km ENE of Westmorland, CA"
ci39647568,2020-10-01 21:22:42.500,-115.5791667,33.0653333,6.74,3.03,"5km NE of Westmorland, CA"
ci39647488,2020-10-01 20:53:37.460,-115.6003333,33.0731667,8.64,2.63,"4km NNE of Westmorland, CA"
ci39647256,2020-10-01 19:38:53.080,-115.6006667,33.1066667,7.9,2.81,"8km NNE of Westmorland, CA"
ci39647128,2020-10-01 18:49:37.000,-115.5805,33.024,6.94,2.5,"4km ESE of Westmorland, CA"
ci39646792,2020-10-01 16:42:43.540,-115.5781667,33.0665,3.51,2.68,"5km NE of Westmorland, CA"
ci39646616,2020-10-01 15:55:20.640,-115.5685,33.0766667,3.32,2.54,"7km NE of Westmorland, CA"
ci39646552,2020-10-01 15:28:09.640,-115.5658333,33.0743333,3.19,2.63,"7km NE of Westmorland, CA"
ci39646520,2020-10-01 15:21:41.510,-115.5693333,33.0743333,4.77,3.17,"6km NE of Westmorland, CA"
ci37457525,2020-10-01 15:00:50.320,-115.5773333,33.0633333,4.02,3.03,"5km NE of Westmorland, CA"
ci39646432,2020-10-01 15:00:48.280,-115.5725,33.0605,5.59,2.61,"5km ENE of Westmorland, CA"
ci39646376,2020-10-01 14:46:42.020,-115.577,33.0626667,10.06,3.62,"5km NE of Westmorland, CA"
ci39646224,2020-10-01 13:35:39.460,-115.5781667,33.067,9.22,3.42,"5km NE of Westmorland, CA"
ci39646168,2020-10-01 13:23:13.960,-115.572,33.0628333,10.07,3.22,"5km ENE of Westmorland, CA"
ci39646056,2020-10-01 12:54:41.040,-115.5803333,33.0621667,3.07,2.72,"5km NE of Westmorland, CA"
ci39646040,2020-10-01 12:47:26.350,-115.5683333,33.067,2.32,2.76,"6km ENE of Westmorland, CA"
ci39646032,2020-10-01 12:46:38.210,-115.5765,33.0648333,10.72,3.5,"5km NE of Westmorland, CA"
ci39646016,2020-10-01 12:37:33.910,-115.5901667,33.0685,10.0,2.55,"4km NE of Westmorland, CA"
ci39645888,2020-10-01 11:55:13.170,-115.5758333,33.064,5.37,2.8,"5km NE of Westmorland, CA"
ci39645752,2020-10-01 11:13:58.100,-115.5996667,33.066,3.73,2.51,"4km NNE of Westmorland, CA"
ci39645744,2020-10-01 11:13:21.390,-115.5943333,33.0666667,5.1,2.95,"4km NE of Westmorland, CA"
ci37457205,2020-10-01 11:13:20.450,-115.5906667,33.0645,5.57,2.69,"4km NE of Westmorland, CA"
ci39645504,2020-10-01 10:15:29.230,-115.599,33.1083333,7.5,2.85,"8km WSW of Calipatria, CA"
ci39645456,2020-10-01 10:08:13.540,-115.5953333,33.1046667,5.39,2.54,"8km NNE of Westmorland, CA"
ci39645448,2020-10-01 10:07:17.210,-115.5921667,33.0416667,5.1,2.83,"3km E of Westmorland, CA"
ci39645440,2020-10-01 10:07:14.760,-115.5955,33.1035,5.68,2.63,"8km NNE of Westmorland, CA"
ci39645264,2020-10-01 09:28:50.620,-115.5806667,33.0591667,3.41,2.76,"4km ENE of Westmorland, CA"
ci39645032,2020-10-01 08:39:39.680,-115.6053333,33.0733333,5.34,2.62,"4km NNE of Westmorland, CA"
ci39644912,2020-10-01 08:03:09.350,-115.5826667,33.0638333,4.42,2.6,"5km NE of Westmorland, CA"
ci39644712,2020-10-01 07:15:51.460,-115.5988333,33.0748333,8.36,2.73,"5km NNE of Westmorland, CA"
ci39644672,2020-10-01 07:10:24.250,-115.6,33.0713333,10.4,3.01,"4km NNE of Westmorland, CA"
ci37456541,2020-10-01 06:58:14.090,-115.5955,33.0566667,3.45,2.75,"3km NE of Westmorland, CA"
ci39644616,2020-10-01 06:57:58.240,-115.5931667,33.0613333,10.42,3.46,"4km NE of Westmorland, CA"
ci39644432,2020-10-01 06:29:32.690,-115.6003333,33.0746667,7.54,2.73,"5km NNE of Westmorland, CA"
ci39644384,2020-10-01 06:16:15.230,-115.5835,33.0545,8.82,2.5,"4km ENE of Westmorland, CA"
ci39643920,2020-10-01 04:54:23.740,-115.588,33.0371667,5.43,2.71,"3km E of Westmorland, CA"
ci39643720,2020-10-01 04:21:04.270,-115.5926667,33.0776667,5.43,2.74,"5km NNE of Westmorland, CA"
ci39643656,2020-10-01 04:12:04.380,-115.5703333,33.0628333,3.23,2.58,"6km ENE of Westmorland, CA"
ci39643464,2020-10-01 03:50:14.240,-115.5858333,33.0581667,9.82,2.76,"4km NE of Westmorland, CA"
ci39643424,2020-10-01 03:45:54.210,-115.594,33.068,5.94,2.57,"4km NE of Westmorland, CA"
ci39643368,2020-10-01 03:40:49.390,-115.5881667,33.0766667,8.19,3.17,"5km NE of Westmorland, CA"
ci39643360,2020-10-01 03:40:16.270,-115.5976667,33.0725,4.9,3.57,"4km NNE of Westmorland, CA"
ci37481669,2020-10-01 03:39:59.180,-115.58,33.0243333,3.33,2.66,"4km ESE of Westmorland, CA"
ci39643352,2020-10-01 03:39:49.980,-115.5981667,33.0761667,7.02,2.5,"5km NNE of Westmorland, CA"
ci37456597,2020-10-01 03:38:53.290,-115.5981667,33.0283333,1.94,2.78,"2km ESE of Westmorland, CA"
ci37456581,2020-10-01 03:38:39.060,-115.6003333,33.0598333,3.66,2.67,"3km NE of Westmorland, CA"
ci39643344,2020-10-01 03:38:28.620,-115.5915,33.0646667,4.62,3.43,"4km NE of Westmorland, CA"
ci37456573,2020-10-01 03:38:12.840,-115.6215,33.0541667,0.63,2.91,"2km N of Westmorland, CA"
ci37456565,2020-10-01 03:38:03.840,-115.6073333,33.048,3.02,3.18,"2km NE of Westmorland, CA"
ci39643336,2020-10-01 03:37:54.500,-115.5938333,33.0408333,3.54,3.45,"3km E of Westmorland, CA"
ci37456405,2020-10-01 03:37:04.380,-115.575,33.0518333,8.65,4.02,"5km ENE of Westmorland, CA"
ci39643328,2020-10-01 03:36:34.130,-115.5971667,33.0661667,5.68,4.45,"4km NE of Westmorland, CA"
ci39643288,2020-10-01 03:32:57.950,-115.5986667,33.0711667,11.29,3.43,"4km NNE of Westmorland, CA"
ci39643280,2020-10-01 03:32:12.680,-115.5926667,33.074,5.43,2.55,"5km NNE of Westmorland, CA"
ci39643256,2020-10-01 03:31:00.900,-115.5898333,33.084,11.14,3.5,"6km NNE of Westmorland, CA"
ci39643040,2020-10-01 03:05:28.740,-115.6001667,33.0751667,9.44,2.7,"5km NNE of Westmorland, CA"
ci39642904,2020-10-01 02:51:07.260,-115.6061667,33.0715,7.11,2.51,"4km NNE of Westmorland, CA"
ci39642608,2020-10-01 02:15:22.620,-115.5925,33.0441667,5.77,2.73,"3km ENE of Westmorland, CA"
ci37456549,2020-10-01 01:47:11.160,-115.6121667,33.015,16.46,3.2,"3km SSE of Westmorland, CA"
ci39642320,2020-10-01 01:46:52.040,-115.5868333,33.067,14.08,3.45,"5km NE of Westmorland, CA"
ci39642328,2020-10-01 01:46:44.100,-115.5943333,33.0531667,5.53,2.66,"3km NE of Westmorland, CA"
ci39642256,2020-10-01 01:43:51.170,-115.5978333,33.0678333,5.65,2.57,"4km NNE of Westmorland, CA"
ci37319492,2020-10-01 01:30:21.290,-115.5945,33.0308333,1.71,2.53,"3km ESE of Westmorland, CA"
ci39642096,2020-10-01 01:30:01.680,-115.5936667,33.044,2.99,2.73,"3km ENE of Westmorland, CA"
ci39642048,2020-10-01 01:27:15.610,-115.5571667,33.0456667,8.95,2.72,"6km E of Westmorland, CA"
ci39642056,2020-10-01 01:26:56.480,-115.5863333,33.0613333,11.29,2.99,"4km NE of Westmorland, CA"
ci39642040,2020-10-01 01:25:21.030,-115.5916667,33.064,5.73,2.57,"4km NE of Westmorland, CA"
ci37456629,2020-10-01 01:24:07.210,-115.6033333,33.0393333,4.65,2.59,"2km E of Westmorland, CA"
ci39642016,2020-10-01 01:22:37.400,-115.592,33.0636667,8.19,2.65,"4km NE of Westmorland, CA"
ci39642000,2020-10-01 01:21:09.920,-115.5968333,33.0593333,7.36,2.81,"3km NE of Westmorland, CA"
ci39641976,2020-10-01 01:20:12.270,-115.5841667,33.0531667,10.28,2.55,"4km ENE of Westmorland, CA"
ci37480861,2020-10-01 01:18:04.480,-115.672,32.9963333,9.19,2.83,"7km SW of Westmorland, CA"
ci39641968,2020-10-01 01:17:36.690,-115.5885,33.0625,10.9,3.46,"4km NE of Westmorland, CA"
us6000c664,2020-10-01 01:16:03.183,-115.6419,32.869,12.79,2.9,"7 km WNW of Imperial, California"
ci39641952,2020-10-01 01:15:53.680,-115.6028333,33.0688333,7.67,3.15,"4km NNE of Westmorland, CA"
ci39641936,2020-10-01 01:14:11.260,-115.5845,33.0618333,9.57,2.69,"4km NE of Westmorland, CA"
ci37319332,2020-10-01 01:13:33.170,-115.5928333,33.0441667,7.84,2.79,"3km ENE of Westmorland, CA"
ci39641928,2020-10-01 01:13:23.180,-115.5676667,33.0545,10.88,2.79,"5km ENE of Westmorland, CA"
ci39641904,2020-10-01 01:11:57.530,-115.5923333,33.059,5.14,2.75,"4km NE of Westmorland, CA"
ci37470253,2020-10-01 01:11:30.370,-115.5863333,33.042,4.87,3.09,"3km E of Westmorland, CA"
ci39641896,2020-10-01 01:11:30.310,-115.5841667,33.0488333,7.18,3.12,"4km ENE of Westmorland, CA"
ci39641888,2020-10-01 01:11:05.530,-115.5835,33.0413333,8.74,3.51,"4km E of Westmorland, CA"
ci37456509,2020-10-01 01:10:44.840,-115.5931667,33.0473333,8.25,3.65,"3km ENE of Westmorland, CA"
ci37347844,2020-10-01 01:10:33.800,-115.6603333,33.0346667,10.68,3.75,"4km W of Westmorland, CA"
ci39641880,2020-10-01 01:10:25.750,-115.5928333,33.0443333,11.39,4.12,"3km ENE of Westmorland, CA"
ci39641864,2020-10-01 01:07:53.880,-115.591,33.0416667,6.2,2.67,"3km E of Westmorland, CA"
ci39641856,2020-10-01 01:07:34.420,-115.5786667,33.0463333,9.16,2.59,"4km ENE of Westmorland, CA"
ci39641848,2020-10-01 01:06:23.010,-115.5991667,33.056,9.63,3.3,"3km NE of Westmorland, CA"
ci37470205,2020-10-01 01:05:24.390,-115.585,33.0426667,6.99,3.23,"3km E of Westmorland, CA"
ci39641840,2020-10-01 01:05:05.340,-115.6003333,33.0555,3.46,3.41,"3km NE of Westmorland, CA"
ci39641784,2020-10-01 01:00:14.490,-115.5915,33.0503333,7.23,3.09,"3km ENE of Westmorland, CA"
ci37470173,2020-10-01 01:00:09.830,-115.5998333,33.0698333,2.82,2.7,"4km NNE of Westmorland, CA"
ci37456485,2020-10-01 00:59:21.450,-115.5833333,33.0525,8.9,2.75,"4km ENE of Westmorland, CA"
ci39641768,2020-10-01 00:58:13.850,-115.5931667,33.065,11.07,4.09,"4km NE of Westmorland, CA"
ci39641776,2020-10-01 00:58:07.110,-115.5871667,33.0563333,2.86,2.5,"4km ENE of Westmorland, CA"
ci37457189,2020-10-01 00:53:29.390,-115.5841667,33.054,2.91,2.66,"4km ENE of Westmorland, CA"
ci37457181,2020-10-01 00:53:22.420,-115.6171667,33.0466667,2.99,2.77,"1km NNE of Westmorland, CA"
ci39641736,2020-10-01 00:53:13.080,-115.5846667,33.0528333,10.08,2.95,"4km ENE of Westmorland, CA"
ci39641720,2020-10-01 00:51:20.910,-115.5841667,33.0595,6.95,2.53,"4km NE of Westmorland, CA"
ci37456429,2020-10-01 00:51:11.520,-115.5835,33.0335,4.56,2.63,"4km E of Westmorland, CA"
ci39641712,2020-10-01 00:50:55.360,-115.5866667,33.0433333,8.22,3.4,"3km ENE of Westmorland, CA"
ci39641704,2020-10-01 00:50:48.970,-115.5845,33.0355,3.34,2.85,"3km E of Westmorland, CA"
ci39641696,2020-10-01 00:50:21.420,-115.5891667,33.0556667,4.9,3.22,"4km NE of Westmorland, CA"
ci39641688,2020-10-01 00:49:54.860,-115.5798333,33.0335,5.49,2.59,"4km E of Westmorland, CA"
ci37480853,2020-10-01 00:48:16.890,-115.7111667,33.0461667,17.53,2.6,"8km W of Westmorland, CA"
ci39641672,2020-10-01 00:48:06.060,-115.577,33.0461667,10.14,3.12,"4km ENE of Westmorland, CA"
ci39641664,2020-10-01 00:47:57.620,-115.5926667,33.0396667,3.99,2.5,"3km E of Westmorland, CA"
ci39641656,2020-10-01 00:47:18.930,-115.5895,33.0478333,5.06,3.35,"3km ENE of Westmorland, CA"
ci39641648,2020-10-01 00:46:05.700,-115.5851667,33.0506667,11.02,2.91,"4km ENE of Westmorland, CA"
us6000c8w1,2020-10-01 00:45:02.014,-115.6202,33.0683,4.99,2.6,"3 km N of Westmorland, California"
ci37457365,2020-10-01 00:44:00.640,-115.5838333,33.0536667,2.91,2.68,"4km ENE of Westmorland, CA"
ci39641632,2020-10-01 00:43:40.350,-115.5931667,33.059,6.03,3.01,"4km NE of Westmorland, CA"
ci39641624,2020-10-01 00:43:11.470,-115.581,33.0516667,6.21,2.64,"4km ENE of Westmorland, CA"
ci37456517,2020-10-01 00:41:34.960,-115.5776667,33.0236667,5.65,3.58,"4km ESE of Westmorland, CA"
ci39641616,2020-10-01 00:41:18.390,-115.5983333,33.0713333,11.22,4.18,"4km NNE of Westmorland, CA"
ci37470133,2020-10-01 00:40:08.730,-115.5688333,33.0333333,4.86,2.6,"5km E of Westmorland, CA"
ci37457509,2020-10-01 00:39:28.360,-115.6161667,33.0566667,2.51,2.78,"2km NNE of Westmorland, CA"
ci37457501,2020-10-01 00:39:15.700,-115.5908333,33.041,7.46,3.07,"3km E of Westmorland, CA"
ci39641600,2020-10-01 00:39:01.240,-115.6051667,33.0555,2.86,2.79,"2km NE of Westmorland, CA"
ci39641592,2020-10-01 00:38:43.910,-115.5941667,33.0378333,3.03,3.33,"2km E of Westmorland, CA"
ci39641584,2020-10-01 00:38:37.000,-115.5891667,33.0583333,3.15,2.72,"4km NE of Westmorland, CA"
ci37479541,2020-10-01 00:37:34.650,-115.5495,33.0501667,11.19,2.97,"7km ENE of Westmorland, CA"
ci39641576,2020-10-01 00:36:51.750,-115.5863333,33.0498333,5.53,3.01,"4km ENE of Westmorland, CA"
ci39641568,2020-10-01 00:36:30.510,-115.587,33.0331667,3.74,3.45,"3km E of Westmorland, CA"
ci39641560,2020-10-01 00:36:15.970,-115.582,33.0335,4.5,2.8,"4km E of Westmorland, CA"
ci39641552,2020-10-01 00:35:43.900,-115.5888333,33.0443333,5.73,3.0,"3km ENE of Westmorland, CA"
ci37456501,2020-10-01 00:34:00.750,-115.5998333,33.0283333,1.71,3.7,"2km ESE of Westmorland, CA"
ci39641544,2020-10-01 00:33:48.650,-115.591,33.048,5.95,3.89,"3km ENE of Westmorland, CA"
ci37479509,2020-10-01 00:33:45.970,-115.5525,33.041,9.1,3.62,"6km E of Westmorland, CA"
ci39641528,2020-10-01 00:31:27.280,-115.5906667,33.0546667,14.19,4.93,"4km NE of Westmorland, CA"
ci39641520,2020-10-01 00:28:11.240,-115.5888333,33.0435,5.61,2.59,"3km ENE of Westmorland, CA"
ci39641288,2020-09-30 23:58:02.300,-115.5848333,33.0493333,9.54,3.69,"4km ENE of Westmorland, CA"
ci39641280,2020-09-30 23:57:07.490,-115.5895,33.0495,5.25,2.66,"3km ENE of Westmorland, CA"
ci39641184,2020-09-30 23:46:50.700,-115.5888333,33.0466667,3.4,2.51,"3km ENE of Westmorland, CA"
ci39641176,2020-09-30 23:45:03.310,-115.5933333,33.0458333,3.3,2.92,"3km ENE of Westmorland, CA"
ci39641136,2020-09-30 23:39:39.910,-115.5703333,33.0395,5.45,2.8,"5km E of Westmorland, CA"
ci39641112,2020-09-30 23:38:06.380,-115.5855,33.042,5.27,3.22,"3km E of Westmorland, CA"
ci39641096,2020-09-30 23:35:19.330,-115.5826667,33.041,3.25,2.58,"4km E of Westmorland, CA"
ci37457093,2020-09-30 23:34:45.070,-115.5811667,33.0466667,3.19,2.92,"4km ENE of Westmorland, CA"
ci39641088,2020-09-30 23:34:26.010,-115.593,33.0538333,2.76,3.09,"3km NE of Westmorland, CA"
ci37457117,2020-09-30 23:34:18.140,-115.5975,33.0576667,2.94,2.98,"3km NE of Westmorland, CA"
ci39641080,2020-09-30 23:34:08.200,-115.5866667,33.0443333,3.84,2.88,"3km ENE of Westmorland, CA"
ci39641072,2020-09-30 23:33:34.010,-115.5905,33.0515,3.25,3.24,"3km ENE of Westmorland, CA"
ci39641064,2020-09-30 23:31:51.790,-115.5955,33.053,4.78,4.35,"3km NE of Westmorland, CA"
ci39641056,2020-09-30 23:31:11.260,-115.5871667,33.0433333,3.23,2.88,"3km ENE of Westmorland, CA"
ci39641048,2020-09-30 23:30:43.720,-115.5915,33.039,3.18,2.82,"3km E of Westmorland, CA"
ci39641008,2020-09-30 23:24:41.610,-115.5853333,33.0375,3.65,2.55,"3km E of Westmorland, CA"
ci39640864,2020-09-30 23:21:09.080,-115.5948333,33.0421667,2.82,2.65,"2km ENE of Westmorland, CA"
ci39640856,2020-09-30 23:20:16.370,-115.5876667,33.047,3.1,2.51,"3km ENE of Westmorland, CA"
ci39640848,2020-09-30 23:19:48.390,-115.5911667,33.0478333,5.37,3.02,"3km ENE of Westmorland, CA"
ci39640688,2020-09-30 23:15:30.950,-115.5966667,33.0476667,2.84,3.53,"3km ENE of Westmorland, CA"
ci39640680,2020-09-30 23:15:24.530,-115.5878333,33.0483333,3.36,2.84,"3km ENE of Westmorland, CA"
ci39640584,2020-09-30 23:14:22.050,-115.5925,33.025,1.67,2.86,"3km ESE of Westmorland, CA"
ci37317148,2020-09-30 23:14:17.220,-115.5878333,33.0433333,2.94,2.79,"3km ENE of Westmorland, CA"
ci37457149,2020-09-30 23:13:52.840,-115.5931667,33.0376667,3.19,2.6,"3km E of Westmorland, CA"
ci39640568,2020-09-30 23:13:37.480,-115.5801667,33.0423333,3.88,2.9,"4km E of Westmorland, CA"
ci39640560,2020-09-30 23:12:46.590,-115.5913333,33.052,5.57,2.86,"3km ENE of Westmorland, CA"
us6000c3eu,2020-09-30 23:12:46.149,-115.6148,33.0517,5.0,2.9,"1 km NNE of Westmorland, California"
ci37317124,2020-09-30 23:09:54.460,-115.5943333,33.046,5.24,2.68,"3km ENE of Westmorland, CA"
ci39640536,2020-09-30 23:08:25.660,-115.5895,33.0443333,3.12,3.12,"3km ENE of Westmorland, CA"
ci37466493,2020-09-30 23:06:50.820,-115.5736667,33.0336667,5.83,2.73,"4km E of Westmorland, CA"
ci39640528,2020-09-30 23:06:02.600,-115.5901667,33.045,3.38,3.65,"3km ENE of Westmorland, CA"
ci39640520,2020-09-30 23:05:39.930,-115.5861667,33.0376667,3.3,2.67,"3km E of Westmorland, CA"
ci39640480,2020-09-30 23:00:28.430,-115.5885,33.044,5.12,3.0,"3km ENE of Westmorland, CA"
ci39640176,2020-09-30 20:08:54.800,-117.504,36.468,-1.5,2.51,"35km WSW of Stovepipe Wells, CA"
nc73464701,2020-09-30 12:51:39.760,-122.2371667,37.8578333,5.91,2.65,"4km ESE of Berkeley, CA"
nc73464626,2020-09-30 08:38:37.740,-121.8698333,37.514,9.31,2.62,"10km NNE of Milpitas, CA"
nc73464301,2020-09-29 16:02:30.880,-121.8296667,37.4943333,4.63,3.26,"10km NE of Milpitas, CA"
nc73464281,2020-09-29 15:36:09.460,-121.8281667,37.4965,4.85,2.9,"10km NE of Milpitas, CA"
nc73464261,2020-09-29 15:16:27.310,-121.826,37.4951667,4.58,2.71,"10km NE of Milpitas, CA"
nc73464146,2020-09-29 06:39:15.550,-121.1828333,36.585,4.91,2.65,"7km NNW of Pinnacles, CA"
nc73464086,2020-09-29 02:22:20.750,-121.3375,36.7005,4.93,3.23,"10km S of Tres Pinos, CA"
nc73463936,2020-09-28 12:27:55.370,-121.6055,36.8716667,5.48,2.53,"4km ESE of Aromas, CA"
nc73463746,2020-09-28 05:16:36.610,-121.8295,37.4921667,4.8,3.48,"10km NE of Milpitas, CA"
nc73463646,2020-09-27 22:54:06.510,-121.8246667,37.4916667,5.25,3.42,"10km NE of Milpitas, CA"
ci38705338,2020-09-27 11:57:00.530,-117.2683333,34.0575,16.73,2.61,"1km NNW of Loma Linda, CA"
ci38704866,2020-09-26 22:19:21.510,-117.607,34.1876667,6.87,2.52,"8km NNW of Rancho Cucamonga, CA"
ci38703802,2020-09-25 17:10:11.370,-116.3955,33.947,3.29,3.65,"10km E of Desert Hot Springs, CA"
ci38703786,2020-09-25 17:07:48.830,-116.3938333,33.9491667,3.42,3.02,"10km E of Desert Hot Springs, CA"
ci38702858,2020-09-24 17:23:18.130,-117.6898333,35.8556667,4.99,2.52,"22km ESE of Little Lake, CA"
nc73462331,2020-09-24 14:42:27.270,-122.765,38.7861667,1.63,2.83,"1km NW of The Geysers, CA"
nc73462221,2020-09-24 10:11:15.970,-122.7778333,38.804,1.41,2.8,"4km NNW of The Geysers, CA"
ci38701098,2020-09-23 14:17:44.690,-117.487,35.6528333,7.27,3.2,"15km SSW of Searles Valley, CA"
ci38700978,2020-09-23 12:24:27.850,-117.6536667,34.2033333,2.35,3.2,"11km NW of Rancho Cucamonga, CA"
nc73461146,2020-09-22 01:14:55.210,-118.9231667,37.6353333,5.5,2.99,"5km E of Mammoth Lakes, CA"
nc73461141,2020-09-22 01:13:40.720,-118.923,37.634,5.63,2.64,"5km E of Mammoth Lakes, CA"
nc73461031,2020-09-21 18:31:58.800,-118.643,37.4735,5.75,2.84,"8km NNW of Round Valley, CA"
ci38697738,2020-09-21 13:20:38.360,-117.4355,33.701,9.12,3.28,"11km WNW of Lake Elsinore, CA"
nc73460811,2020-09-21 04:53:54.720,-120.6498333,36.0748333,3.11,2.69,"24km ENE of San Ardo, CA"
ci38696362,2020-09-20 02:51:09.680,-116.241,34.5651667,2.94,2.84,"19km SSW of Ludlow, CA"
ci38695802,2020-09-19 11:38:24.290,-116.4461667,33.4425,9.66,2.57,"22km NNW of Borrego Springs, CA"
ci38695658,2020-09-19 06:38:46.930,-118.08,34.038,16.87,4.54,"3km WSW of South El Monte, CA"
ci38694042,2020-09-17 23:29:29.460,-117.9933333,36.443,5.92,2.56,"17km SSE of Lone Pine, CA"
ci38693810,2020-09-17 20:57:23.150,-117.994,36.4396667,4.49,2.55,"18km N of Olancha, CA"
nc73459266,2020-09-17 18:36:25.310,-122.7416667,38.7921667,1.08,2.89,"2km NE of The Geysers, CA"
ci38693130,2020-09-17 15:20:07.330,-117.9921667,36.4421667,3.73,3.07,"18km SSE of Lone Pine, CA"
nc73459081,2020-09-17 08:21:08.360,-121.2751667,36.6536667,3.92,2.84,"16km SSE of Tres Pinos, CA"
nc73459071,2020-09-17 08:15:32.270,-121.2766667,36.6548333,3.81,2.66,"16km SSE of Tres Pinos, CA"
nc73459026,2020-09-17 06:25:03.270,-123.3651667,39.8548333,6.95,2.62,"12km NW of Covelo, CA"
nc73458966,2020-09-17 01:39:19.590,-123.457,39.1841667,5.93,2.95,"21km NNW of Boonville, CA"
nc73458711,2020-09-16 13:25:51.420,-123.3611667,39.8505,7.56,2.68,"12km WNW of Covelo, CA"
ci38689882,2020-09-15 15:09:21.480,-116.6868333,33.9853333,16.32,2.91,"12km SW of Morongo Valley, CA"
ci38689202,2020-09-15 00:22:39.300,-117.187,34.0591667,13.72,2.69,"1km NW of Redlands, CA"
nc73457811,2020-09-14 15:36:59.690,-123.3663333,39.8583333,6.51,3.06,"12km NW of Covelo, CA"
nc73457786,2020-09-14 14:15:16.720,-123.368,39.8616667,6.19,3.0,"13km NW of Covelo, CA"
nc73457261,2020-09-13 09:16:57.110,-119.852,35.8821667,13.79,2.96,"17km SE of Kettleman City, CA"
ci38686058,2020-09-12 19:22:02.600,-117.9926667,36.4405,3.73,2.69,"18km SSE of Lone Pine, CA"
nc73456656,2020-09-12 08:05:58.490,-118.7658333,37.4775,6.35,2.78,"12km SW of Toms Place, CA"
ci38683938,2020-09-11 08:14:10.210,-117.9933333,36.4376667,3.7,3.6,"17km N of Olancha, CA"
ci38683930,2020-09-11 08:11:05.310,-117.9916667,36.4338333,2.34,3.32,"17km N of Olancha, CA"
ci38683914,2020-09-11 07:55:45.450,-117.9945,36.4406667,3.93,4.22,"18km SSE of Lone Pine, CA"
nc73455736,2020-09-10 04:00:57.620,-123.2441667,39.3618333,6.98,2.63,"11km ESE of Willits, CA"
ci38680154,2020-09-08 09:34:39.570,-117.4296667,35.6381667,4.7,2.7,"15km S of Searles Valley, CA"
nc73455056,2020-09-08 08:56:50.280,-122.718,38.4916667,6.75,2.57,"4km SE of Larkfield-Wikiup, CA"
nc73455026,2020-09-08 07:24:02.000,-118.7676667,38.0385,6.83,2.98,"29km SE of Bodie, CA"
nc73454601,2020-09-07 03:57:43.120,-120.4921667,35.9456667,9.93,2.58,"8km NW of Parkfield, CA"
nc73454476,2020-09-06 18:43:57.660,-122.1271667,37.7155,8.92,3.21,"3km ESE of San Leandro, CA"
nc73454471,2020-09-06 18:36:03.240,-122.124,37.7146667,8.91,2.56,"3km ESE of San Leandro, CA"
ci38678586,2020-09-06 11:59:43.570,-117.358,35.9506667,3.03,2.54,"21km NNE of Searles Valley, CA"
ci38678266,2020-09-06 01:48:36.530,-120.062,34.564,12.76,3.9,"6km SSE of Santa Ynez, CA"
nc73453886,2020-09-05 07:17:12.160,-122.2046667,38.0395,10.35,2.74,"2km SSE of Crockett, CA"
ci38676562,2020-09-05 03:14:58.250,-117.4646667,35.6733333,8.82,3.04,"12km SSW of Searles Valley, CA"
ci38675450,2020-09-04 14:24:44.100,-116.8536667,34.0878333,1.9,3.14,"18km SSE of Big Bear Lake, CA"
ci38675290,2020-09-04 11:39:18.200,-117.9616667,36.4661667,7.02,3.0,"16km SE of Lone Pine, CA"
nc73453426,2020-09-04 10:13:01.820,-121.4958333,36.8936667,6.54,2.87,"6km NE of San Juan Bautista, CA"
ci39368535,2020-09-02 16:18:31.660,-117.7731667,36.0378333,1.88,3.45,"16km E of Coso Junction, CA"
nc73451996,2020-09-01 01:39:34.960,-120.437,36.3943333,9.19,2.87,"16km SW of Cantua Creek, CA"
ci39366623,2020-08-31 22:20:41.090,-116.6455,33.391,12.93,2.59,"12km N of Warner Springs, CA"
ci39365527,2020-08-30 19:43:06.190,-117.5203333,34.0491667,6.47,2.91,"5km NW of Glen Avon, CA"
ci39365455,2020-08-30 19:14:51.370,-115.6361667,33.1626667,4.83,2.77,"12km WNW of Calipatria, CA"
ci39364319,2020-08-29 08:06:06.410,-117.775,36.0348333,1.91,2.93,"16km E of Coso Junction, CA"
ci39362087,2020-08-27 15:04:06.490,-117.6415,35.8213333,0.83,3.16,"22km WNW of Searles Valley, CA"
nc73450161,2020-08-27 08:48:31.810,-123.2433333,39.3533333,8.26,3.52,"10km NNW of Redwood Valley, CA"
nc73450156,2020-08-27 07:17:38.800,-123.2458333,39.3575,7.09,2.59,"11km NNW of Redwood Valley, CA"
nc73450126,2020-08-27 04:39:09.400,-121.6216667,36.8941667,4.95,2.55,"2km ENE of Aromas, CA"
ci39360327,2020-08-26 12:49:23.720,-119.321,34.3151667,4.51,2.59,"10km WNW of Ventura, CA"
nc73449406,2020-08-25 12:00:46.550,-124.3301667,40.3335,16.44,2.71,"4km WNW of Petrolia, CA"
nc73448896,2020-08-24 09:23:23.370,-120.0336667,36.1688333,2.59,2.74,"7km ESE of Huron, CA"
ci39355943,2020-08-22 14:30:10.220,-117.7001667,35.8716667,9.09,2.83,"20km ESE of Little Lake, CA"
ci39355647,2020-08-22 06:19:15.260,-118.0303333,33.7253333,14.59,2.64,"4km SSW of Westminster, CA"
ci39587168,2020-08-21 08:20:08.360,-117.4598333,35.6441667,6.22,3.6,"15km SSW of Searles Valley, CA"
nc73447646,2020-08-21 04:33:05.570,-120.7375,36.168,8.51,3.12,"22km NE of San Ardo, CA"
ci39586640,2020-08-20 22:56:36.110,-119.106,34.441,7.16,2.9,"11km NNW of Santa Paula, CA"
ci39586600,2020-08-20 22:40:45.320,-119.114,34.4516667,3.35,2.57,"12km E of Ojai, CA"
nc73447261,2020-08-20 11:25:49.060,-121.0568333,36.4678333,6.8,2.63,"10km SE of Pinnacles, CA"
ci39585200,2020-08-19 23:22:36.070,-117.5095,36.4701667,-1.0,2.92,"36km WSW of Stovepipe Wells, CA"
ci39584696,2020-08-19 17:50:53.090,-117.5146667,36.4725,-0.41,2.82,"36km WSW of Stovepipe Wells, CA"
ci39584688,2020-08-19 17:50:22.890,-117.4346667,34.1116667,14.18,2.98,"3km NE of Fontana, CA"
ci39584648,2020-08-19 17:32:11.070,-117.5141667,36.4786667,-0.57,4.72,"36km WSW of Stovepipe Wells, CA"
ci39584256,2020-08-19 12:57:32.430,-119.1043333,34.4395,6.93,2.55,"10km NNW of Santa Paula, CA"
nc73446641,2020-08-19 06:14:46.320,-120.5153333,35.9641667,10.56,2.77,"10km NW of Parkfield, CA"
nc73446611,2020-08-19 05:51:28.120,-118.9136667,37.6305,2.84,2.5,"6km E of Mammoth Lakes, CA"
nc73446496,2020-08-19 02:55:05.970,-123.249,39.3648333,6.75,2.58,"10km ESE of Willits, CA"
nc73446401,2020-08-19 02:00:39.000,-123.251,39.3646667,7.4,2.93,"10km ESE of Willits, CA"
nc73446411,2020-08-19 01:59:33.370,-123.2478333,39.3631667,7.63,3.9,"11km ESE of Willits, CA"
nc73446381,2020-08-19 01:43:42.500,-123.2471667,39.3573333,8.43,3.25,"11km NNW of Redwood Valley, CA"
nc73446356,2020-08-19 00:55:23.190,-123.2458333,39.3605,8.19,4.22,"11km ESE of Willits, CA"
nc73446341,2020-08-19 00:46:16.630,-123.2493333,39.3626667,7.17,2.9,"10km ESE of Willits, CA"
nc73447165,2020-08-17 20:43:36.830,-122.1065,37.2308333,13.83,2.64,"8km WSW of Saratoga, CA"
nc73447135,2020-08-17 20:29:06.440,-121.8293333,37.4925,4.56,2.88,"10km NE of Milpitas, CA"
nc73447140,2020-08-17 20:27:49.560,-121.829,37.491,4.88,3.45,"10km NE of Milpitas, CA"
nc73446570,2020-08-17 13:23:42.360,-122.8116667,38.8165,2.94,2.91,"6km NW of The Geysers, CA"
nc73446405,2020-08-17 04:59:51.070,-121.9808333,37.8968333,14.65,2.61,"6km SW of Clayton, CA"
ci39346799,2020-08-16 17:00:53.240,-117.0245,35.9575,2.32,2.6,"38km NE of Trona, CA"
ci39346743,2020-08-16 15:13:28.100,-117.875,36.2185,3.43,2.86,"14km ESE of Olancha, CA"
ci39346591,2020-08-16 12:08:31.080,-117.025,35.9585,2.14,3.13,"39km NE of Trona, CA"
ci39346495,2020-08-16 08:33:54.950,-117.4218333,35.6246667,8.76,2.86,"16km S of Searles Valley, CA"
ci39346487,2020-08-16 08:30:17.790,-118.4543333,34.677,10.43,2.73,"1km W of Lake Hughes, CA"
nc73444820,2020-08-15 08:10:37.500,-122.8135,38.8263333,2.17,2.75,"7km NW of The Geysers, CA"
ci39344127,2020-08-14 09:05:09.510,-115.9936667,33.2693333,6.97,3.2,"5km SW of Salton City, CA"
nc73443710,2020-08-13 00:50:31.090,-120.8288333,35.5275,5.33,2.85,"11km NNE of Cayucos, CA"
ci39342007,2020-08-12 13:00:22.350,-117.475,34.2331667,7.8,2.54,"4km SE of Lytle Creek, CA"
nc73443335,2020-08-12 11:46:26.480,-122.7543333,38.7876667,3.27,2.5,"1km N of The Geysers, CA"
nc73443355,2020-08-12 11:45:43.450,-122.7491667,38.7866667,4.11,3.9,"1km NNE of The Geysers, CA"
ci39341815,2020-08-12 08:57:59.060,-117.9791667,36.4423333,4.12,2.56,"18km SSE of Lone Pine, CA"
ci37452165,2020-08-11 11:20:30.600,-115.7051667,33.2291667,2.94,2.73,"14km S of Bombay Beach, CA"
ci39340599,2020-08-11 11:19:57.690,-115.7018333,33.2271667,3.16,3.55,"14km SSE of Bombay Beach, CA"
ci39340151,2020-08-11 01:53:09.620,-115.6878333,33.2661667,2.27,2.55,"10km SSE of Bombay Beach, CA"
ci39339887,2020-08-10 23:18:43.500,-115.633,33.1473333,7.61,2.59,"11km WNW of Calipatria, CA"
ci39339879,2020-08-10 23:17:08.620,-115.692,33.2598333,2.78,2.58,"11km SSE of Bombay Beach, CA"
ci39339791,2020-08-10 22:44:52.270,-115.64,33.1451667,7.65,3.33,"12km W of Calipatria, CA"
ci39339479,2020-08-10 20:45:09.660,-115.6836667,33.2673333,2.54,2.83,"10km SSE of Bombay Beach, CA"
ci39339199,2020-08-10 19:31:31.100,-115.685,33.2678333,2.66,2.99,"10km SSE of Bombay Beach, CA"
ci39339191,2020-08-10 19:29:29.720,-115.6841667,33.2653333,2.87,4.03,"10km SSE of Bombay Beach, CA"
ci39339183,2020-08-10 19:22:25.270,-115.6868333,33.2606667,2.98,2.61,"11km SSE of Bombay Beach, CA"
nc73441126,2020-08-10 19:02:00.370,-121.6116667,36.8745,6.06,2.79,"3km ESE of Aromas, CA"
ci39339095,2020-08-10 18:58:53.030,-115.6755,33.2513333,3.02,3.24,"12km SSE of Bombay Beach, CA"
ci39339079,2020-08-10 18:53:21.450,-115.6896667,33.2653333,4.42,3.21,"10km SSE of Bombay Beach, CA"
ci37452101,2020-08-10 18:30:05.830,-115.6925,33.2298333,3.67,3.49,"14km SSE of Bombay Beach, CA"
ci39339015,2020-08-10 18:29:59.890,-115.6955,33.228,2.85,3.06,"14km SSE of Bombay Beach, CA"
ci39338855,2020-08-10 17:46:10.510,-115.685,33.2678333,3.05,2.75,"10km SSE of Bombay Beach, CA"
ci39338839,2020-08-10 17:39:15.940,-115.6991667,33.227,3.26,3.51,"14km SSE of Bombay Beach, CA"
ci39338767,2020-08-10 17:22:20.840,-115.6873333,33.2683333,2.66,2.82,"10km SSE of Bombay Beach, CA"
ci39338487,2020-08-10 16:13:56.000,-115.6935,33.232,3.27,3.73,"14km SSE of Bombay Beach, CA"
ci37452061,2020-08-10 16:04:49.380,-115.6733333,33.2421667,2.66,2.87,"13km SSE of Bombay Beach, CA"
ci37452069,2020-08-10 16:03:59.830,-115.6853333,33.2445,4.51,2.83,"12km SSE of Bombay Beach, CA"
ci39338447,2020-08-10 16:03:39.160,-115.688,33.2503333,2.31,3.95,"12km SSE of Bombay Beach, CA"
ci39338439,2020-08-10 16:02:23.620,-115.683,33.2473333,3.11,2.57,"12km SSE of Bombay Beach, CA"
ci39338431,2020-08-10 16:01:34.260,-115.6841667,33.2458333,2.98,2.94,"12km SSE of Bombay Beach, CA"
ci39338423,2020-08-10 16:00:13.640,-115.6846667,33.255,1.91,3.12,"12km SSE of Bombay Beach, CA"
ci39338415,2020-08-10 15:58:16.660,-115.6858333,33.2436667,2.4,3.01,"13km SSE of Bombay Beach, CA"
ci39338407,2020-08-10 15:56:14.330,-115.69,33.2468333,2.07,4.59,"12km SSE of Bombay Beach, CA"
ci39338399,2020-08-10 15:55:48.220,-115.6953333,33.2506667,2.52,3.54,"12km SSE of Bombay Beach, CA"
ci39338375,2020-08-10 15:39:28.740,-115.6923333,33.2456667,2.6,2.64,"12km SSE of Bombay Beach, CA"
ci39338199,2020-08-10 13:33:56.670,-115.6373333,33.1458333,7.25,3.15,"12km W of Calipatria, CA"
ci39336903,2020-08-09 02:45:11.890,-115.9236667,33.043,2.95,2.83,"22km ESE of Ocotillo Wells, CA"
ci39336295,2020-08-08 13:26:51.960,-117.715,35.8726667,8.25,2.63,"19km ESE of Little Lake, CA"
ci39331047,2020-08-05 05:00:55.420,-117.6571667,34.2018333,9.21,2.61,"11km NW of Rancho Cucamonga, CA"
nc73438321,2020-08-04 21:28:37.230,-120.3443333,36.3428333,7.06,2.97,"18km S of Cantua Creek, CA"
ci39329719,2020-08-04 11:54:39.750,-118.1895,35.6416667,7.6,2.53,"25km ESE of Kernville, CA"
ci39329127,2020-08-04 00:17:29.940,-117.9916667,36.4451667,4.04,2.72,"17km SSE of Lone Pine, CA"
ci39328911,2020-08-03 22:18:51.810,-117.8336667,33.8656667,8.8,3.5,"3km SW of Yorba Linda, CA"
ci39327959,2020-08-03 08:25:22.740,-116.9986667,33.8725,14.09,2.67,"7km SSW of Beaumont, CA"
nc73437281,2020-08-02 12:40:24.270,-121.755,37.408,8.97,2.96,"8km NE of Alum Rock, CA"
nc73437016,2020-08-01 19:32:30.170,-118.74,38.048,5.7,3.33,"30km SE of Bodie, CA"
nc73436996,2020-08-01 18:27:07.980,-118.7325,38.0456667,4.5,2.5,"31km SE of Bodie, CA"
nc73436876,2020-08-01 11:36:21.320,-118.7361667,38.0511667,5.4,2.78,"30km SE of Bodie, CA"
ci39322839,2020-07-30 13:59:16.660,-118.4375,34.3058333,8.98,2.57,"1km ESE of Sylmar, CA"
ci39322775,2020-07-30 13:49:17.200,-118.4443333,34.2975,9.67,2.68,"1km SSE of Sylmar, CA"
ci39322767,2020-07-30 13:48:19.180,-118.4355,34.2936667,7.24,3.73,"1km NNE of San Fernando, CA"
ci39322383,2020-07-30 11:38:39.500,-118.4366667,34.2996667,9.19,3.07,"1km N of San Fernando, CA"
ci39322295,2020-07-30 11:30:34.420,-118.4606667,34.3041667,11.19,2.54,"1km WSW of Sylmar, CA"
ci39322287,2020-07-30 11:29:29.050,-118.4383333,34.3016667,8.85,4.17,"1km SE of Sylmar, CA"
nc73435571,2020-07-30 03:23:01.850,-120.7653333,36.1873333,8.7,3.87,"22km NE of San Ardo, CA"
nc73435536,2020-07-30 01:34:21.130,-121.9926667,39.7785,20.02,2.55,"4km NNE of Hamilton City, CA"
nc73435346,2020-07-29 16:10:11.860,-122.0016667,39.7875,13.77,2.5,"5km NNE of Hamilton City, CA"
nc73434561,2020-07-28 00:29:53.240,-123.772,39.4891667,3.74,2.55,"6km NNE of Fort Bragg, CA"
nc73434111,2020-07-27 12:15:37.110,-121.9898333,39.7836667,14.96,2.64,"5km NNE of Hamilton City, CA"
nc73434031,2020-07-27 07:27:48.270,-121.7708333,37.8316667,14.06,2.54,"11km SSW of Brentwood, CA"
nc73433371,2020-07-26 07:25:21.920,-118.734,38.0463333,4.77,2.5,"30km SE of Bodie, CA"
nc73433351,2020-07-26 06:53:28.170,-121.8035,37.4818333,8.63,2.63,"11km ENE of Milpitas, CA"
ci38609418,2020-07-26 03:29:55.250,-117.091,36.4031667,5.11,2.56,"22km WSW of Furnace Creek, CA"
nc73433146,2020-07-25 21:15:10.410,-121.2828333,36.6833333,4.73,2.92,"12km SSE of Tres Pinos, CA"
ci38608026,2020-07-25 07:49:40.340,-117.9913333,36.4436667,3.85,2.57,"17km SSE of Lone Pine, CA"
nc73432571,2020-07-25 02:36:46.680,-121.6225,36.877,7.4,3.03,"2km SE of Aromas, CA"
ci38607450,2020-07-24 23:04:01.310,-117.993,36.4401667,3.97,2.69,"18km N of Olancha, CA"
nc73432466,2020-07-24 21:20:43.480,-122.756,39.2628333,13.31,2.63,"17km NE of Upper Lake, CA"
nc73432386,2020-07-24 19:03:38.340,-121.6176667,36.8783333,6.79,2.87,"2km ESE of Aromas, CA"
ci38606898,2020-07-24 18:11:12.100,-116.3943333,34.8418333,6.38,2.65,"25km WNW of Ludlow, CA"
ci38605954,2020-07-24 07:05:13.560,-117.9595,36.4451667,7.59,3.74,"19km SSE of Lone Pine, CA"
ci38605594,2020-07-24 01:28:27.940,-117.9588333,36.4666667,7.71,2.68,"17km SE of Lone Pine, CA"
ci38604154,2020-07-23 10:17:02.360,-116.032,32.8691667,7.14,2.53,"15km NNW of Ocotillo, CA"
ci38604050,2020-07-23 05:19:52.830,-117.988,36.4445,2.75,2.96,"17km SSE of Lone Pine, CA"
nc73430631,2020-07-23 02:54:45.950,-121.1926667,35.7428333,5.37,2.56,"11km N of San Simeon, CA"
ci38603874,2020-07-23 02:29:02.450,-117.9903333,36.4463333,3.85,2.79,"17km SSE of Lone Pine, CA"
ci38603762,2020-07-23 00:29:26.230,-117.9891667,36.4476667,4.09,3.67,"17km SSE of Lone Pine, CA"
nc73430191,2020-07-22 18:21:19.140,-118.8355,37.6393333,5.87,2.72,"13km E of Mammoth Lakes, CA"
nc73429416,2020-07-22 06:22:16.260,-121.3135,36.6768333,6.04,2.83,"13km S of Tres Pinos, CA"
nc73429346,2020-07-22 04:57:09.030,-121.3118333,36.6791667,4.83,3.3,"12km S of Tres Pinos, CA"
nc73428961,2020-07-21 11:42:54.520,-120.2933333,39.4328333,6.79,2.62,"15km NW of Truckee, CA"
nc73428831,2020-07-21 00:16:09.590,-123.836,40.1475,22.68,2.56,"3km NNW of Redway, CA"
nc73428826,2020-07-21 00:13:58.530,-123.8375,40.145,23.41,2.65,"3km NNW of Redway, CA"
ci38599882,2020-07-20 22:01:53.080,-119.0378333,34.9318333,13.57,3.6,"10km W of Grapevine, CA"
nc73428571,2020-07-20 09:23:31.690,-118.7518333,38.0436667,4.81,2.98,"29km SE of Bodie, CA"
nc73428141,2020-07-19 10:07:44.550,-118.7341667,38.0463333,6.2,3.54,"30km SE of Bodie, CA"
ci38595986,2020-07-17 22:13:39.620,-117.5841667,35.703,3.37,2.93,"12km NE of Ridgecrest, CA"
ci38592522,2020-07-16 04:50:30.830,-116.8518333,33.7135,15.14,2.59,"5km SE of Valle Vista, CA"
ci38592114,2020-07-15 22:46:18.400,-116.008,33.0191667,10.49,3.04,"18km SE of Ocotillo Wells, CA"
ci38590570,2020-07-15 02:41:32.490,-117.7056667,35.8885,5.61,2.73,"19km ESE of Little Lake, CA"
ci38590066,2020-07-14 18:51:44.890,-117.4916667,35.6855,4.93,2.53,"12km SW of Searles Valley, CA"
nc73426211,2020-07-14 15:00:38.180,-121.2878333,36.6698333,1.74,2.76,"14km SSE of Tres Pinos, CA"
nc73426146,2020-07-14 13:15:53.140,-118.7986667,38.0303333,8.3,2.78,"28km SE of Bodie, CA"
ci39292639,2020-07-14 12:15:18.870,-117.987,36.4538333,3.7,3.58,"16km SSE of Lone Pine, CA"
nc73425991,2020-07-14 05:59:28.830,-118.7393333,38.045,8.2,3.62,"30km SE of Bodie, CA"
ci39291087,2020-07-13 01:18:28.330,-119.4746667,34.3791667,5.92,2.92,"5km ESE of Carpinteria, CA"
ci39285575,2020-07-09 10:03:43.600,-117.4623333,33.9233333,5.32,2.77,"6km SSE of Pedley, CA"
nc73423631,2020-07-09 02:46:21.960,-123.1305,39.2536667,5.15,2.58,"6km ESE of Redwood Valley, CA"
nc73423441,2020-07-08 17:30:46.900,-121.5348333,36.8143333,4.25,2.6,"4km S of San Juan Bautista, CA"
nc73423006,2020-07-07 14:06:41.980,-118.7436667,38.0688333,2.44,2.56,"28km SE of Bodie, CA"
nc73422801,2020-07-07 03:02:01.650,-123.3636667,40.2971667,32.95,2.94,"32km SSW of Hayfork, CA"
ci39282359,2020-07-07 02:34:01.690,-116.3713333,33.3456667,11.36,3.15,"10km N of Borrego Springs, CA"
nc73422696,2020-07-06 22:55:09.200,-121.4556667,36.7478333,7.02,2.88,"11km SW of Ridgemark, CA"
ci39281447,2020-07-06 13:41:59.800,-117.9616667,36.4518333,5.07,2.96,"18km SSE of Lone Pine, CA"
ci39281423,2020-07-06 13:25:05.710,-117.993,36.453,5.08,2.6,"16km SSE of Lone Pine, CA"
ci39281183,2020-07-06 07:53:40.480,-117.996,36.4516667,5.95,2.6,"16km SSE of Lone Pine, CA"
ci39281039,2020-07-06 03:05:16.320,-116.6376667,34.6063333,7.35,3.03,"35km ENE of Lucerne Valley, CA"
nc73422076,2020-07-05 17:20:09.520,-124.155,40.2268333,11.24,2.7,"16km SE of Petrolia, CA"
nc73421981,2020-07-05 16:14:07.710,-122.7663333,38.788,0.92,3.97,"2km NW of The Geysers, CA"
ci39280319,2020-07-05 12:17:01.200,-116.2268333,32.8655,10.16,3.42,"26km WNW of Ocotillo, CA"
ci39280095,2020-07-05 05:56:11.230,-117.982,36.4536667,4.41,2.77,"17km SSE of Lone Pine, CA"
ci39279935,2020-07-05 03:16:27.830,-117.4855,35.6511667,9.5,2.57,"15km SSW of Searles Valley, CA"
nc73421471,2020-07-04 20:09:37.960,-118.7341667,38.054,6.99,3.18,"30km SE of Bodie, CA"
nc73421341,2020-07-04 13:12:53.180,-121.1438333,40.2211667,4.98,3.09,"2km NE of Prattville, CA"
nc73420996,2020-07-03 22:22:53.670,-118.8163333,38.0436667,2.7,2.9,"25km SE of Bodie, CA"
nc73420911,2020-07-03 18:22:48.200,-118.8151667,38.0416667,2.74,2.54,"26km SE of Bodie, CA"
ci39278103,2020-07-03 18:16:36.630,-116.0556667,32.726,10.2,2.58,"6km W of Ocotillo, CA"
nc73420871,2020-07-03 16:13:48.940,-118.7678333,38.039,6.11,2.7,"29km SE of Bodie, CA"
ci39277879,2020-07-03 15:40:03.070,-116.7223333,33.6705,16.23,2.72,"8km S of Idyllwild, CA"
nc73420646,2020-07-03 04:57:12.830,-121.2718333,36.6525,4.43,2.6,"16km SSE of Tres Pinos, CA"
nc73420366,2020-07-02 18:49:41.090,-118.7313333,37.4646667,5.11,3.42,"12km SSW of Toms Place, CA"
nc73420296,2020-07-02 16:12:49.130,-118.7315,37.4626667,4.23,2.72,"12km SSW of Toms Place, CA"
nc73420031,2020-07-02 04:02:44.790,-121.3785,36.8001667,5.56,2.63,"2km SW of Ridgemark, CA"
ci39275615,2020-07-01 17:06:09.530,-115.6228333,33.071,10.51,2.51,"4km N of Westmorland, CA"
ci39275351,2020-07-01 13:55:32.640,-118.442,34.2955,8.57,2.51,"1km NNW of San Fernando, CA"
ci39273391,2020-06-30 06:26:59.060,-115.9,33.0471667,7.74,2.53,"24km ESE of Ocotillo Wells, CA"
ci39271943,2020-06-29 07:07:56.440,-118.0006667,36.4608333,6.09,2.56,"15km SSE of Lone Pine, CA"
ci39271919,2020-06-29 06:53:34.870,-117.98,36.4413333,3.75,2.5,"18km N of Olancha, CA"
ci39271783,2020-06-29 01:55:49.010,-117.9756667,36.4833333,7.16,3.55,"14km SE of Lone Pine, CA"
ci39271647,2020-06-28 22:13:58.510,-115.6945,33.2341667,2.72,3.7,"13km SSE of Bombay Beach, CA"
nc73418371,2020-06-28 10:59:26.180,-122.8091667,38.8263333,1.53,2.56,"7km NW of The Geysers, CA"
nc73418291,2020-06-28 09:59:07.110,-122.8118333,38.8305,2.53,2.57,"8km NW of The Geysers, CA"
nc73417896,2020-06-27 20:06:34.910,-119.5561667,38.6736667,-0.99,2.68,"21km E of Markleeville, CA"
ci39268871,2020-06-27 02:05:28.460,-117.7063333,35.9133333,9.02,2.88,"18km E of Little Lake, CA"
nc73417416,2020-06-27 01:37:34.260,-118.7321667,38.061,11.39,2.71,"30km SE of Bodie, CA"
nc73417336,2020-06-26 23:41:02.010,-118.7455,38.0633333,-0.78,2.54,"28km SE of Bodie, CA"
ci37448893,2020-06-26 18:55:39.000,-117.9888333,36.4451667,3.5,2.55,"17km SSE of Lone Pine, CA"
ci39268303,2020-06-26 18:55:08.110,-117.9836667,36.442,4.03,3.21,"18km SSE of Lone Pine, CA"
ci39268095,2020-06-26 17:23:10.200,-117.9666667,36.4783333,6.78,2.84,"15km SE of Lone Pine, CA"
ci39268087,2020-06-26 17:14:13.810,-117.9631667,36.4358333,5.04,2.85,"18km NNE of Olancha, CA"
ci39268023,2020-06-26 16:57:05.330,-117.9783333,36.4453333,4.0,3.09,"18km SSE of Lone Pine, CA"
ci39267255,2020-06-26 07:38:48.330,-117.9818333,36.4453333,4.85,2.57,"18km SSE of Lone Pine, CA"
ci39266839,2020-06-26 02:23:26.190,-117.992,36.4451667,3.94,3.33,"17km SSE of Lone Pine, CA"
ci39266607,2020-06-25 22:21:44.100,-117.9748333,36.4438333,5.43,3.12,"18km SSE of Lone Pine, CA"
ci39266591,2020-06-25 22:17:08.640,-117.9746667,36.4428333,5.52,2.85,"18km N of Olancha, CA"
ci39266287,2020-06-25 19:48:06.100,-116.4313333,33.4465,10.7,3.03,"22km NNW of Borrego Springs, CA"
ci39266159,2020-06-25 19:06:44.890,-117.9895,36.4478333,3.75,3.15,"17km SSE of Lone Pine, CA"
ci39266039,2020-06-25 18:16:59.210,-117.9765,36.4508333,7.08,2.8,"17km SSE of Lone Pine, CA"
ci39266015,2020-06-25 18:12:01.050,-117.9718333,36.4491667,4.34,2.85,"18 km SSE of Lone Pine, CA"
ci39496912,2020-06-25 16:25:11.770,-117.9633333,36.4453333,8.32,2.78,"18km SSE of Lone Pine, CA"
ci39496744,2020-06-25 15:13:33.000,-117.971,36.4763333,6.73,2.8,"15km SE of Lone Pine, CA"
ci39496504,2020-06-25 13:58:38.830,-117.9603333,36.4395,6.89,3.05,"18km NNE of Olancha, CA"
ci39496160,2020-06-25 10:34:27.730,-117.9705,36.4841667,6.53,3.47,"14km SE of Lone Pine, CA"
ci39496144,2020-06-25 10:27:03.940,-116.2926667,33.3626667,12.59,2.84,"14km NNE of Borrego Springs, CA"
ci39496120,2020-06-25 10:17:10.600,-117.968,36.4441667,6.86,2.95,"18km SSE of Lone Pine, CA"
ci39495976,2020-06-25 08:18:30.850,-117.964,36.4435,6.71,2.67,"18km NNE of Olancha, CA"
ci39495808,2020-06-25 06:38:56.330,-117.9535,36.467,8.01,2.64,"17km SE of Lone Pine, CA"
ci39495592,2020-06-25 04:42:35.670,-117.9625,36.4366667,6.79,2.74,"18km NNE of Olancha, CA"
nc73415886,2020-06-25 04:09:07.470,-122.743,38.7751667,0.52,3.23,"1km ESE of The Geysers, CA"
ci39495312,2020-06-25 01:50:21.060,-117.9716667,36.4431667,6.44,2.67,"18km N of Olancha, CA"
ci39495288,2020-06-25 01:33:11.160,-117.9475,36.4676667,11.36,2.81,"17km SE of Lone Pine, CA"
ci39495280,2020-06-25 01:32:50.070,-118.0003333,36.4671667,6.35,2.59,"15km SSE of Lone Pine, CA"
ci39495264,2020-06-25 01:25:55.200,-117.9621667,36.4668333,6.63,2.61,"16km SE of Lone Pine, CA"
ci39495128,2020-06-25 00:09:30.790,-117.9736667,36.481,7.23,3.43,"15km SE of Lone Pine, CA"
ci39494672,2020-06-24 21:12:48.730,-117.9716667,36.4795,6.86,3.73,"15km SE of Lone Pine, CA"
ci39494608,2020-06-24 20:49:41.720,-119.1785,35.271,21.42,2.91,"13km SSW of Rosedale, CA"
ci37447973,2020-06-24 20:07:21.620,-117.9528333,36.4285,2.05,2.5,"17km NNE of Olancha, CA"
ci39494336,2020-06-24 19:21:39.860,-117.968,36.4433333,6.57,2.67,"18km N of Olancha, CA"
ci39494264,2020-06-24 19:02:17.850,-117.933,36.4375,8.32,3.3,"18km NNE of Olancha, CA"
ci39494240,2020-06-24 18:55:53.990,-117.9403333,36.4495,8.23,2.67,"19km SE of Lone Pine, CA"
ci39494144,2020-06-24 18:27:57.700,-118.0006667,36.4668333,6.65,2.6,"15km SSE of Lone Pine, CA"
ci39494136,2020-06-24 18:26:38.480,-117.9646667,36.4783333,10.22,2.71,"15km SE of Lone Pine, CA"
ci39494128,2020-06-24 18:25:39.550,-117.9735,36.4845,9.45,3.25,"14km SE of Lone Pine, CA"
ci39494120,2020-06-24 18:20:38.300,-117.9681667,36.4806667,10.23,3.77,"15km SE of Lone Pine, CA"
ci39494088,2020-06-24 18:14:18.060,-117.9518333,36.439,7.33,3.06,"18km NNE of Olancha, CA"
ci39494056,2020-06-24 18:10:20.530,-117.989,36.4618333,6.13,2.6,"16km SSE of Lone Pine, CA"
nc73415191,2020-06-24 18:08:35.130,-118.849,37.579,2.82,2.8,"13km ESE of Mammoth Lakes, CA"
ci39494024,2020-06-24 18:05:07.880,-117.967,36.4576667,6.69,2.65,"17km SSE of Lone Pine, CA"
us7000aa96,2020-06-24 18:05:07.355,-117.9695,36.4599,9.25,2.6,"9 km WSW of Keeler, California"
ci39494008,2020-06-24 17:59:19.960,-117.9311667,36.456,9.62,4.59,"19km SE of Lone Pine, CA"
ci37280444,2020-06-24 17:56:58.910,-117.9906667,36.4673333,16.36,2.67,"15km SSE of Lone Pine, CA"
ci39493976,2020-06-24 17:47:04.850,-117.9381667,36.4366667,8.47,2.92,"18km NNE of Olancha, CA"
ci39493968,2020-06-24 17:45:00.530,-117.9385,36.4568333,10.88,3.49,"19km SE of Lone Pine, CA"
ci39493944,2020-06-24 17:40:49.240,-117.9751667,36.4468333,4.66,5.8,"18km SSE of Lone Pine, CA"
ci39493832,2020-06-24 17:11:28.390,-117.9753333,36.4431667,4.9,2.51,"18km SSE of Lone Pine, CA"
ci39492720,2020-06-24 00:56:48.020,-117.5436667,35.7353333,2.55,2.95,"13km WSW of Searles Valley, CA"
ci39492120,2020-06-23 16:56:15.240,-117.9771667,36.4468333,4.72,2.81,"18km SSE of Lone Pine, CA"
ci37447629,2020-06-23 06:48:25.290,-117.9933333,36.4623333,6.51,2.88,"15km SSE of Lone Pine, CA"
ci39491464,2020-06-23 06:48:10.430,-117.9808333,36.4585,5.03,3.15,"16km SSE of Lone Pine, CA"
nc73414356,2020-06-23 04:46:33.380,-118.7413333,38.0665,6.88,3.31,"29km SE of Bodie, CA"
nc73414321,2020-06-23 03:09:19.980,-122.267,37.3841667,10.32,2.74,"3km W of Portola Valley, CA"
ci37447621,2020-06-23 02:52:06.440,-117.9833333,36.445,0.19,3.66,"18km SSE of Lone Pine, CA"
ci39491208,2020-06-23 02:51:58.480,-117.983,36.4465,4.35,3.79,"17km SSE of Lone Pine, CA"
nc73414291,2020-06-23 02:38:54.760,-118.7615,38.0461667,6.56,2.88,"29km SE of Bodie, CA"
ci39491112,2020-06-23 01:46:08.430,-117.9756667,36.4465,6.64,2.83,"18km SSE of Lone Pine, CA"
ci39491104,2020-06-23 01:39:49.740,-117.988,36.4471667,4.82,2.69,"17km SSE of Lone Pine, CA"
ci39491000,2020-06-23 00:44:42.450,-117.9865,36.4448333,5.75,2.88,"17km SSE of Lone Pine, CA"
ci39490976,2020-06-23 00:33:57.560,-117.9751667,36.446,6.73,2.95,"18km SSE of Lone Pine, CA"
ci39490968,2020-06-23 00:30:52.730,-117.9776667,36.4503333,3.77,3.82,"17km SSE of Lone Pine, CA"
ci37447541,2020-06-23 00:26:46.470,-117.99,36.4545,7.4,3.26,"16km SSE of Lone Pine, CA"
ci39490952,2020-06-23 00:25:46.390,-117.984,36.4466667,2.26,4.65,"17km SSE of Lone Pine, CA"
nc73413951,2020-06-22 16:29:14.470,-118.769,38.0386667,5.05,2.6,"29km SE of Bodie, CA"
nc73413296,2020-06-21 19:53:50.310,-122.8193333,38.8023333,2.32,2.76,"6km WNW of The Geysers, CA"
nc73413186,2020-06-21 17:13:28.280,-118.5888333,37.4545,10.59,2.8,"4km N of Round Valley, CA"
ci39488496,2020-06-21 09:11:21.980,-116.4298333,34.2543333,2.17,3.0,"16km N of Yucca Valley, CA"
nc73412801,2020-06-21 01:57:20.980,-123.7411667,40.092,21.97,2.7,"8km ESE of Redway, CA"
nc73412716,2020-06-20 21:51:24.300,-118.7491667,38.0436667,-0.3,2.78,"30km SE of Bodie, CA"
nc73412661,2020-06-20 19:39:27.490,-120.5671667,36.0015,4.45,2.73,"17km NW of Parkfield, CA"
ci39487112,2020-06-20 09:02:29.220,-115.769,33.3533333,4.83,2.93,"3km W of Bombay Beach, CA"
ci39485616,2020-06-19 12:54:16.570,-117.4378333,35.6466667,2.71,2.54,"14km SSW of Searles Valley, CA"
nc73411671,2020-06-19 03:05:38.600,-118.8888333,37.5525,5.54,2.94,"12km SE of Mammoth Lakes, CA"
ci39484672,2020-06-18 21:37:17.640,-117.6543333,35.8293333,7.06,2.76,"23km N of Ridgecrest, CA"
nc73411451,2020-06-18 19:14:27.630,-122.7055,38.7541667,1.39,2.61,"3km SSW of Anderson Springs, CA"
ci39484352,2020-06-18 18:14:25.200,-117.4376667,35.6458333,2.85,2.9,"14km SSW of Searles Valley, CA"
ci39483592,2020-06-18 00:35:11.810,-119.3893333,34.5803333,0.59,3.18,"20km NW of Ojai, CA"
ci39483392,2020-06-17 20:32:03.570,-118.48,35.3635,1.84,2.91,"25km S of Bodfish, CA"
nc73410846,2020-06-17 17:35:02.600,-121.7625,37.414,8.23,3.36,"8km NE of Alum Rock, CA"
nc73410171,2020-06-16 16:58:26.060,-122.8091667,38.8375,0.94,2.64,"8km WNW of Cobb, CA"
nc73410131,2020-06-16 16:57:53.630,-122.8116667,38.8353333,0.54,2.59,"8km W of Cobb, CA"
nc73409931,2020-06-16 07:59:54.540,-121.6843333,36.1968333,13.41,2.78,"22km NNW of Lopez Point, CA"
ci39481424,2020-06-16 05:58:22.780,-117.8073333,36.0433333,1.34,3.8,"13km E of Coso Junction, CA"
nc73409341,2020-06-15 10:32:38.980,-118.8031667,38.0223333,4.82,2.93,"28km SE of Bodie, CA"
nc73408456,2020-06-13 18:16:22.970,-119.5353333,38.664,4.77,2.95,"21km SW of Smith Valley, NV"
ci39477608,2020-06-13 06:45:06.930,-117.705,35.9026667,2.66,3.14,"19km ESE of Little Lake, CA"
ci39475936,2020-06-12 06:19:39.040,-119.7331667,35.5298333,5.26,2.62,"28km WNW of Buttonwillow, CA"
nc73407201,2020-06-11 17:05:04.510,-120.2928333,39.434,6.59,2.75,"15km NW of Truckee, CA"
ci39473968,2020-06-11 04:14:12.590,-117.6818333,35.8353333,7.81,3.62,"23km ESE of Little Lake, CA"
nc73406791,2020-06-11 03:39:31.330,-122.7138333,38.7695,1.86,2.59,"2km WSW of Anderson Springs, CA"
ci39473904,2020-06-11 03:11:05.400,-116.8023333,33.8576667,13.82,2.76,"7km SSW of Cabazon, CA"
nc73406336,2020-06-10 13:25:46.400,-121.3758333,36.728,2.26,3.27,"8km SW of Tres Pinos, CA"
ci39472648,2020-06-10 08:40:19.110,-115.7788333,32.7125,7.56,2.62,"20km E of Ocotillo, CA"
nc73405671,2020-06-09 13:32:02.500,-122.2486667,37.8695,8.96,2.65,"2km E of Berkeley, CA"
nc73405026,2020-06-08 09:00:45.990,-118.7325,38.0583333,11.89,2.89,"30km SE of Bodie, CA"
ci39469960,2020-06-08 07:50:13.610,-116.7513333,33.2886667,11.9,2.5,"5km NNE of Lake Henshaw, CA"
ci39469848,2020-06-08 04:15:05.770,-117.4175,35.6376667,3.64,4.29,"14km S of Searles Valley, CA"
ci39469304,2020-06-07 17:22:21.950,-116.7448333,33.2295,9.43,2.59,"2km SE of Lake Henshaw, CA"
nc73404456,2020-06-07 13:13:24.570,-118.7708333,38.0381667,6.77,3.4,"29km SE of Bodie, CA"
ci39468648,2020-06-07 03:42:04.120,-117.9843333,36.1478333,2.73,3.49,"12km NNW of Coso Junction, CA"
nc73404071,2020-06-07 02:22:55.640,-118.9913333,37.5155,3.7,2.68,"14km S of Mammoth Lakes, CA"
ci39468576,2020-06-07 01:50:59.320,-116.0031667,33.1616667,7.09,3.26,"12km E of Ocotillo Wells, CA"
nc73403746,2020-06-06 12:21:03.220,-123.6206667,39.7698333,-0.77,2.78,"15km NW of Laytonville, CA"
ci39467768,2020-06-06 05:44:33.720,-116.3055,33.0035,4.4,2.71,"22km SW of Ocotillo Wells, CA"
nc73403421,2020-06-05 23:09:19.630,-121.671,36.9438333,6.53,3.16,"6km E of Interlaken, CA"
ci39467392,2020-06-05 22:20:02.690,-117.9828333,36.1513333,2.67,2.71,"12km NNW of Coso Junction, CA"
nc73403261,2020-06-05 20:35:44.170,-122.8245,38.8028333,2.11,2.5,"6km WNW of The Geysers, CA"
ci39466504,2020-06-05 11:07:58.590,-117.9873333,36.1458333,2.28,2.5,"12km NNW of Coso Junction, CA"
nc73402681,2020-06-04 19:23:16.350,-122.9146667,39.8028333,10.08,2.63,"23km NW of Alder Springs, CA"
ci39465080,2020-06-04 16:23:49.670,-115.763,32.7113333,10.1,2.56,"21km WSW of El Centro, CA"
ci39464360,2020-06-04 10:27:28.650,-117.4233333,35.6458333,6.01,3.64,"14km S of Searles Valley, CA"
ci39464208,2020-06-04 08:47:16.440,-117.4206667,35.6148333,9.93,2.68,"17km SSW of Trona, CA"
ci39463528,2020-06-04 04:37:46.510,-117.4083333,35.6061667,6.34,3.54,"18km S of Trona, CA"
ci39463336,2020-06-04 03:47:35.700,-117.421,35.6313333,8.75,3.1,"15km S of Searles Valley, CA"
ci39463304,2020-06-04 03:39:11.440,-117.4016667,35.5966667,8.84,2.95,"19km S of Trona, CA"
ci39463272,2020-06-04 03:32:45.750,-117.4501667,35.6506667,2.81,2.53,"14km SSW of Searles Valley, CA"
ci39463040,2020-06-04 02:43:57.790,-117.4118333,35.6216667,9.29,3.26,"16km S of Trona, CA"
ci39462920,2020-06-04 02:27:54.610,-117.9796667,36.1498333,2.01,4.16,"12km NNW of Coso Junction, CA"
ci39462832,2020-06-04 02:15:27.910,-117.4093333,35.6108333,9.11,2.57,"17km S of Trona, CA"
ci39462768,2020-06-04 02:07:26.600,-117.4098333,35.6068333,8.21,3.22,"18km S of Trona, CA"
ci39462744,2020-06-04 02:04:00.090,-117.4205,35.625,9.61,3.01,"16km S of Searles Valley, CA"
ci39462672,2020-06-04 01:52:45.900,-117.4243333,35.6245,10.06,3.28,"16km S of Searles Valley, CA"
ci39462600,2020-06-04 01:42:35.760,-117.4123333,35.6396667,9.26,2.56,"14km SSW of Trona, CA"
ci39462592,2020-06-04 01:42:17.350,-117.415,35.6121667,9.01,2.71,"17km S of Trona, CA"
ci39462552,2020-06-04 01:35:57.640,-117.4005,35.5998333,10.18,2.67,"18km S of Trona, CA"
ci39462536,2020-06-04 01:32:11.140,-117.4281667,35.6148333,8.44,5.51,"17km S of Searles Valley, CA"
nc73401996,2020-06-04 00:51:23.350,-118.75,38.0446667,4.35,2.99,"30km SE of Bodie, CA"
ci39462368,2020-06-03 23:13:45.070,-117.9826667,36.1468333,1.81,3.44,"12km NNW of Coso Junction, CA"
ci39228639,2020-06-03 15:34:37.640,-117.9841667,36.1456667,2.7,2.54,"12km NNW of Coso Junction, CA"
ci39228631,2020-06-03 15:33:36.840,-117.9841667,36.1446667,2.03,3.11,"12km NNW of Coso Junction, CA"
nc73401476,2020-06-03 06:07:33.250,-122.7601667,38.8201667,2.15,2.53,"3km W of Cobb, CA"
ci39227895,2020-06-03 04:36:23.390,-117.1843333,35.2301667,1.47,3.9,"40km NNW of Barstow, CA"
nc73401346,2020-06-03 00:42:42.880,-118.7561667,38.0413333,2.7,2.52,"29km SE of Bodie, CA"
ci39227655,2020-06-02 23:28:55.020,-120.2656667,34.7931667,1.83,2.67,"6km NNE of Los Alamos, CA"
nc73401216,2020-06-02 21:19:25.040,-121.2806667,36.6575,5.89,2.94,"15km SSE of Tres Pinos, CA"
ci39227191,2020-06-02 15:14:47.760,-117.7258333,35.8948333,7.08,2.64,"17km ESE of Little Lake, CA"
ci39226575,2020-06-02 05:39:31.450,-115.6558333,33.1576667,3.55,2.81,"14km WNW of Calipatria, CA"
ci39224439,2020-05-31 16:56:58.970,-115.5121667,32.8901667,5.46,2.56,"7km NE of Imperial, CA"
ci39223895,2020-05-31 05:26:33.460,-119.733,35.5186667,9.26,2.6,"27km WNW of Buttonwillow, CA"
nc73399461,2020-05-31 01:37:18.460,-118.7591667,38.0431667,6.46,2.98,"29km SE of Bodie, CA"
nc73399446,2020-05-31 01:07:15.780,-118.7618333,38.0448333,8.11,4.34,"29km SE of Bodie, CA"
nc73399286,2020-05-30 17:17:04.760,-118.7623333,38.0451667,-1.67,2.8,"29km SE of Bodie, CA"
ci39223271,2020-05-30 14:33:04.560,-119.7601667,35.5066667,10.46,2.62,"28km NE of Simmler, CA"
nc73399001,2020-05-30 09:22:57.480,-118.7496667,38.0481667,8.83,3.61,"29km SE of Bodie, CA"
nc73398981,2020-05-30 09:07:32.460,-118.75,38.0446667,6.99,3.49,"30km SE of Bodie, CA"
nc73397916,2020-05-28 19:19:13.100,-121.2631667,36.6403333,9.19,3.47,"16km NW of Pinnacles, CA"
nc73397451,2020-05-28 04:39:23.180,-118.761,38.0438333,2.7,2.52,"29km SE of Bodie, CA"
nc73397436,2020-05-28 04:19:09.920,-118.7628333,38.0446667,6.26,3.27,"29km SE of Bodie, CA"
nc73397431,2020-05-28 04:18:09.310,-118.7581667,38.0435,7.55,3.01,"29km SE of Bodie, CA"
nc73397161,2020-05-27 17:02:01.810,-121.6213333,36.8876667,6.8,3.23,"2km E of Aromas, CA"
ci39218863,2020-05-27 04:52:31.080,-118.9645,35.385,15.96,3.66,"6km SE of Oildale, CA"
ci39218391,2020-05-26 19:53:46.400,-115.7691667,32.7123333,10.2,3.59,"21km E of Ocotillo, CA"
nc73396131,2020-05-25 23:20:01.290,-124.2525,40.3593333,29.58,2.61,"5km NE of Petrolia, CA"
nc73395891,2020-05-25 15:27:23.760,-121.2883333,36.8243333,8.91,3.06,"5km NE of Tres Pinos, CA"
ci39214247,2020-05-24 12:55:09.240,-117.7163333,35.8708333,7.11,3.78,"19km ESE of Little Lake, CA"
ci39214127,2020-05-24 11:30:37.120,-117.7166667,35.871,7.02,3.53,"19km ESE of Little Lake, CA"
nc73394496,2020-05-23 19:58:02.380,-118.9906667,37.5171667,3.31,2.5,"13km S of Mammoth Lakes, CA"
nc73394316,2020-05-23 15:08:24.320,-118.9906667,37.5161667,3.07,2.55,"14km S of Mammoth Lakes, CA"
nc73393851,2020-05-23 03:29:30.760,-118.9915,37.5153333,2.93,3.14,"14km S of Mammoth Lakes, CA"
nc73393256,2020-05-22 13:58:05.930,-119.2688333,37.0831667,44.62,3.16,"5km ESE of Shaver Lake, CA"
nc73393171,2020-05-22 11:46:21.230,-121.1781667,36.581,5.75,2.71,"6km NNW of Pinnacles, CA"
ci39208391,2020-05-20 16:40:56.400,-117.497,35.7031667,8.96,3.58,"11km SW of Searles Valley, CA"
nc73390081,2020-05-19 10:19:26.770,-124.0283333,40.3033333,28.95,2.6,"22km E of Petrolia, CA"
nc73389911,2020-05-19 07:02:01.760,-118.7273333,38.0541667,6.99,3.28,"30km SE of Bodie, CA"
nc73389906,2020-05-19 06:53:56.140,-119.4155,37.6385,9.97,2.82,"18km SE of Yosemite Valley, CA"
nc73389601,2020-05-18 23:22:42.630,-121.0055,36.4175,7.35,2.5,"18km SE of Pinnacles, CA"
ci39206303,2020-05-18 21:02:32.680,-116.8153333,33.5835,3.74,2.56,"14km WNW of Anza, CA"
nc73389486,2020-05-18 19:49:41.080,-118.795,38.0286667,10.36,2.55,"28km SE of Bodie, CA"
ci39205279,2020-05-17 23:49:36.210,-116.298,33.9773333,2.12,2.56,"18km S of Joshua Tree, CA"
nc73389810,2020-05-17 17:36:39.200,-120.561,35.9941667,3.79,3.17,"16km NW of Parkfield, CA"
ci39204695,2020-05-17 13:49:30.610,-117.6825,35.8783333,3.94,3.11,"21km ESE of Little Lake, CA"
nc73388380,2020-05-16 16:38:34.920,-121.3125,36.6841667,4.47,3.17,"12km S of Tres Pinos, CA"
ci39202567,2020-05-16 03:31:06.580,-117.3355,35.9555,3.3,3.06,"22km N of Trona, CA"
ci39202447,2020-05-16 01:46:57.030,-117.9233333,36.1515,2.16,3.4,"12km N of Coso Junction, CA"
nc73386685,2020-05-15 21:47:23.890,-120.851,39.9621667,11.71,3.07,"5km NE of East Quincy, CA"
ci39200959,2020-05-15 08:21:00.700,-117.978,36.4576667,6.44,2.58,"16km SSE of Lone Pine, CA"
ci39200671,2020-05-14 23:37:40.040,-117.4188333,35.596,6.08,3.26,"19km S of Trona, CA"
nc73384500,2020-05-13 21:00:19.730,-118.7525,38.0435,7.02,2.51,"29km SE of Bodie, CA"
nc73384355,2020-05-13 10:57:25.610,-120.3688333,39.301,3.35,2.53,"16km W of Truckee, CA"
ci38491946,2020-05-13 09:03:47.210,-117.9768333,36.4545,4.45,2.93,"17km SSE of Lone Pine, CA"
ci38491842,2020-05-13 05:29:42.500,-117.506,35.6608333,2.83,2.52,"15km SW of Searles Valley, CA"
ci38491706,2020-05-13 01:31:08.080,-116.5211667,33.499,10.16,3.15,"15km ESE of Anza, CA"
nc73384075,2020-05-12 18:15:13.700,-118.025,37.4503333,13.02,3.45,"10km NNW of Deep Springs, CA"
ci38491186,2020-05-12 17:15:44.790,-116.0171667,32.8671667,10.39,3.32,"15km N of Ocotillo, CA"
ci38490402,2020-05-12 02:46:47.250,-116.0231667,33.0118333,9.89,3.3,"18km SE of Ocotillo Wells, CA"
ci38490210,2020-05-11 22:59:16.700,-117.5521667,35.7136667,4.63,2.58,"15km WSW of Searles Valley, CA"
nc73383660,2020-05-11 20:43:36.810,-118.6993333,38.0066667,-0.66,3.1,"36km SE of Bodie, CA"
nc73383655,2020-05-11 20:26:07.410,-118.7035,38.0055,-1.0,3.49,"35km SE of Bodie, CA"
ci38489754,2020-05-11 16:40:54.560,-116.5041667,33.4975,12.49,3.1,"17km ESE of Anza, CA"
nc73383490,2020-05-11 12:31:27.180,-123.4158333,41.0496667,36.55,2.75,"22km NE of Willow Creek, CA"
ci38489410,2020-05-11 12:30:15.750,-116.0171667,33.023,8.12,2.67,"17km SE of Ocotillo Wells, CA"
nc73383430,2020-05-11 10:02:16.290,-118.8825,37.6301667,4.98,2.79,"8km E of Mammoth Lakes, CA"
nc73383395,2020-05-11 07:44:38.530,-118.5823333,37.4955,10.87,2.78,"9km N of Round Valley, CA"
ci38488706,2020-05-11 00:44:43.540,-116.0243333,33.0166667,8.06,2.92,"17km SE of Ocotillo Wells, CA"
ci38488354,2020-05-10 22:07:40.370,-116.0201667,33.0183333,10.16,4.54,"17km SE of Ocotillo Wells, CA"
ci38488298,2020-05-10 20:48:26.760,-116.3,33.9773333,2.0,2.58,"18km S of Joshua Tree, CA"
ci38486594,2020-05-09 09:59:14.440,-117.3358333,35.9566667,3.19,2.93,"22km N of Trona, CA"
ci38486090,2020-05-08 23:40:48.690,-118.5275,35.3048333,3.9,2.6,"20km NNW of Tehachapi, CA"
ci38485930,2020-05-08 20:35:33.270,-117.4305,35.5598333,4.1,2.62,"23km SSW of Trona, CA"
nc73381925,2020-05-08 16:43:34.310,-118.7521667,38.0556667,4.01,2.88,"29km SE of Bodie, CA"
us70009cel,2020-05-08 14:55:08.468,-118.7414,38.0472,6.02,3.7,"34 km NW of Benton, California"
nc73381585,2020-05-07 23:49:11.820,-120.563,36.0003333,4.64,2.81,"16km NW of Parkfield, CA"
ci38483666,2020-05-07 07:35:04.620,-117.9756667,36.4588333,5.34,2.64,"16km SSE of Lone Pine, CA"
ci38483562,2020-05-07 05:03:08.320,-117.5881667,36.1041667,1.34,2.77,"33km ENE of Coso Junction, CA"
nc73381160,2020-05-06 20:11:23.830,-123.425,41.0468333,36.5,2.59,"21km NE of Willow Creek, CA"
ci38482138,2020-05-06 08:29:03.920,-115.6158333,33.1885,4.76,2.51,"11km WSW of Niland, CA"
ci38482130,2020-05-06 08:27:05.150,-115.6156667,33.1843333,10.62,3.87,"11km SW of Niland, CA"
nc73380790,2020-05-06 05:54:12.930,-120.581,36.0201667,4.48,2.82,"19km NW of Parkfield, CA"
ci38481818,2020-05-06 02:57:05.140,-116.9368333,34.9813333,4.76,2.75,"12km NE of Barstow, CA"
ci38480762,2020-05-05 15:12:25.900,-117.976,36.4585,6.44,2.98,"16km SSE of Lone Pine, CA"
nc73380520,2020-05-05 13:32:26.910,-118.747,38.048,4.47,2.55,"30km SE of Bodie, CA"
nc73380150,2020-05-04 16:46:47.220,-121.5876667,36.7521667,2.71,2.9,"8km ESE of Prunedale, CA"
ci38479090,2020-05-04 14:43:16.430,-117.8935,36.087,5.15,2.62,"7km NE of Coso Junction, CA"
ci38478986,2020-05-04 13:35:36.370,-117.8921667,36.0875,5.09,2.56,"7km NE of Coso Junction, CA"
ci38478418,2020-05-03 21:45:40.180,-118.6113333,34.2571667,6.58,2.88,"1km W of Chatsworth, CA"
ci38478306,2020-05-03 19:17:33.270,-117.1046667,33.932,15.1,2.52,"8km SW of Calimesa, CA"
ci38477842,2020-05-03 10:19:24.720,-118.6093333,34.262,6.35,3.12,"1km NW of Chatsworth, CA"
nc73379665,2020-05-03 10:06:35.870,-121.9361667,39.593,19.36,2.64,"13km WSW of Durham, CA"
ci38477458,2020-05-02 23:44:37.050,-115.4306667,32.7553333,16.91,3.58,"8km SW of Holtville, CA"
nc73379165,2020-05-02 05:20:46.170,-120.451,39.1838333,3.78,2.79,"25km W of Sunnyside-Tahoe City, CA"
ci38476354,2020-05-02 03:01:44.710,-115.6178333,33.1806667,2.89,2.83,"11km SW of Niland, CA"
nc73378525,2020-04-30 09:57:19.930,-118.7358333,38.0511667,-0.8,2.81,"30km SE of Bodie, CA"
ci39409760,2020-04-29 13:11:02.400,-117.6158333,35.7915,6.53,2.77,"19km W of Searles Valley, CA"
nc73378105,2020-04-29 12:10:38.360,-118.3685,37.3256667,8.42,3.73,"5km SSE of Bishop, CA"
nc73378025,2020-04-29 09:50:13.440,-122.0145,39.7765,15.75,2.83,"4km N of Hamilton City, CA"
ci39409056,2020-04-28 21:15:12.580,-117.6485,35.8161667,1.97,2.57,"22 km N of Ridgecrest, CA"
ci39408848,2020-04-28 18:40:21.240,-117.6668333,35.8658333,7.22,2.54,"23km ESE of Little Lake, CA"
nc73377750,2020-04-28 17:49:35.180,-118.7511667,38.0458333,2.79,2.85,"29km SE of Bodie, CA"
nc73377615,2020-04-28 06:19:19.770,-118.7666667,38.0396667,7.6,2.64,"29km SE of Bodie, CA"
ci39406880,2020-04-27 03:46:00.410,-117.4963333,35.6738333,8.76,4.0,"13km SW of Searles Valley, CA"
ci39402088,2020-04-23 03:31:16.780,-118.5851667,35.2998333,5.94,2.7,"22km NNW of Tehachapi, CA"
ci39400304,2020-04-22 07:03:47.740,-118.3495,33.989,11.6,3.69,"1km S of View Park-Windsor Hills, CA"
ci39399720,2020-04-21 18:20:44.300,-116.7465,35.9628333,2.26,2.67,"43km W of Shoshone, CA"
nc73374335,2020-04-21 07:51:37.750,-118.7565,38.0416667,3.11,3.27,"29km SE of Bodie, CA"
nc73374265,2020-04-21 05:13:31.300,-118.7553333,38.0443333,6.84,4.01,"29km SE of Bodie, CA"
nc73374240,2020-04-21 04:14:17.630,-118.754,38.0443333,4.67,2.58,"29km SE of Bodie, CA"
nc73374120,2020-04-21 00:12:22.830,-118.7506667,38.0468333,8.63,2.94,"29km SE of Bodie, CA"
ci39398768,2020-04-20 23:27:58.260,-117.4225,35.6176667,10.12,2.74,"17km S of Searles Valley, CA"
ci39398080,2020-04-20 18:28:20.810,-116.7961667,33.4841667,5.96,2.53,"8km NE of Aguanga, CA"
nc73373940,2020-04-20 18:12:08.900,-121.9533333,37.843,10.88,2.5,"1km NNE of Diablo, CA"
nc73373615,2020-04-20 04:40:37.790,-118.7296667,38.0588333,1.63,2.89,"30km SE of Bodie, CA"
nc73373425,2020-04-19 22:01:51.930,-118.7206667,38.0588333,4.21,2.51,"31km ESE of Bodie, CA"
nc73373345,2020-04-19 17:37:06.690,-118.7636667,38.0435,6.63,2.93,"29km SE of Bodie, CA"
ci39396176,2020-04-19 08:34:49.120,-119.427,34.4815,0.08,3.43,"12km NE of Carpinteria, CA"
ci39395096,2020-04-18 13:03:01.490,-117.3618333,35.9998333,2.36,3.39,"26km N of Searles Valley, CA"
ci39395080,2020-04-18 12:50:14.780,-117.3606667,36.0,2.19,3.44,"26km N of Searles Valley, CA"
ci39394672,2020-04-18 04:41:02.950,-116.8391667,33.7126667,16.39,2.96,"6km SE of Valle Vista, CA"
nc73372290,2020-04-17 23:53:15.560,-118.7566667,38.0475,6.07,2.78,"29km SE of Bodie, CA"
ci39393256,2020-04-17 11:19:25.010,-116.5153333,33.4885,9.5,2.53,"16km ESE of Anza, CA"
nc73372055,2020-04-17 10:13:39.680,-118.7983333,38.0381667,10.85,3.26,"27km SE of Bodie, CA"
nc73371980,2020-04-17 06:52:49.200,-118.7575,38.0493333,6.34,3.2,"29km SE of Bodie, CA"
nc73371960,2020-04-17 05:44:04.720,-118.7308333,38.0593333,8.4,3.67,"30km SE of Bodie, CA"
nc73371835,2020-04-16 21:52:19.620,-118.75,38.0531667,1.82,2.52,"29km SE of Bodie, CA"
nc73371790,2020-04-16 19:01:06.420,-118.752,38.0461667,4.45,2.51,"29km SE of Bodie, CA"
nc73371730,2020-04-16 16:22:51.100,-118.7468333,38.0466667,2.73,2.92,"30km SE of Bodie, CA"
nc73371655,2020-04-16 13:49:06.380,-118.7508333,38.0518333,4.32,3.98,"29km SE of Bodie, CA"
nc73371650,2020-04-16 13:28:35.370,-118.7495,38.0478333,4.73,3.34,"29km SE of Bodie, CA"
nc73371625,2020-04-16 13:01:37.960,-118.7471667,38.0505,4.51,2.95,"29km SE of Bodie, CA"
nc73371600,2020-04-16 11:56:19.380,-118.7466667,38.0466667,4.42,3.3,"30km SE of Bodie, CA"
ci39390888,2020-04-16 02:37:26.470,-116.7781667,34.3326667,4.38,2.85,"10km NE of Big Bear City, CA"
nc73371210,2020-04-15 20:13:05.120,-118.753,38.046,8.2,3.88,"29km SE of Bodie, CA"
ci39389104,2020-04-15 07:14:46.610,-117.5943333,35.7818333,7.08,2.55,"17km W of Searles Valley, CA"
nc73370810,2020-04-15 03:07:03.700,-118.7515,38.0473333,8.06,2.95,"29km SE of Bodie, CA"
nc73370670,2020-04-14 20:28:08.200,-118.7466667,38.0441667,7.66,2.92,"30km SE of Bodie, CA"
nc73370660,2020-04-14 20:11:02.010,-118.7955,38.0346667,10.08,2.66,"27km SE of Bodie, CA"
nc73370535,2020-04-14 15:26:12.200,-118.7321667,38.0528333,4.41,2.67,"30km SE of Bodie, CA"
nc73370430,2020-04-14 12:37:35.120,-121.0641667,36.5631667,10.17,2.64,"8km ENE of Pinnacles, CA"
ci39387336,2020-04-14 06:14:28.420,-117.847,36.1106667,3.84,3.26,"12km NE of Coso Junction, CA"
ci39386896,2020-04-13 23:36:22.930,-117.4265,35.6741667,5.97,3.19,"11km S of Searles Valley, CA"
nc73369915,2020-04-13 19:04:07.560,-118.7305,38.0555,8.96,3.25,"30km SE of Bodie, CA"
nc73369855,2020-04-13 16:25:40.370,-118.7235,38.059,2.07,2.55,"30km SE of Bodie, CA"
nc73369790,2020-04-13 14:27:45.090,-118.7325,38.0578333,4.1,3.23,"30km SE of Bodie, CA"
nc73369765,2020-04-13 14:07:50.220,-118.7235,38.0608333,5.33,2.56,"30km ESE of Bodie, CA"
nc73369710,2020-04-13 12:09:48.170,-118.7288333,38.0566667,9.05,2.92,"30km SE of Bodie, CA"
ci39385752,2020-04-13 11:58:54.530,-117.7421667,35.9061667,7.76,2.63,"15km ESE of Little Lake, CA"
nc73369480,2020-04-13 06:38:48.810,-118.7356667,38.0503333,7.06,2.88,"30km SE of Bodie, CA"
nc73369445,2020-04-13 05:07:02.020,-118.7456667,38.0486667,4.17,2.57,"30km SE of Bodie, CA"
nc73369395,2020-04-13 04:09:24.070,-118.7436667,38.0473333,2.58,2.65,"30km SE of Bodie, CA"
nc73369355,2020-04-13 02:10:34.110,-118.7288333,38.0588333,6.27,3.04,"30km SE of Bodie, CA"
nc73368985,2020-04-12 17:40:14.510,-118.727,38.0563333,6.43,2.79,"30km SE of Bodie, CA"
nc73368885,2020-04-12 15:20:01.130,-118.7285,38.0568333,8.27,3.1,"30km SE of Bodie, CA"
nc73368840,2020-04-12 14:02:54.520,-118.7313333,38.0546667,3.9,2.51,"30km SE of Bodie, CA"
nc73368760,2020-04-12 11:21:53.430,-118.7271667,38.0585,9.76,2.95,"30km SE of Bodie, CA"
nc73368690,2020-04-12 09:20:55.180,-118.7305,38.0525,1.83,2.97,"30km SE of Bodie, CA"
nc73368640,2020-04-12 07:49:21.490,-118.7526667,38.0445,4.5,2.8,"29km SE of Bodie, CA"
nc73368630,2020-04-12 07:35:35.180,-118.7443333,38.047,2.58,2.51,"30km SE of Bodie, CA"
nc73368605,2020-04-12 07:20:05.080,-118.7273333,38.054,4.16,2.93,"30km SE of Bodie, CA"
nc73368470,2020-04-12 04:11:09.680,-118.7258333,38.0565,4.01,2.69,"30km SE of Bodie, CA"
nc73368380,2020-04-12 02:16:53.690,-118.7485,38.0476667,7.24,2.73,"29km SE of Bodie, CA"
nc73368325,2020-04-12 01:12:01.910,-118.7283333,38.0551667,4.26,2.87,"30km SE of Bodie, CA"
nc73368295,2020-04-12 00:42:55.420,-118.7403333,38.0485,-0.36,2.52,"30km SE of Bodie, CA"
nc73368230,2020-04-11 23:43:57.130,-118.7368333,38.0545,7.64,2.97,"30km SE of Bodie, CA"
nc73368195,2020-04-11 23:04:42.910,-118.7516667,38.0466667,2.76,2.58,"29km SE of Bodie, CA"
nc73368165,2020-04-11 22:35:14.780,-118.7331667,38.0568333,2.83,2.84,"30km SE of Bodie, CA"
nc73368115,2020-04-11 21:53:10.460,-118.727,38.056,2.6,2.64,"30km SE of Bodie, CA"
nc73368105,2020-04-11 21:50:47.110,-118.746,38.0458333,-0.54,2.55,"30km SE of Bodie, CA"
nc73368095,2020-04-11 21:36:45.620,-118.7513333,38.0468333,6.34,4.03,"29km SE of Bodie, CA"
nc73368060,2020-04-11 21:12:01.690,-118.7355,38.0535,2.6,2.9,"30km SE of Bodie, CA"
nc73367980,2020-04-11 20:23:02.680,-118.7535,38.0445,3.53,2.98,"29km SE of Bodie, CA"
nc73367920,2020-04-11 19:36:50.800,-118.7401667,38.0496667,4.79,2.93,"30km SE of Bodie, CA"
nc73367900,2020-04-11 19:20:08.820,-118.7293333,38.0565,8.89,3.36,"30km SE of Bodie, CA"
nc73367760,2020-04-11 18:08:59.940,-118.7458333,38.0481667,2.62,2.92,"30km SE of Bodie, CA"
nc73367750,2020-04-11 18:02:23.640,-118.7376667,38.0543333,9.68,3.23,"30km SE of Bodie, CA"
nc71112204,2020-04-11 18:02:20.750,-118.728,38.0568333,6.44,3.2,"30km SE of Bodie, CA"
nc73367715,2020-04-11 17:53:45.120,-118.7218333,38.0581667,8.21,3.03,"31km SE of Bodie, CA"
nc73367710,2020-04-11 17:52:53.000,-118.7271667,38.0526667,2.64,2.53,"30km SE of Bodie, CA"
nc73367655,2020-04-11 17:10:38.520,-118.7563333,38.0461667,2.73,2.85,"29km SE of Bodie, CA"
nc73367635,2020-04-11 16:57:46.390,-118.7478333,38.0446667,7.47,3.71,"30km SE of Bodie, CA"
nc73367640,2020-04-11 16:57:11.760,-118.7483333,38.0455,7.96,3.95,"30km SE of Bodie, CA"
nc73367615,2020-04-11 16:46:49.980,-118.7436667,38.0458333,6.22,2.87,"30km SE of Bodie, CA"
nc73367590,2020-04-11 16:29:50.950,-118.7471667,38.0471667,1.97,3.56,"30km SE of Bodie, CA"
nc73367580,2020-04-11 16:26:41.390,-118.7263333,38.0558333,4.82,2.57,"30km SE of Bodie, CA"
nc73367575,2020-04-11 16:22:50.940,-118.758,38.0421667,8.94,4.57,"29km SE of Bodie, CA"
nc73367540,2020-04-11 16:03:21.490,-118.7343333,38.0551667,2.73,2.63,"30km SE of Bodie, CA"
nc73367495,2020-04-11 15:46:52.520,-118.7148333,38.0581667,2.63,3.25,"31km ESE of Bodie, CA"
nc73367425,2020-04-11 15:24:33.190,-118.756,38.0476667,9.69,3.0,"29km SE of Bodie, CA"
nc73367375,2020-04-11 15:08:19.130,-118.733,38.0568333,4.24,2.5,"30km SE of Bodie, CA"
nc73367360,2020-04-11 15:01:50.640,-118.7298333,38.0561667,5.54,2.52,"30km SE of Bodie, CA"
nc73367345,2020-04-11 14:56:17.310,-118.7183333,38.0605,0.89,2.83,"31km ESE of Bodie, CA"
nc73367340,2020-04-11 14:55:05.340,-118.7166667,38.059,6.49,2.82,"31km ESE of Bodie, CA"
nc73367320,2020-04-11 14:51:14.710,-118.7211667,38.0616667,6.35,3.49,"30km ESE of Bodie, CA"
nc73367300,2020-04-11 14:46:04.860,-118.7488333,38.0445,2.79,2.58,"30km SE of Bodie, CA"
nc73367280,2020-04-11 14:40:17.780,-118.7555,38.0505,8.5,3.05,"29km SE of Bodie, CA"
nc73367275,2020-04-11 14:39:50.310,-118.7153333,38.0586667,4.37,2.59,"31km ESE of Bodie, CA"
nc73367270,2020-04-11 14:36:37.040,-118.7333333,38.0525,8.45,5.24,"30km SE of Bodie, CA"
nc73366945,2020-04-10 21:14:01.110,-119.2656667,38.4508333,10.24,2.53,"22km N of Bridgeport, CA"
ci39380792,2020-04-10 15:02:01.500,-116.5238333,33.5,10.49,2.54,"15km ESE of Anza, CA"
nc73366700,2020-04-10 08:59:14.220,-120.6281667,36.4055,10.7,3.43,"4km ESE of New Idria, CA"
nc73366540,2020-04-09 22:48:51.920,-123.2505,39.2403333,2.21,2.62,"5km SW of Redwood Valley, CA"
ci39378536,2020-04-09 07:15:37.290,-116.5298333,33.5076667,11.12,2.89,"14km ESE of Anza, CA"
ci39378336,2020-04-09 05:14:50.080,-116.5321667,33.5068333,11.03,3.05,"14km ESE of Anza, CA"
nc73366070,2020-04-08 23:49:48.990,-120.447,36.5161667,16.47,2.56,"12km W of Cantua Creek, CA"
ci39142559,2020-04-08 04:03:49.240,-116.5225,33.4988333,10.38,2.63,"15km ESE of Anza, CA"
ci39142391,2020-04-08 02:53:37.320,-116.522,33.499,10.37,2.64,"15km ESE of Anza, CA"
ci39141967,2020-04-08 01:00:14.260,-116.5228333,33.4981667,10.27,3.22,"15km ESE of Anza, CA"
ci39141695,2020-04-08 00:35:56.820,-116.5236667,33.5006667,10.28,3.27,"15km ESE of Anza, CA"
ci39141591,2020-04-08 00:30:49.230,-116.5253333,33.4985,9.98,3.54,"15km ESE of Anza, CA"
nc73365430,2020-04-07 21:26:06.550,-121.4983333,36.7726667,7.66,2.96,"9km SSE of San Juan Bautista, CA"
nc73365420,2020-04-07 21:06:09.680,-121.0613333,35.7093333,5.55,2.69,"14km ENE of San Simeon, CA"
ci39141103,2020-04-07 20:16:46.750,-117.3671667,35.9585,2.26,2.96,"22km N of Searles Valley, CA"
ci39139775,2020-04-07 08:27:20.170,-117.5238333,35.673,9.43,2.68,"15km ENE of Ridgecrest, CA"
nc73365005,2020-04-06 23:17:23.170,-121.6201667,36.8925,5.17,2.83,"2km ENE of Aromas, CA"
ci39138391,2020-04-06 18:10:02.970,-117.5188333,35.6768333,9.07,3.03,"14km SW of Searles Valley, CA"
ci39138119,2020-04-06 15:58:14.840,-115.9081667,33.577,8.24,3.51,"6km NNE of North Shore, CA"
nc73364600,2020-04-06 04:04:10.590,-118.8533333,37.524,7.41,2.66,"16km WSW of Toms Place, CA"
ci39135751,2020-04-05 23:11:58.930,-116.5215,33.4976667,10.39,2.6,"16km ESE of Anza, CA"
ci39135575,2020-04-05 22:37:18.820,-116.4961667,33.4961667,13.25,3.5,"18km ESE of Anza, CA"
ci39135567,2020-04-05 22:34:49.700,-116.496,33.498,12.65,2.64,"18km ESE of Anza, CA"
ci39135327,2020-04-05 21:54:23.660,-116.526,33.5015,11.1,2.7,"15km ESE of Anza, CA"
ci39134871,2020-04-05 21:07:44.910,-116.5278333,33.5036667,10.53,3.49,"15km ESE of Anza, CA"
nc73364330,2020-04-05 19:20:46.230,-118.8526667,37.5271667,7.82,4.05,"16km WSW of Toms Place, CA"
ci39134127,2020-04-05 16:27:47.340,-116.519,33.5071667,13.14,2.62,"15km ESE of Anza, CA"
ci39133167,2020-04-05 10:23:43.830,-118.0905,35.3696667,1.45,2.73,"29km NNW of California City, CA"
nc73364025,2020-04-05 04:06:39.350,-122.7285,38.7595,2.37,2.86,"3km SE of The Geysers, CA"
nc73363775,2020-04-04 17:45:32.980,-121.0963333,36.5128333,7.19,2.56,"5km ESE of Pinnacles, CA"
ci39129687,2020-04-04 11:49:17.950,-116.5191667,33.4978333,9.96,2.81,"16km ESE of Anza, CA"
ci39128103,2020-04-04 05:12:35.150,-116.5118333,33.4921667,9.85,3.46,"16km ESE of Anza, CA"
ci39127679,2020-04-04 04:07:22.120,-116.5188333,33.4913333,9.62,3.6,"16km ESE of Anza, CA"
ci39127167,2020-04-04 03:17:46.630,-118.4986667,35.0101667,2.35,3.49,"14km SSW of Tehachapi, CA"
ci39126951,2020-04-04 02:59:23.280,-116.519,33.5011667,10.37,3.11,"16km ESE of Anza, CA"
ci39126455,2020-04-04 02:16:24.880,-116.5198333,33.4966667,10.26,2.55,"16km ESE of Anza, CA"
ci39126263,2020-04-04 02:05:00.170,-116.5153333,33.4946667,10.28,3.66,"16km ESE of Anza, CA"
ci39126135,2020-04-04 01:56:57.670,-116.5066667,33.496,10.78,2.57,"17km ESE of Anza, CA"
ci39126127,2020-04-04 01:56:54.170,-116.5101667,33.4978333,10.54,2.5,"16km ESE of Anza, CA"
ci39126103,2020-04-04 01:55:35.800,-116.4903333,33.4801667,9.21,3.07,"19km ESE of Anza, CA"
ci39126087,2020-04-04 01:54:22.570,-116.505,33.4931667,10.31,3.76,"17km ESE of Anza, CA"
ci39126079,2020-04-04 01:53:18.920,-116.5063333,33.4895,10.45,4.87,"17km ESE of Anza, CA"
ci39125343,2020-04-03 12:44:59.290,-117.9226667,36.1473333,3.26,2.72,"12km NNE of Coso Junction, CA"
nc73363040,2020-04-03 00:38:31.680,-122.8215,38.8161667,2.29,2.66,"7km NW of The Geysers, CA"
ci39124391,2020-04-02 04:01:53.140,-117.6243333,35.807,6.7,2.59,"20km WNW of Searles Valley, CA"
ci39122359,2020-03-31 13:53:48.240,-115.4673333,32.829,11.19,2.69,"8km WNW of Holtville, CA"
ci39122351,2020-03-31 13:50:02.850,-115.4708333,32.8323333,11.82,2.64,"9km WNW of Holtville, CA"
nc73361970,2020-03-31 01:05:38.760,-120.3476667,36.3281667,14.67,2.72,"20km S of Cantua Creek, CA"
ci39121855,2020-03-31 00:56:48.120,-118.2203333,35.4108333,9.28,2.66,"32km SE of Bodfish, CA"
ci39120671,2020-03-30 01:42:14.060,-118.502,35.0101667,2.3,2.51,"14km SSW of Tehachapi, CA"
nc73360525,2020-03-27 22:42:19.980,-120.773,36.9851667,2.78,2.52,"11km SE of Los Banos, CA"
ci39117567,2020-03-27 05:17:20.890,-115.4475,32.7803333,12.04,2.6,"7km WSW of Holtville, CA"
ci39117431,2020-03-27 01:46:50.060,-116.6611667,34.9523333,11.45,2.55,"34km E of Barstow, CA"
ci39116647,2020-03-26 16:30:27.020,-117.7368333,35.9146667,4.05,2.64,"16km E of Little Lake, CA"
ci39116415,2020-03-26 13:22:26.540,-117.6913333,35.8568333,4.94,2.62,"21km ESE of Little Lake, CA"
ci39116263,2020-03-26 08:13:42.550,-117.3935,35.5955,6.66,3.04,"19km S of Trona, CA"
nc73359240,2020-03-25 17:46:53.490,-120.8035,36.9678333,10.35,2.89,"11km SSE of Los Banos, CA"
nc73358970,2020-03-25 11:57:38.000,-122.765,38.7903333,2.15,4.06,"2km NNW of The Geysers, CA"
ci39114751,2020-03-25 04:29:51.750,-117.8661667,36.0991667,2.25,2.89,"10km NE of Coso Junction, CA"
nc73358430,2020-03-24 18:10:30.410,-118.9375,37.6353333,5.73,2.66,"4km E of Mammoth Lakes, CA"
nc73358305,2020-03-24 17:29:45.140,-118.9351667,37.6373333,5.88,2.72,"4km E of Mammoth Lakes, CA"
ci39114071,2020-03-24 17:01:09.660,-117.8656667,36.102,2.49,2.98,"10km NE of Coso Junction, CA"
ci39113839,2020-03-24 13:38:32.290,-117.977,36.4523333,6.51,2.82,"17km SSE of Lone Pine, CA"
ci39111991,2020-03-23 05:53:57.260,-117.363,35.9555,0.94,4.32,"21km N of Searles Valley, CA"
ci39111743,2020-03-22 21:08:21.400,-117.4308333,35.5965,7.34,2.51,"19km S of Searles Valley, CA"
nc73357095,2020-03-21 23:46:55.940,-120.3946667,35.8558333,4.59,2.88,"6km SE of Parkfield, CA"
nc73356855,2020-03-21 11:46:23.890,-120.016,37.3241667,16.86,2.7,"18km SSW of Mariposa, CA"
nc73356775,2020-03-21 07:18:57.220,-120.6146667,36.5003333,10.26,2.64,"11km NNE of New Idria, CA"
ci39108623,2020-03-20 12:17:28.330,-117.521,35.664,10.18,2.53,"15km ENE of Ridgecrest, CA"
ci39108583,2020-03-20 11:52:54.030,-117.523,35.6631667,9.85,3.59,"15km ENE of Ridgecrest, CA"
ci39107519,2020-03-19 14:18:53.690,-116.9533333,32.9081667,5.23,2.88,"6km NNW of Lakeside, CA"
nc73355955,2020-03-19 10:17:04.530,-121.781,37.3931667,2.47,2.86,"5km NE of Alum Rock, CA"
nc73355660,2020-03-18 20:11:05.120,-121.281,36.6568333,6.34,2.53,"15km SSE of Tres Pinos, CA"
ci39106375,2020-03-18 12:49:36.910,-117.5678333,35.7141667,5.47,2.75,"14km NE of Ridgecrest, CA"
nc73355415,2020-03-18 05:05:52.670,-121.5331667,36.7993333,7.52,2.62,"5km S of San Juan Bautista, CA"
nc73355275,2020-03-18 01:14:27.690,-122.8296667,38.8096667,2.93,2.86,"7km WNW of The Geysers, CA"
nc73355200,2020-03-17 21:37:03.930,-121.1586667,36.5673333,2.9,2.56,"4km NNW of Pinnacles, CA"
nc73354845,2020-03-17 03:31:37.040,-123.8896667,40.7473333,25.54,2.64,"17km SSE of Blue Lake, CA"
ci38395986,2020-03-17 01:57:03.720,-117.3643333,35.9553333,2.26,3.45,"21km N of Searles Valley, CA"
ci38395578,2020-03-16 15:28:13.590,-117.6856667,35.874,4.89,2.55,"21km ESE of Little Lake, CA"
ci38395042,2020-03-16 02:40:46.980,-115.992,32.8633333,11.45,3.35,"14km N of Ocotillo, CA"
nc73354100,2020-03-14 22:28:58.970,-123.441,39.6403333,7.69,3.06,"6km SE of Laytonville, CA"
ci38391418,2020-03-11 21:02:17.960,-117.2528333,36.2495,2.95,2.72,"40km SSW of Stovepipe Wells, CA"
nc73352900,2020-03-11 17:47:20.060,-120.4181667,36.3236667,14.2,2.63,"21km NNW of Coalinga, CA"
ci38390898,2020-03-11 14:44:44.110,-120.517,34.539,5.86,2.56,"12km SSW of Lompoc, CA"
ci38390530,2020-03-11 04:55:52.990,-117.398,35.6013333,7.77,2.76,"18km S of Trona, CA"
nc73352670,2020-03-11 04:32:31.750,-120.244,39.4748333,8.1,2.8,"17km NNW of Truckee, CA"
nc73352615,2020-03-11 01:17:16.090,-120.2455,39.4751667,7.87,3.71,"17km NNW of Truckee, CA"
nc73351955,2020-03-09 13:19:18.810,-121.2143333,36.605,6.24,2.54,"10km NW of Pinnacles, CA"
nc73351215,2020-03-08 06:16:00.270,-122.8101667,38.7935,3.17,2.95,"5km WNW of The Geysers, CA"
nc73351165,2020-03-08 05:40:05.050,-122.7696667,38.8051667,0.64,2.5,"3km NNW of The Geysers, CA"
nc73351170,2020-03-08 05:39:33.490,-122.767,38.8025,0.43,2.8,"3km NNW of The Geysers, CA"
ci38387018,2020-03-08 00:33:32.000,-117.8623333,36.1108333,2.25,3.81,"11km NE of Coso Junction, CA"
ci38386410,2020-03-07 12:51:16.870,-117.8621667,36.1145,2.14,3.66,"11km NE of Coso Junction, CA"
ci38386162,2020-03-07 08:49:13.250,-117.8641667,36.1115,2.65,3.44,"11km NE of Coso Junction, CA"
ci38385850,2020-03-07 01:40:51.630,-117.6481667,35.8065,9.3,2.52,"21km N of Ridgecrest, CA"
nc73350455,2020-03-06 14:32:53.270,-121.2106667,36.6056667,6.69,2.79,"10km NW of Pinnacles, CA"
nc73349820,2020-03-04 22:02:07.100,-123.5151667,41.1143333,30.8,2.88,"18km ESE of Weitchpec, CA"
ci39090087,2020-03-04 10:01:31.660,-117.6226667,35.794,3.1,2.97,"20km NNE of Ridgecrest, CA"
ci39090015,2020-03-04 07:49:56.700,-117.4836667,35.703,7.08,2.59,"10km SW of Searles Valley, CA"
nc73349450,2020-03-03 18:21:32.930,-123.2161667,39.258,6.34,3.61,"1km SW of Redwood Valley, CA"
nc73349435,2020-03-03 18:12:34.880,-123.218,39.2576667,6.22,2.58,"2km SW of Redwood Valley, CA"
nc73349375,2020-03-03 15:01:01.500,-120.6166667,36.4996667,10.93,3.99,"10km NNE of New Idria, CA"
ci39089391,2020-03-03 14:46:04.800,-117.6405,35.8095,8.19,2.61,"21km N of Ridgecrest, CA"
ci39089007,2020-03-03 00:32:50.880,-117.6998333,35.8963333,4.49,3.25,"19km ESE of Little Lake, CA"
ci39088935,2020-03-02 22:38:06.070,-115.4518333,32.8,14.29,3.1,"7km W of Holtville, CA"
ci39088927,2020-03-02 22:33:01.660,-115.451,32.8016667,11.77,2.65,"7km W of Holtville, CA"
nc73349005,2020-03-02 15:56:47.800,-121.1306667,36.5436667,6.33,2.93,"2km NE of Pinnacles, CA"
ci39088143,2020-03-01 12:21:47.450,-117.4661667,35.655,8.44,2.63,"14km SSW of Searles Valley, CA"
ci39087367,2020-02-29 12:35:37.930,-117.677,35.8473333,4.59,3.1,"23km ESE of Little Lake, CA"
nc73347795,2020-02-28 19:07:31.940,-120.417,36.3148333,18.33,2.53,"20km NNW of Coalinga, CA"
nc73347610,2020-02-28 11:12:47.140,-122.7686667,38.7928333,2.33,2.63,"2km NNW of The Geysers, CA"
nc73347185,2020-02-27 23:27:29.870,-122.8066667,38.8338333,2.73,3.68,"7km W of Cobb, CA"
ci39085663,2020-02-27 19:00:38.080,-116.576,33.4413333,9.74,2.52,"16km SE of Anza, CA"
ci39085159,2020-02-27 11:49:49.250,-116.4273333,34.1543333,7.99,2.52,"4km N of Yucca Valley, CA"
nc73346460,2020-02-26 18:44:16.490,-120.04,39.6548333,2.11,2.84,"6km WSW of Cold Springs, NV"
nc73346395,2020-02-26 18:34:13.170,-122.7873333,38.8345,2.29,3.68,"6km WNW of Cobb, CA"
nc73346365,2020-02-26 18:31:33.530,-122.793,38.8321667,1.75,2.82,"6km W of Cobb, CA"
nc73346290,2020-02-26 14:09:01.530,-120.6328333,36.4353333,15.44,2.54,"4km ENE of New Idria, CA"
ci39083439,2020-02-25 22:35:19.320,-117.8158333,35.3546667,4.29,3.32,"16km W of Johannesburg, CA"
ci39083119,2020-02-25 17:16:03.900,-117.4625,35.6788333,5.24,3.24,"11km SSW of Searles Valley, CA"
ci39082327,2020-02-24 18:50:25.670,-117.6751667,35.9136667,3.31,2.53,"21km E of Little Lake, CA"
ci39080439,2020-02-22 07:22:49.670,-117.6183333,35.776,9.82,2.61,"18km NNE of Ridgecrest, CA"
nc73344415,2020-02-22 02:33:21.730,-122.7388333,38.7631667,2.88,2.81,"2km SE of The Geysers, CA"
ci39079791,2020-02-21 18:39:39.620,-117.53,35.6703333,8.85,3.11,"14km ENE of Ridgecrest, CA"
ci39079535,2020-02-21 13:42:53.410,-118.6345,34.5075,18.06,3.52,"2km NNW of Castaic, CA"
ci39077911,2020-02-20 08:53:20.270,-117.4731667,35.6265,8.79,3.18,"17km SSW of Searles Valley, CA"
ci39077847,2020-02-20 07:12:30.960,-117.7048333,35.9293333,4.22,2.78,"18km E of Little Lake, CA"
nc73343545,2020-02-20 02:19:08.990,-121.1331667,36.6375,8.49,2.57,"12km N of Pinnacles, CA"
nc73343145,2020-02-19 08:08:45.090,-120.1046667,39.2271667,6.41,2.68,"4km N of Dollar Point, CA"
ci39076271,2020-02-19 01:41:50.090,-118.1295,36.2111667,2.25,2.53,"14km SW of Olancha, CA"
ci39076207,2020-02-19 00:29:50.760,-118.1373333,36.8083333,3.78,3.33,"6km E of Independence, CA"
ci39075799,2020-02-18 19:04:19.780,-118.1278333,36.2083333,1.98,3.15,"14km SW of Olancha, CA"
nc73342805,2020-02-18 18:20:56.820,-122.7436667,38.7866667,1.51,2.72,"2km NE of The Geysers, CA"
nc73342655,2020-02-18 07:24:27.750,-120.5558333,39.9101667,9.4,2.76,"8km WNW of Lake Davis, CA"
nc73342485,2020-02-17 20:14:15.260,-123.1025,39.2115,3.51,2.79,"10km NNE of Talmage, CA"
nc73341310,2020-02-15 09:32:03.830,-121.2878333,36.6878333,7.13,2.78,"12km SSE of Tres Pinos, CA"
nc73341190,2020-02-15 01:08:00.320,-120.4866667,35.9408333,9.78,2.93,"7km NW of Parkfield, CA"
ci39071423,2020-02-14 11:35:23.080,-118.6186667,35.3285,5.83,2.51,"23km NE of Arvin, CA"
nc73340695,2020-02-13 19:00:47.940,-118.5598333,37.4183333,1.49,2.7,"3km E of Round Valley, CA"
ci39070271,2020-02-13 12:55:47.410,-116.6018333,35.827,1.05,3.16,"34km W of Tecopa, CA"
nc73340375,2020-02-13 03:33:42.050,-121.2826667,36.6888333,8.55,3.6,"12km SSE of Tres Pinos, CA"
ci39069791,2020-02-13 01:03:36.810,-116.3588333,33.0078333,10.71,2.88,"24km ESE of Julian, CA"
ci39298968,2020-02-12 01:06:29.900,-116.3275,33.1885,11.4,2.96,"9km SSE of Borrego Springs, CA"
nc73339740,2020-02-11 20:15:44.310,-122.7571667,38.8435,1.32,2.58,"4km NW of Cobb, CA"
ci39297768,2020-02-10 19:31:54.290,-116.4195,33.3156667,4.83,2.56,"8km NNW of Borrego Springs, CA"
ci39297288,2020-02-09 18:19:27.000,-117.3775,35.53,7.99,2.53,"26km S of Trona, CA"
ci39297176,2020-02-09 13:12:43.020,-117.5373333,35.7348333,6.69,2.71,"13km WSW of Searles Valley, CA"
ci39297136,2020-02-09 11:56:00.660,-117.5655,35.7135,4.36,2.78,"14km NE of Ridgecrest, CA"
ci39296968,2020-02-09 05:08:13.690,-117.5515,35.7165,5.58,2.81,"14km WSW of Searles Valley, CA"
ci39296912,2020-02-09 02:51:43.190,-116.9645,35.095,3.48,2.69,"22km NNE of Barstow, CA"
ci39296624,2020-02-08 19:34:20.720,-116.9671667,35.095,2.27,3.93,"22km NNE of Barstow, CA"
ci39296600,2020-02-08 18:57:27.280,-117.3796667,35.5285,7.97,2.94,"26km S of Trona, CA"
ci39296232,2020-02-08 10:11:26.890,-117.3665,35.9555,1.04,2.91,"21km N of Searles Valley, CA"
ci39295664,2020-02-07 22:42:34.350,-116.8168333,33.5748333,4.72,2.82,"14km W of Anza, CA"
nc73336646,2020-02-07 00:53:18.300,-124.279,40.3533333,29.77,2.82,"3km N of Petrolia, CA"
ci39293816,2020-02-06 13:20:43.710,-117.4046667,35.6811667,7.09,2.95,"10km SSW of Trona, CA"
ci39292256,2020-02-04 23:21:21.120,-117.6231667,35.801,6.65,2.67,"20km W of Searles Valley, CA"
nc73335561,2020-02-04 13:05:31.560,-122.8921667,38.6768333,7.12,2.65,"8km NNW of Healdsburg, CA"
ci39291832,2020-02-04 13:03:32.830,-115.6325,33.1495,3.02,2.9,"11km WNW of Calipatria, CA"
ci39291168,2020-02-03 21:41:21.670,-117.5241667,35.5466667,4.26,2.84,"16km ESE of Ridgecrest, CA"
ci39290016,2020-02-02 10:09:33.690,-117.5701667,35.758,6.2,2.7,"15km W of Searles Valley, CA"
ci39289384,2020-02-02 00:59:50.610,-116.8171667,33.5768333,5.16,3.64,"14km W of Anza, CA"
nc73334466,2020-02-01 18:55:37.010,-118.8158333,37.6131667,9.74,2.69,"13km WNW of Toms Place, CA"
nc73334451,2020-02-01 18:36:54.340,-118.8216667,37.5891667,9.78,4.41,"13km WNW of Toms Place, CA"
ci39288528,2020-02-01 02:13:42.200,-118.4871674,36.4518318,15.23,2.53,"37km E of Three Rivers, CA"
nc73334336,2020-02-01 02:13:24.090,-118.6135,37.4565,12.73,3.35,"5km NNW of Round Valley, CA"
nc73334056,2020-01-31 11:13:51.030,-122.1578333,37.249,11.64,2.65,"12km W of Saratoga, CA"
ci39287752,2020-01-31 10:29:12.390,-117.4046667,35.5196667,7.43,2.75,"26km NE of Johannesburg, CA"
nc73334001,2020-01-31 07:08:18.580,-118.8778333,37.4381667,6.5,2.52,"22km SW of Toms Place, CA"
nc73333836,2020-01-30 17:07:34.940,-121.3308333,36.7001667,3.74,2.8,"10km S of Tres Pinos, CA"
ci39286528,2020-01-30 06:58:52.710,-118.3195,35.0556667,1.93,2.84,"13km W of Mojave, CA"
ci39286000,2020-01-29 17:33:47.010,-116.4466667,34.0,9.58,2.55,"7km NE of Desert Hot Springs, CA"
ci39285816,2020-01-29 12:56:21.840,-119.0083333,35.4358333,17.99,3.19,"2km NNE of Oildale, CA"
nc73333256,2020-01-29 12:30:50.220,-123.222,39.2676667,6.4,3.47,"2km W of Redwood Valley, CA"
ci39284936,2020-01-28 14:22:51.120,-117.7321667,35.9066667,7.65,2.57,"16km ESE of Little Lake, CA"
nc73332411,2020-01-27 11:41:12.610,-120.076,37.7168333,28.88,2.52,"18km SE of Groveland-Big Oak Flat, CA"
ci39283296,2020-01-27 05:25:22.800,-116.9406667,34.9955,4.5,3.09,"13km NE of Barstow, CA"
nc73332241,2020-01-27 03:20:24.550,-120.814,35.5588333,5.17,2.86,"10km W of Templeton, CA"
nc73331726,2020-01-25 16:42:16.690,-120.7976667,36.5063333,11.58,2.65,"15km NW of New Idria, CA"
ci39281688,2020-01-25 10:31:39.110,-118.8748333,35.007,12.67,2.63,"9km NE of Grapevine, CA"
ci39281600,2020-01-25 07:11:34.640,-116.9691667,35.0951667,2.9,2.64,"22km NNE of Barstow, CA"
ci39281456,2020-01-25 03:09:43.600,-116.9678333,35.0946667,3.29,3.03,"22km NNE of Barstow, CA"
ci39281440,2020-01-25 03:03:34.920,-116.9696667,35.0975,3.07,4.62,"23km NNE of Barstow, CA"
nc73331351,2020-01-24 23:24:43.840,-122.8213333,38.841,2.46,2.74,"9km WNW of Cobb, CA"
ci39278752,2020-01-22 23:24:10.150,-115.995,33.2091667,8.24,2.63,"11km SSW of Salton City, CA"
nc73330441,2020-01-22 12:02:14.680,-121.1378333,36.5448333,8.79,2.73,"2km NNE of Pinnacles, CA"
ci39277736,2020-01-22 07:41:10.790,-118.4855,34.3005,7.72,3.6,"4km NNE of Granada Hills, CA"
ci39277104,2020-01-21 20:08:03.280,-117.6061667,35.8001667,11.0,2.68,"19km WNW of Searles Valley, CA"
nc73330171,2020-01-21 18:16:09.730,-124.1245,40.5586667,22.74,2.61,"3km WNW of Hydesville, CA"
nc73330091,2020-01-21 09:13:52.230,-119.5335,37.3165,40.27,2.83,"10km N of North Fork, CA"
ci39276616,2020-01-21 03:00:10.650,-117.4305,35.6166667,10.3,2.79,"17km S of Searles Valley, CA"
ci39276560,2020-01-21 02:08:19.120,-117.432,35.6173333,10.17,3.07,"17km S of Searles Valley, CA"
ci39276056,2020-01-20 09:27:14.770,-117.3973333,35.5893333,8.28,2.53,"20km S of Trona, CA"
ci39274856,2020-01-18 17:15:13.240,-118.8745,35.0025,14.1,2.6,"8km NE of Grapevine, CA"
nc73328466,2020-01-17 13:47:46.380,-123.8435,40.1411667,22.98,3.1,"3km NW of Redway, CA"
ci39273704,2020-01-17 13:06:21.470,-117.4826667,35.6453333,9.12,3.01,"15km SSW of Searles Valley, CA"
ci39273664,2020-01-17 11:50:13.030,-117.5983333,35.5978333,4.38,2.52,"8km ESE of Ridgecrest, CA"
nc73328141,2020-01-16 16:56:39.140,-123.9668333,40.359,27.37,2.85,"20km SE of Rio Dell, CA"
nc73328011,2020-01-16 00:38:48.050,-118.6985,37.4348333,10.72,2.61,"9km WNW of Round Valley, CA"
ci39036911,2020-01-15 12:16:30.970,-117.6575,33.8508333,7.38,2.89,"9km WSW of Corona, CA"
nc73327671,2020-01-15 07:00:37.860,-122.3133333,37.9423333,6.7,2.62,"0km S of East Richmond Heights, CA"
ci39036639,2020-01-15 05:02:41.610,-117.4141667,35.5801667,5.95,2.5,"21km S of Trona, CA"
nc73327526,2020-01-14 21:01:15.330,-122.769,38.8013333,1.57,2.82,"3km NNW of The Geysers, CA"
ci39035887,2020-01-14 14:39:57.990,-117.6876667,35.8626667,4.25,2.59,"21km ESE of Little Lake, CA"
nc73326936,2020-01-13 10:58:20.600,-121.61,36.8761667,6.72,3.21,"3km ESE of Aromas, CA"
ci39033951,2020-01-13 01:01:01.180,-119.3333333,35.4696667,25.76,2.66,"6km WSW of Shafter, CA"
ci39033511,2020-01-12 16:48:47.400,-119.04,35.0466667,7.32,2.92,"15km NW of Grapevine, CA"
ci39033159,2020-01-12 08:09:53.750,-117.6155,34.3855,6.96,2.87,"3km NNE of Wrightwood, CA"
nc73326546,2020-01-12 04:23:57.130,-123.3446667,41.0996667,38.11,2.9,"30km NE of Willow Creek, CA"
nc73326331,2020-01-11 09:31:24.180,-123.6196667,41.1096667,30.81,2.91,"11km SE of Weitchpec, CA"
ci39032247,2020-01-11 05:45:28.260,-117.6935,35.9096667,3.39,2.8,"19km E of Little Lake, CA"
nc73326016,2020-01-10 09:08:42.670,-121.6928333,37.6095,18.67,2.72,"10km SE of Livermore, CA"
ci39030263,2020-01-09 16:46:31.710,-116.9195,34.2895,8.96,2.7,"5km N of Big Bear Lake, CA"
nc73325366,2020-01-09 00:59:21.680,-122.1303333,40.3586667,15.22,2.57,"17km SE of Anderson, CA"
ci39028647,2020-01-08 16:11:18.170,-117.5478333,35.6765,6.6,3.48,"13km ENE of Ridgecrest, CA"
nc73325141,2020-01-08 09:46:40.850,-121.5753333,36.9573333,6.15,2.67,"5km S of Gilroy, CA"
ci39027767,2020-01-08 01:53:43.160,-116.449,34.3818333,8.16,2.6,"30km N of Yucca Valley, CA"
nc73324811,2020-01-07 20:07:08.540,-121.5691667,36.8383333,5.71,2.91,"3km WSW of San Juan Bautista, CA"
nc73324681,2020-01-07 10:28:23.890,-121.5775,36.842,6.3,3.04,"4km W of San Juan Bautista, CA"
nc73324671,2020-01-07 10:24:35.880,-121.5793333,36.8413333,6.54,2.82,"4km W of San Juan Bautista, CA"
nc73324496,2020-01-06 23:03:01.010,-121.5771667,36.8441667,5.68,2.59,"4km W of San Juan Bautista, CA"
ci39026063,2020-01-06 22:17:40.850,-119.3305,35.471,26.74,2.54,"6km WSW of Shafter, CA"
nc73324391,2020-01-06 15:10:10.840,-121.2528333,36.6341667,8.88,2.74,"15km NW of Pinnacles, CA"
nc73324366,2020-01-06 13:36:45.750,-121.5898333,36.9603333,3.28,2.68,"5km SSW of Gilroy, CA"
nc73324311,2020-01-06 09:37:46.170,-121.5908333,36.9616667,3.13,3.02,"5km SSW of Gilroy, CA"
ci39025199,2020-01-06 07:03:13.590,-117.5663333,35.7403333,3.39,2.77,"15km WSW of Searles Valley, CA"
nc73324201,2020-01-06 02:13:33.830,-120.8236667,36.246,6.81,2.6,"22km NE of San Lucas, CA"
ci39024647,2020-01-05 22:34:51.030,-117.526,35.6576667,2.14,2.89,"14km ENE of Ridgecrest, CA"
ci39024383,2020-01-05 16:28:14.050,-117.8748333,33.9268333,8.2,2.93,"3km ENE of Brea, CA"
ci39023815,2020-01-05 00:55:52.090,-117.3975,35.9771667,2.77,2.63,"23km N of Searles Valley, CA"
ci39023047,2020-01-04 04:48:51.240,-117.4063333,35.6003333,8.19,2.78,"18km S of Trona, CA"
nc73323271,2020-01-03 16:40:15.900,-120.8206667,36.2486667,7.22,3.31,"22km NE of San Lucas, CA"
ci39021735,2020-01-03 05:48:05.430,-117.6163333,35.7928333,5.37,3.14,"19km W of Searles Valley, CA"
nc73322801,2020-01-02 16:34:00.270,-121.1008333,36.5171667,4.92,2.53,"4km ESE of Pinnacles, CA"
nc71111674,2020-01-02 07:17:05.930,-118.8796667,37.6451667,4.18,2.79,"9km E of Mammoth Lakes, CA"
nc73322626,2020-01-02 07:16:31.930,-121.5638333,37.176,5.29,3.86,"10km ENE of Morgan Hill, CA"
ci39019863,2020-01-01 13:57:05.760,-117.3155,35.9833333,2.67,2.71,"25km NNE of Trona, CA"
ci39019703,2020-01-01 10:38:35.620,-117.6896667,33.8113333,9.79,3.16,"11km ENE of North Tustin, CA"
