id,time,longitude,latitude,magnitude,depth,place,COUNTYFP,GEOID,NAMELSAD,NAME
nc75288851,2025-12-31 05:49:32.000,-120.692333333333,40.5443333333333,4.92,5.32,"15 km NNW of Susanville, CA",035,06035,Lassen County,Lassen
nc75287861,2025-12-29 00:41:14.360,-120.700833333333,40.547,4.7,6.78,"15 km NNW of Susanville, CA",035,06035,Lassen County,Lassen
nc75283691,2025-12-21 02:31:54.870,-121.9455,37.7471666666667,3.9,10.03,"5 km SE of San Ramon, CA",013,06013,Contra Costa County,Contra Costa
nc75283031,2025-12-20 03:56:09.750,-121.953166666667,37.7436666666667,3.95,9.63,"5 km SSE of San Ramon, CA",013,06013,Contra Costa County,Contra Costa
nc75283016,2025-12-20 03:49:28.110,-121.953833333333,37.7428333333333,3.77,9.56,"5 km SSE of San Ramon, CA",013,06013,Contra Costa County,Contra Costa
ci41142103,2025-12-18 15:13:42.100,-116.867666666667,35.8665,3.55738126614852,6.04,"48 km ENE of Trona, CA",027,06027,Inyo County,Inyo
nc75279971,2025-12-14 23:30:43.210,-122.604,38.373,4.03,3.13,"6 km W of Glen Ellen, CA",097,06097,Sonoma County,Sonoma
ci41351232,2025-12-14 01:03:35.600,-119.018166666667,34.4863333333333,3.63,11.12,"13 km NW of Fillmore, CA",111,06111,Ventura County,Ventura
nc75276661,2025-12-08 17:07:58.390,-121.944666666667,37.7576666666667,3.6,9.62,"4 km SE of San Ramon, CA",013,06013,Contra Costa County,Contra Costa
nc75270551,2025-11-27 20:57:37.730,-121.543666666667,36.799,4.04,8.2,"5 km S of San Juan Bautista, CA",069,06069,San Benito County,San Benito
nc75270531,2025-11-27 20:48:48.560,-121.537666666667,36.796,3.72,8.02,"6 km S of San Juan Bautista, CA",069,06069,San Benito County,San Benito
nc75270286,2025-11-27 17:11:43.430,-122.767666666667,38.784,3.76,1.17,"1 km NW of The Geysers, CA",097,06097,Sonoma County,Sonoma
nc75269971,2025-11-27 12:21:45.870,-122.724666666667,38.7628333333333,3.71,1.11,"3 km WSW of Anderson Springs, CA",097,06097,Sonoma County,Sonoma
nc75269961,2025-11-27 12:21:06.640,-122.727666666667,38.7595,3.6,1.92,"3 km SE of The Geysers, CA",097,06097,Sonoma County,Sonoma
nc75269606,2025-11-26 14:20:01.590,-121.470333333333,36.9993333333333,3.63,3.89,"9 km E of Gilroy, CA",085,06085,Santa Clara County,Santa Clara
nc75269596,2025-11-26 14:16:42.430,-121.475666666667,36.9973333333333,3.98,2.92,"8 km E of Gilroy, CA",085,06085,Santa Clara County,Santa Clara
nc75268551,2025-11-24 15:08:58.060,-122.7625,38.7855,3.93,1.98,"1 km NNW of The Geysers, CA",097,06097,Sonoma County,Sonoma
nc75265261,2025-11-18 17:54:30.480,-120.787833333333,35.5528333333333,4.11,4.92,"7 km W of Templeton, CA",079,06079,San Luis Obispo County,San Luis Obispo
nc75260871,2025-11-09 17:38:45.070,-121.9525,37.7575,3.83,9.24,"3 km SE of San Ramon, CA",013,06013,Contra Costa County,Contra Costa
nc75240492,2025-09-22 09:56:12.520,-122.254,37.863,4.29,7.58,"2 km ESE of Berkeley, CA",001,06001,Alameda County,Alameda
ci41291096,2025-09-14 02:02:41.750,-116.4726667,32.9476667,3.58,7.62,"15 km NNE of Pine Valley, CA",073,06073,San Diego County,San Diego
ci41288688,2025-09-11 03:53:50.880,-119.2336667,35.1761667,3.69,18.05,"20 km NE of Maricopa, CA",029,06029,Kern County,Kern
nc75231747,2025-09-01 20:26:38.050,-121.330833333333,36.6903333333333,3.71,4.72,"11 km S of Tres Pinos, CA",069,06069,San Benito County,San Benito
nc75223397,2025-08-14 13:41:47.820,-121.320333333333,35.8161666666667,3.62,9.07,"22 km NNW of San Simeon, CA",053,06053,Monterey County,Monterey
nc75223077,2025-08-14 12:48:04.600,-122.8165,38.8005,4.05,3.38,"6 km NW of The Geysers, CA",097,06097,Sonoma County,Sonoma
ci41254448,2025-08-06 09:00:49.570,-117.492,34.3106667,3.66,11.87,"6 km N of Lytle Creek, CA",071,06071,San Bernardino County,San Bernardino
ci41253336,2025-08-05 06:59:16.470,-115.5358333,32.9125,3.87489612092827,16.19,"7 km S of Brawley, CA",025,06025,Imperial County,Imperial
ci41249496,2025-07-31 16:32:24.200,-117.4143333,34.148,4.37238430493943,5.26,"6 km NW of Rialto, CA",071,06071,San Bernardino County,San Bernardino
ci41021687,2025-07-13 12:27:55.190,-118.0321667,36.1743333,3.98,2.03,"12 km SSW of Olancha, CA",027,06027,Inyo County,Inyo
ci41019687,2025-07-11 09:55:42.860,-115.6366667,33.1608333,4.34,11.21,"12 km WNW of Calipatria, CA",025,06025,Imperial County,Imperial
ci41019143,2025-07-11 00:16:46.150,-116.4271667,33.2601667,3.7,5.29,"5 km W of Borrego Springs, CA",073,06073,San Diego County,San Diego
nc75202046,2025-06-29 03:56:19.230,-117.919166666667,37.3265,3.87,11.69,"8 km SE of Deep Springs, CA",027,06027,Inyo County,Inyo
nc75202001,2025-06-29 02:37:58.310,-117.920666666667,37.316,4.54,11.6,"8 km SSE of Deep Springs, CA",027,06027,Inyo County,Inyo
nc75201261,2025-06-27 10:57:11.200,-122.418833333333,40.6091666666667,3.6,20.59,"5 km NW of Redding, CA",089,06089,Shasta County,Shasta
ci41156568,2025-05-19 19:09:19.000,-119.0391667,35.048,3.76,6.03,"15 km NW of Grapevine, CA",029,06029,Kern County,Kern
nc75175581,2025-05-03 00:35:18.960,-122.7585,38.7903333333333,3.7,2.27,"1 km N of The Geysers, CA",097,06097,Sonoma County,Sonoma
nc75174811,2025-05-01 21:20:42.400,-123.362833333333,39.4161666666667,3.6,3.64,"1 km NNW of Willits, CA",045,06045,Mendocino County,Mendocino
ci40926623,2025-04-14 18:23:42.060,-116.5921667,33.0405,3.95,12.57,"4 km SSE of Julian, CA",073,06073,San Diego County,San Diego
ci40926063,2025-04-14 17:12:30.290,-116.3,33.23,3.54,10.74,"8 km ESE of Borrego Springs, CA",073,06073,San Diego County,San Diego
ci40925991,2025-04-14 17:08:28.110,-116.5948333,33.0358333,5.21,14.29,"5 km S of Julian, CA",073,06073,San Diego County,San Diego
nc75159797,2025-04-04 06:31:48.960,-122.8405,38.821,3.93,2.42,"9 km NW of The Geysers, CA",097,06097,Sonoma County,Sonoma
ci40904495,2025-03-20 08:39:05.760,-116.267,33.3011667,3.71944208463526,10.86,"11 km ENE of Borrego Springs, CA",073,06073,San Diego County,San Diego
nc75150752,2025-03-18 02:46:33.330,-121.994166666667,37.7071666666667,3.86,10.91,"5 km WNW of Dublin, CA",001,06001,Alameda County,Alameda
ci41081408,2025-03-17 03:17:21.650,-118.8958333,34.0635,3.87,11.79,"10 km NW of Malibu, CA",037,06037,Los Angeles County,Los Angeles
nc75149826,2025-03-17 02:13:44.980,-122.948333333333,39.4915,4.18,10.63,"9 km NNE of Lake Pillsbury, CA",033,06033,Lake County,Lake
ci41075584,2025-03-09 20:03:20.340,-118.8945,34.0681667,4.06,11.38,"10 km NW of Malibu, CA",037,06037,Los Angeles County,Los Angeles
ci41070112,2025-03-03 06:13:45.110,-118.3533333,34.1615,3.8,15.59,"2 km ESE of North Hollywood, CA",037,06037,Los Angeles County,Los Angeles
nc75137161,2025-02-22 10:31:25.270,-121.325333333333,36.6953333333333,3.88,4.7,"11 km SSW of Tres Pinos, CA",069,06069,San Benito County,San Benito
ci40186282,2025-02-15 14:30:12.190,-118.9136667,34.0488333,3.73,14.19,"11 km WNW of Malibu, CA",037,06037,Los Angeles County,Los Angeles
nc75133062,2025-02-14 00:17:04.540,-120.183833333333,36.0826666666667,4.25,11.92,"10 km NNW of Avenal, CA",019,06019,Fresno County,Fresno
nc75132987,2025-02-13 21:59:16.660,-122.052166666667,37.6471666666667,3.57,5.81,"2 km E of Hayward, CA",001,06001,Alameda County,Alameda
ci40183482,2025-02-10 17:44:55.700,-117.264,34.1686667,3.59,7.75,"5 km NNE of San Bernardino, CA",071,06071,San Bernardino County,San Bernardino
nc75116271,2025-01-12 16:49:21.980,-122.0425,37.9601666666667,3.54,11.75,"2 km ENE of Pleasant Hill, CA",013,06013,Contra Costa County,Contra Costa
nc75111126,2025-01-02 02:34:04.660,-122.756333333333,38.8455,4.65,1.42,"4 km NW of Cobb, CA",033,06033,Lake County,Lake
nc75109096,2024-12-29 00:21:10.260,-123.506833333333,40.4545,3.58,5.4,"30 km W of Hayfork, CA",105,06105,Trinity County,Trinity
ci40827375,2024-12-22 19:03:49.510,-118.0116667,35.772,3.55,2.69,"21 km SSW of Little Lake, CA",029,06029,Kern County,Kern
nc75106461,2024-12-22 01:44:44.620,-121.231163024902,36.6008338928223,3.56,7.59000015258789,"11 km NW of Pinnacles, CA",069,06069,San Benito County,San Benito
nc75104216,2024-12-17 01:08:14.980,-123.710666666667,40.282,4.05,28.97,"20 km NE of Redway, CA",023,06023,Humboldt County,Humboldt
nc75100701,2024-12-10 05:55:38.910,-122.802833333333,38.8218333333333,3.93,2.66,"6 km NNW of The Geysers, CA",097,06097,Sonoma County,Sonoma
nc75095671,2024-12-05 18:47:36.030,-122.827,38.8441666666667,4.27,0.41,"9 km WNW of Cobb, CA",097,06097,Sonoma County,Sonoma
nc75001908,2024-12-05 18:46:10.250,-122.8015,38.8018333333333,3.86,2.6,"5 km NW of The Geysers, CA",097,06097,Sonoma County,Sonoma
ci40798519,2024-11-22 22:15:54.170,-118.8065,34.0586667,3.77,10.59,"6 km N of Malibu, CA",037,06037,Los Angeles County,Los Angeles
nc75086836,2024-11-15 21:39:00.210,-118.612,37.3968333333333,3.76,8.15,"2 km SW of Round Valley, CA",027,06027,Inyo County,Inyo
ci40791447,2024-11-10 21:53:21.370,-115.5245,33.8585,3.56,4.64,"20 km NW of Desert Center, CA",065,06065,Riverside County,Riverside
ci40966024,2024-10-28 07:49:24.330,-120.519,34.5815,3.64,-0.08,"8 km SW of Lompoc, CA",083,06083,Santa Barbara County,Santa Barbara
ci40964384,2024-10-25 15:04:23.620,-117.056,36.5508333,4.54,4.58,"10 km SE of Stovepipe Wells, CA",027,06027,Inyo County,Inyo
ci40964128,2024-10-25 08:05:08.290,-117.0911667,36.6016667,4.72,3.98,"5 km E of Stovepipe Wells, CA",027,06027,Inyo County,Inyo
ci40964048,2024-10-25 06:52:08.300,-117.0985,36.604,4.16,4.34,"4 km E of Stovepipe Wells, CA",027,06027,Inyo County,Inyo
nc75077991,2024-10-24 06:59:49.760,-124.292666666667,40.2846666666667,3.92,9.32,"5 km SSW of Petrolia, CA",023,06023,Humboldt County,Humboldt
nc75077996,2024-10-24 06:58:47.140,-124.295166666667,40.2793333333333,4.36,9.75,"5 km SSW of Petrolia, CA",023,06023,Humboldt County,Humboldt
nc75077981,2024-10-24 06:18:15.420,-124.288333333333,40.2756666666667,4.0,9.88,"5 km SSW of Petrolia, CA",023,06023,Humboldt County,Humboldt
nc75077976,2024-10-24 05:56:02.970,-124.281833333333,40.2856666666667,3.67,9.49,"4 km S of Petrolia, CA",023,06023,Humboldt County,Humboldt
ci40951816,2024-10-11 11:41:47.360,-117.1021667,36.6063333,3.63,2.73,"4 km E of Stovepipe Wells, CA",027,06027,Inyo County,Inyo
ci40752807,2024-10-06 10:51:08.410,-117.5923333,34.0236667,3.99,5.17,"5 km SE of Ontario, CA",071,06071,San Bernardino County,San Bernardino
ci40752591,2024-10-06 00:25:57.740,-117.0811667,36.1451667,3.59,1.83,"40 km SSW of Furnace Creek, CA",027,06027,Inyo County,Inyo
nc75069176,2024-10-02 00:45:18.260,-120.200666666667,36.0808333333333,4.02,11.15,"11 km NNW of Avenal, CA",019,06019,Fresno County,Fresno
ci40749799,2024-10-01 19:56:21.570,-117.608,34.0398333,3.54,5.29,"2 km SE of Ontario, CA",071,06071,San Bernardino County,San Bernardino
nc75068161,2024-09-29 09:47:33.220,-121.653333333333,36.9118333333333,4.15,6.94,"3 km  of Aromas, CA",087,06087,Santa Cruz County,Santa Cruz
ci40746391,2024-09-26 18:24:29.350,-118.0145,36.2068333,3.75,1.99,"8 km S of Olancha, CA",027,06027,Inyo County,Inyo
ci40734823,2024-09-16 11:22:08.190,-118.8116667,34.0596667,3.7,10.9,"6 km N of Malibu, CA",037,06037,Los Angeles County,Los Angeles
ci40731623,2024-09-12 14:28:21.610,-118.8126667,34.0565,4.71246919380642,11.35,"6 km N of Malibu, CA",037,06037,Los Angeles County,Los Angeles
ci40727543,2024-09-07 17:34:20.790,-117.5908333,34.026,3.95,4.84,"4 km SE of Ontario, CA",071,06071,San Bernardino County,San Bernardino
nc75058606,2024-09-07 14:30:36.710,-122.746666666667,38.7771666666667,4.28,0.16,"1 km ESE of The Geysers, CA",097,06097,Sonoma County,Sonoma
ci40703159,2024-08-15 16:39:31.860,-117.3981667,33.674,3.61,8.38,"6 km NW of Lakeland Village, CA",065,06065,Riverside County,Riverside
ci40699207,2024-08-12 19:20:24.670,-118.1788333,34.0825,4.39,10.98,"4 km SSE of Highland Park, CA",037,06037,Los Angeles County,Los Angeles
ci40697215,2024-08-11 09:45:13.490,-117.6805,35.945,3.77,5.0,"20 km E of Little Lake, CA",027,06027,Inyo County,Inyo
ci40869232,2024-08-08 02:09:15.010,-119.0726667,35.102,4.44,11.57,"22 km NW of Grapevine, CA",029,06029,Kern County,Kern
ci40868904,2024-08-07 23:43:32.720,-119.1181667,35.1018333,3.78,12.24,"25 km NW of Grapevine, CA",029,06029,Kern County,Kern
ci40867136,2024-08-07 10:39:19.040,-119.1221667,35.1103333,3.64,12.96,"25 km SW of Lamont, CA",029,06029,Kern County,Kern
ci40866360,2024-08-07 06:52:28.530,-119.1076667,35.1008333,3.5,12.06,"24 km NW of Grapevine, CA",029,06029,Kern County,Kern
ci40865232,2024-08-07 04:17:46.890,-119.1118333,35.0876667,3.58,10.17,"23 km NW of Grapevine, CA",029,06029,Kern County,Kern
ci40865224,2024-08-07 04:17:10.020,-119.0783333,35.111,4.06,11.09,"22 km SW of Lamont, CA",029,06029,Kern County,Kern
ci40865192,2024-08-07 04:10:44.540,-119.115,35.1088333,4.6,11.98,"25 km SW of Lamont, CA",029,06029,Kern County,Kern
ci40865184,2024-08-07 04:09:56.760,-119.097,35.109,5.22,11.6,"24 km SW of Lamont, CA",029,06029,Kern County,Kern
ci40675231,2024-07-29 20:03:33.150,-116.7943333,34.946,3.51,2.84,"22 km ENE of Barstow, CA",071,06071,San Bernardino County,San Bernardino
ci40675215,2024-07-29 20:00:52.590,-116.7866667,34.9503333,4.87,7.26,"22 km ENE of Barstow, CA",071,06071,San Bernardino County,San Bernardino
ci40662719,2024-07-17 21:59:27.140,-116.386,33.1956667,3.5,13.7,"7 km S of Borrego Springs, CA",073,06073,San Diego County,San Diego
ci40813512,2024-06-29 07:46:07.240,-116.9825,35.038,3.86,2.3,"16 km NNE of Barstow, CA",071,06071,San Bernardino County,San Bernardino
ci40809504,2024-06-24 22:30:59.930,-119.1115,35.1131667,4.09,12.07,"24 km SW of Lamont, CA",029,06029,Kern County,Kern
ci40808000,2024-06-23 19:17:01.080,-116.0838333,33.255,3.59,10.55,"13 km WSW of Salton City, CA",073,06073,San Diego County,San Diego
nc75025862,2024-06-23 11:38:47.610,-123.539,39.6691666666667,3.61,2.19,"5 km WSW of Laytonville, CA",045,06045,Mendocino County,Mendocino
nc75025237,2024-06-22 03:46:25.830,-123.532833333333,39.6675,4.34,3.33,"5 km WSW of Laytonville, CA",045,06045,Mendocino County,Mendocino
nc75017972,2024-06-08 19:34:29.120,-122.821833333333,38.814,4.48,3.55,"7 km NW of The Geysers, CA",097,06097,Sonoma County,Sonoma
ci40616303,2024-06-06 23:52:24.590,-117.9098333,33.6311667,3.58,12.08,"2 km NE of Newport Beach, CA",059,06059,Orange County,Orange
ci40608583,2024-05-31 17:26:53.780,-119.1915,34.4711667,3.58,18.12,"5 km ENE of Ojai, CA",111,06111,Ventura County,Ventura
nc75012616,2024-05-27 14:03:17.600,-121.1595,40.242,3.57,6.37,"3 km NE of Almanor, CA",063,06063,Plumas County,Plumas
ci40593503,2024-05-20 12:17:36.030,-116.0046667,33.028,4.05,11.18,"17 km SE of Ocotillo Wells, CA",025,06025,Imperial County,Imperial
ci40591087,2024-05-18 23:13:26.920,-115.5343333,32.9328333,3.71,13.75,"5 km S of Brawley, CA",025,06025,Imperial County,Imperial
ci40591055,2024-05-18 23:05:05.150,-115.5425,32.9356667,3.93,14.21,"5 km SSW of Brawley, CA",025,06025,Imperial County,Imperial
ci40590759,2024-05-18 19:17:22.800,-115.5436667,32.9298333,3.83,10.84,"6 km SSW of Brawley, CA",025,06025,Imperial County,Imperial
ci40590383,2024-05-18 16:30:18.050,-115.5326667,32.9375,3.53,10.35,"5 km S of Brawley, CA",025,06025,Imperial County,Imperial
ci40590231,2024-05-18 15:52:13.820,-115.537,32.9373333,3.69,12.31,"5 km S of Brawley, CA",025,06025,Imperial County,Imperial
ci40589751,2024-05-18 12:41:52.820,-115.5365,32.9366667,3.5,13.89,"5 km S of Brawley, CA",025,06025,Imperial County,Imperial
ci40589719,2024-05-18 12:38:00.260,-115.538,32.9323333,3.56,13.82,"5 km S of Brawley, CA",025,06025,Imperial County,Imperial
ci40589407,2024-05-18 09:36:37.330,-115.5395,32.9333333,3.71,11.74,"5 km S of Brawley, CA",025,06025,Imperial County,Imperial
nc75006996,2024-05-15 06:39:03.840,-123.901833333333,40.8283333333333,4.02,25.58,"9 km SE of Blue Lake, CA",023,06023,Humboldt County,Humboldt
ci40735352,2024-05-01 20:49:00.760,-117.6445,33.8111667,4.11,4.61,"10 km SW of Corona, CA",059,06059,Orange County,Orange
ci40549375,2024-04-18 19:19:18.140,-118.513,35.493,4.32,3.22,"11 km S of Bodfish, CA",029,06029,Kern County,Kern
ci40714056,2024-04-16 15:23:26.400,-117.8948333,36.117,3.91,5.08,"9 km NNE of Coso Junction, CA",027,06027,Inyo County,Inyo
ci40712344,2024-04-13 16:08:38.390,-116.3056667,33.36,3.81,11.61,"13 km NNE of Borrego Springs, CA",073,06073,San Diego County,San Diego
nc71133194,2024-04-05 01:34:49.830,-121.3006667,40.04,4.42,7.76,"6 km NW of Belden, CA",063,06063,Plumas County,Plumas
nc74029551,2024-04-05 01:34:25.410,-121.3163333,40.0331667,4.08,5.38,"6 km WNW of Belden, CA",063,06063,Plumas County,Plumas
nc74018946,2024-03-17 14:53:53.380,-123.6748333,40.5575,3.89,35.06,"36 km E of Hydesville, CA",023,06023,Humboldt County,Humboldt
ci40671296,2024-02-16 07:38:40.520,-117.595,34.0386667,3.63,12.99,"3 km ESE of Ontario, CA",071,06071,San Bernardino County,San Bernardino
ci40669624,2024-02-14 07:53:13.600,-115.623,33.1276667,4.04,9.84,"10 km N of Westmorland, CA",025,06025,Imperial County,Imperial
nc74001951,2024-02-12 23:54:43.500,-118.55,37.4075,3.55,5.47,"4 km E of Round Valley, CA",027,06027,Inyo County,Inyo
ci37623804,2024-02-12 10:18:44.260,-115.534,32.786,3.7,15.95,"2 km E of El Centro, CA",025,06025,Imperial County,Imperial
ci40667016,2024-02-12 10:18:35.990,-115.5501667,32.7886667,3.67,15.79,"1 km E of El Centro, CA",025,06025,Imperial County,Imperial
ci40666488,2024-02-12 08:59:51.690,-115.5618333,32.794,3.9,15.71,"1 km NNW of El Centro, CA",025,06025,Imperial County,Imperial
ci40666368,2024-02-12 08:42:48.620,-115.5655,32.7998333,4.56,15.76,"2 km NNW of El Centro, CA",025,06025,Imperial County,Imperial
ci40666320,2024-02-12 08:38:34.290,-115.5866667,32.8161667,4.05,13.64,"4 km SSW of Imperial, CA",025,06025,Imperial County,Imperial
ci40666312,2024-02-12 08:38:25.950,-115.58,32.809,3.56,14.28,"3 km NW of El Centro, CA",025,06025,Imperial County,Imperial
ci40666296,2024-02-12 08:37:47.540,-115.5643333,32.8068333,3.63,11.18,"2 km NNW of El Centro, CA",025,06025,Imperial County,Imperial
ci40666288,2024-02-12 08:36:25.460,-115.5735,32.8135,4.81,17.93,"3 km NNW of El Centro, CA",025,06025,Imperial County,Imperial
ci40664632,2024-02-09 21:47:27.320,-118.9076667,34.0575,4.61,15.28,"11 km WNW of Malibu, CA",037,06037,Los Angeles County,Los Angeles
nc73999211,2024-02-07 09:36:37.940,-121.0485,40.1711667,3.54,2.7,"2 km E of Canyondam, CA",063,06063,Plumas County,Plumas
ci40662944,2024-02-05 01:06:53.130,-118.2256667,35.3936667,3.78,7.19,"32 km SE of Bodfish, CA",029,06029,Kern County,Kern
nc73994586,2024-01-26 21:28:13.530,-122.7575,38.7911667,4.18,2.78,"2 km N of The Geysers, CA",097,06097,Sonoma County,Sonoma
ci39756418,2024-01-25 03:43:19.970,-117.3115,34.1116667,4.24,15.78,"3 km SW of San Bernardino, CA",071,06071,San Bernardino County,San Bernardino
ci40455759,2024-01-05 18:55:54.870,-117.5088333,34.2583333,4.15,9.11,"1 km W of Lytle Creek, CA",071,06071,San Bernardino County,San Bernardino
ci40452607,2023-12-30 02:26:27.530,-118.6451667,35.4003333,3.52,5.21,"25 km SSW of Bodfish, CA",029,06029,Kern County,Kern
nc73975501,2023-12-13 06:52:19.610,-122.746,38.7968333,3.5,0.34,"2 km NNE of The Geysers, CA",033,06033,Lake County,Lake
nc73972711,2023-12-07 06:16:51.830,-120.9696667,36.8508333,3.7,6.53,"25 km SSW of Los Banos, CA",047,06047,Merced County,Merced
ci40616768,2023-12-06 04:30:22.080,-115.8783333,32.737,3.65,9.29,"11 km E of Ocotillo, CA",025,06025,Imperial County,Imperial
ci39720706,2023-12-01 07:43:27.480,-115.8728333,32.7518333,4.8,8.69,"11 km E of Ocotillo, CA",025,06025,Imperial County,Imperial
ci39718738,2023-11-28 07:59:39.430,-116.8188333,34.292,3.5,7.22,"4 km NE of Big Bear City, CA",071,06071,San Bernardino County,San Bernardino
ci39708250,2023-11-05 05:12:57.650,-115.7388333,32.8643333,3.87,13.16,"16 km W of Imperial, CA",025,06025,Imperial County,Imperial
ci39706674,2023-11-03 20:12:18.460,-119.1696667,34.4215,4.02,6.91,"7 km ESE of Ojai, CA",111,06111,Ventura County,Ventura
nc73952605,2023-10-28 05:40:18.740,-119.5103333,38.5571667,4.24,4.46,"5 km NNW of Walker, CA",051,06051,Mono County,Mono
nc73952475,2023-10-28 01:38:31.780,-122.377,37.6178333,3.67,11.61,"2 km NNE of Millbrae, CA",081,06081,San Mateo County,San Mateo
nc73948665,2023-10-18 16:29:14.990,-121.6428333,38.127,4.24,8.46,"5 km SW of Isleton, CA",067,06067,Sacramento County,Sacramento
nc73947830,2023-10-16 10:20:49.740,-124.0548333,40.3156667,4.83,31.06,"20 km E of Petrolia, CA",023,06023,Humboldt County,Humboldt
ci40582816,2023-10-15 19:50:16.440,-119.1363333,34.5636667,3.71,7.0,"16 km NE of Ojai, CA",111,06111,Ventura County,Ventura
nc73947486,2023-10-08 21:30:23.900,-122.804,38.8271667,3.87,1.75,"7 km NW of The Geysers, CA",097,06097,Sonoma County,Sonoma
ci40577368,2023-10-05 03:09:58.000,-117.661,35.041,3.52,0.79,"5 km NNW of Boron, CA",029,06029,Kern County,Kern
nc73944271,2023-10-01 19:29:36.760,-124.2905,40.2915,3.61,9.59,"4 km S of Petrolia, CA",023,06023,Humboldt County,Humboldt
nc73944166,2023-10-01 15:41:29.620,-124.287,40.2951667,4.09,9.8,"3 km S of Petrolia, CA",023,06023,Humboldt County,Humboldt
nc73943821,2023-09-30 15:26:26.760,-124.2886667,40.5588333,4.65,17.88,"3 km SW of Ferndale, CA",023,06023,Humboldt County,Humboldt
nc73942611,2023-09-27 20:00:21.390,-119.5118333,38.558,3.6,4.58,"6 km NNW of Walker, CA",051,06051,Mono County,Mono
nc73938736,2023-09-19 04:13:10.380,-121.2958333,37.4381667,4.53,3.51,"15 km SW of Westley, CA",099,06099,Stanislaus County,Stanislaus
nc73938626,2023-09-19 00:15:32.580,-121.2848333,37.4418333,3.97,0.05,"14 km SSW of Westley, CA",099,06099,Stanislaus County,Stanislaus
nc71131324,2023-09-08 17:25:05.950,-121.5705,40.9618333,4.33,12.44,"12 km NE of Burney, CA",089,06089,Shasta County,Shasta
nc73934641,2023-09-08 17:24:38.390,-121.56,40.953,4.99,15.63,"12 km NE of Burney, CA",089,06089,Shasta County,Shasta
nc73928421,2023-08-25 14:14:45.620,-122.8105,38.8246667,3.96,3.04,"7 km NW of The Geysers, CA",097,06097,Sonoma County,Sonoma
ci39647202,2023-08-22 11:39:19.080,-119.1645,34.4191667,3.89,4.89,"8 km ESE of Ojai, CA",111,06111,Ventura County,Ventura
ci39646098,2023-08-21 05:25:16.970,-119.1915,34.4096667,3.94,1.83,"6 km SE of Ojai, CA",111,06111,Ventura County,Ventura
ci39645626,2023-08-20 22:18:16.380,-119.1921667,34.4118333,3.94,9.79,"6 km SE of Ojai, CA",111,06111,Ventura County,Ventura
ci39645586,2023-08-20 22:08:52.590,-119.168,34.4321667,3.66,1.63,"7 km ESE of Ojai, CA",111,06111,Ventura County,Ventura
ci39645402,2023-08-20 21:45:26.350,-119.1821667,34.4273333,3.52,2.08,"6 km ESE of Ojai, CA",111,06111,Ventura County,Ventura
ci39645386,2023-08-20 21:41:00.970,-119.1883333,34.4085,5.08,4.84,"7 km SE of Ojai, CA",111,06111,Ventura County,Ventura
nc73925281,2023-08-17 21:08:00.860,-124.2343333,40.3183333,4.07,31.93,"4 km E of Petrolia, CA",023,06023,Humboldt County,Humboldt
nc73922596,2023-08-10 19:17:18.370,-120.484,35.9345,4.28,9.5,"6 km NW of Parkfield, CA",053,06053,Monterey County,Monterey
ci39627442,2023-08-02 05:38:08.620,-115.5735,33.186,4.12,3.11,"8 km SW of Niland, CA",025,06025,Imperial County,Imperial
nc73918291,2023-07-30 13:49:04.320,-121.6323333,37.2561667,3.61,5.88,"14 km N of Morgan Hill, CA",085,06085,Santa Clara County,Santa Clara
nc73909066,2023-07-05 09:21:20.940,-121.1571667,40.2315,3.5,5.25,"2km NE of Almanor, CA",063,06063,Plumas County,Plumas
ci40488576,2023-06-19 06:49:11.580,-118.145,35.498,3.57,6.81,"32km ESE of Lake Isabella, CA",029,06029,Kern County,Kern
nc73902356,2023-06-18 03:44:59.090,-123.0895,39.0893333,4.35,10.52,"8km SE of Talmage, CA",033,06033,Lake County,Lake
nc71130559,2023-06-03 12:01:28.410,-122.7953333,38.7961667,4.17,0.84,"4km WNW of The Geysers, CA",097,06097,Sonoma County,Sonoma
nc73895826,2023-06-03 12:01:18.960,-122.7785,38.7921667,4.45,3.83,"2km NW of The Geysers, CA",097,06097,Sonoma County,Sonoma
nc73890170,2023-05-26 11:26:25.000,-121.1478333,40.2266667,4.13,6.71,"2km NNE of Prattville, CA",063,06063,Plumas County,Plumas
nc73889641,2023-05-18 15:55:53.710,-121.1346667,40.2251667,3.72,8.4,"3km NE of Prattville, CA",063,06063,Plumas County,Plumas
nc73887046,2023-05-12 10:18:41.310,-121.0998333,40.196,5.16,6.06,"4km NW of Canyondam, CA",063,06063,Plumas County,Plumas
nc73886856,2023-05-12 02:54:45.390,-121.1003333,40.196,3.79,4.79,"4km NW of Canyondam, CA",063,06063,Plumas County,Plumas
nc73886731,2023-05-11 23:19:41.990,-121.1095,40.2041667,5.48,5.85,Lake Almanor Earthquake,063,06063,Plumas County,Plumas
ci40219807,2023-05-06 14:16:02.550,-115.5491667,32.7175,3.55,5.15,"2km SW of Heber, CA",025,06025,Imperial County,Imperial
ci40217695,2023-05-03 01:40:24.490,-117.7166667,35.8715,3.56,8.85,"19km ESE of Little Lake, CA",027,06027,Inyo County,Inyo
nc73882866,2023-05-01 23:13:47.480,-123.6595,38.8905,3.62,9.07,"4km SE of Point Arena, CA",045,06045,Mendocino County,Mendocino
ci40215735,2023-04-30 07:58:19.380,-115.5858333,33.2036667,4.26,1.89,"7km WSW of Niland, CA",025,06025,Imperial County,Imperial
ci40215583,2023-04-30 07:10:10.180,-115.5933333,33.1893333,4.29,1.88,"9 km SW of Niland, CA",025,06025,Imperial County,Imperial
ci40215575,2023-04-30 07:09:34.500,-115.59,33.2008333,4.33,2.04,"8km WSW of Niland, CA",025,06025,Imperial County,Imperial
ci40214935,2023-04-29 21:06:47.870,-115.5406667,32.709,3.71,11.34,"3km SSW of Heber, CA",025,06025,Imperial County,Imperial
ci40214151,2023-04-29 12:07:03.500,-115.5448333,32.711,4.09,10.43,"3 km SSW of Heber, CA",025,06025,Imperial County,Imperial
ci40445744,2023-04-26 06:46:58.450,-116.8456667,34.0288333,3.56,19.7,"12km NNE of Banning, CA",065,06065,Riverside County,Riverside
nc73875700,2023-04-20 03:35:47.710,-121.8396667,37.9163333,3.65,16.04,"9km ESE of Clayton, CA",013,06013,Contra Costa County,Contra Costa
ci40441936,2023-04-17 15:27:56.450,-116.7195,34.9518333,3.62,1.8,"28km ENE of Barstow, CA",071,06071,San Bernardino County,San Bernardino
nc73872965,2023-04-13 07:42:10.810,-122.7635,38.7865,3.88,2.01,"1km NNW of The Geysers, CA",097,06097,Sonoma County,Sonoma
nc73871215,2023-04-12 05:39:51.750,-122.8068333,38.8351667,4.43,2.45,"7km WNW of Cobb, CA",097,06097,Sonoma County,Sonoma
nc73866925,2023-04-04 22:23:17.820,-121.323,36.801,4.41,10.16,"1km NNW of Tres Pinos, CA",069,06069,San Benito County,San Benito
ci39508378,2023-04-01 01:16:07.810,-116.9096667,33.3816667,4.15,12.96,"5km NW of Palomar Observatory, CA",073,06073,San Diego County,San Diego
ci40189967,2023-03-26 06:20:45.070,-116.8505,35.7898333,3.59,0.42,"48km E of Trona, CA",071,06071,San Bernardino County,San Bernardino
ci40186575,2023-03-18 17:19:33.150,-115.7958333,33.2471667,3.56,7.07,"13km SSW of Bombay Beach, CA",025,06025,Imperial County,Imperial
ci40186543,2023-03-18 16:52:07.010,-115.799,33.2466667,3.55,7.15,"13km SSW of Bombay Beach, CA",025,06025,Imperial County,Imperial
nc73858675,2023-03-18 14:23:06.660,-117.9741667,37.508,3.7,0.32,"15km N of Deep Springs, CA",051,06051,Mono County,Mono
nc73858500,2023-03-18 07:03:42.530,-117.972,37.5096667,3.87,-0.21,"15km N of Deep Springs, CA",051,06051,Mono County,Mono
nc73857425,2023-03-15 21:44:05.160,-117.9556667,37.5105,3.75,-0.79,"16km N of Deep Springs, CA",051,06051,Mono County,Mono
nc73856670,2023-03-14 10:13:18.680,-117.971,37.5213333,3.88,-1.23,"17km N of Deep Springs, CA",051,06051,Mono County,Mono
nc73856490,2023-03-14 05:00:29.240,-117.9835,37.5176667,3.82,0.11,"16km N of Deep Springs, CA",051,06051,Mono County,Mono
nc73856426,2023-03-07 14:33:12.440,-121.2011667,36.5941667,3.8,9.29,"9km NW of Pinnacles, CA",069,06069,San Benito County,San Benito
nc73854486,2023-03-02 21:16:50.530,-122.7821667,38.7876667,3.59,2.72,"2km WNW of The Geysers, CA",097,06097,Sonoma County,Sonoma
ci40419496,2023-02-28 13:30:51.690,-117.4165,35.6128333,3.56,8.15,"17km SSW of Trona, CA",071,06071,San Bernardino County,San Bernardino
nc73836266,2023-01-23 13:58:02.950,-121.5168333,37.1093333,3.62,5.65,"9km ENE of San Martin, CA",085,06085,Santa Clara County,Santa Clara
nc73834441,2023-01-20 08:01:14.570,-123.8753333,41.128,4.26,25.27,"16km WSW of Weitchpec, CA",023,06023,Humboldt County,Humboldt
nc73834231,2023-01-20 01:18:07.660,-123.0948333,38.7511667,3.59,6.28,"9km SW of Cloverdale, CA",097,06097,Sonoma County,Sonoma
nc73834131,2023-01-19 20:30:07.050,-123.8765,41.1286667,3.66,26.26,"16km WSW of Weitchpec, CA",023,06023,Humboldt County,Humboldt
nc73834041,2023-01-19 17:15:55.930,-121.531,36.8096667,3.56,5.32,"4km S of San Juan Bautista, CA",069,06069,San Benito County,San Benito
nc73830791,2023-01-10 18:32:14.700,-124.0303333,40.9488333,3.61,22.2,"6km E of McKinleyville, CA",023,06023,Humboldt County,Humboldt
nc73827571,2023-01-01 18:35:04.510,-123.971,40.409,5.35,30.63,"15km SE of Rio Dell, CA",023,06023,Humboldt County,Humboldt
nc73827436,2023-01-01 06:49:10.190,-121.2063333,36.595,3.9,7.74,"9km NW of Pinnacles, CA",069,06069,San Benito County,San Benito
ci40151807,2022-12-31 12:12:26.650,-116.3933333,33.3975,4.14,3.88,"16 km N of Borrego Springs, CA",073,06073,San Diego County,San Diego
nc73824236,2022-12-24 19:33:44.190,-124.0083333,40.5571667,4.16,22.4,"8km E of Hydesville, CA",023,06023,Humboldt County,Humboldt
nc73823036,2022-12-22 11:49:55.860,-124.3346667,40.3601667,3.79,28.71,"6km NW of Petrolia, CA",023,06023,Humboldt County,Humboldt
nc73822026,2022-12-20 22:06:34.380,-124.3291667,40.5455,4.35,19.74,"6km WSW of Ferndale, CA",023,06023,Humboldt County,Humboldt
nc73821636,2022-12-20 15:09:05.740,-124.0688333,40.6005,3.99,22.5,"6km NNE of Hydesville, CA",023,06023,Humboldt County,Humboldt
nc73821111,2022-12-20 10:53:16.680,-124.3543333,40.5273333,3.52,17.09,"9km SW of Ferndale, CA",023,06023,Humboldt County,Humboldt
nc73821046,2022-12-20 10:39:02.360,-124.1881667,40.5228333,4.92,26.55,"7km WNW of Rio Dell, CA",023,06023,Humboldt County,Humboldt
nc73819746,2022-12-17 11:39:42.860,-122.304,37.9181667,3.57,5.48,"1km ENE of El Cerrito, CA",013,06013,Contra Costa County,Contra Costa
ci40142983,2022-12-07 14:13:22.690,-118.3915,35.5086667,3.59,5.07,"13 km SE of Bodfish, CA",029,06029,Kern County,Kern
nc73814971,2022-12-06 00:10:37.510,-120.0126667,35.9356667,3.98,9.46,"9km SSW of Kettleman City, CA",031,06031,Kings County,Kings
nc73814941,2022-12-05 23:13:16.710,-121.6876667,37.3258333,3.59,8.21,"13km ESE of Alum Rock, CA",085,06085,Santa Clara County,Santa Clara
nc73813816,2022-12-02 12:21:48.910,-118.338,37.1563333,3.91,8.17,"4km WSW of Big Pine, CA",027,06027,Inyo County,Inyo
ci40383192,2022-12-01 15:28:29.660,-116.0403333,32.8361667,3.82,10.46,"12km NNW of Ocotillo, CA",025,06025,Imperial County,Imperial
nc73804556,2022-11-07 02:01:27.780,-123.1165,39.4828333,3.76,5.64,"16km WNW of Lake Pillsbury, CA",045,06045,Mendocino County,Mendocino
nc73799186,2022-10-25 22:08:37.200,-121.6751667,37.3106667,3.54,8.05,"15km E of Seven Trees, CA",085,06085,Santa Clara County,Santa Clara
nc73799091,2022-10-25 18:42:02.710,-121.672,37.3115,5.06,8.38,"15km ESE of Alum Rock, CA",085,06085,Santa Clara County,Santa Clara
nc73798306,2022-10-23 18:16:23.050,-124.14,40.5781667,4.1,28.35,"3km SSE of Fortuna, CA",023,06023,Humboldt County,Humboldt
nc73796766,2022-10-20 07:55:16.770,-123.5185,40.3495,4.32,33.05,"36km NE of Redway, CA",105,06105,Trinity County,Trinity
ci40359712,2022-10-12 12:54:07.000,-118.9958333,35.0486667,3.67,12.27,"13km NNW of Grapevine, CA",029,06029,Kern County,Kern
nc73792396,2022-10-12 00:28:36.750,-119.4411667,38.5498333,3.54,7.27,"5km NE of Walker, CA",051,06051,Mono County,Mono
ci40107167,2022-09-27 08:03:39.320,-118.3885,35.5076667,3.7,5.18,"13km SE of Bodfish, CA",029,06029,Kern County,Kern
nc73783911,2022-09-20 14:03:08.070,-123.1861667,39.8005,3.96,9.05,"5km E of Covelo, CA",045,06045,Mendocino County,Mendocino
ci40102247,2022-09-18 06:55:48.060,-115.9373333,33.7635,3.53,6.15,"23km NE of Thermal, CA",065,06065,Riverside County,Riverside
nc73782441,2022-09-16 16:12:42.850,-119.505,38.5233333,3.65,5.3,"2km WNW of Walker, CA",051,06051,Mono County,Mono
nc71129069,2022-09-14 01:40:20.420,-122.7036667,38.4813333,4.29,5.59,"4km N of Santa Rosa, CA",097,06097,Sonoma County,Sonoma
nc73781306,2022-09-14 01:39:38.730,-122.7071667,38.475,4.39,5.57,"3km N of Santa Rosa, CA",097,06097,Sonoma County,Sonoma
ci40095559,2022-09-03 17:04:55.810,-117.5595,34.0203333,3.57,11.39,"5km NW of Mira Loma, CA",071,06071,San Bernardino County,San Bernardino
nc73774300,2022-09-01 13:36:22.150,-121.0965,36.549,4.0,1.6,"5km ENE of Pinnacles, CA",069,06069,San Benito County,San Benito
nc73767655,2022-08-13 12:33:35.760,-123.9355,40.7575,3.57,22.58,"14km SE of Bayside, CA",023,06023,Humboldt County,Humboldt
nc73765585,2022-08-08 20:44:14.110,-119.446,38.5816667,4.45,5.4,"8km NNE of Walker, CA",051,06051,Mono County,Mono
nc73761796,2022-07-23 01:41:04.680,-121.4761667,39.4656667,4.24,0.59,"5km S of Oroville East, CA",007,06007,Butte County,Butte
ci40065255,2022-07-17 15:44:26.540,-118.3865,35.5126667,3.8,4.66,"13km SE of Bodfish, CA",029,06029,Kern County,Kern
ci40063391,2022-07-15 01:19:07.000,-117.5843333,35.7091667,4.58,6.3,"13km NE of Ridgecrest, CA",071,06071,San Bernardino County,San Bernardino
ci40063127,2022-07-14 18:54:03.220,-115.9846667,33.2725,3.58,4.95,"4km SW of Salton City, CA",025,06025,Imperial County,Imperial
ci40298688,2022-07-07 01:30:31.400,-116.1063333,33.2308333,3.54,9.6,"10km NNE of Ocotillo Wells, CA",073,06073,San Diego County,San Diego
ci40297864,2022-07-06 06:15:46.400,-118.402,35.5548333,3.53,2.88,"9km ESE of Bodfish, CA",029,06029,Kern County,Kern
nc73752031,2022-06-28 11:57:40.710,-122.7471667,38.8301667,4.19,0.48,"2km WNW of Cobb, CA",033,06033,Lake County,Lake
ci40036719,2022-06-08 22:48:21.560,-118.3873333,35.5108333,3.55,5.2,"13km SE of Bodfish, CA",029,06029,Kern County,Kern
ci40032983,2022-06-03 10:40:29.910,-116.6641667,33.2338333,3.68,10.94,"6km SSW of Warner Springs, CA",073,06073,San Diego County,San Diego
nc73740051,2022-06-02 12:07:22.230,-122.0076667,38.0765,4.14,18.43,"7km NW of Bay Point, CA",095,06095,Solano County,Solano
ci40027143,2022-05-26 09:23:32.530,-117.406,35.6026667,4.28,4.79,"18km S of Trona, CA",071,06071,San Bernardino County,San Bernardino
ci40019919,2022-05-16 06:16:50.290,-116.4448333,34.0078333,3.76,8.25,"7km NE of Desert Hot Springs, CA",065,06065,Riverside County,Riverside
ci40255392,2022-05-10 06:53:51.020,-117.3896667,35.5251667,3.53,9.05,"27km S of Trona, CA",071,06071,San Bernardino County,San Bernardino
ci40255120,2022-05-09 21:35:33.550,-116.3538333,33.0391667,3.54,11.34,"24km E of Julian, CA",073,06073,San Diego County,San Diego
ci40243288,2022-04-21 18:58:50.260,-115.5135,32.8948333,3.62,9.45,"7km NE of Imperial, CA",025,06025,Imperial County,Imperial
ci40241440,2022-04-19 20:30:08.420,-115.5138333,32.9105,3.72,11.46,"8km SSE of Brawley, CA",025,06025,Imperial County,Imperial
ci40241424,2022-04-19 20:22:41.540,-115.5165,32.9095,3.61,11.77,"8km S of Brawley, CA",025,06025,Imperial County,Imperial
nc73714176,2022-04-04 15:18:31.590,-124.2186667,40.4816667,3.8,21.41,"10km WSW of Rio Dell, CA",023,06023,Humboldt County,Humboldt
nc73714181,2022-04-04 15:16:46.240,-124.2101667,40.4871667,4.07,21.4,"9km W of Rio Dell, CA",023,06023,Humboldt County,Humboldt
ci39985119,2022-04-03 09:51:30.520,-116.9765,35.0381667,3.62,2.01,"16km NNE of Barstow, CA",071,06071,San Bernardino County,San Bernardino
nc73713331,2022-04-02 10:31:04.680,-123.5105,41.0453333,3.54,33.39,"16km NE of Willow Creek, CA",023,06023,Humboldt County,Humboldt
nc73712486,2022-03-31 02:05:26.760,-118.6031667,37.4093333,3.93,10.53,"1km SW of Round Valley, CA",027,06027,Inyo County,Inyo
nc73710361,2022-03-25 21:10:58.610,-122.2585,39.1266667,3.67,-0.49,"10km WSW of Williams, CA",011,06011,Colusa County,Colusa
nc73707826,2022-03-19 16:59:41.390,-121.7615,37.0021667,3.58,12.04,"4km ENE of Corralitos, CA",087,06087,Santa Cruz County,Santa Cruz
nc73707021,2022-03-18 04:51:22.290,-119.5405,38.521,3.99,-0.54,"5km W of Walker, CA",051,06051,Mono County,Mono
nc73705146,2022-03-13 20:51:32.260,-121.1883333,36.5846667,4.12,6.03,"7km NW of Pinnacles, CA",069,06069,San Benito County,San Benito
nc73702486,2022-03-07 16:22:42.900,-119.08,38.2258333,3.54,8.97,"6km WNW of Bodie, CA",051,06051,Mono County,Mono
nc73700486,2022-03-03 11:39:58.200,-122.7581667,38.7805,3.78,0.4,"0km NNW of The Geysers, CA",097,06097,Sonoma County,Sonoma
ci40194736,2022-02-27 01:44:18.300,-119.132,34.4211667,3.98,19.66,"10km NW of Santa Paula, CA",111,06111,Ventura County,Ventura
ci40182560,2022-02-11 00:25:02.020,-119.1323333,34.4171667,3.86,18.74,"10km NW of Santa Paula, CA",111,06111,Ventura County,Ventura
ci40178728,2022-02-06 23:24:47.510,-117.4786667,33.7323333,3.62,11.02,"13km NE of Trabuco Canyon, CA",065,06065,Riverside County,Riverside
ci39928087,2022-01-30 17:46:26.970,-116.9146667,33.3355,4.0,13.31,"5km WSW of Palomar Observatory, CA",073,06073,San Diego County,San Diego
ci39924871,2022-01-27 10:51:22.330,-118.9958333,35.0445,3.51,12.03,"13km NNW of Grapevine, CA",029,06029,Kern County,Kern
ci39910255,2022-01-13 03:19:08.700,-116.443,33.4688333,3.86,13.97,"23km ESE of Anza, CA",065,06065,Riverside County,Riverside
ci39905711,2022-01-08 06:21:31.650,-118.9911667,34.4365,3.56,1.8,"8km WNW of Fillmore, CA",111,06111,Ventura County,Ventura
nc73674211,2022-01-06 00:28:07.010,-117.9023333,37.3338333,4.75,9.5,"8km ESE of Deep Springs, CA",027,06027,Inyo County,Inyo
ci39901519,2022-01-03 02:34:48.200,-119.3906667,35.284,3.92,17.73,"15km SSE of Buttonwillow, CA",029,06029,Kern County,Kern
nc73671446,2021-12-31 20:57:46.030,-124.3288333,40.4778333,3.81,19.05,"12km SSW of Ferndale, CA",023,06023,Humboldt County,Humboldt
nc73667866,2021-12-23 03:28:52.150,-124.2925,40.3751667,3.87,21.02,"6km N of Petrolia, CA",023,06023,Humboldt County,Humboldt
nc73666831,2021-12-21 04:34:19.950,-124.2841667,40.4475,3.76,27.54,"14km N of Petrolia, CA",023,06023,Humboldt County,Humboldt
nc73666801,2021-12-21 03:26:39.360,-124.2383333,40.4115,3.84,26.83,"10km NNE of Petrolia, CA",023,06023,Humboldt County,Humboldt
nc73666511,2021-12-20 21:53:46.470,-124.2258333,40.3585,3.93,26.93,"6km NE of Petrolia, CA",023,06023,Humboldt County,Humboldt
nc73666231,2021-12-20 20:10:31.310,-124.298,40.3901667,6.2,27.04,"7km N of Petrolia, CA",023,06023,Humboldt County,Humboldt
ci39882375,2021-12-08 10:28:04.820,-117.5068333,34.2005,3.62,4.98,"7km S of Lytle Creek, CA",071,06071,San Bernardino County,San Bernardino
nc73654060,2021-11-17 19:43:43.550,-121.9688333,37.7891667,3.86,10.3,"1km NE of San Ramon, CA",013,06013,Contra Costa County,Contra Costa
nc73648540,2021-11-04 00:24:34.080,-123.4245,39.8938333,4.08,7.43,"19km NW of Covelo, CA",045,06045,Mendocino County,Mendocino
nc73648040,2021-11-03 00:24:51.300,-124.2553333,40.363,4.38,29.6,"5km NNE of Petrolia, CA",023,06023,Humboldt County,Humboldt
nc73644635,2021-10-25 23:49:36.100,-121.3038333,35.7688333,3.53,6.46,"17km NW of San Simeon, CA",079,06079,San Luis Obispo County,San Luis Obispo
nc73644630,2021-10-25 23:42:35.860,-121.3043333,35.7758333,4.65,7.79,"18km NW of San Simeon, CA",079,06079,San Luis Obispo County,San Luis Obispo
ci39841223,2021-10-24 14:01:02.280,-118.1973333,34.0168333,3.61,17.15,"3km WSW of East Los Angeles, CA",037,06037,Los Angeles County,Los Angeles
ci39841127,2021-10-24 06:49:12.020,-115.876,32.9675,3.55,11.15,"25km WSW of Westmorland, CA",025,06025,Imperial County,Imperial
nc73641850,2021-10-20 08:57:15.880,-121.3173333,36.6708333,3.73,6.52,"13km S of Tres Pinos, CA",069,06069,San Benito County,San Benito
ci39835791,2021-10-17 13:19:00.720,-117.86,36.2131667,3.98,4.19,"15km ESE of Olancha, CA",027,06027,Inyo County,Inyo
nc73636810,2021-10-08 00:13:49.320,-118.9533333,38.1018333,3.66,9.57,"13km SSE of Bodie, CA",051,06051,Mono County,Mono
nc73636175,2021-10-06 14:25:27.520,-118.3253333,36.989,3.52,8.89,"20km S of Big Pine, CA",027,06027,Inyo County,Inyo
nc73633396,2021-10-04 23:07:48.800,-121.2886667,36.5891667,3.66,6.36,"14km WNW of Pinnacles, CA",069,06069,San Benito County,San Benito
ci40061064,2021-10-02 01:42:20.500,-118.321,35.0691667,3.68,2.69,"14km W of Mojave, CA",029,06029,Kern County,Kern
nc71126389,2021-09-28 15:12:38.630,-119.5315,38.5418333,3.79,5.16,"28km SE of Markleeville, CA",051,06051,Mono County,Mono
nc73630471,2021-09-28 15:12:12.240,-119.5348333,38.542,3.8,5.04,"28km SE of Markleeville, CA",051,06051,Mono County,Mono
nc73629686,2021-09-26 08:51:30.240,-124.1636667,40.2491667,3.61,11.69,"13km SE of Petrolia, CA",023,06023,Humboldt County,Humboldt
nc73628241,2021-09-23 01:53:41.890,-119.5006667,38.5433333,3.61,7.32,"30km SSW of Smith Valley, NV",051,06051,Mono County,Mono
nc73626516,2021-09-18 19:20:31.030,-119.4986667,38.5468333,3.97,6.82,"30km SSW of Smith Valley, NV",051,06051,Mono County,Mono
ci39812319,2021-09-18 02:58:34.700,-118.2636667,33.8313333,4.28,11.86,"2km E of Carson, CA",037,06037,Los Angeles County,Los Angeles
nc73625096,2021-09-15 12:29:44.360,-119.5606667,38.4188333,3.55,6.26,"25km ENE of Dardanelle, CA",051,06051,Mono County,Mono
nc73624666,2021-09-14 07:38:52.100,-120.5926667,36.2965,3.79,16.6,"15km SSE of New Idria, CA",019,06019,Fresno County,Fresno
ci39807135,2021-09-13 14:59:35.980,-118.8976667,34.2278333,3.62,2.41,"5km NNW of Thousand Oaks, CA",111,06111,Ventura County,Ventura
nc73620341,2021-09-05 05:27:45.570,-123.1191667,39.143,3.69,9.8,"4km ENE of Talmage, CA",045,06045,Mendocino County,Mendocino
nc73619336,2021-09-03 05:44:20.480,-123.118,39.1465,3.78,9.21,"4km ENE of Talmage, CA",045,06045,Mendocino County,Mendocino
nc73618401,2021-08-31 16:09:56.600,-121.1828333,36.5781667,4.05,8.54,"6km NW of Pinnacles, CA",069,06069,San Benito County,San Benito
ci40024128,2021-08-27 12:34:51.160,-118.3791667,35.5151667,4.0,5.01,"13km SE of Bodfish, CA",029,06029,Kern County,Kern
nc73615986,2021-08-27 04:47:44.690,-119.4211667,38.5663333,4.37,-1.92,"25km SSW of Smith Valley, NV",051,06051,Mono County,Mono
nc73615886,2021-08-27 01:47:25.700,-119.4195,38.5558333,3.5,0.71,"26km SSW of Smith Valley, NV",051,06051,Mono County,Mono
ci40018784,2021-08-23 14:57:23.620,-115.6413333,33.139,4.04,7.16,"12km N of Westmorland, CA",025,06025,Imperial County,Imperial
ci40014576,2021-08-18 21:50:22.940,-115.9675,33.0748333,3.84,3.84,"17km ESE of Ocotillo Wells, CA",025,06025,Imperial County,Imperial
ci40014560,2021-08-18 21:45:14.590,-115.9598333,33.0733333,3.98,7.07,"18km ESE of Ocotillo Wells, CA",025,06025,Imperial County,Imperial
nc73604436,2021-08-02 18:28:54.290,-122.8623333,39.6703333,3.66,7.64,"12km W of Alder Springs, CA",021,06021,Glenn County,Glenn
nc73594701,2021-07-18 13:24:10.670,-119.4703333,38.4241667,3.6,5.44,"28km NW of Bridgeport, CA",051,06051,Mono County,Mono
nc73593641,2021-07-17 09:49:10.780,-119.469,38.5495,3.52,3.15,"28km SSW of Smith Valley, NV",051,06051,Mono County,Mono
nc73591671,2021-07-15 14:18:29.020,-119.485,38.5218333,3.77,4.8,"32km SSW of Smith Valley, NV",051,06051,Mono County,Mono
nc73589811,2021-07-14 03:46:14.210,-119.4605,38.5486667,3.89,2.03,"28km SSW of Smith Valley, NV",051,06051,Mono County,Mono
nc73586481,2021-07-10 02:48:45.260,-119.5403333,38.4985,3.57,2.67,"31km SE of Markleeville, CA",051,06051,Mono County,Mono
nc73586416,2021-07-10 01:21:01.190,-119.5535,38.5318333,3.76,2.47,"28km SE of Markleeville, CA",051,06051,Mono County,Mono
nc73585771,2021-07-09 09:13:49.050,-119.466,38.5493333,3.55,0.67,"28km SSW of Smith Valley, NV",051,06051,Mono County,Mono
nc73585576,2021-07-09 05:43:55.340,-119.5386667,38.5393333,3.57,4.64,"28km SE of Markleeville, CA",051,06051,Mono County,Mono
nc73585531,2021-07-09 05:10:35.790,-119.5293333,38.5426667,4.34,3.92,"28km SE of Markleeville, CA",051,06051,Mono County,Mono
nc73585526,2021-07-09 05:04:18.400,-119.512,38.5291667,4.06,5.7,"30km SE of Markleeville, CA",051,06051,Mono County,Mono
nc73585291,2021-07-09 01:46:00.400,-119.5343333,38.5086667,4.55,3.71,"30km SE of Markleeville, CA",051,06051,Mono County,Mono
nc73585141,2021-07-09 00:27:46.560,-119.5103333,38.4781667,4.41,4.81,"32km ENE of Dardanelle, CA",051,06051,Mono County,Mono
nc73585111,2021-07-09 00:05:21.510,-119.4825,38.4563333,3.92,4.79,"31km NW of Bridgeport, CA",051,06051,Mono County,Mono
nc73585101,2021-07-09 00:03:18.520,-119.5353333,38.5365,3.64,2.81,"28km SE of Markleeville, CA",051,06051,Mono County,Mono
nc73585086,2021-07-08 23:58:53.570,-119.524,38.537,4.24,5.83,"29km SE of Markleeville, CA",051,06051,Mono County,Mono
nc73585056,2021-07-08 23:47:43.520,-119.5335,38.536,3.76,4.55,"28km SE of Markleeville, CA",051,06051,Mono County,Mono
nc73585061,2021-07-08 23:44:41.130,-119.5218333,38.5528333,3.52,4.36,"28km ESE of Markleeville, CA",051,06051,Mono County,Mono
nc73585021,2021-07-08 23:33:40.900,-119.5448333,38.4796667,4.63,1.58,"29km ENE of Dardanelle, CA",003,06003,Alpine County,Alpine
nc73584931,2021-07-08 23:01:01.350,-119.512,38.5241667,3.66,6.77,"31km SE of Markleeville, CA",051,06051,Mono County,Mono
nc73584936,2021-07-08 22:59:45.260,-119.5106667,38.5128333,4.31,6.74,"32km SE of Markleeville, CA",051,06051,Mono County,Mono
nc71123379,2021-07-08 22:50:14.370,-119.5021667,38.5126667,5.03,7.4,"32km SE of Markleeville, CA",051,06051,Mono County,Mono
nc73584926,2021-07-08 22:49:48.110,-119.4998333,38.5075,6.0,7.45,"Antelope Valley, CA",051,06051,Mono County,Mono
nc73584531,2021-07-08 07:36:26.100,-122.323,38.5531667,3.58,10.0,"11km ESE of Angwin, CA",055,06055,Napa County,Napa
ci39730287,2021-07-06 02:38:01.000,-117.5335,35.6815,3.53,6.1,"14km ENE of Ridgecrest, CA",071,06071,San Bernardino County,San Bernardino
nc73582701,2021-07-03 23:23:51.380,-120.8746667,37.0516667,3.74,5.75,"2km WSW of Los Banos, CA",047,06047,Merced County,Merced
nc73580646,2021-06-29 01:29:48.060,-122.1223333,37.7061667,3.9,9.2,"3km N of San Lorenzo, CA",001,06001,Alameda County,Alameda
ci39716639,2021-06-23 20:06:07.180,-116.4441667,34.1468333,3.57,5.47,"4km NNW of Yucca Valley, CA",071,06071,San Bernardino County,San Bernardino
nc73574191,2021-06-14 03:16:24.290,-122.8278333,38.8051667,3.98,3.56,"7km WNW of The Geysers, CA",097,06097,Sonoma County,Sonoma
nc73573646,2021-06-13 06:54:47.290,-122.8291667,38.8078333,3.98,2.65,"7km WNW of The Geysers, CA",097,06097,Sonoma County,Sonoma
ci39936648,2021-06-12 05:55:20.790,-115.6605,33.205,3.79,2.78,"14km WSW of Niland, CA",025,06025,Imperial County,Imperial
ci39936288,2021-06-12 04:49:38.280,-115.656,33.206,4.06,2.62,"13km WSW of Niland, CA",025,06025,Imperial County,Imperial
ew1623472898,2021-06-12 04:41:38.511,-115.6436,33.2354,4.1407,8.0,"11 km W of Niland, California",025,06025,Imperial County,Imperial
ci39936232,2021-06-12 04:41:37.860,-115.6543333,33.1956667,3.61,3.12,"14km WSW of Niland, CA",025,06025,Imperial County,Imperial
ci39936208,2021-06-12 04:40:23.030,-115.652,33.2033333,3.79,2.41,"13km WSW of Niland, CA",025,06025,Imperial County,Imperial
ci39936192,2021-06-12 04:39:46.510,-115.647,33.2066667,4.32,2.47,"12km WSW of Niland, CA",025,06025,Imperial County,Imperial
ci39936136,2021-06-12 04:30:28.490,-115.6465,33.2068333,3.85,2.77,"12km WSW of Niland, CA",025,06025,Imperial County,Imperial
ci39936128,2021-06-12 04:27:34.880,-115.6498333,33.2081667,3.94,2.97,"13km WSW of Niland, CA",025,06025,Imperial County,Imperial
ci39928744,2021-06-07 21:24:52.050,-115.6401667,33.1583333,3.61,5.46,"12km WNW of Calipatria, CA",025,06025,Imperial County,Imperial
ci39928664,2021-06-07 21:08:28.590,-115.64,33.1666667,4.08,5.34,"13km WNW of Calipatria, CA",025,06025,Imperial County,Imperial
ci39927952,2021-06-07 14:45:22.420,-115.6373333,33.1843333,3.52,4.93,"13km WSW of Niland, CA",025,06025,Imperial County,Imperial
ci39927264,2021-06-07 05:44:35.620,-115.6266667,33.1436667,3.56,7.51,"11km W of Calipatria, CA",025,06025,Imperial County,Imperial
ci39923832,2021-06-06 08:05:36.600,-115.6395,33.1855,3.81,9.8,"13km WSW of Niland, CA",025,06025,Imperial County,Imperial
ci39922408,2021-06-06 03:08:23.210,-115.6195,33.1506667,3.61,9.28,"10km WNW of Calipatria, CA",025,06025,Imperial County,Imperial
ci39919656,2021-06-05 18:21:48.750,-115.6186667,33.1513333,4.09,7.06,"10km WNW of Calipatria, CA",025,06025,Imperial County,Imperial
ci39919472,2021-06-05 18:03:40.050,-115.6138333,33.15,3.51,5.32,"10km WNW of Calipatria, CA",025,06025,Imperial County,Imperial
ci39919400,2021-06-05 17:57:21.900,-115.6155,33.145,4.29,3.69,"10km WNW of Calipatria, CA",025,06025,Imperial County,Imperial
ci39919392,2021-06-05 17:55:58.820,-115.6348333,33.14,5.25,5.78,"11km W of Calipatria, CA",025,06025,Imperial County,Imperial
ci39919336,2021-06-05 17:50:50.980,-115.639,33.142,3.88,5.91,"12km N of Westmorland, CA",025,06025,Imperial County,Imperial
ci39919280,2021-06-05 17:47:53.750,-115.6305,33.1481667,3.89,4.03,"11km WNW of Calipatria, CA",025,06025,Imperial County,Imperial
ci39919264,2021-06-05 17:46:39.500,-115.641,33.134,3.79,4.63,"11km N of Westmorland, CA",025,06025,Imperial County,Imperial
ci39919256,2021-06-05 17:46:26.060,-115.6343333,33.1415,3.56,5.87,"11km W of Calipatria, CA",025,06025,Imperial County,Imperial
ci39919248,2021-06-05 17:45:16.380,-115.64,33.1375,4.08,4.59,"11km N of Westmorland, CA",025,06025,Imperial County,Imperial
ci39919208,2021-06-05 17:40:51.960,-115.6408333,33.1301667,3.55,3.05,"10km N of Westmorland, CA",025,06025,Imperial County,Imperial
nc73569391,2021-06-03 12:15:32.800,-121.726,37.3721667,3.59,7.07,"9km E of Alum Rock, CA",085,06085,Santa Clara County,Santa Clara
nc73569196,2021-06-03 04:34:42.450,-121.1141667,36.5501667,3.62,9.14,"3km NE of Pinnacles, CA",069,06069,San Benito County,San Benito
nc73566711,2021-05-28 15:25:21.840,-120.0286667,39.1221667,4.15,7.02,"10km SE of Dollar Point, CA",061,06061,Placer County,Placer
ci39659271,2021-05-20 01:37:22.690,-117.3245,35.9748333,3.59,3.04,"24km NNE of Trona, CA",027,06027,Inyo County,Inyo
nc73564200,2021-05-18 14:44:25.290,-120.2116667,36.1631667,3.63,8.98,"11km WSW of Huron, CA",019,06019,Fresno County,Fresno
nc73559265,2021-05-07 04:35:14.150,-120.3145,39.461,4.65,10.12,"19km NW of Truckee, CA",091,06091,Sierra County,Sierra
nc73554385,2021-04-25 15:33:23.610,-120.0433333,39.1283333,3.7,7.51,"8km SE of Dollar Point, CA",061,06061,Placer County,Placer
nc73554215,2021-04-25 04:59:28.510,-121.6395,37.267,3.61,7.66,"15km N of Morgan Hill, CA",085,06085,Santa Clara County,Santa Clara
nc73553370,2021-04-23 11:18:40.530,-123.0365,39.5256667,3.91,7.42,"15km NNW of Lake Pillsbury, CA",045,06045,Mendocino County,Mendocino
nc73552000,2021-04-20 09:48:34.270,-123.5988333,40.188,4.03,33.89,"20km ENE of Redway, CA",023,06023,Humboldt County,Humboldt
nc73551855,2021-04-20 02:39:04.860,-122.017,39.5165,3.82,23.07,"15km E of Willows, CA",021,06021,Glenn County,Glenn
nc73551560,2021-04-19 18:50:58.790,-122.7228333,38.757,3.98,2.88,"3km SW of Anderson Springs, CA",033,06033,Lake County,Lake
ci39849144,2021-04-13 21:35:03.940,-116.0878333,33.8063333,3.54,3.03,"15km NE of Indio, CA",065,06065,Riverside County,Riverside
ci39843952,2021-04-08 20:51:15.140,-117.5496667,35.6538333,3.62,8.34,"12km ENE of Ridgecrest, CA",071,06071,San Bernardino County,San Bernardino
ci39842896,2021-04-08 03:52:08.190,-115.4328333,32.7753333,3.73,16.19,"6km SW of Holtville, CA",025,06025,Imperial County,Imperial
ci39841832,2021-04-07 13:42:05.870,-117.4105,35.6096667,3.64,8.97,"17km S of Trona, CA",071,06071,San Bernardino County,San Bernardino
ci39838928,2021-04-05 11:44:01.950,-118.3333333,33.9405,4.0,19.34,"2km E of Lennox, CA",037,06037,Los Angeles County,Los Angeles
nc73539406,2021-03-24 15:41:13.980,-123.4743333,39.2448333,3.98,8.2,"21km SSW of Willits, CA",045,06045,Mendocino County,Mendocino
nc73527826,2021-02-25 19:30:19.630,-122.8206667,38.8178333,3.81,2.63,"7km NW of The Geysers, CA",097,06097,Sonoma County,Sonoma
nc73526151,2021-02-22 01:38:13.840,-121.4781667,37.0456667,3.76,6.22,"9km ENE of Gilroy, CA",085,06085,Santa Clara County,Santa Clara
ci39552143,2021-02-14 23:42:34.470,-117.3201667,35.9725,3.6,3.07,"24km NNE of Trona, CA",027,06027,Inyo County,Inyo
nc73523021,2021-02-14 11:57:50.380,-118.3201667,37.2631667,3.69,12.19,"6km ESE of Wilkerson, CA",027,06027,Inyo County,Inyo
ci39550567,2021-02-12 23:57:13.500,-117.9266667,36.2183333,4.03,3.11,"10km SE of Olancha, CA",027,06027,Inyo County,Inyo
ci39546975,2021-02-10 01:27:09.840,-115.6113333,33.1751667,3.76,3.68,"11km WNW of Calipatria, CA",025,06025,Imperial County,Imperial
ci39546863,2021-02-10 01:01:15.790,-115.6136667,33.1753333,3.82,3.77,"11km WNW of Calipatria, CA",025,06025,Imperial County,Imperial
ci39539439,2021-02-03 09:23:36.290,-115.8261667,32.7516667,3.74,11.24,"16km E of Ocotillo, CA",025,06025,Imperial County,Imperial
ci39537399,2021-02-01 04:18:48.290,-115.8283333,32.7506667,3.53,11.28,"16km E of Ocotillo, CA",025,06025,Imperial County,Imperial
ci39763472,2021-01-21 01:22:24.920,-117.9123333,35.9658333,3.54,3.0,"3km N of Little Lake, CA",027,06027,Inyo County,Inyo
ci39762912,2021-01-20 16:31:58.950,-118.2716667,33.9186667,3.52,19.76,"2km W of Willowbrook, CA",037,06037,Los Angeles County,Los Angeles
nc73512355,2021-01-17 04:01:27.110,-121.6105,36.8673333,4.2,8.32,"4km SE of Aromas, CA",069,06069,San Benito County,San Benito
ci39759432,2021-01-17 03:14:49.720,-118.0923333,36.1875,3.75,1.52,"13km SW of Olancha, CA",107,06107,Tulare County,Tulare
ci39759376,2021-01-17 02:49:08.800,-118.0938333,36.1876667,4.02,1.11,"13km SW of Olancha, CA",107,06107,Tulare County,Tulare
nc73511455,2021-01-15 22:11:07.870,-118.5385,37.9106667,3.9,7.68,"41km NNE of Toms Place, CA",051,06051,Mono County,Mono
nc73510910,2021-01-14 19:18:10.680,-122.0406667,37.9708333,3.63,15.24,"2km W of Concord, CA",013,06013,Contra Costa County,Contra Costa
ci39510719,2021-01-04 18:04:59.600,-115.595,33.1851667,3.95,2.24,"9km SW of Niland, CA",025,06025,Imperial County,Imperial
nc73506045,2021-01-02 14:42:23.790,-121.2125,36.6085,4.32,6.32,"10km NW of Pinnacles, CA",069,06069,San Benito County,San Benito
nc73504795,2020-12-31 04:22:03.380,-122.8231667,38.8388333,3.63,2.27,"9km WNW of Cobb, CA",097,06097,Sonoma County,Sonoma
nc73503450,2020-12-27 14:44:40.090,-122.0176667,39.5058333,3.86,26.35,"15km E of Willows, CA",021,06021,Glenn County,Glenn
ci39505103,2020-12-27 04:05:37.240,-118.2883333,35.4886667,3.5,2.7,"22km ESE of Bodfish, CA",029,06029,Kern County,Kern
ci39504023,2020-12-25 20:25:59.070,-115.9211667,33.7473333,3.64,3.68,"23km ENE of Thermal, CA",065,06065,Riverside County,Riverside
nc73499875,2020-12-18 16:13:42.360,-124.2291667,40.4311667,3.97,25.76,"13km NNE of Petrolia, CA",023,06023,Humboldt County,Humboldt
nc73498140,2020-12-15 14:59:41.220,-121.5483333,37.1608333,3.54,3.85,"10km ENE of Morgan Hill, CA",085,06085,Santa Clara County,Santa Clara
nc73498145,2020-12-15 14:58:40.020,-121.5493333,37.1605,3.68,4.34,"10km ENE of Morgan Hill, CA",085,06085,Santa Clara County,Santa Clara
ci39486671,2020-12-06 15:17:53.130,-116.6693333,33.237,3.62,9.2,"6km SSW of Warner Springs, CA",073,06073,San Diego County,San Diego
nc73494405,2020-12-06 15:03:33.260,-123.0671667,39.0376667,4.39,4.95,"13km W of Lakeport, CA",045,06045,Mendocino County,Mendocino
ci39485527,2020-12-05 05:41:29.460,-116.9311667,33.4211667,3.55,8.08,"7km WSW of Aguanga, CA",073,06073,San Diego County,San Diego
nc73493050,2020-12-04 10:45:06.480,-122.8088333,38.82,3.71,2.59,"7km NW of The Geysers, CA",097,06097,Sonoma County,Sonoma
ci39477815,2020-11-26 22:59:57.630,-115.605,33.174,3.56,10.03,"10km WNW of Calipatria, CA",025,06025,Imperial County,Imperial
ci39468407,2020-11-17 17:32:32.690,-116.3401667,34.8618333,3.51,5.26,"23km NW of Ludlow, CA",071,06071,San Bernardino County,San Bernardino
ci39466903,2020-11-16 10:56:22.320,-117.7236667,35.8881667,3.59,7.67,"17km ESE of Little Lake, CA",027,06027,Inyo County,Inyo
ci39442103,2020-10-22 20:59:26.460,-115.5845,33.2,3.91,3.03,"8km SW of Niland, CA",025,06025,Imperial County,Imperial
nc73472896,2020-10-20 01:58:50.210,-123.2443333,39.3658333,3.79,7.5,"11km ESE of Willits, CA",045,06045,Mendocino County,Mendocino
nc73468941,2020-10-10 01:24:11.430,-123.7326667,40.3761667,3.73,28.6,"30km NNE of Redway, CA",023,06023,Humboldt County,Humboldt
ci39651784,2020-10-03 23:26:59.940,-115.5861667,33.0223333,3.62,12.8,"4km ESE of Westmorland, CA",025,06025,Imperial County,Imperial
ci39649056,2020-10-02 06:08:50.640,-115.5716667,33.0601667,3.66,3.92,"5km ENE of Westmorland, CA",025,06025,Imperial County,Imperial
ci39649048,2020-10-02 06:08:28.090,-115.5726667,33.0691667,3.71,5.63,"6km NE of Westmorland, CA",025,06025,Imperial County,Imperial
ci39647856,2020-10-01 22:47:30.980,-115.5815,33.0595,3.87,10.86,"4km ENE of Westmorland, CA",025,06025,Imperial County,Imperial
ci39646376,2020-10-01 14:46:42.020,-115.577,33.0626667,3.62,10.06,"5km NE of Westmorland, CA",025,06025,Imperial County,Imperial
ci39646032,2020-10-01 12:46:38.210,-115.5765,33.0648333,3.5,10.72,"5km NE of Westmorland, CA",025,06025,Imperial County,Imperial
ci39643360,2020-10-01 03:40:16.270,-115.5976667,33.0725,3.57,4.9,"4km NNE of Westmorland, CA",025,06025,Imperial County,Imperial
ci37456405,2020-10-01 03:37:04.380,-115.575,33.0518333,4.02,8.65,"5km ENE of Westmorland, CA",025,06025,Imperial County,Imperial
ci39643328,2020-10-01 03:36:34.130,-115.5971667,33.0661667,4.45,5.68,"4km NE of Westmorland, CA",025,06025,Imperial County,Imperial
ci39643256,2020-10-01 03:31:00.900,-115.5898333,33.084,3.5,11.14,"6km NNE of Westmorland, CA",025,06025,Imperial County,Imperial
ci39641888,2020-10-01 01:11:05.530,-115.5835,33.0413333,3.51,8.74,"4km E of Westmorland, CA",025,06025,Imperial County,Imperial
ci37456509,2020-10-01 01:10:44.840,-115.5931667,33.0473333,3.65,8.25,"3km ENE of Westmorland, CA",025,06025,Imperial County,Imperial
ci37347844,2020-10-01 01:10:33.800,-115.6603333,33.0346667,3.75,10.68,"4km W of Westmorland, CA",025,06025,Imperial County,Imperial
ci39641880,2020-10-01 01:10:25.750,-115.5928333,33.0443333,4.12,11.39,"3km ENE of Westmorland, CA",025,06025,Imperial County,Imperial
ci39641768,2020-10-01 00:58:13.850,-115.5931667,33.065,4.09,11.07,"4km NE of Westmorland, CA",025,06025,Imperial County,Imperial
ci37456517,2020-10-01 00:41:34.960,-115.5776667,33.0236667,3.58,5.65,"4km ESE of Westmorland, CA",025,06025,Imperial County,Imperial
ci39641616,2020-10-01 00:41:18.390,-115.5983333,33.0713333,4.18,11.22,"4km NNE of Westmorland, CA",025,06025,Imperial County,Imperial
ci37456501,2020-10-01 00:34:00.750,-115.5998333,33.0283333,3.7,1.71,"2km ESE of Westmorland, CA",025,06025,Imperial County,Imperial
ci39641544,2020-10-01 00:33:48.650,-115.591,33.048,3.89,5.95,"3km ENE of Westmorland, CA",025,06025,Imperial County,Imperial
ci37479509,2020-10-01 00:33:45.970,-115.5525,33.041,3.62,9.1,"6km E of Westmorland, CA",025,06025,Imperial County,Imperial
ci39641528,2020-10-01 00:31:27.280,-115.5906667,33.0546667,4.93,14.19,"4km NE of Westmorland, CA",025,06025,Imperial County,Imperial
ci39641288,2020-09-30 23:58:02.300,-115.5848333,33.0493333,3.69,9.54,"4km ENE of Westmorland, CA",025,06025,Imperial County,Imperial
ci39641064,2020-09-30 23:31:51.790,-115.5955,33.053,4.35,4.78,"3km NE of Westmorland, CA",025,06025,Imperial County,Imperial
ci39640688,2020-09-30 23:15:30.950,-115.5966667,33.0476667,3.53,2.84,"3km ENE of Westmorland, CA",025,06025,Imperial County,Imperial
ci39640528,2020-09-30 23:06:02.600,-115.5901667,33.045,3.65,3.38,"3km ENE of Westmorland, CA",025,06025,Imperial County,Imperial
ci38703802,2020-09-25 17:10:11.370,-116.3955,33.947,3.65,3.29,"10km E of Desert Hot Springs, CA",065,06065,Riverside County,Riverside
ci38695658,2020-09-19 06:38:46.930,-118.08,34.038,4.54,16.87,"3km WSW of South El Monte, CA",037,06037,Los Angeles County,Los Angeles
ci38683938,2020-09-11 08:14:10.210,-117.9933333,36.4376667,3.6,3.7,"17km N of Olancha, CA",027,06027,Inyo County,Inyo
ci38683914,2020-09-11 07:55:45.450,-117.9945,36.4406667,4.22,3.93,"18km SSE of Lone Pine, CA",027,06027,Inyo County,Inyo
ci38678266,2020-09-06 01:48:36.530,-120.062,34.564,3.9,12.76,"6km SSE of Santa Ynez, CA",083,06083,Santa Barbara County,Santa Barbara
nc73450161,2020-08-27 08:48:31.810,-123.2433333,39.3533333,3.52,8.26,"10km NNW of Redwood Valley, CA",045,06045,Mendocino County,Mendocino
ci39587168,2020-08-21 08:20:08.360,-117.4598333,35.6441667,3.6,6.22,"15km SSW of Searles Valley, CA",071,06071,San Bernardino County,San Bernardino
ci39584648,2020-08-19 17:32:11.070,-117.5141667,36.4786667,4.72,-0.57,"36km WSW of Stovepipe Wells, CA",027,06027,Inyo County,Inyo
nc73446411,2020-08-19 01:59:33.370,-123.2478333,39.3631667,3.9,7.63,"11km ESE of Willits, CA",045,06045,Mendocino County,Mendocino
nc73446356,2020-08-19 00:55:23.190,-123.2458333,39.3605,4.22,8.19,"11km ESE of Willits, CA",045,06045,Mendocino County,Mendocino
nc73443355,2020-08-12 11:45:43.450,-122.7491667,38.7866667,3.9,4.11,"1km NNE of The Geysers, CA",097,06097,Sonoma County,Sonoma
ci39340599,2020-08-11 11:19:57.690,-115.7018333,33.2271667,3.55,3.16,"14km SSE of Bombay Beach, CA",025,06025,Imperial County,Imperial
ci39339191,2020-08-10 19:29:29.720,-115.6841667,33.2653333,4.03,2.87,"10km SSE of Bombay Beach, CA",025,06025,Imperial County,Imperial
ci39338839,2020-08-10 17:39:15.940,-115.6991667,33.227,3.51,3.26,"14km SSE of Bombay Beach, CA",025,06025,Imperial County,Imperial
ci39338487,2020-08-10 16:13:56.000,-115.6935,33.232,3.73,3.27,"14km SSE of Bombay Beach, CA",025,06025,Imperial County,Imperial
ci39338447,2020-08-10 16:03:39.160,-115.688,33.2503333,3.95,2.31,"12km SSE of Bombay Beach, CA",025,06025,Imperial County,Imperial
ci39338407,2020-08-10 15:56:14.330,-115.69,33.2468333,4.59,2.07,"12km SSE of Bombay Beach, CA",025,06025,Imperial County,Imperial
ci39338399,2020-08-10 15:55:48.220,-115.6953333,33.2506667,3.54,2.52,"12km SSE of Bombay Beach, CA",025,06025,Imperial County,Imperial
ci39328911,2020-08-03 22:18:51.810,-117.8336667,33.8656667,3.5,8.8,"3km SW of Yorba Linda, CA",059,06059,Orange County,Orange
ci39322767,2020-07-30 13:48:19.180,-118.4355,34.2936667,3.73,7.24,"1km NNE of San Fernando, CA",037,06037,Los Angeles County,Los Angeles
ci39322287,2020-07-30 11:29:29.050,-118.4383333,34.3016667,4.17,8.85,"1km SE of Sylmar, CA",037,06037,Los Angeles County,Los Angeles
nc73435571,2020-07-30 03:23:01.850,-120.7653333,36.1873333,3.87,8.7,"22km NE of San Ardo, CA",053,06053,Monterey County,Monterey
ci38605954,2020-07-24 07:05:13.560,-117.9595,36.4451667,3.74,7.59,"19km SSE of Lone Pine, CA",027,06027,Inyo County,Inyo
ci38603762,2020-07-23 00:29:26.230,-117.9891667,36.4476667,3.67,4.09,"17km SSE of Lone Pine, CA",027,06027,Inyo County,Inyo
ci38599882,2020-07-20 22:01:53.080,-119.0378333,34.9318333,3.6,13.57,"10km W of Grapevine, CA",029,06029,Kern County,Kern
nc73428141,2020-07-19 10:07:44.550,-118.7341667,38.0463333,3.54,6.2,"30km SE of Bodie, CA",051,06051,Mono County,Mono
ci39292639,2020-07-14 12:15:18.870,-117.987,36.4538333,3.58,3.7,"16km SSE of Lone Pine, CA",027,06027,Inyo County,Inyo
nc73425991,2020-07-14 05:59:28.830,-118.7393333,38.045,3.62,8.2,"30km SE of Bodie, CA",051,06051,Mono County,Mono
nc73421981,2020-07-05 16:14:07.710,-122.7663333,38.788,3.97,0.92,"2km NW of The Geysers, CA",097,06097,Sonoma County,Sonoma
ci39271783,2020-06-29 01:55:49.010,-117.9756667,36.4833333,3.55,7.16,"14km SE of Lone Pine, CA",027,06027,Inyo County,Inyo
ci39271647,2020-06-28 22:13:58.510,-115.6945,33.2341667,3.7,2.72,"13km SSE of Bombay Beach, CA",025,06025,Imperial County,Imperial
ci39494672,2020-06-24 21:12:48.730,-117.9716667,36.4795,3.73,6.86,"15km SE of Lone Pine, CA",027,06027,Inyo County,Inyo
ci39494120,2020-06-24 18:20:38.300,-117.9681667,36.4806667,3.77,10.23,"15km SE of Lone Pine, CA",027,06027,Inyo County,Inyo
ci39494008,2020-06-24 17:59:19.960,-117.9311667,36.456,4.59,9.62,"19km SE of Lone Pine, CA",027,06027,Inyo County,Inyo
ci39493944,2020-06-24 17:40:49.240,-117.9751667,36.4468333,5.8,4.66,"18km SSE of Lone Pine, CA",027,06027,Inyo County,Inyo
ci37447621,2020-06-23 02:52:06.440,-117.9833333,36.445,3.66,0.19,"18km SSE of Lone Pine, CA",027,06027,Inyo County,Inyo
ci39491208,2020-06-23 02:51:58.480,-117.983,36.4465,3.79,4.35,"17km SSE of Lone Pine, CA",027,06027,Inyo County,Inyo
ci39490968,2020-06-23 00:30:52.730,-117.9776667,36.4503333,3.82,3.77,"17km SSE of Lone Pine, CA",027,06027,Inyo County,Inyo
ci39490952,2020-06-23 00:25:46.390,-117.984,36.4466667,4.65,2.26,"17km SSE of Lone Pine, CA",027,06027,Inyo County,Inyo
ci39481424,2020-06-16 05:58:22.780,-117.8073333,36.0433333,3.8,1.34,"13km E of Coso Junction, CA",027,06027,Inyo County,Inyo
ci39473968,2020-06-11 04:14:12.590,-117.6818333,35.8353333,3.62,7.81,"23km ESE of Little Lake, CA",027,06027,Inyo County,Inyo
ci39469848,2020-06-08 04:15:05.770,-117.4175,35.6376667,4.29,3.64,"14km S of Searles Valley, CA",071,06071,San Bernardino County,San Bernardino
ci39464360,2020-06-04 10:27:28.650,-117.4233333,35.6458333,3.64,6.01,"14km S of Searles Valley, CA",071,06071,San Bernardino County,San Bernardino
ci39463528,2020-06-04 04:37:46.510,-117.4083333,35.6061667,3.54,6.34,"18km S of Trona, CA",071,06071,San Bernardino County,San Bernardino
ci39462920,2020-06-04 02:27:54.610,-117.9796667,36.1498333,4.16,2.01,"12km NNW of Coso Junction, CA",027,06027,Inyo County,Inyo
ci39462536,2020-06-04 01:32:11.140,-117.4281667,35.6148333,5.51,8.44,"17km S of Searles Valley, CA",071,06071,San Bernardino County,San Bernardino
ci39227895,2020-06-03 04:36:23.390,-117.1843333,35.2301667,3.9,1.47,"40km NNW of Barstow, CA",071,06071,San Bernardino County,San Bernardino
nc73399446,2020-05-31 01:07:15.780,-118.7618333,38.0448333,4.34,8.11,"29km SE of Bodie, CA",051,06051,Mono County,Mono
nc73399001,2020-05-30 09:22:57.480,-118.7496667,38.0481667,3.61,8.83,"29km SE of Bodie, CA",051,06051,Mono County,Mono
ci39218863,2020-05-27 04:52:31.080,-118.9645,35.385,3.66,15.96,"6km SE of Oildale, CA",029,06029,Kern County,Kern
ci39218391,2020-05-26 19:53:46.400,-115.7691667,32.7123333,3.59,10.2,"21km E of Ocotillo, CA",025,06025,Imperial County,Imperial
ci39214247,2020-05-24 12:55:09.240,-117.7163333,35.8708333,3.78,7.11,"19km ESE of Little Lake, CA",027,06027,Inyo County,Inyo
ci39214127,2020-05-24 11:30:37.120,-117.7166667,35.871,3.53,7.02,"19km ESE of Little Lake, CA",027,06027,Inyo County,Inyo
ci39208391,2020-05-20 16:40:56.400,-117.497,35.7031667,3.58,8.96,"11km SW of Searles Valley, CA",071,06071,San Bernardino County,San Bernardino
ci38488354,2020-05-10 22:07:40.370,-116.0201667,33.0183333,4.54,10.16,"17km SE of Ocotillo Wells, CA",025,06025,Imperial County,Imperial
us70009cel,2020-05-08 14:55:08.468,-118.7414,38.0472,3.7,6.02,"34 km NW of Benton, California",051,06051,Mono County,Mono
ci38482130,2020-05-06 08:27:05.150,-115.6156667,33.1843333,3.87,10.62,"11km SW of Niland, CA",025,06025,Imperial County,Imperial
ci38477458,2020-05-02 23:44:37.050,-115.4306667,32.7553333,3.58,16.91,"8km SW of Holtville, CA",025,06025,Imperial County,Imperial
nc73378105,2020-04-29 12:10:38.360,-118.3685,37.3256667,3.73,8.42,"5km SSE of Bishop, CA",027,06027,Inyo County,Inyo
ci39406880,2020-04-27 03:46:00.410,-117.4963333,35.6738333,4.0,8.76,"13km SW of Searles Valley, CA",071,06071,San Bernardino County,San Bernardino
ci39400304,2020-04-22 07:03:47.740,-118.3495,33.989,3.69,11.6,"1km S of View Park-Windsor Hills, CA",037,06037,Los Angeles County,Los Angeles
nc73374265,2020-04-21 05:13:31.300,-118.7553333,38.0443333,4.01,6.84,"29km SE of Bodie, CA",051,06051,Mono County,Mono
nc73371960,2020-04-17 05:44:04.720,-118.7308333,38.0593333,3.67,8.4,"30km SE of Bodie, CA",051,06051,Mono County,Mono
nc73371655,2020-04-16 13:49:06.380,-118.7508333,38.0518333,3.98,4.32,"29km SE of Bodie, CA",051,06051,Mono County,Mono
nc73371210,2020-04-15 20:13:05.120,-118.753,38.046,3.88,8.2,"29km SE of Bodie, CA",051,06051,Mono County,Mono
nc73368095,2020-04-11 21:36:45.620,-118.7513333,38.0468333,4.03,6.34,"29km SE of Bodie, CA",051,06051,Mono County,Mono
nc73367635,2020-04-11 16:57:46.390,-118.7478333,38.0446667,3.71,7.47,"30km SE of Bodie, CA",051,06051,Mono County,Mono
nc73367640,2020-04-11 16:57:11.760,-118.7483333,38.0455,3.95,7.96,"30km SE of Bodie, CA",051,06051,Mono County,Mono
nc73367590,2020-04-11 16:29:50.950,-118.7471667,38.0471667,3.56,1.97,"30km SE of Bodie, CA",051,06051,Mono County,Mono
nc73367575,2020-04-11 16:22:50.940,-118.758,38.0421667,4.57,8.94,"29km SE of Bodie, CA",051,06051,Mono County,Mono
nc73367270,2020-04-11 14:36:37.040,-118.7333333,38.0525,5.24,8.45,"30km SE of Bodie, CA",051,06051,Mono County,Mono
ci39141591,2020-04-08 00:30:49.230,-116.5253333,33.4985,3.54,9.98,"15km ESE of Anza, CA",065,06065,Riverside County,Riverside
ci39138119,2020-04-06 15:58:14.840,-115.9081667,33.577,3.51,8.24,"6km NNE of North Shore, CA",065,06065,Riverside County,Riverside
ci39135575,2020-04-05 22:37:18.820,-116.4961667,33.4961667,3.5,13.25,"18km ESE of Anza, CA",065,06065,Riverside County,Riverside
nc73364330,2020-04-05 19:20:46.230,-118.8526667,37.5271667,4.05,7.82,"16km WSW of Toms Place, CA",051,06051,Mono County,Mono
ci39127679,2020-04-04 04:07:22.120,-116.5188333,33.4913333,3.6,9.62,"16km ESE of Anza, CA",065,06065,Riverside County,Riverside
ci39126263,2020-04-04 02:05:00.170,-116.5153333,33.4946667,3.66,10.28,"16km ESE of Anza, CA",065,06065,Riverside County,Riverside
ci39126087,2020-04-04 01:54:22.570,-116.505,33.4931667,3.76,10.31,"17km ESE of Anza, CA",065,06065,Riverside County,Riverside
ci39126079,2020-04-04 01:53:18.920,-116.5063333,33.4895,4.87,10.45,"17km ESE of Anza, CA",065,06065,Riverside County,Riverside
nc73358970,2020-03-25 11:57:38.000,-122.765,38.7903333,4.06,2.15,"2km NNW of The Geysers, CA",097,06097,Sonoma County,Sonoma
ci39111991,2020-03-23 05:53:57.260,-117.363,35.9555,4.32,0.94,"21km N of Searles Valley, CA",027,06027,Inyo County,Inyo
ci39108583,2020-03-20 11:52:54.030,-117.523,35.6631667,3.59,9.85,"15km ENE of Ridgecrest, CA",071,06071,San Bernardino County,San Bernardino
nc73352615,2020-03-11 01:17:16.090,-120.2455,39.4751667,3.71,7.87,"17km NNW of Truckee, CA",091,06091,Sierra County,Sierra
ci38387018,2020-03-08 00:33:32.000,-117.8623333,36.1108333,3.81,2.25,"11km NE of Coso Junction, CA",027,06027,Inyo County,Inyo
ci38386410,2020-03-07 12:51:16.870,-117.8621667,36.1145,3.66,2.14,"11km NE of Coso Junction, CA",027,06027,Inyo County,Inyo
nc73349450,2020-03-03 18:21:32.930,-123.2161667,39.258,3.61,6.34,"1km SW of Redwood Valley, CA",045,06045,Mendocino County,Mendocino
nc73349375,2020-03-03 15:01:01.500,-120.6166667,36.4996667,3.99,10.93,"10km NNE of New Idria, CA",019,06019,Fresno County,Fresno
nc73347185,2020-02-27 23:27:29.870,-122.8066667,38.8338333,3.68,2.73,"7km W of Cobb, CA",097,06097,Sonoma County,Sonoma
nc73346395,2020-02-26 18:34:13.170,-122.7873333,38.8345,3.68,2.29,"6km WNW of Cobb, CA",033,06033,Lake County,Lake
ci39079535,2020-02-21 13:42:53.410,-118.6345,34.5075,3.52,18.06,"2km NNW of Castaic, CA",037,06037,Los Angeles County,Los Angeles
nc73340375,2020-02-13 03:33:42.050,-121.2826667,36.6888333,3.6,8.55,"12km SSE of Tres Pinos, CA",069,06069,San Benito County,San Benito
ci39296624,2020-02-08 19:34:20.720,-116.9671667,35.095,3.93,2.27,"22km NNE of Barstow, CA",071,06071,San Bernardino County,San Bernardino
ci39289384,2020-02-02 00:59:50.610,-116.8171667,33.5768333,3.64,5.16,"14km W of Anza, CA",065,06065,Riverside County,Riverside
nc73334451,2020-02-01 18:36:54.340,-118.8216667,37.5891667,4.41,9.78,"13km WNW of Toms Place, CA",051,06051,Mono County,Mono
ci39281440,2020-01-25 03:03:34.920,-116.9696667,35.0975,4.62,3.07,"23km NNE of Barstow, CA",071,06071,San Bernardino County,San Bernardino
ci39277736,2020-01-22 07:41:10.790,-118.4855,34.3005,3.6,7.72,"4km NNE of Granada Hills, CA",037,06037,Los Angeles County,Los Angeles
nc73322626,2020-01-02 07:16:31.930,-121.5638333,37.176,3.86,5.29,"10km ENE of Morgan Hill, CA",085,06085,Santa Clara County,Santa Clara
ci39014215,2019-12-27 02:21:47.900,-117.5935,35.7686667,3.95,7.97,"17km W of Searles Valley, CA",071,06071,San Bernardino County,San Bernardino
nc73319936,2019-12-26 19:48:23.610,-118.8218333,37.5821667,3.62,9.9,"13km W of Toms Place, CA",051,06051,Mono County,Mono
ci39008311,2019-12-21 08:24:32.620,-117.458,35.6466667,3.91,4.34,"14km SSW of Searles Valley, CA",071,06071,San Bernardino County,San Bernardino
ci39007775,2019-12-21 00:22:47.790,-117.4491667,35.6511667,3.84,3.45,"14km SSW of Searles Valley, CA",071,06071,San Bernardino County,San Bernardino
nc73316566,2019-12-19 15:30:12.980,-124.3633333,40.2758333,4.06,21.4,"9km SW of Petrolia, CA",023,06023,Humboldt County,Humboldt
nc73315876,2019-12-17 18:29:21.030,-120.356,35.8058333,4.29,6.25,"11km NNW of Cholame, CA",053,06053,Monterey County,Monterey
ci39232936,2019-12-17 06:57:45.220,-117.5718333,35.7153333,3.6,7.12,"14km NE of Ridgecrest, CA",071,06071,San Bernardino County,San Bernardino
ci39232664,2019-12-16 22:15:58.550,-117.5271667,35.6705,3.56,9.31,"14km ENE of Ridgecrest, CA",071,06071,San Bernardino County,San Bernardino
ci39228040,2019-12-12 11:13:40.810,-117.5225,35.675,3.51,9.62,"15km SW of Searles Valley, CA",071,06071,San Bernardino County,San Bernardino
ci39217768,2019-12-05 08:55:31.650,-117.6098333,35.6946667,3.79,7.97,"10km NE of Ridgecrest, CA",071,06071,San Bernardino County,San Bernardino
ci39210096,2019-11-29 00:49:42.870,-117.5678333,35.7125,3.72,8.62,"14km NE of Ridgecrest, CA",071,06071,San Bernardino County,San Bernardino
ci39210040,2019-11-28 23:10:59.710,-117.3905,34.8751667,3.5,2.4,"27km ESE of Boron, CA",071,06071,San Bernardino County,San Bernardino
ci39206448,2019-11-26 00:06:03.160,-117.3531667,35.5665,3.59,2.57,"22km S of Trona, CA",071,06071,San Bernardino County,San Bernardino
ci38248602,2019-11-17 08:02:35.980,-117.8668333,36.1835,3.62,2.07,"16km SE of Olancha, CA",027,06027,Inyo County,Inyo
ci38247706,2019-11-16 22:11:21.340,-117.8616667,36.187,3.53,2.48,"17km SE of Olancha, CA",027,06027,Inyo County,Inyo
ci38242914,2019-11-13 19:26:53.250,-117.4065,35.6043333,3.92,8.77,"18km S of Trona, CA",071,06071,San Bernardino County,San Bernardino
ci38238754,2019-11-12 02:14:18.260,-115.5386667,32.7758333,3.61,11.79,"2km SE of El Centro, CA",025,06025,Imperial County,Imperial
ci38238746,2019-11-12 02:13:52.180,-115.5473333,32.7913333,3.97,18.46,"1km ENE of El Centro, CA",025,06025,Imperial County,Imperial
ci38231786,2019-11-08 13:29:38.880,-119.2875,34.2788333,3.61,11.51,"6km W of Ventura, CA",111,06111,Ventura County,Ventura
nc73300395,2019-11-03 20:34:57.030,-122.767,38.775,4.15,3.12,"1km WSW of The Geysers, CA",097,06097,Sonoma County,Sonoma
ci38930143,2019-11-03 15:45:55.630,-117.4356667,35.6326667,3.53,5.33,"15km S of Searles Valley, CA",071,06071,San Bernardino County,San Bernardino
nc73299890,2019-11-02 14:05:50.420,-122.7916667,38.8201667,3.73,4.09,"6km NNW of The Geysers, CA",097,06097,Sonoma County,Sonoma
ci38926095,2019-11-01 09:33:17.710,-117.9785,36.5698333,3.55,11.35,"8km ESE of Lone Pine, CA",027,06027,Inyo County,Inyo
ci38923807,2019-10-30 22:57:26.650,-117.5303333,35.5466667,3.58,4.17,"16km ESE of Ridgecrest, CA",071,06071,San Bernardino County,San Bernardino
ci38922103,2019-10-29 16:21:32.590,-116.7433333,33.2281667,3.6,10.21,"2km SE of Lake Henshaw, CA",073,06073,San Diego County,San Diego
nc73298555,2019-10-29 15:21:16.830,-121.2925,36.6665,3.75,6.63,"14km S of Tres Pinos, CA",069,06069,San Benito County,San Benito
ci38909287,2019-10-21 10:13:53.230,-117.434,35.5608333,3.58,4.35,"23km ESE of Ridgecrest, CA",071,06071,San Bernardino County,San Bernardino
ci38905415,2019-10-18 07:19:51.180,-118.2185,33.8913333,3.54,23.63,"0km SSE of Compton, CA",037,06037,Los Angeles County,Los Angeles
ci38905359,2019-10-18 05:34:54.010,-117.5878333,35.7775,3.76,10.19,"17km W of Searles Valley, CA",071,06071,San Bernardino County,San Bernardino
nc73293465,2019-10-17 14:54:55.540,-121.2578333,36.639,3.56,9.58,"16km NW of Pinnacles, CA",069,06069,San Benito County,San Benito
nc73292360,2019-10-15 19:42:30.540,-121.274,36.6455,4.71,10.1,"17km SSE of Tres Pinos, CA",069,06069,San Benito County,San Benito
nc73291880,2019-10-15 05:33:42.810,-122.057,37.938,4.46,13.97,"1km SSE of Pleasant Hill, CA",013,06013,Contra Costa County,Contra Costa
ci39103680,2019-10-01 13:11:08.620,-117.5928333,35.7436667,3.59,5.86,"16km NNE of Ridgecrest, CA",071,06071,San Bernardino County,San Bernardino
ci38855983,2019-09-24 16:08:13.480,-117.8608333,36.0898333,3.55,4.7,"9km ENE of Coso Junction, CA",027,06027,Inyo County,Inyo
ci38845903,2019-09-19 09:59:46.580,-115.788,33.3596667,3.63,3.21,"5km WNW of Bombay Beach, CA",025,06025,Imperial County,Imperial
ci38840159,2019-09-16 18:11:51.690,-115.789,33.3618333,3.77,3.1,"5km WNW of Bombay Beach, CA",025,06025,Imperial County,Imperial
nc73271485,2019-09-13 06:50:21.890,-121.202,36.6031667,3.82,6.03,"10km NNW of Pinnacles, CA",069,06069,San Benito County,San Benito
ci38824959,2019-09-10 20:21:49.840,-117.27,33.594,3.96,13.69,"1km ESE of Wildomar, CA",065,06065,Riverside County,Riverside
ci38819223,2019-09-08 14:07:23.350,-117.4148333,35.5806667,3.59,5.18,"21km S of Trona, CA",071,06071,San Bernardino County,San Bernardino
nc73256930,2019-08-23 14:16:52.510,-122.4518333,38.7718333,3.6,10.16,"10km ESE of Hidden Valley Lake, CA",033,06033,Lake County,Lake
ci38999296,2019-08-23 05:34:09.740,-117.7046667,35.9078333,4.33,7.14,"18km E of Little Lake, CA",027,06027,Inyo County,Inyo
ci38996840,2019-08-22 21:11:07.530,-117.7005,35.8881667,3.57,8.11,"19km ESE of Little Lake, CA",027,06027,Inyo County,Inyo
ci38996632,2019-08-22 20:49:50.180,-117.709,35.9076667,4.89,4.93,"18km E of Little Lake, CA",027,06027,Inyo County,Inyo
ci38983016,2019-08-19 00:09:12.940,-117.4676667,35.6703333,3.54,9.5,"12km SSW of Searles Valley, CA",071,06071,San Bernardino County,San Bernardino
ci38971232,2019-08-15 11:50:24.980,-117.8606667,36.077,3.92,2.44,"9km ENE of Coso Junction, CA",027,06027,Inyo County,Inyo
ci38969336,2019-08-14 22:52:26.650,-117.8628333,36.0805,3.51,2.27,"9km ENE of Coso Junction, CA",027,06027,Inyo County,Inyo
ci38969080,2019-08-14 21:04:11.030,-117.6755,35.8933333,3.75,3.92,"21km ESE of Little Lake, CA",027,06027,Inyo County,Inyo
ci38966824,2019-08-14 09:34:19.960,-117.6755,35.8941667,3.57,4.53,"21km ESE of Little Lake, CA",027,06027,Inyo County,Inyo
ci38672303,2019-07-30 16:30:56.350,-117.5063333,35.6666667,3.5,10.24,"14km SW of Searles Valley, CA",071,06071,San Bernardino County,San Bernardino
ci38668511,2019-07-29 23:19:14.160,-117.6346667,35.8228333,3.53,5.84,"22km WNW of Searles Valley, CA",027,06027,Inyo County,Inyo
ci38653975,2019-07-27 10:30:54.410,-117.474,35.637,3.91,1.9,"16km SSW of Searles Valley, CA",071,06071,San Bernardino County,San Bernardino
nc73235831,2019-07-27 09:37:41.210,-121.3231667,36.6938333,3.7,4.13,"11km S of Tres Pinos, CA",069,06069,San Benito County,San Benito
ci38652167,2019-07-27 01:35:37.530,-117.3666667,35.5338333,3.56,9.07,"26km S of Trona, CA",071,06071,San Bernardino County,San Bernardino
ci38644983,2019-07-26 00:45:34.040,-117.6955,35.9351667,3.52,2.81,"19km E of Little Lake, CA",027,06027,Inyo County,Inyo
ci38644943,2019-07-26 00:42:47.770,-117.7066667,35.9258333,4.74,3.79,"18km E of Little Lake, CA",027,06027,Inyo County,Inyo
ci38636511,2019-07-24 14:35:18.550,-117.6045,35.607,3.75,3.1,"7km ESE of Ridgecrest, CA",071,06071,San Bernardino County,San Bernardino
ci38632759,2019-07-23 23:45:48.160,-117.7126667,35.8893333,3.65,9.09,"18km ESE of Little Lake, CA",027,06027,Inyo County,Inyo
ci38628799,2019-07-23 07:45:02.530,-117.4266667,35.625,4.15,5.51,"16km S of Searles Valley, CA",071,06071,San Bernardino County,San Bernardino
ci38627095,2019-07-23 01:36:18.450,-117.5565,35.7455,3.88,6.07,"14km W of Searles Valley, CA",071,06071,San Bernardino County,San Bernardino
ci38624623,2019-07-22 16:26:56.070,-116.045,33.9966667,4.2,8.23,"16km S of Twentynine Palms, CA",065,06065,Riverside County,Riverside
ci38612295,2019-07-20 18:49:58.450,-117.7071667,35.874,3.54,9.17,"19km ESE of Little Lake, CA",027,06027,Inyo County,Inyo
ci38607695,2019-07-20 02:38:43.360,-117.6843333,35.8828333,3.67,5.15,"21km ESE of Little Lake, CA",027,06027,Inyo County,Inyo
ci38605615,2019-07-19 18:40:14.930,-116.5753333,33.4535,3.6,10.99,"14km SE of Anza, CA",065,06065,Riverside County,Riverside
ci38605023,2019-07-19 16:16:58.420,-117.4948333,35.7151667,3.51,4.62,"10km SW of Searles Valley, CA",071,06071,San Bernardino County,San Bernardino
ci38603223,2019-07-19 10:47:05.410,-117.3576667,35.585,3.65,4.56,"20km S of Trona, CA",071,06071,San Bernardino County,San Bernardino
ci38599327,2019-07-18 21:46:37.630,-117.6243333,35.7841667,3.65,5.76,"19km NNE of Ridgecrest, CA",071,06071,San Bernardino County,San Bernardino
ci38593535,2019-07-18 03:59:14.720,-117.8875,36.113,4.64,1.56,"9km NE of Coso Junction, CA",027,06027,Inyo County,Inyo
ci38591583,2019-07-17 21:49:19.150,-117.8385,36.1156667,3.87,2.39,"13km NE of Coso Junction, CA",027,06027,Inyo County,Inyo
ci38590903,2019-07-17 19:42:15.130,-117.461,35.6498333,3.61,2.69,"14km SSW of Searles Valley, CA",071,06071,San Bernardino County,San Bernardino
ci38585023,2019-07-17 02:29:07.380,-117.884,36.116,4.37,5.3,"10km NE of Coso Junction, CA",027,06027,Inyo County,Inyo
ci37421757,2019-07-16 20:15:59.020,-117.5155,35.6776667,3.54,7.59,"14km SW of Searles Valley, CA",071,06071,San Bernardino County,San Bernardino
ci38583335,2019-07-16 20:15:36.780,-117.6143333,35.7836667,4.47,3.56,"19km NNE of Ridgecrest, CA",071,06071,San Bernardino County,San Bernardino
nc73225421,2019-07-16 20:11:01.470,-121.7568333,37.8186667,4.31,12.38,"12km WSW of Byron, CA",013,06013,Contra Costa County,Contra Costa
ci38578567,2019-07-16 05:26:52.660,-117.6235,35.7923333,3.55,2.96,"20km NNE of Ridgecrest, CA",071,06071,San Bernardino County,San Bernardino
ci38577831,2019-07-16 02:47:05.040,-117.432,35.6323333,3.8,4.99,"15km S of Searles Valley, CA",071,06071,San Bernardino County,San Bernardino
ci38576311,2019-07-15 21:29:53.010,-117.506,35.6785,3.69,9.21,"14km SW of Searles Valley, CA",071,06071,San Bernardino County,San Bernardino
ci38574407,2019-07-15 15:43:36.550,-117.4141667,35.6701667,3.61,8.43,"11km S of Searles Valley, CA",071,06071,San Bernardino County,San Bernardino
ci38572055,2019-07-15 08:38:45.240,-117.8506667,36.056,4.21,2.26,"9km E of Coso Junction, CA",027,06027,Inyo County,Inyo
ci38570271,2019-07-15 02:54:39.630,-117.5035,35.6643333,3.64,9.22,"15km SW of Searles Valley, CA",071,06071,San Bernardino County,San Bernardino
ci38557895,2019-07-13 10:25:19.030,-117.3736667,35.9421667,3.83,3.07,"20km N of Searles Valley, CA",027,06027,Inyo County,Inyo
ci38548295,2019-07-12 13:11:37.990,-117.5861667,35.6368333,4.9,9.48,"8km ENE of Ridgecrest, CA",071,06071,San Bernardino County,San Bernardino
ci38541359,2019-07-12 03:27:53.690,-117.3788333,35.9395,3.94,1.9,"19km N of Searles Valley, CA",027,06027,Inyo County,Inyo
ci38540647,2019-07-12 02:18:30.090,-117.8843333,36.1815,3.65,1.54,"16km SE of Olancha, CA",027,06027,Inyo County,Inyo
ci38539039,2019-07-11 23:52:32.220,-117.6985,35.9463333,3.64,4.8,"19km E of Little Lake, CA",027,06027,Inyo County,Inyo
ci38538991,2019-07-11 23:45:18.670,-117.703,35.95,4.14,4.32,"18km E of Little Lake, CA",027,06027,Inyo County,Inyo
ci38534735,2019-07-11 16:41:08.500,-117.5061667,35.7033333,3.53,2.48,"12km SW of Searles Valley, CA",071,06071,San Bernardino County,San Bernardino
ci38534591,2019-07-11 16:19:08.760,-117.8841667,36.1823333,3.72,0.96,"16km SE of Olancha, CA",027,06027,Inyo County,Inyo
ci38534255,2019-07-11 15:32:52.260,-117.8768333,36.1565,3.87,2.29,"14km NNE of Coso Junction, CA",027,06027,Inyo County,Inyo
ci38532487,2019-07-11 12:20:42.280,-117.3803333,35.9403333,3.52,2.16,"19km N of Searles Valley, CA",027,06027,Inyo County,Inyo
ci38532079,2019-07-11 11:36:16.600,-117.4206667,35.618,3.53,4.76,"17km SSW of Trona, CA",071,06071,San Bernardino County,San Bernardino
ci38531775,2019-07-11 10:59:45.820,-117.3773333,35.9423333,3.67,1.71,"20km N of Searles Valley, CA",027,06027,Inyo County,Inyo
ci38531663,2019-07-11 10:43:35.390,-117.7231667,36.0441667,3.55,1.48,"20km E of Coso Junction, CA",027,06027,Inyo County,Inyo
ci38529711,2019-07-11 07:19:49.980,-117.8843333,36.1795,3.53,1.97,"16km SE of Olancha, CA",027,06027,Inyo County,Inyo
ci38529591,2019-07-11 07:04:05.960,-117.883,36.1793333,4.02,1.46,"16km SE of Olancha, CA",027,06027,Inyo County,Inyo
ci38528383,2019-07-11 05:03:46.140,-117.2803333,35.9538333,3.55,4.86,"23km NNE of Trona, CA",027,06027,Inyo County,Inyo
ci38528167,2019-07-11 04:45:31.010,-117.2788333,35.9558333,3.57,4.66,"23km NNE of Trona, CA",027,06027,Inyo County,Inyo
ci38527863,2019-07-11 04:10:01.370,-117.8488333,36.0563333,4.3,2.07,"9km E of Coso Junction, CA",027,06027,Inyo County,Inyo
ci38526799,2019-07-11 02:35:22.450,-117.721,35.9411667,3.51,2.44,"17km E of Little Lake, CA",027,06027,Inyo County,Inyo
ci38525215,2019-07-11 00:15:39.220,-117.8763333,36.1536667,4.37,2.11,"14km NNE of Coso Junction, CA",027,06027,Inyo County,Inyo
ci38525207,2019-07-11 00:14:37.320,-117.884,36.1766667,4.52,0.93,"16km NNE of Coso Junction, CA",027,06027,Inyo County,Inyo
ci38525047,2019-07-10 23:58:59.200,-117.4891667,35.6723333,3.62,4.36,"13km SW of Searles Valley, CA",071,06071,San Bernardino County,San Bernardino
ci37265580,2019-07-10 22:15:53.250,-117.8856667,36.1713333,3.66,2.05,"15km NNE of Coso Junction, CA",027,06027,Inyo County,Inyo
ci38523943,2019-07-10 22:15:48.260,-117.8835,36.1731667,3.87,0.98,"15km NNE of Coso Junction, CA",027,06027,Inyo County,Inyo
ci38522647,2019-07-10 20:09:51.950,-117.5248333,35.6646667,4.17,9.19,"14km ENE of Ridgecrest, CA",071,06071,San Bernardino County,San Bernardino
ci37265572,2019-07-10 18:51:43.830,-117.8541667,36.0553333,3.51,7.76,"8km E of Coso Junction, CA",027,06027,Inyo County,Inyo
ci38521815,2019-07-10 18:51:35.250,-117.875,36.1695,3.7,2.27,"15km NNE of Coso Junction, CA",027,06027,Inyo County,Inyo
ci38521799,2019-07-10 18:49:01.420,-117.8825,36.1661667,4.09,1.12,"15km NNE of Coso Junction, CA",027,06027,Inyo County,Inyo
ci38519231,2019-07-10 15:02:04.290,-117.6816667,35.877,3.56,4.86,"21km ESE of Little Lake, CA",027,06027,Inyo County,Inyo
ci38519135,2019-07-10 14:53:06.080,-117.8598333,36.046,3.52,1.8,"8km E of Coso Junction, CA",027,06027,Inyo County,Inyo
ci38517471,2019-07-10 12:28:56.960,-117.8566667,36.0495,4.18,1.91,"8km E of Coso Junction, CA",027,06027,Inyo County,Inyo
ci38517119,2019-07-10 12:00:05.090,-117.7076667,35.8758333,3.81,5.02,"19km ESE of Little Lake, CA",027,06027,Inyo County,Inyo
ci38513943,2019-07-10 07:05:26.260,-117.849,36.0561667,3.69,1.87,"9km E of Coso Junction, CA",027,06027,Inyo County,Inyo
ci38511719,2019-07-10 03:42:54.900,-117.4493333,35.6426667,3.61,10.61,"14km SSW of Searles Valley, CA",071,06071,San Bernardino County,San Bernardino
ci38510319,2019-07-10 01:43:02.630,-117.6901667,35.9015,3.96,2.4,"20km ESE of Little Lake, CA",027,06027,Inyo County,Inyo
ci38509663,2019-07-10 00:48:17.580,-117.8471667,36.0571667,4.07,1.69,"9km E of Coso Junction, CA",027,06027,Inyo County,Inyo
ci38504647,2019-07-09 17:11:28.660,-117.4941667,35.7021667,3.55,10.55,"11km SW of Searles Valley, CA",071,06071,San Bernardino County,San Bernardino
ci38500135,2019-07-09 10:21:52.370,-117.6768333,35.9543333,3.54,2.04,"21km E of Little Lake, CA",027,06027,Inyo County,Inyo
ci38498615,2019-07-09 08:17:31.570,-117.6143333,35.782,3.58,9.21,"19km NNE of Ridgecrest, CA",071,06071,San Bernardino County,San Bernardino
ci38495767,2019-07-09 04:02:54.020,-117.4551667,35.9235,3.56,7.05,"18km NNW of Searles Valley, CA",027,06027,Inyo County,Inyo
ci38489751,2019-07-08 17:53:47.170,-117.3123333,35.555,3.81,7.7,"24km SSE of Trona, CA",071,06071,San Bernardino County,San Bernardino
ci38489727,2019-07-08 17:50:01.470,-117.5003333,35.6671667,3.52,2.43,"14km SW of Searles Valley, CA",071,06071,San Bernardino County,San Bernardino
ci38488719,2019-07-08 16:04:28.280,-117.5103333,35.678,3.83,4.3,"14km SW of Searles Valley, CA",071,06071,San Bernardino County,San Bernardino
ci38485391,2019-07-08 09:57:10.970,-117.4618333,35.6541667,3.5,9.65,"14km SSW of Searles Valley, CA",071,06071,San Bernardino County,San Bernardino
ci38484631,2019-07-08 08:20:02.410,-117.8575,36.1208333,3.9,3.71,"12km NE of Coso Junction, CA",027,06027,Inyo County,Inyo
ci38484311,2019-07-08 07:31:58.400,-117.8738333,36.1566667,3.55,2.63,"14km NNE of Coso Junction, CA",027,06027,Inyo County,Inyo
ci38484231,2019-07-08 07:18:34.580,-117.377,35.5498333,3.56,2.6,"24km S of Trona, CA",071,06071,San Bernardino County,San Bernardino
ci37264764,2019-07-08 01:37:07.910,-117.6978333,35.9045,3.5,9.08,"19km E of Little Lake, CA",027,06027,Inyo County,Inyo
ci38481735,2019-07-08 01:36:58.300,-117.8813333,36.1135,3.76,4.97,"10km NE of Coso Junction, CA",027,06027,Inyo County,Inyo
ci38480919,2019-07-07 23:36:56.940,-117.6685,35.8303333,3.93,4.97,"23km N of Ridgecrest, CA",027,06027,Inyo County,Inyo
ci38480447,2019-07-07 22:33:21.390,-117.529,35.683,3.52,1.46,"15km SW of Searles Valley, CA",071,06071,San Bernardino County,San Bernardino
ci38479967,2019-07-07 21:15:29.660,-117.6898333,35.9458333,3.79,2.42,"20km E of Little Lake, CA",027,06027,Inyo County,Inyo
ci38478703,2019-07-07 18:50:02.290,-117.4283333,35.5976667,3.59,6.07,"19km S of Searles Valley, CA",071,06071,San Bernardino County,San Bernardino
ci38477303,2019-07-07 15:48:11.730,-117.6583333,35.8225,3.56,6.67,"22km N of Ridgecrest, CA",027,06027,Inyo County,Inyo
ci38476855,2019-07-07 14:46:40.570,-117.7108333,35.9136667,3.6,2.37,"18km E of Little Lake, CA",027,06027,Inyo County,Inyo
ci38475431,2019-07-07 11:22:16.240,-117.594,35.8056667,4.16,10.06,"18km WNW of Searles Valley, CA",027,06027,Inyo County,Inyo
ci38474127,2019-07-07 09:10:01.710,-117.7033333,35.9311667,3.5,2.57,"18km E of Little Lake, CA",027,06027,Inyo County,Inyo
ci38473511,2019-07-07 08:03:25.610,-117.8508333,36.086,3.68,1.24,"10km ENE of Coso Junction, CA",027,06027,Inyo County,Inyo
ci38473039,2019-07-07 07:09:38.840,-117.4385,35.6165,3.6,3.27,"17km S of Searles Valley, CA",071,06071,San Bernardino County,San Bernardino
ci38472463,2019-07-07 06:07:06.460,-117.524,35.6661667,3.5,9.04,"15km ENE of Ridgecrest, CA",071,06071,San Bernardino County,San Bernardino
ci38472279,2019-07-07 05:38:15.480,-117.5781667,35.7683333,4.53,10.45,"16km W of Searles Valley, CA",071,06071,San Bernardino County,San Bernardino
ci38470999,2019-07-07 03:13:12.460,-117.5956667,35.749,3.62,10.05,"16km NNE of Ridgecrest, CA",071,06071,San Bernardino County,San Bernardino
ci38470471,2019-07-07 02:17:01.710,-117.4668333,35.6035,3.64,2.83,"19km E of Ridgecrest, CA",071,06071,San Bernardino County,San Bernardino
ci38470415,2019-07-07 02:06:04.700,-117.5621667,35.7601667,3.6,10.75,"14km W of Searles Valley, CA",071,06071,San Bernardino County,San Bernardino
ci38469967,2019-07-07 01:05:07.130,-117.516,35.6695,3.55,5.05,"15km SW of Searles Valley, CA",071,06071,San Bernardino County,San Bernardino
ci38469375,2019-07-06 23:50:41.990,-117.663,35.8235,4.5,6.51,"23km N of Ridgecrest, CA",027,06027,Inyo County,Inyo
ci38469079,2019-07-06 23:21:34.140,-117.5083333,35.7003333,3.71,9.09,"12km SW of Searles Valley, CA",071,06071,San Bernardino County,San Bernardino
ci38468007,2019-07-06 21:05:24.590,-117.6026667,35.7206667,3.51,10.82,"13km NNE of Ridgecrest, CA",071,06071,San Bernardino County,San Bernardino
ci38467815,2019-07-06 20:41:30.750,-117.5133333,35.692,3.51,2.71,"13km SW of Searles Valley, CA",071,06071,San Bernardino County,San Bernardino
ci38466847,2019-07-06 18:46:26.040,-117.4648333,35.6541667,3.87,1.9,"14km SSW of Searles Valley, CA",071,06071,San Bernardino County,San Bernardino
ci38466775,2019-07-06 18:36:49.990,-117.7383333,35.907,3.72,2.87,"16km ESE of Little Lake, CA",027,06027,Inyo County,Inyo
ci38466623,2019-07-06 18:19:39.620,-117.3256667,35.448,3.55,4.54,"29km ENE of Johannesburg, CA",071,06071,San Bernardino County,San Bernardino
ci38466495,2019-07-06 17:59:14.790,-117.7295,35.9021667,3.96,4.27,"16km ESE of Little Lake, CA",027,06027,Inyo County,Inyo
ci38466343,2019-07-06 17:41:33.190,-117.7168333,35.8716667,3.98,7.74,"19km ESE of Little Lake, CA",027,06027,Inyo County,Inyo
ci38465759,2019-07-06 16:42:05.120,-117.7121667,35.879,3.51,4.55,"19km ESE of Little Lake, CA",027,06027,Inyo County,Inyo
ci38465703,2019-07-06 16:36:05.820,-117.523,35.5705,4.14,10.05,"15km ESE of Ridgecrest, CA",071,06071,San Bernardino County,San Bernardino
ci38465351,2019-07-06 15:59:29.290,-117.6976667,35.877,3.55,2.33,"20km ESE of Little Lake, CA",027,06027,Inyo County,Inyo
ci38465239,2019-07-06 15:45:46.040,-117.827,36.0993333,3.58,2.51,"12km ENE of Coso Junction, CA",027,06027,Inyo County,Inyo
ci38464047,2019-07-06 13:55:51.090,-117.705,35.868,3.54,7.89,"20km ESE of Little Lake, CA",027,06027,Inyo County,Inyo
ci38463911,2019-07-06 13:43:18.740,-117.4755,35.6163333,3.64,8.8,"18km SSW of Searles Valley, CA",071,06071,San Bernardino County,San Bernardino
ci38463791,2019-07-06 13:32:59.500,-117.4873333,35.6761667,3.65,1.6,"13km SW of Searles Valley, CA",071,06071,San Bernardino County,San Bernardino
ci38463551,2019-07-06 13:06:55.260,-117.705,35.9283333,4.5,2.37,"18km E of Little Lake, CA",027,06027,Inyo County,Inyo
ci38462839,2019-07-06 12:05:00.770,-117.6605,35.824,3.57,6.32,"23km N of Ridgecrest, CA",027,06027,Inyo County,Inyo
ci38462679,2019-07-06 11:53:08.090,-117.7336667,35.8953333,4.12,2.1,"16km ESE of Little Lake, CA",027,06027,Inyo County,Inyo
ci38462175,2019-07-06 11:15:20.710,-117.4656667,35.646,3.68,-0.13,"15km SSW of Searles Valley, CA",071,06071,San Bernardino County,San Bernardino
ci38462063,2019-07-06 11:06:43.350,-117.621,35.7948333,3.84,4.82,"20km W of Searles Valley, CA",071,06071,San Bernardino County,San Bernardino
ci38461879,2019-07-06 10:48:24.460,-117.372,35.5785,4.04,5.6,"21km S of Trona, CA",071,06071,San Bernardino County,San Bernardino
ci38461735,2019-07-06 10:37:27.560,-117.3528333,35.5745,3.82,2.85,"21km S of Trona, CA",071,06071,San Bernardino County,San Bernardino
ci38461655,2019-07-06 10:31:43.930,-117.4546667,35.6486667,3.51,3.97,"14km SSW of Searles Valley, CA",071,06071,San Bernardino County,San Bernardino
ci38461447,2019-07-06 10:09:18.110,-117.5176667,35.5755,3.52,10.36,"15km ESE of Ridgecrest, CA",071,06071,San Bernardino County,San Bernardino
ci38461311,2019-07-06 09:59:26.600,-117.7105,35.883,3.75,7.28,"19km ESE of Little Lake, CA",027,06027,Inyo County,Inyo
ci38461007,2019-07-06 09:34:27.830,-117.7133333,35.8871667,3.51,7.69,"18km ESE of Little Lake, CA",027,06027,Inyo County,Inyo
ci38460999,2019-07-06 09:33:59.740,-117.7235,35.8953333,3.6,4.91,"17km ESE of Little Lake, CA",027,06027,Inyo County,Inyo
ci38460983,2019-07-06 09:30:41.240,-117.7323333,35.9098333,4.49,4.15,"16km E of Little Lake, CA",027,06027,Inyo County,Inyo
ci38460975,2019-07-06 09:29:20.970,-117.7175,35.8811667,4.41,5.5,"18km ESE of Little Lake, CA",027,06027,Inyo County,Inyo
ci37258076,2019-07-06 09:28:41.790,-117.7168333,35.887,4.24,4.78,"18km ESE of Little Lake, CA",027,06027,Inyo County,Inyo
ci38460967,2019-07-06 09:28:28.980,-117.7271667,35.898,4.89,3.95,"17km ESE of Little Lake, CA",027,06027,Inyo County,Inyo
ci38460951,2019-07-06 09:27:08.460,-117.5836667,35.6183333,3.51,10.78,"8km E of Ridgecrest, CA",071,06071,San Bernardino County,San Bernardino
ci38460927,2019-07-06 09:24:23.070,-117.641,35.8015,3.59,1.2,"20km N of Ridgecrest, CA",027,06027,Inyo County,Inyo
ci38460639,2019-07-06 08:59:57.510,-117.3855,35.5498333,3.96,3.71,"24km S of Trona, CA",071,06071,San Bernardino County,San Bernardino
ci38460631,2019-07-06 08:59:55.720,-117.3878333,35.6021667,3.6,6.72,"18km S of Trona, CA",071,06071,San Bernardino County,San Bernardino
ci38460311,2019-07-06 08:32:57.550,-117.4913333,35.639,4.56,3.14,"16km SSW of Searles Valley, CA",071,06071,San Bernardino County,San Bernardino
ci38460255,2019-07-06 08:28:33.770,-117.4105,35.6318333,3.59,3.15,"15km S of Trona, CA",071,06071,San Bernardino County,San Bernardino
ci37264140,2019-07-06 08:26:52.560,-117.7306667,35.8965,3.53,4.98,"16km ESE of Little Lake, CA",027,06027,Inyo County,Inyo
ci38460039,2019-07-06 08:10:50.100,-117.7191667,35.9135,3.62,2.67,"17km E of Little Lake, CA",027,06027,Inyo County,Inyo
ci38459895,2019-07-06 07:56:03.660,-117.475,35.6746667,3.55,2.0,"12km SSW of Searles Valley, CA",071,06071,San Bernardino County,San Bernardino
ci38459887,2019-07-06 07:54:46.580,-117.5576667,35.7051667,3.87,8.49,"14km NE of Ridgecrest, CA",071,06071,San Bernardino County,San Bernardino
ci38459863,2019-07-06 07:52:24.520,-117.729,35.8848333,3.73,5.54,"17km ESE of Little Lake, CA",027,06027,Inyo County,Inyo
ci38459599,2019-07-06 07:31:14.490,-117.505,35.7043333,3.62,2.01,"12km SW of Searles Valley, CA",071,06071,San Bernardino County,San Bernardino
ci37233156,2019-07-06 07:16:03.150,-117.748,35.9243333,3.75,2.33,"14km E of Little Lake, CA",027,06027,Inyo County,Inyo
ci38459335,2019-07-06 07:05:21.030,-117.7306667,35.8891667,3.56,5.96,"17km ESE of Little Lake, CA",027,06027,Inyo County,Inyo
ci38459327,2019-07-06 07:04:42.040,-117.7315,35.89,3.88,4.8,"17km ESE of Little Lake, CA",027,06027,Inyo County,Inyo
ci38459207,2019-07-06 06:52:25.970,-117.3983333,35.5601667,3.77,3.76,"23km S of Trona, CA",071,06071,San Bernardino County,San Bernardino
ci38459135,2019-07-06 06:47:10.840,-117.6466667,35.8661667,3.57,6.77,"24km WNW of Searles Valley, CA",027,06027,Inyo County,Inyo
ci38459047,2019-07-06 06:41:15.060,-117.6378333,35.8041667,3.9,7.51,"21km N of Ridgecrest, CA",027,06027,Inyo County,Inyo
ci38458999,2019-07-06 06:34:47.410,-117.7248333,35.8926667,4.05,8.17,"17km ESE of Little Lake, CA",027,06027,Inyo County,Inyo
ci38458967,2019-07-06 06:31:55.320,-117.7226667,35.8893333,3.55,4.65,"17km ESE of Little Lake, CA",027,06027,Inyo County,Inyo
ci38458951,2019-07-06 06:31:00.730,-117.6868333,35.8785,3.72,4.3,"21km ESE of Little Lake, CA",027,06027,Inyo County,Inyo
ci38458815,2019-07-06 06:18:11.250,-117.684,35.9191667,3.55,8.98,"20km E of Little Lake, CA",027,06027,Inyo County,Inyo
ci38458759,2019-07-06 06:12:52.000,-117.3751667,35.5813333,4.27,5.45,"20km S of Trona, CA",071,06071,San Bernardino County,San Bernardino
ci38458719,2019-07-06 06:07:08.680,-117.3635,35.5771667,3.53,3.81,"21km S of Trona, CA",071,06071,San Bernardino County,San Bernardino
ci38458679,2019-07-06 06:01:51.800,-117.7385,35.911,4.63,4.99,"15km E of Little Lake, CA",027,06027,Inyo County,Inyo
ci38458671,2019-07-06 06:00:57.770,-117.3465,35.5535,3.5,4.31,"24km S of Trona, CA",071,06071,San Bernardino County,San Bernardino
ci38458663,2019-07-06 05:59:44.190,-117.574,35.7376667,3.57,3.12,"16km WSW of Searles Valley, CA",071,06071,San Bernardino County,San Bernardino
ci38458655,2019-07-06 05:58:17.570,-117.6916667,35.9323333,4.15,1.86,"19km E of Little Lake, CA",027,06027,Inyo County,Inyo
ci38458575,2019-07-06 05:52:05.350,-117.403,35.6058333,3.62,5.35,"18km S of Trona, CA",071,06071,San Bernardino County,San Bernardino
ci37227380,2019-07-06 05:41:48.390,-117.5573333,35.7771667,3.78,10.9,"14km W of Searles Valley, CA",071,06071,San Bernardino County,San Bernardino
ci37227372,2019-07-06 05:41:36.030,-117.419,35.5586667,3.66,8.89,"23km S of Trona, CA",071,06071,San Bernardino County,San Bernardino
ci38458503,2019-07-06 05:41:32.240,-117.6041667,35.7838333,3.56,2.95,"18km W of Searles Valley, CA",071,06071,San Bernardino County,San Bernardino
ci38458439,2019-07-06 05:32:59.940,-117.6796667,35.8441667,3.61,7.73,"23km ESE of Little Lake, CA",027,06027,Inyo County,Inyo
ci37227020,2019-07-06 05:25:36.710,-117.561,35.7331667,3.5,6.77,"15km WSW of Searles Valley, CA",071,06071,San Bernardino County,San Bernardino
ci38458375,2019-07-06 05:25:04.870,-117.6775,35.833,4.29,3.43,"24km N of Ridgecrest, CA",027,06027,Inyo County,Inyo
ci38458295,2019-07-06 05:15:37.240,-117.7448333,35.9128333,3.52,8.56,"15km E of Little Lake, CA",027,06027,Inyo County,Inyo
ci38458263,2019-07-06 05:13:14.990,-117.6608333,35.8755,3.97,7.14,"23km ESE of Little Lake, CA",027,06027,Inyo County,Inyo
ci37427437,2019-07-06 05:10:09.260,-117.7218333,35.8918333,3.51,4.02,"17km ESE of Little Lake, CA",027,06027,Inyo County,Inyo
ci38458215,2019-07-06 05:08:11.260,-117.5636667,35.717,3.67,7.99,"15km NE of Ridgecrest, CA",071,06071,San Bernardino County,San Bernardino
ci37427253,2019-07-06 05:04:23.380,-117.6978333,35.8806667,3.61,5.67,"20km ESE of Little Lake, CA",027,06027,Inyo County,Inyo
ci38458175,2019-07-06 05:04:19.720,-117.6948333,35.8793333,3.63,7.37,"20km ESE of Little Lake, CA",027,06027,Inyo County,Inyo
ci37427213,2019-07-06 05:03:07.180,-117.7126667,35.8925,3.51,2.43,"18km ESE of Little Lake, CA",027,06027,Inyo County,Inyo
ci38458143,2019-07-06 04:58:36.690,-117.5706667,35.7073333,4.03,2.9,"14km NE of Ridgecrest, CA",071,06071,San Bernardino County,San Bernardino
ci37225436,2019-07-06 04:53:45.340,-117.5275,35.5921667,3.66,9.9,"14km ESE of Ridgecrest, CA",071,06071,San Bernardino County,San Bernardino
ci38458087,2019-07-06 04:53:41.990,-117.6595,35.875,3.98,6.86,"23km ESE of Little Lake, CA",027,06027,Inyo County,Inyo
ci37225428,2019-07-06 04:53:03.960,-117.7353333,35.8966667,3.54,6.77,"16km ESE of Little Lake, CA",027,06027,Inyo County,Inyo
ci38458079,2019-07-06 04:52:17.710,-117.6945,35.8773333,4.47,3.32,"20km ESE of Little Lake, CA",027,06027,Inyo County,Inyo
ci38458071,2019-07-06 04:52:04.010,-117.7323333,35.8895,3.54,5.37,"17km ESE of Little Lake, CA",027,06027,Inyo County,Inyo
ci37225228,2019-07-06 04:50:16.120,-117.732,35.896,3.72,7.18,"16km ESE of Little Lake, CA",027,06027,Inyo County,Inyo
ci37263764,2019-07-06 04:50:11.880,-117.7288333,35.892,3.51,5.64,"17km ESE of Little Lake, CA",027,06027,Inyo County,Inyo
ci37225220,2019-07-06 04:50:04.100,-117.6133333,35.7906667,3.68,7.19,"19km W of Searles Valley, CA",071,06071,San Bernardino County,San Bernardino
ci38458063,2019-07-06 04:49:42.550,-117.7301667,35.8815,3.71,8.06,"17km ESE of Little Lake, CA",027,06027,Inyo County,Inyo
ci38458031,2019-07-06 04:45:36.470,-117.7241667,35.9051667,3.56,4.51,"17km ESE of Little Lake, CA",027,06027,Inyo County,Inyo
ci38457991,2019-07-06 04:41:03.050,-117.7248333,35.8993333,3.61,5.62,"17km ESE of Little Lake, CA",027,06027,Inyo County,Inyo
ci38457983,2019-07-06 04:40:15.980,-117.4456667,35.6428333,4.24,2.88,"14km SSW of Searles Valley, CA",071,06071,San Bernardino County,San Bernardino
ci37263724,2019-07-06 04:38:08.610,-117.434,35.6326667,3.59,6.26,"15km S of Searles Valley, CA",071,06071,San Bernardino County,San Bernardino
ci37224964,2019-07-06 04:37:13.570,-117.7453333,35.91,4.33,8.01,"15km ESE of Little Lake, CA",027,06027,Inyo County,Inyo
ci38457967,2019-07-06 04:36:55.310,-117.7376667,35.9,4.85,1.9,"16km ESE of Little Lake, CA",027,06027,Inyo County,Inyo
ci37224932,2019-07-06 04:36:50.230,-117.7066667,35.8688333,3.8,2.76,"20km ESE of Little Lake, CA",027,06027,Inyo County,Inyo
ci37224780,2019-07-06 04:34:11.150,-117.7398333,35.8965,3.53,7.81,"16km ESE of Little Lake, CA",027,06027,Inyo County,Inyo
ci37224772,2019-07-06 04:33:50.060,-117.6625,35.8285,3.61,2.97,"23km N of Ridgecrest, CA",027,06027,Inyo County,Inyo
ci37224756,2019-07-06 04:31:19.460,-117.3958333,35.5656667,3.75,3.36,"22km S of Trona, CA",071,06071,San Bernardino County,San Bernardino
ci38457927,2019-07-06 04:31:05.250,-117.6601667,35.8408333,3.54,4.81,"24km N of Ridgecrest, CA",027,06027,Inyo County,Inyo
ci38457911,2019-07-06 04:29:02.200,-117.6306667,35.7955,3.6,2.82,"20km NNE of Ridgecrest, CA",071,06071,San Bernardino County,San Bernardino
ci37222156,2019-07-06 04:28:09.260,-117.7261667,35.8821667,3.51,3.78,"17km ESE of Little Lake, CA",027,06027,Inyo County,Inyo
ci38457903,2019-07-06 04:27:10.340,-117.7131667,35.8871667,3.59,5.98,"18km ESE of Little Lake, CA",027,06027,Inyo County,Inyo
ci37222092,2019-07-06 04:24:43.320,-117.549,35.6741667,3.67,7.96,"13km ENE of Ridgecrest, CA",071,06071,San Bernardino County,San Bernardino
ci38457895,2019-07-06 04:24:40.670,-117.6995,35.8976667,3.65,7.41,"19km ESE of Little Lake, CA",027,06027,Inyo County,Inyo
ci37222036,2019-07-06 04:22:16.200,-117.6911667,35.8611667,3.64,7.72,"21km ESE of Little Lake, CA",027,06027,Inyo County,Inyo
ci37222028,2019-07-06 04:21:53.760,-117.5548333,35.7166667,3.62,6.81,"15km WSW of Searles Valley, CA",071,06071,San Bernardino County,San Bernardino
ci38457871,2019-07-06 04:21:35.820,-117.6121667,35.7786667,4.17,2.59,"18km NNE of Ridgecrest, CA",071,06071,San Bernardino County,San Bernardino
ci37263500,2019-07-06 04:21:00.220,-117.6243333,35.7971667,3.53,8.47,"20km NNE of Ridgecrest, CA",027,06027,Inyo County,Inyo
ci37221948,2019-07-06 04:20:46.910,-117.7,35.8735,3.6,3.16,"20km ESE of Little Lake, CA",027,06027,Inyo County,Inyo
ci37221940,2019-07-06 04:20:28.200,-117.7088333,35.9246667,3.68,2.76,"18km E of Little Lake, CA",027,06027,Inyo County,Inyo
ci37263396,2019-07-06 04:20:06.180,-117.71,35.8981667,3.53,10.24,"18km ESE of Little Lake, CA",027,06027,Inyo County,Inyo
ci38457863,2019-07-06 04:19:56.010,-117.4041667,35.5808333,4.01,5.18,"20km S of Trona, CA",071,06071,San Bernardino County,San Bernardino
ci38457855,2019-07-06 04:19:54.940,-117.717,35.885,3.83,4.9,"18km ESE of Little Lake, CA",027,06027,Inyo County,Inyo
ci37221932,2019-07-06 04:19:15.480,-117.6175,35.785,4.29,10.63,"19km NNE of Ridgecrest, CA",071,06071,San Bernardino County,San Bernardino
ci38457847,2019-07-06 04:18:55.790,-117.6848333,35.9101667,5.44,7.41,"20km E of Little Lake, CA",027,06027,Inyo County,Inyo
ci37221916,2019-07-06 04:18:36.030,-117.5381667,35.694,3.63,8.39,"15km SW of Searles Valley, CA",071,06071,San Bernardino County,San Bernardino
ci37221884,2019-07-06 04:16:48.800,-117.66,35.824,3.58,5.81,"23km N of Ridgecrest, CA",027,06027,Inyo County,Inyo
ci38457831,2019-07-06 04:16:17.230,-117.6715,35.8248333,3.52,8.56,"23km N of Ridgecrest, CA",027,06027,Inyo County,Inyo
ci37221708,2019-07-06 04:14:31.370,-117.4906667,35.6795,3.74,0.91,"12km SW of Searles Valley, CA",071,06071,San Bernardino County,San Bernardino
ci37221644,2019-07-06 04:14:20.800,-117.4026667,35.6041667,3.84,6.72,"18km S of Trona, CA",071,06071,San Bernardino County,San Bernardino
ci37263340,2019-07-06 04:13:30.590,-117.7268333,35.891,3.52,10.01,"17km ESE of Little Lake, CA",027,06027,Inyo County,Inyo
ci38457815,2019-07-06 04:13:07.080,-117.6145,35.5846667,4.8,9.73,"7km SE of Ridgecrest, CA",071,06071,San Bernardino County,San Bernardino
ci37220324,2019-07-06 04:13:06.130,-117.6893333,35.9091667,3.63,8.39,"20km E of Little Lake, CA",027,06027,Inyo County,Inyo
ci37221628,2019-07-06 04:12:44.170,-117.6408333,35.841,3.57,10.1,"23km WNW of Searles Valley, CA",027,06027,Inyo County,Inyo
ci37221620,2019-07-06 04:12:18.850,-117.7228333,35.8873333,3.87,9.17,"17km ESE of Little Lake, CA",027,06027,Inyo County,Inyo
ci38457807,2019-07-06 04:12:13.840,-117.4798333,35.659,3.86,6.97,"14km SSW of Searles Valley, CA",071,06071,San Bernardino County,San Bernardino
ci37221588,2019-07-06 04:11:02.280,-117.6926667,35.9,3.83,6.48,"20km ESE of Little Lake, CA",027,06027,Inyo County,Inyo
ci37263324,2019-07-06 04:10:58.090,-117.7138333,35.8768333,3.57,9.75,"19km ESE of Little Lake, CA",027,06027,Inyo County,Inyo
ci37221580,2019-07-06 04:10:49.060,-117.5806667,35.7778333,3.69,10.58,"16km W of Searles Valley, CA",071,06071,San Bernardino County,San Bernardino
ci37221428,2019-07-06 04:07:37.930,-117.7176667,35.9103333,3.62,4.05,"17km E of Little Lake, CA",027,06027,Inyo County,Inyo
ci37263244,2019-07-06 04:07:15.800,-117.6946667,35.8646667,3.74,2.73,"21km ESE of Little Lake, CA",027,06027,Inyo County,Inyo
ci38457775,2019-07-06 04:07:04.570,-117.5215,35.5551667,4.68,5.5,"16km ESE of Ridgecrest, CA",071,06071,San Bernardino County,San Bernardino
ci38457887,2019-07-06 04:06:14.580,-117.3738333,35.578,3.79,5.91,"21km S of Trona, CA",071,06071,San Bernardino County,San Bernardino
ci37221188,2019-07-06 04:05:49.900,-117.7088333,35.917,3.9,2.34,"18km E of Little Lake, CA",027,06027,Inyo County,Inyo
ci37221404,2019-07-06 04:05:27.720,-117.4866667,35.6578333,3.55,1.93,"14km SSW of Searles Valley, CA",071,06071,San Bernardino County,San Bernardino
ci38457759,2019-07-06 03:59:48.610,-117.7141667,35.8751667,3.53,4.37,"19km ESE of Little Lake, CA",027,06027,Inyo County,Inyo
ci37421229,2019-07-06 03:57:50.900,-117.6613333,35.869,4.31,7.21,"23km ESE of Little Lake, CA",027,06027,Inyo County,Inyo
ci37221116,2019-07-06 03:57:37.970,-117.6995,35.8908333,3.59,4.57,"19km ESE of Little Lake, CA",027,06027,Inyo County,Inyo
ci37221108,2019-07-06 03:56:33.520,-117.7361667,35.918,3.53,6.52,"16km E of Little Lake, CA",027,06027,Inyo County,Inyo
ci38457735,2019-07-06 03:55:20.020,-117.6875,35.9055,4.06,8.43,"20km E of Little Lake, CA",027,06027,Inyo County,Inyo
ci38457727,2019-07-06 03:54:46.840,-117.5856667,35.78,3.5,10.44,"16km W of Searles Valley, CA",071,06071,San Bernardino County,San Bernardino
ci37221076,2019-07-06 03:53:57.980,-117.6808333,35.9025,3.67,8.09,"21km E of Little Lake, CA",027,06027,Inyo County,Inyo
ci38457719,2019-07-06 03:53:40.290,-117.7106667,35.8696667,3.68,5.8,"19km ESE of Little Lake, CA",027,06027,Inyo County,Inyo
ci37220748,2019-07-06 03:52:59.340,-117.7415,35.9273333,3.69,6.24,"15km E of Little Lake, CA",027,06027,Inyo County,Inyo
ci37220612,2019-07-06 03:52:54.840,-117.4073333,35.5768333,3.6,3.6,"21km S of Trona, CA",071,06071,San Bernardino County,San Bernardino
ci37220596,2019-07-06 03:52:03.730,-117.6963333,35.8996667,3.57,9.69,"19km ESE of Little Lake, CA",027,06027,Inyo County,Inyo
ci37261844,2019-07-06 03:51:20.330,-117.6741667,35.9373333,3.76,9.87,"21km E of Little Lake, CA",027,06027,Inyo County,Inyo
ci38457703,2019-07-06 03:50:59.710,-117.7001667,35.9035,4.97,8.26,"19km E of Little Lake, CA",027,06027,Inyo County,Inyo
ci37220316,2019-07-06 03:50:49.350,-117.739,35.9101667,3.79,10.71,"15km E of Little Lake, CA",027,06027,Inyo County,Inyo
ci37421773,2019-07-06 03:50:11.070,-117.7248333,35.9036667,3.79,6.5,"17km ESE of Little Lake, CA",027,06027,Inyo County,Inyo
ci37261788,2019-07-06 03:50:04.740,-117.4436667,35.6163333,3.67,7.26,"17km SSW of Searles Valley, CA",071,06071,San Bernardino County,San Bernardino
ci38457695,2019-07-06 03:49:52.420,-117.6841667,35.8261667,3.83,7.08,"23km N of Ridgecrest, CA",027,06027,Inyo County,Inyo
ci37220308,2019-07-06 03:49:24.980,-117.3851667,35.5571667,3.78,3.51,"23km S of Trona, CA",071,06071,San Bernardino County,San Bernardino
ci37261620,2019-07-06 03:48:57.740,-117.7236667,35.9058333,3.68,6.2,"17km ESE of Little Lake, CA",027,06027,Inyo County,Inyo
ci37261628,2019-07-06 03:48:54.220,-117.7223333,35.9998333,3.53,9.53,"18km ENE of Little Lake, CA",027,06027,Inyo County,Inyo
ci37261564,2019-07-06 03:48:36.260,-117.7353333,35.9108333,3.55,7.04,"16km E of Little Lake, CA",027,06027,Inyo County,Inyo
ci37220300,2019-07-06 03:48:24.660,-117.69,35.9025,3.98,0.5,"20km E of Little Lake, CA",027,06027,Inyo County,Inyo
ci37261556,2019-07-06 03:48:14.550,-117.7486667,35.9013333,3.8,7.58,"15km ESE of Little Lake, CA",027,06027,Inyo County,Inyo
ci38457687,2019-07-06 03:47:53.420,-117.7495,35.9011667,5.5,5.04,"15km ESE of Little Lake, CA",027,06027,Inyo County,Inyo
ci37220292,2019-07-06 03:47:00.080,-117.7436667,35.902,3.57,8.46,"15km ESE of Little Lake, CA",027,06027,Inyo County,Inyo
ci37220284,2019-07-06 03:46:38.500,-117.45,35.6573333,3.72,2.12,"13km SSW of Searles Valley, CA",071,06071,San Bernardino County,San Bernardino
ci38457679,2019-07-06 03:46:26.870,-117.4703333,35.6805,4.26,6.85,"11km SSW of Searles Valley, CA",071,06071,San Bernardino County,San Bernardino
ci37220276,2019-07-06 03:45:54.830,-117.5063333,35.7036667,3.52,11.11,"12km SW of Searles Valley, CA",071,06071,San Bernardino County,San Bernardino
ci37219924,2019-07-06 03:44:17.710,-117.6941667,35.9058333,3.96,6.12,"19km E of Little Lake, CA",027,06027,Inyo County,Inyo
ci37261484,2019-07-06 03:44:10.780,-117.5935,35.7821667,3.6,11.22,"17km W of Searles Valley, CA",071,06071,San Bernardino County,San Bernardino
ci38457663,2019-07-06 03:44:01.600,-117.7276667,35.9135,3.86,6.96,"16km E of Little Lake, CA",027,06027,Inyo County,Inyo
ci37219900,2019-07-06 03:43:09.040,-117.6938333,35.8865,3.85,9.46,"20km ESE of Little Lake, CA",027,06027,Inyo County,Inyo
ci38457655,2019-07-06 03:42:52.530,-117.7016667,35.878,3.86,4.58,"20km ESE of Little Lake, CA",027,06027,Inyo County,Inyo
ci37219908,2019-07-06 03:42:45.760,-117.6848333,35.866,3.57,4.95,"22km ESE of Little Lake, CA",027,06027,Inyo County,Inyo
ci37261284,2019-07-06 03:42:09.680,-117.73,35.8751667,3.57,6.96,"17km ESE of Little Lake, CA",027,06027,Inyo County,Inyo
ci38457639,2019-07-06 03:41:38.650,-117.722,35.8923333,3.98,7.87,"17km ESE of Little Lake, CA",027,06027,Inyo County,Inyo
ci38457631,2019-07-06 03:40:04.140,-117.703,35.9133333,3.65,7.04,"18km E of Little Lake, CA",027,06027,Inyo County,Inyo
ci37421237,2019-07-06 03:39:34.110,-117.7426667,35.9021667,3.74,8.81,"15km ESE of Little Lake, CA",027,06027,Inyo County,Inyo
ci37421221,2019-07-06 03:39:14.680,-117.433,35.6136667,3.84,9.8,"17km S of Searles Valley, CA",071,06071,San Bernardino County,San Bernardino
ci37219844,2019-07-06 03:39:02.720,-117.5515,35.7166667,3.69,10.52,"14km WSW of Searles Valley, CA",071,06071,San Bernardino County,San Bernardino
ci37219836,2019-07-06 03:38:22.930,-117.7123333,35.9128333,3.79,6.7,"18km E of Little Lake, CA",027,06027,Inyo County,Inyo
ci37219828,2019-07-06 03:37:25.270,-117.7013333,35.8718333,3.53,6.12,"20km ESE of Little Lake, CA",027,06027,Inyo County,Inyo
ci37219820,2019-07-06 03:37:05.160,-117.5268333,35.7326667,3.63,2.63,"12km WSW of Searles Valley, CA",071,06071,San Bernardino County,San Bernardino
ci37219812,2019-07-06 03:36:28.480,-117.5445,35.6625,3.85,3.18,"13km ENE of Ridgecrest, CA",071,06071,San Bernardino County,San Bernardino
ci38457615,2019-07-06 03:36:16.460,-117.7338333,35.9028333,4.35,7.27,"16km ESE of Little Lake, CA",027,06027,Inyo County,Inyo
ci37219796,2019-07-06 03:35:30.660,-117.7576667,35.979,3.67,6.52,"14km ENE of Little Lake, CA",027,06027,Inyo County,Inyo
ci38457607,2019-07-06 03:35:05.420,-117.4668333,35.6521667,4.09,1.97,"14km SSW of Searles Valley, CA",071,06071,San Bernardino County,San Bernardino
ci37219788,2019-07-06 03:34:55.980,-117.3961667,35.5806667,3.52,13.22,"20km S of Trona, CA",071,06071,San Bernardino County,San Bernardino
ci37219740,2019-07-06 03:34:42.840,-117.6573333,35.9058333,3.74,9.5,"23km E of Little Lake, CA",027,06027,Inyo County,Inyo
ci37219732,2019-07-06 03:34:21.530,-117.5875,35.7661667,3.63,1.82,"17km W of Searles Valley, CA",071,06071,San Bernardino County,San Bernardino
ci37260828,2019-07-06 03:33:55.940,-117.699,35.8723333,3.51,11.58,"20km ESE of Little Lake, CA",027,06027,Inyo County,Inyo
ci37219708,2019-07-06 03:33:39.450,-117.5613333,35.726,4.01,11.09,"15km WSW of Searles Valley, CA",071,06071,San Bernardino County,San Bernardino
ci37219716,2019-07-06 03:33:39.100,-117.7238333,35.8933333,3.8,9.89,"17km ESE of Little Lake, CA",027,06027,Inyo County,Inyo
ci37219700,2019-07-06 03:33:20.200,-117.4861667,35.624,4.08,10.99,"17km E of Ridgecrest, CA",071,06071,San Bernardino County,San Bernardino
ci37219684,2019-07-06 03:33:03.660,-117.7163333,35.9025,3.9,8.47,"18km ESE of Little Lake, CA",027,06027,Inyo County,Inyo
ci38457599,2019-07-06 03:32:46.660,-117.7303333,35.8903333,4.17,6.15,"17km ESE of Little Lake, CA",027,06027,Inyo County,Inyo
ci37219676,2019-07-06 03:32:29.440,-117.4145,35.5985,3.68,6.69,"19km S of Trona, CA",071,06071,San Bernardino County,San Bernardino
ci37219668,2019-07-06 03:32:25.640,-117.7263333,35.8981667,3.61,10.82,"17km ESE of Little Lake, CA",027,06027,Inyo County,Inyo
ci37219660,2019-07-06 03:31:58.270,-117.7121667,35.8901667,3.86,6.29,"18km ESE of Little Lake, CA",027,06027,Inyo County,Inyo
ci37219652,2019-07-06 03:31:48.760,-117.6978333,35.8883333,3.97,8.93,"20km ESE of Little Lake, CA",027,06027,Inyo County,Inyo
ci37219644,2019-07-06 03:31:24.540,-117.4853333,35.6596667,3.62,5.2,"14km SSW of Searles Valley, CA",071,06071,San Bernardino County,San Bernardino
ci37219636,2019-07-06 03:31:10.380,-117.7216667,35.8936667,3.55,9.39,"17km ESE of Little Lake, CA",027,06027,Inyo County,Inyo
ci37219628,2019-07-06 03:30:59.670,-117.704,35.9068333,3.9,8.84,"19km E of Little Lake, CA",027,06027,Inyo County,Inyo
ci37219620,2019-07-06 03:30:43.010,-117.7223333,35.8671667,3.53,8.26,"18km ESE of Little Lake, CA",027,06027,Inyo County,Inyo
ci38457591,2019-07-06 03:30:25.050,-117.3581667,35.5566667,4.49,8.71,"23km S of Trona, CA",071,06071,San Bernardino County,San Bernardino
ci37260620,2019-07-06 03:30:00.710,-117.7018333,35.8845,3.56,6.05,"19km ESE of Little Lake, CA",027,06027,Inyo County,Inyo
ci37260612,2019-07-06 03:29:50.040,-117.6818333,35.8705,3.57,5.35,"22km ESE of Little Lake, CA",027,06027,Inyo County,Inyo
ci37219612,2019-07-06 03:29:47.130,-117.704,35.9016667,3.57,7.8,"19km ESE of Little Lake, CA",027,06027,Inyo County,Inyo
ci38457583,2019-07-06 03:29:32.080,-117.7115,35.9028333,4.51,3.18,"18km ESE of Little Lake, CA",027,06027,Inyo County,Inyo
ci37219604,2019-07-06 03:29:28.840,-117.5088333,35.7325,4.07,7.03,"10km WSW of Searles Valley, CA",071,06071,San Bernardino County,San Bernardino
ci38457575,2019-07-06 03:29:15.860,-117.6526667,35.8656667,4.01,15.11,"24km ESE of Little Lake, CA",027,06027,Inyo County,Inyo
ci37219596,2019-07-06 03:29:10.290,-117.4465,35.6566667,4.02,2.23,"13km SSW of Searles Valley, CA",071,06071,San Bernardino County,San Bernardino
ci38457559,2019-07-06 03:28:46.550,-117.7221667,35.9025,4.19,4.76,"17km ESE of Little Lake, CA",027,06027,Inyo County,Inyo
ci37219588,2019-07-06 03:28:25.160,-117.6906667,35.8695,3.98,2.66,"21km ESE of Little Lake, CA",027,06027,Inyo County,Inyo
ci37219580,2019-07-06 03:28:12.340,-117.6598333,35.8411667,4.09,11.45,"24km WNW of Searles Valley, CA",027,06027,Inyo County,Inyo
ci38457551,2019-07-06 03:28:00.730,-117.7316667,35.9106667,4.09,8.16,"16km E of Little Lake, CA",027,06027,Inyo County,Inyo
ci37219572,2019-07-06 03:27:36.260,-117.6975,35.8895,4.03,7.85,"20km ESE of Little Lake, CA",027,06027,Inyo County,Inyo
ci37260500,2019-07-06 03:27:25.350,-117.4866667,35.665,3.92,5.51,"14km SSW of Searles Valley, CA",071,06071,San Bernardino County,San Bernardino
ci37260492,2019-07-06 03:27:18.420,-117.6578333,35.8733333,3.91,6.73,"24km ESE of Little Lake, CA",027,06027,Inyo County,Inyo
ci37219564,2019-07-06 03:27:11.370,-117.4313333,35.5303333,4.57,3.83,"24km ESE of Ridgecrest, CA",071,06071,San Bernardino County,San Bernardino
ci37219180,2019-07-06 03:27:07.010,-117.7258333,35.9138333,4.5,8.0,"16km E of Little Lake, CA",027,06027,Inyo County,Inyo
ci37260484,2019-07-06 03:27:04.570,-117.4176667,35.6105,3.84,5.77,"17km SSW of Trona, CA",071,06071,San Bernardino County,San Bernardino
ci37219556,2019-07-06 03:26:51.990,-117.6495,35.8875,4.09,10.86,"24km ESE of Little Lake, CA",027,06027,Inyo County,Inyo
ci37219548,2019-07-06 03:26:40.490,-117.6955,35.8998333,3.57,6.89,"20km ESE of Little Lake, CA",027,06027,Inyo County,Inyo
ci37260476,2019-07-06 03:26:27.680,-117.4368333,35.6135,3.76,6.11,"17km S of Searles Valley, CA",071,06071,San Bernardino County,San Bernardino
ci37219540,2019-07-06 03:26:04.010,-117.6451667,35.8331667,4.02,8.1,"23km WNW of Searles Valley, CA",027,06027,Inyo County,Inyo
ci37260460,2019-07-06 03:25:49.560,-117.478,35.6543333,3.98,1.75,"14km SSW of Searles Valley, CA",071,06071,San Bernardino County,San Bernardino
ci37260468,2019-07-06 03:25:42.310,-117.6655,35.8708333,3.67,8.06,"23km ESE of Little Lake, CA",027,06027,Inyo County,Inyo
ci37219172,2019-07-06 03:25:27.970,-117.6708333,35.8606667,4.61,10.32,"23km ESE of Little Lake, CA",027,06027,Inyo County,Inyo
ci37219524,2019-07-06 03:25:19.720,-117.6911667,35.903,3.91,7.01,"20km E of Little Lake, CA",027,06027,Inyo County,Inyo
ci37260452,2019-07-06 03:24:56.850,-117.5695,35.87,3.92,10.81,"19km NW of Searles Valley, CA",027,06027,Inyo County,Inyo
ci37219516,2019-07-06 03:24:33.520,-117.6755,35.8911667,4.07,7.42,"21km ESE of Little Lake, CA",027,06027,Inyo County,Inyo
ci38457535,2019-07-06 03:24:22.370,-117.7273333,35.9018333,4.19,5.3,"17km ESE of Little Lake, CA",027,06027,Inyo County,Inyo
ci37260444,2019-07-06 03:24:15.200,-117.7075,35.9013333,3.52,7.11,"18km ESE of Little Lake, CA",027,06027,Inyo County,Inyo
ci37219508,2019-07-06 03:24:07.550,-117.7201667,35.8876667,3.91,7.95,"18km ESE of Little Lake, CA",027,06027,Inyo County,Inyo
ci37219164,2019-07-06 03:23:50.720,-117.6178333,35.8031667,4.84,11.44,"20km WNW of Searles Valley, CA",027,06027,Inyo County,Inyo
ci37219476,2019-07-06 03:23:34.710,-117.5165,35.5685,4.22,10.82,"16km ESE of Ridgecrest, CA",071,06071,San Bernardino County,San Bernardino
ci37260316,2019-07-06 03:23:29.560,-117.724,35.8778333,4.0,6.14,"18km ESE of Little Lake, CA",027,06027,Inyo County,Inyo
ci37219468,2019-07-06 03:23:19.870,-117.6778333,35.861,4.52,6.82,"22km ESE of Little Lake, CA",027,06027,Inyo County,Inyo
ci37260308,2019-07-06 03:23:07.570,-117.6406667,35.8378333,3.78,9.75,"23km WNW of Searles Valley, CA",027,06027,Inyo County,Inyo
ci37219156,2019-07-06 03:22:48.300,-117.7365,35.891,4.64,9.1,"16km ESE of Little Lake, CA",027,06027,Inyo County,Inyo
ci37219500,2019-07-06 03:22:35.630,-117.4301667,35.6166667,4.73,9.35,"17km S of Searles Valley, CA",071,06071,San Bernardino County,San Bernardino
ci37219492,2019-07-06 03:22:27.160,-117.4275,35.6171667,4.46,8.45,"17km S of Searles Valley, CA",071,06071,San Bernardino County,San Bernardino
ci37219484,2019-07-06 03:22:17.100,-117.5456667,35.748,4.55,3.9,"13km W of Searles Valley, CA",071,06071,San Bernardino County,San Bernardino
ci38457519,2019-07-06 03:22:03.570,-117.729,35.9216667,4.64,8.17,"16km E of Little Lake, CA",027,06027,Inyo County,Inyo
ci37260300,2019-07-06 03:21:19.190,-117.5053333,35.5423333,4.15,5.6,"18km ESE of Ridgecrest, CA",071,06071,San Bernardino County,San Bernardino
ci37222204,2019-07-06 03:21:10.050,-117.6601667,35.8306667,4.33,5.86,"23km N of Ridgecrest, CA",027,06027,Inyo County,Inyo
ci37222196,2019-07-06 03:20:41.140,-117.7376667,35.9496667,4.81,9.28,"15km E of Little Lake, CA",027,06027,Inyo County,Inyo
ci37222188,2019-07-06 03:20:36.080,-117.8525,36.0068333,4.33,13.93,"9km NNE of Little Lake, CA",027,06027,Inyo County,Inyo
ci38457511,2019-07-06 03:19:53.040,-117.5993333,35.7695,7.1,8.0,Ridgecrest Earthquake Sequence,071,06071,San Bernardino County,San Bernardino
ci37257780,2019-07-06 03:17:13.500,-117.5608333,35.7453333,4.14,6.5,"14km W of Searles Valley, CA",071,06071,San Bernardino County,San Bernardino
ci38457487,2019-07-06 03:16:32.480,-117.5535,35.7253333,4.97,0.88,"14km WSW of Searles Valley, CA",071,06071,San Bernardino County,San Bernardino
ci38456615,2019-07-06 00:51:25.700,-117.5841667,35.7501667,3.67,6.6,"16km W of Searles Valley, CA",071,06071,San Bernardino County,San Bernardino
ci38456351,2019-07-06 00:13:02.720,-117.5618333,35.7281667,3.5,3.13,"15km WSW of Searles Valley, CA",071,06071,San Bernardino County,San Bernardino
ci38453279,2019-07-05 17:02:36.510,-117.5796667,35.6175,3.84,10.83,"9km E of Ridgecrest, CA",071,06071,San Bernardino County,San Bernardino
ci38452095,2019-07-05 14:39:33.450,-117.5666667,35.7421667,3.94,2.89,"15km W of Searles Valley, CA",071,06071,San Bernardino County,San Bernardino
ci38451239,2019-07-05 12:55:04.830,-117.5643333,35.7515,3.65,7.35,"15km W of Searles Valley, CA",071,06071,San Bernardino County,San Bernardino
ci38451079,2019-07-05 12:38:30.020,-117.5706667,35.7716667,4.09,6.82,"15km W of Searles Valley, CA",071,06071,San Bernardino County,San Bernardino
ci37260284,2019-07-05 11:08:40.190,-117.5715,35.7575,3.75,7.02,"15km W of Searles Valley, CA",071,06071,San Bernardino County,San Bernardino
ci38450263,2019-07-05 11:07:53.040,-117.575,35.7603333,5.37,6.95,"16km W of Searles Valley, CA",071,06071,San Bernardino County,San Bernardino
ci38450223,2019-07-05 10:59:38.920,-117.5901667,35.602,3.54,2.82,"8km ESE of Ridgecrest, CA",071,06071,San Bernardino County,San Bernardino
ci38449719,2019-07-05 09:46:29.080,-117.5481667,35.6496667,3.62,2.3,"12km ENE of Ridgecrest, CA",071,06071,San Bernardino County,San Bernardino
ci38448791,2019-07-05 07:27:37.110,-117.5631667,35.7503333,3.72,6.89,"14km W of Searles Valley, CA",071,06071,San Bernardino County,San Bernardino
ci38448295,2019-07-05 06:09:23.110,-117.5716667,35.6228333,3.65,7.25,"9km E of Ridgecrest, CA",071,06071,San Bernardino County,San Bernardino
ci38447623,2019-07-05 04:14:45.300,-117.481,35.6993333,3.56,1.16,"10km SW of Searles Valley, CA",071,06071,San Bernardino County,San Bernardino
ci38447591,2019-07-05 04:11:38.570,-117.5545,35.722,3.53,2.02,"14km WSW of Searles Valley, CA",071,06071,San Bernardino County,San Bernardino
ci38446647,2019-07-05 02:01:59.010,-117.5461667,35.6401667,3.98,11.3,"12km E of Ridgecrest, CA",071,06071,San Bernardino County,San Bernardino
ci38446159,2019-07-05 00:45:39.460,-117.5083333,35.6946667,3.85,6.22,"12km SW of Searles Valley, CA",071,06071,San Bernardino County,San Bernardino
ci38446071,2019-07-05 00:32:06.670,-117.4828333,35.7033333,4.02,1.0,"10km SW of Searles Valley, CA",071,06071,San Bernardino County,San Bernardino
ci38445975,2019-07-05 00:18:01.410,-117.6178333,35.7718333,4.04,2.59,"18km NNE of Ridgecrest, CA",071,06071,San Bernardino County,San Bernardino
ci38445751,2019-07-04 23:42:33.830,-117.5678333,35.7478333,3.72,4.36,"15km W of Searles Valley, CA",071,06071,San Bernardino County,San Bernardino
ci38445703,2019-07-04 23:34:02.380,-117.6106667,35.6011667,4.04,4.75,"6km ESE of Ridgecrest, CA",071,06071,San Bernardino County,San Bernardino
ci37420973,2019-07-04 23:34:00.630,-117.5245,35.6623333,3.82,2.61,"14km ENE of Ridgecrest, CA",071,06071,San Bernardino County,San Bernardino
ci38445495,2019-07-04 23:12:40.400,-117.4713333,35.6731667,3.53,9.01,"12km SSW of Searles Valley, CA",071,06071,San Bernardino County,San Bernardino
ci38445087,2019-07-04 22:12:08.490,-117.5636667,35.7463333,4.43,5.76,"15km W of Searles Valley, CA",071,06071,San Bernardino County,San Bernardino
ci37225444,2019-07-04 22:05:22.270,-117.477,35.7115,3.56,1.32,"9km SW of Searles Valley, CA",071,06071,San Bernardino County,San Bernardino
ci38444215,2019-07-04 20:14:50.340,-117.5125,35.6991667,3.99,5.75,"12km SW of Searles Valley, CA",071,06071,San Bernardino County,San Bernardino
ci38444103,2019-07-04 19:56:00.500,-117.524,35.6623333,4.16,1.49,"14km ENE of Ridgecrest, CA",071,06071,San Bernardino County,San Bernardino
ci38443871,2019-07-04 19:21:32.090,-117.4788333,35.6715,4.5,5.16,"13km SSW of Searles Valley, CA",071,06071,San Bernardino County,San Bernardino
ci37420717,2019-07-04 18:56:22.030,-117.5541667,35.7086667,4.21,1.16,"15km NE of Ridgecrest, CA",071,06071,San Bernardino County,San Bernardino
ci38443719,2019-07-04 18:56:06.420,-117.56,35.716,4.58,1.92,"15km NE of Ridgecrest, CA",071,06071,San Bernardino County,San Bernardino
ci38443703,2019-07-04 18:54:13.990,-117.5996667,35.5975,4.07,5.33,"7km ESE of Ridgecrest, CA",071,06071,San Bernardino County,San Bernardino
ci38443671,2019-07-04 18:50:15.910,-117.4961667,35.682,3.7,1.26,"13km SW of Searles Valley, CA",071,06071,San Bernardino County,San Bernardino
ci37421213,2019-07-04 18:47:22.600,-117.472,35.6755,4.02,10.27,"12km SSW of Searles Valley, CA",071,06071,San Bernardino County,San Bernardino
ci38443647,2019-07-04 18:47:06.590,-117.4853333,35.6758333,4.34,8.53,"13km SW of Searles Valley, CA",071,06071,San Bernardino County,San Bernardino
ci38443607,2019-07-04 18:39:44.440,-117.597,35.6013333,4.59,2.81,"7km ESE of Ridgecrest, CA",071,06071,San Bernardino County,San Bernardino
ci38443543,2019-07-04 18:28:43.640,-117.5656667,35.6661667,3.75,7.14,"11km ENE of Ridgecrest, CA",071,06071,San Bernardino County,San Bernardino
ci38443535,2019-07-04 18:27:59.440,-117.5521667,35.745,4.23,6.64,"14km W of Searles Valley, CA",071,06071,San Bernardino County,San Bernardino
ci38443439,2019-07-04 18:13:51.400,-117.485,35.7081667,3.5,6.44,"10km SW of Searles Valley, CA",071,06071,San Bernardino County,San Bernardino
ci37223308,2019-07-04 18:08:45.070,-117.4768333,35.7108333,3.55,1.17,"9km SW of Searles Valley, CA",071,06071,San Bernardino County,San Bernardino
ci38443391,2019-07-04 18:07:09.270,-117.6101667,35.5991667,3.51,2.12,"6km ESE of Ridgecrest, CA",071,06071,San Bernardino County,San Bernardino
ci38443383,2019-07-04 18:06:16.110,-117.523,35.6606667,3.79,2.14,"14km ENE of Ridgecrest, CA",071,06071,San Bernardino County,San Bernardino
ci37422005,2019-07-04 18:01:23.180,-117.5085,35.6876667,3.53,1.26,"13km SW of Searles Valley, CA",071,06071,San Bernardino County,San Bernardino
ci38443279,2019-07-04 17:47:17.810,-117.5465,35.7455,3.5,7.11,"13km W of Searles Valley, CA",071,06071,San Bernardino County,San Bernardino
ci38443255,2019-07-04 17:44:32.820,-117.5071667,35.6875,3.86,1.54,"13km SW of Searles Valley, CA",071,06071,San Bernardino County,San Bernardino
us70004a0z,2019-07-04 17:43:29.200,-117.5488,35.6783,3.6,5.15,"12 km ENE of Ridgecrest, California",071,06071,San Bernardino County,San Bernardino
ci37222508,2019-07-04 17:40:34.900,-117.5018333,35.6948333,3.54,2.04,"12km SW of Searles Valley, CA",071,06071,San Bernardino County,San Bernardino
ci38443231,2019-07-04 17:40:18.520,-117.5101667,35.707,4.13,8.66,"12km SW of Searles Valley, CA",071,06071,San Bernardino County,San Bernardino
ci38443223,2019-07-04 17:40:02.250,-117.5708333,35.7253333,3.8,6.63,"15km NE of Ridgecrest, CA",071,06071,San Bernardino County,San Bernardino
ci38443215,2019-07-04 17:39:35.360,-117.4931667,35.6876667,3.69,10.96,"12km SW of Searles Valley, CA",071,06071,San Bernardino County,San Bernardino
ci37222396,2019-07-04 17:38:47.760,-117.596,35.6235,3.5,8.55,"7km E of Ridgecrest, CA",071,06071,San Bernardino County,San Bernardino
us70004a0n,2019-07-04 17:38:47.500,-117.5782,35.6215,3.5,9.7,"8 km E of Ridgecrest, California",071,06071,San Bernardino County,San Bernardino
ci37421941,2019-07-04 17:38:21.450,-117.476,35.714,3.73,1.74,"9km SW of Searles Valley, CA",071,06071,San Bernardino County,San Bernardino
ci38443199,2019-07-04 17:37:55.500,-117.5516667,35.7456667,3.86,8.29,"14km W of Searles Valley, CA",071,06071,San Bernardino County,San Bernardino
ci37218996,2019-07-04 17:37:25.640,-117.4575,35.6758333,4.01,15.82,"11km SSW of Searles Valley, CA",071,06071,San Bernardino County,San Bernardino
ci37222364,2019-07-04 17:37:14.850,-117.516,35.6655,3.97,1.64,"15km SW of Searles Valley, CA",071,06071,San Bernardino County,San Bernardino
ci37222372,2019-07-04 17:37:01.140,-117.4773333,35.7105,3.66,1.57,"9km SW of Searles Valley, CA",071,06071,San Bernardino County,San Bernardino
ci37255980,2019-07-04 17:36:04.360,-117.5741667,35.7341667,3.94,6.41,"16km NE of Ridgecrest, CA",071,06071,San Bernardino County,San Bernardino
ci37218988,2019-07-04 17:35:52.170,-117.5061667,35.687,4.28,1.6,"13km SW of Searles Valley, CA",071,06071,San Bernardino County,San Bernardino
ci37222356,2019-07-04 17:35:46.340,-117.437,35.6936667,3.63,7.65,"9km SSW of Searles Valley, CA",071,06071,San Bernardino County,San Bernardino
ci37255940,2019-07-04 17:35:17.430,-117.474,35.6886667,3.93,6.48,"11km SW of Searles Valley, CA",071,06071,San Bernardino County,San Bernardino
ci38443191,2019-07-04 17:35:01.660,-117.5671667,35.644,4.49,4.64,"10km ENE of Ridgecrest, CA",071,06071,San Bernardino County,San Bernardino
ci38443183,2019-07-04 17:33:49.000,-117.5038333,35.7053333,6.4,10.5,Ridgecrest Earthquake Sequence,071,06071,San Bernardino County,San Bernardino
ci38443095,2019-07-04 17:02:55.340,-117.5036667,35.7081667,3.98,10.6,"11km SW of Searles Valley, CA",071,06071,San Bernardino County,San Bernardino
nc73201181,2019-06-23 03:53:02.890,-124.3003333,40.2735,5.58,9.44,"6km SSW of Petrolia, CA",023,06023,Humboldt County,Humboldt
nc73195396,2019-06-11 07:46:25.470,-122.8233333,38.8136667,4.07,1.97,"7km NW of The Geysers, CA",097,06097,Sonoma County,Sonoma
nc73192136,2019-06-04 01:44:21.280,-122.7973333,38.8336667,3.88,2.86,"7km WNW of Cobb, CA",097,06097,Sonoma County,Sonoma
nc73184841,2019-05-21 17:19:52.890,-123.9636667,40.6948333,3.78,21.45,"16km ESE of Pine Hills, CA",023,06023,Humboldt County,Humboldt
nc73174010,2019-04-29 17:37:01.330,-118.3635,37.4186667,3.8,7.25,"6km NE of Dixon Lane-Meadow Creek, CA",027,06027,Inyo County,Inyo
nc73173775,2019-04-29 07:16:08.430,-123.238,39.3456667,4.32,6.25,"9km NNW of Redwood Valley, CA",045,06045,Mendocino County,Mendocino
ci38327303,2019-04-23 03:24:03.130,-115.5113333,32.9038333,3.73,17.01,"8km NE of Imperial, CA",025,06025,Imperial County,Imperial
nc73170140,2019-04-22 05:45:09.840,-121.2125,36.6018333,3.59,8.62,"10km NW of Pinnacles, CA",069,06069,San Benito County,San Benito
nc73166830,2019-04-15 17:55:57.970,-118.5381667,37.3823333,3.88,9.35,"6km SE of Round Valley, CA",027,06027,Inyo County,Inyo
nc73166265,2019-04-15 11:54:03.180,-122.7991667,38.8148333,4.12,1.24,"6km NW of The Geysers, CA",097,06097,Sonoma County,Sonoma
nc73161470,2019-04-05 17:52:32.570,-120.4126667,35.861,3.5,8.41,"4km SSE of Parkfield, CA",053,06053,Monterey County,Monterey
ci37603458,2019-04-03 12:06:22.980,-117.7276667,33.866,3.61,4.75,"8km ESE of Yorba Linda, CA",059,06059,Orange County,Orange
nc73143141,2019-02-17 09:55:24.160,-122.3983333,38.3515,3.7,7.99,"6km SSW of Yountville, CA",055,06055,Napa County,Napa
ci37523530,2019-02-07 16:41:24.540,-116.2861667,34.704,3.97,1.56,"12km W of Ludlow, CA",071,06071,San Bernardino County,San Bernardino
nc73138600,2019-02-06 18:23:01.570,-123.8395,40.8465,4.39,25.83,"13km ESE of Blue Lake, CA",023,06023,Humboldt County,Humboldt
ci38211175,2019-01-30 02:40:12.280,-116.8918333,34.4076667,3.56,1.86,"8km ESE of Lucerne Valley, CA",071,06071,San Bernardino County,San Bernardino
ci38199831,2019-01-22 08:24:44.460,-115.5156667,32.9485,3.58,14.1,"4km SSE of Brawley, CA",025,06025,Imperial County,Imperial
ci38194967,2019-01-17 02:41:34.880,-115.6076667,33.1818333,3.9,2.85,"10km SW of Niland, CA",025,06025,Imperial County,Imperial
ci38401064,2018-12-20 20:18:22.940,-116.799,33.4813333,3.52,4.07,"8km NE of Aguanga, CA",065,06065,Riverside County,Riverside
ci38164815,2018-12-17 02:52:01.740,-116.7345,35.9568333,3.62,-0.34,"42km W of Shoshone, CA",027,06027,Inyo County,Inyo
ci38386992,2018-12-05 22:10:06.190,-117.0745,35.7286667,3.73,1.68,"28km E of Trona, CA",071,06071,San Bernardino County,San Bernardino
ci38386960,2018-12-05 21:40:16.620,-117.0776667,35.7303333,4.2,0.84,"28km E of Trona, CA",071,06071,San Bernardino County,San Bernardino
ci38148759,2018-11-29 13:48:53.480,-115.9866667,33.014,3.91,10.64,"20km SE of Ocotillo Wells, CA",025,06025,Imperial County,Imperial
nc73116386,2018-11-27 13:07:12.830,-120.1881667,36.0735,4.0,10.8,"9km NW of Avenal, CA",019,06019,Fresno County,Fresno
nc73109341,2018-11-10 19:56:02.860,-122.2285,38.061,3.53,8.84,"2km NW of Crockett, CA",013,06013,Contra Costa County,Contra Costa
nc73109006,2018-11-09 20:31:48.410,-123.2875,39.4251667,3.79,5.55,"6km ENE of Willits, CA",045,06045,Mendocino County,Mendocino
ci38355456,2018-11-09 14:58:09.270,-116.8048333,33.4853333,3.78,1.43,"7km NE of Aguanga, CA",065,06065,Riverside County,Riverside
ci38355352,2018-11-09 14:45:50.680,-116.8021667,33.4835,3.7,2.05,"7km NE of Aguanga, CA",065,06065,Riverside County,Riverside
nc73105346,2018-11-02 15:27:03.690,-121.303,36.6763333,3.55,5.27,"13km S of Tres Pinos, CA",069,06069,San Benito County,San Benito
nc73105296,2018-11-02 13:22:45.940,-121.3055,36.6793333,3.56,2.61,"12km S of Tres Pinos, CA",069,06069,San Benito County,San Benito
nc73105276,2018-11-02 12:58:54.230,-121.3146667,36.6801667,4.11,6.48,"12km S of Tres Pinos, CA",069,06069,San Benito County,San Benito
ci37403594,2018-10-24 21:28:02.960,-117.9796667,36.6015,3.59,10.56,"8km ENE of Lone Pine, CA",027,06027,Inyo County,Inyo
nc73093981,2018-10-05 13:29:37.550,-121.3536667,36.7533333,3.83,11.42,"5km SW of Tres Pinos, CA",069,06069,San Benito County,San Benito
ci37374890,2018-09-30 14:41:29.510,-117.0178333,34.002,3.61,16.33,"4km ENE of Calimesa, CA",065,06065,Riverside County,Riverside
nc73078885,2018-09-01 15:45:06.620,-122.8115,38.8263333,3.76,1.59,"7km NW of The Geysers, CA",097,06097,Sonoma County,Sonoma
nc73078235,2018-08-30 22:08:09.700,-120.1093333,39.2371667,3.75,2.09,"5km W of Tahoe Vista, CA",061,06061,Placer County,Placer
ci38038071,2018-08-29 02:33:28.330,-117.7746667,34.1363333,4.38,5.46,"4km N of La Verne, CA",037,06037,Los Angeles County,Los Angeles
ci38245496,2018-08-15 01:24:26.310,-116.8033333,33.4771667,4.41,1.89,"7km NE of Aguanga, CA",065,06065,Riverside County,Riverside
ci37277082,2018-07-10 11:08:37.420,-117.5846667,34.0108333,3.57,4.31,"6km SE of Ontario, CA",071,06071,San Bernardino County,San Bernardino
ci37275802,2018-07-07 15:37:03.560,-116.2788333,34.8028333,3.55,3.14,"14km NW of Ludlow, CA",071,06071,San Bernardino County,San Bernardino
nn00642964,2018-07-05 15:17:36.947,-115.7758,35.8945,4.5,8.6,"15 km WNW of Sandy Valley, Nevada",027,06027,Inyo County,Inyo
ci38199368,2018-06-17 18:34:58.810,-115.6273333,33.1351667,3.63,5.15,"11km W of Calipatria, CA",025,06025,Imperial County,Imperial
nc73027396,2018-06-08 17:23:52.770,-123.2333333,39.2758333,3.72,5.45,"3km WNW of Redwood Valley, CA",045,06045,Mendocino County,Mendocino
ci37952751,2018-05-30 19:22:05.300,-116.3225,33.9241667,3.77,8.74,"13km NNE of Thousand Palms, CA",065,06065,Riverside County,Riverside
ci38172104,2018-05-13 12:05:47.300,-115.9193333,33.056,3.52,1.51,"22km ESE of Ocotillo Wells, CA",025,06025,Imperial County,Imperial
ci37186460,2018-05-13 00:35:03.450,-115.9205,33.0406667,3.69,2.66,"23km ESE of Ocotillo Wells, CA",025,06025,Imperial County,Imperial
nc73014276,2018-05-10 02:58:30.910,-122.7971667,38.81,4.19,1.89,"5km NW of The Geysers, CA",097,06097,Sonoma County,Sonoma
ci38167848,2018-05-08 11:49:34.020,-116.7798333,34.016,4.49,12.89,"11km N of Cabazon, CA",065,06065,Riverside County,Riverside
ci37924223,2018-04-26 01:36:00.560,-116.2983333,33.3796667,3.94,13.95,"16km NNE of Borrego Springs, CA",073,06073,San Diego County,San Diego
ci37920791,2018-04-23 00:46:08.900,-116.3216667,33.921,3.87,8.25,"13km NNE of Thousand Palms, CA",065,06065,Riverside County,Riverside
nc73002966,2018-04-22 16:04:16.550,-118.5535,37.475,3.6,13.55,"8km NNE of Round Valley, CA",051,06051,Mono County,Mono
nc73000196,2018-04-16 16:39:26.470,-121.773,37.4346667,3.82,9.31,"9km NNE of Alum Rock, CA",085,06085,Santa Clara County,Santa Clara
ci38149752,2018-04-16 16:36:48.880,-119.0423333,35.0435,3.78,7.73,"15km NW of Grapevine, CA",029,06029,Kern County,Kern
ci38148312,2018-04-13 15:24:46.040,-118.5445,35.392,3.69,4.77,"22km SSW of Bodfish, CA",029,06029,Kern County,Kern
ci37892055,2018-03-11 12:45:22.130,-116.0291667,33.1778333,3.56,8.9,"10km ENE of Ocotillo Wells, CA",025,06025,Imperial County,Imperial
ci37889959,2018-03-07 18:05:00.420,-120.0265,35.4871667,3.69,7.99,"15km N of Simmler, CA",029,06029,Kern County,Kern
ci38116288,2018-02-26 18:44:41.990,-116.5036667,33.4825,3.66,12.59,"18km ESE of Anza, CA",065,06065,Riverside County,Riverside
nc72975536,2018-02-24 21:02:19.160,-117.907,37.338,3.51,6.1,"8km ESE of Deep Springs, CA",027,06027,Inyo County,Inyo
nc72974766,2018-02-23 20:19:39.660,-121.9845,37.8263333,3.51,6.16,"2km ENE of Danville, CA",013,06013,Contra Costa County,Contra Costa
ci38106152,2018-02-11 09:02:30.140,-117.3418333,33.6528333,3.52,3.71,"2km N of Lakeland Village, CA",065,06065,Riverside County,Riverside
ci38092312,2018-01-25 10:09:56.810,-117.4911667,33.741,3.97,11.15,"12km NE of Trabuco Canyon, CA",065,06065,Riverside County,Riverside
nc72957816,2018-01-24 06:02:33.030,-121.661,36.9373333,3.6,7.1,"6km NNW of Aromas, CA",087,06087,Santa Cruz County,Santa Cruz
nc72955520,2018-01-18 05:55:11.950,-122.7433333,38.785,4.22,1.81,"1km NE of The Geysers, CA",033,06033,Lake County,Lake
ci38087400,2018-01-14 19:56:11.650,-116.0733333,34.8168333,3.71,3.75,"13km NE of Ludlow, CA",071,06071,San Bernardino County,San Bernardino
ci38086512,2018-01-13 06:26:58.400,-116.0738333,33.1141667,3.59,11.53,"6km ESE of Ocotillo Wells, CA",025,06025,Imperial County,Imperial
nc72948801,2018-01-04 10:39:37.730,-122.2568333,37.8551667,4.38,12.31,"2km SE of Berkeley, CA",001,06001,Alameda County,Alameda
nc72946846,2017-12-31 19:49:06.270,-123.39,40.4846667,3.76,30.44,"19km WSW of Hayfork, CA",105,06105,Trinity County,Trinity
nc72944701,2017-12-27 06:32:09.060,-121.7468333,37.3965,3.9,10.55,"8km ENE of Alum Rock, CA",085,06085,Santa Clara County,Santa Clara
nc72939656,2017-12-14 04:57:18.580,-123.6458333,39.6076667,4.26,7.04,"17km WSW of Laytonville, CA",045,06045,Mendocino County,Mendocino
nc72937211,2017-12-09 02:27:47.510,-118.8065,37.5501667,3.52,3.53,"11km W of Toms Place, CA",051,06051,Mono County,Mono
nc72937001,2017-12-08 22:19:17.110,-118.8103333,37.5473333,3.78,2.84,"12km W of Toms Place, CA",051,06051,Mono County,Mono
nc72936861,2017-12-08 17:06:26.730,-118.8155,37.5513333,3.66,2.91,"12km W of Toms Place, CA",051,06051,Mono County,Mono
ci37824735,2017-12-07 10:32:47.160,-116.4781667,33.147,3.53,10.99,"14km ENE of Julian, CA",073,06073,San Diego County,San Diego
ci37824367,2017-12-07 03:57:38.180,-116.4795,33.1501667,3.57,11.38,"14km NE of Julian, CA",073,06073,San Diego County,San Diego
ci37824087,2017-12-07 00:33:15.330,-116.4791667,33.1478333,3.96,11.14,"14km NE of Julian, CA",073,06073,San Diego County,San Diego
nc72924455,2017-11-15 01:23:53.150,-121.2378333,36.6271667,3.76,5.5,"19 km SSE of Tres Pinos, California",069,06069,San Benito County,San Benito
nc72923380,2017-11-13 19:31:29.050,-121.2443333,36.6305,4.58,6.31,"18 km SSE of Tres Pinos, California",069,06069,San Benito County,San Benito
ci37808311,2017-11-10 00:23:30.180,-116.4666667,33.462,3.52,7.44,"22km ESE of Anza, CA",065,06065,Riverside County,Riverside
nc72908631,2017-10-13 23:10:32.130,-123.2341667,39.2846667,3.94,1.39,"3 km NW of Redwood Valley, California",045,06045,Mendocino County,Mendocino
nc72906781,2017-10-10 00:53:18.270,-121.672,37.3135,4.09,9.69,"14 km ESE of East Foothills, California",085,06085,Santa Clara County,Santa Clara
nc72895806,2017-09-20 17:10:08.630,-121.9836667,40.8913333,3.65,16.86,"7 km NW of Montgomery Creek, California",089,06089,Shasta County,Shasta
ci38006496,2017-09-19 18:45:43.780,-117.7698333,36.0193333,3.65,1.78,"15km NE of Little Lake, CA",027,06027,Inyo County,Inyo
ci37766535,2017-09-19 06:20:44.370,-118.4756667,34.0866667,3.61,10.48,"5km NW of Westwood, CA",037,06037,Los Angeles County,Los Angeles
nc72882765,2017-08-31 15:59:16.280,-122.7033333,38.621,3.52,6.67,"11 km WNW of Calistoga, California",097,06097,Sonoma County,Sonoma
nc72876100,2017-08-24 12:54:32.120,-122.7795,38.7975,3.5,1.11,"5 km WSW of Cobb, California",097,06097,Sonoma County,Sonoma
ci37980632,2017-08-22 19:51:59.450,-116.9223333,35.9043333,4.12,6.14,"44km ENE of Trona, CA",027,06027,Inyo County,Inyo
nc72867086,2017-08-12 03:00:10.260,-118.9173333,38.0601667,3.95,9.18,"20 km E of Mono City, California",051,06051,Mono County,Mono
ci37713463,2017-07-26 19:43:57.700,-115.6463333,33.1646667,3.6,3.28,"13km WNW of Calipatria, CA",025,06025,Imperial County,Imperial
nc72832766,2017-07-10 01:44:12.770,-123.2913333,40.62,3.74,34.83,"11 km NW of Hayfork, California",105,06105,Trinity County,Trinity
nc72832131,2017-07-09 09:12:05.040,-118.9543333,37.5083333,3.88,0.87,"15 km S of Mammoth Lakes, California",019,06019,Fresno County,Fresno
nc72824376,2017-06-30 19:34:38.820,-118.9595,37.5135,3.53,-0.19,"15 km S of Mammoth Lakes, California",019,06019,Fresno County,Fresno
nc72822096,2017-06-27 09:09:21.860,-120.3343333,39.4696667,3.95,-1.43,"13 km SSE of Sierraville, California",091,06091,Sierra County,Sierra
nc72822076,2017-06-27 09:02:02.720,-120.3388333,39.4675,3.73,-1.58,"13 km S of Sierraville, California",091,06091,Sierra County,Sierra
ci37917624,2017-06-25 13:53:24.760,-116.9018333,34.001,3.53,13.94,"9km NNW of Banning, CA",065,06065,Riverside County,Riverside
nc72820761,2017-06-24 21:22:03.060,-124.2988333,40.2878333,4.03,9.14,near the coast of Northern California,023,06023,Humboldt County,Humboldt
nc72814101,2017-06-11 12:19:29.750,-124.1116667,41.0418333,3.53,22.86,"0 km WSW of Westhaven-Moonstone, California",023,06023,Humboldt County,Humboldt
ci37661159,2017-06-04 00:06:56.930,-117.7128333,35.3975,3.64,7.44,"8km WNW of Johannesburg, CA",029,06029,Kern County,Kern
ci37654479,2017-05-25 15:42:51.500,-117.8455,36.1813333,3.71,2.5,"18km NNE of Coso Junction, CA",027,06027,Inyo County,Inyo
ci37646015,2017-05-15 18:43:08.110,-116.743,34.2271667,3.58,0.57,"10 km ESE of Big Bear City, California",071,06071,San Bernardino County,San Bernardino
nc72795911,2017-04-30 10:12:16.340,-122.7771667,38.7883333,3.98,2.76,"6 km SW of Cobb, California",097,06097,Sonoma County,Sonoma
nc72795746,2017-04-30 01:29:19.710,-121.806,37.8251667,3.78,15.2,"8 km E of Blackhawk, California",013,06013,Contra Costa County,Contra Costa
nc72789886,2017-04-17 20:31:45.180,-122.7223333,38.774,3.73,1.35,"5 km S of Cobb, California",033,06033,Lake County,Lake
nc72788391,2017-04-13 22:21:02.320,-120.9975,36.4725,3.52,5.06,"27 km NE of Greenfield, California",069,06069,San Benito County,San Benito
nc72782971,2017-03-31 10:55:53.700,-121.6141667,36.8776667,4.0,6.2,"2 km ESE of Aromas, California",069,06069,San Benito County,San Benito
ci37612991,2017-03-27 01:45:55.320,-118.723,36.1658333,3.56,11.36,"29km ENE of Porterville, CA",107,06107,Tulare County,Tulare
ci37612599,2017-03-26 08:25:44.690,-116.0825,33.2191667,3.54,13.36,"10km NNE of Ocotillo Wells, CA",073,06073,San Diego County,San Diego
ci37829080,2017-03-14 17:14:05.580,-116.0535,33.239,3.61,5.15,"11km SW of Salton City, CA",025,06025,Imperial County,Imperial
ci37828544,2017-03-14 05:06:54.460,-117.2386667,34.0388333,3.61,17.64,"2km ESE of Loma Linda, CA",071,06071,San Bernardino County,San Bernardino
nc72774671,2017-03-13 14:39:04.160,-120.0611667,35.8795,3.52,15.45,"15 km SSE of Avenal, California",031,06031,Kings County,Kings
nc72771746,2017-03-08 17:20:23.530,-121.2558333,36.6355,3.72,7.16,"18 km SSE of Tres Pinos, California",069,06069,San Benito County,San Benito
ci37816152,2017-03-01 20:18:39.150,-115.8621667,33.1341667,3.61,11.51,"20km SSE of Salton City, CA",025,06025,Imperial County,Imperial
nc72768191,2017-02-26 14:58:40.100,-121.5756667,36.959,3.6,4.46,"5 km S of Gilroy, California",085,06085,Santa Clara County,Santa Clara
nc72766046,2017-02-21 00:57:52.710,-122.7353333,38.7958333,4.16,1.32,"3 km SSW of Cobb, California",033,06033,Lake County,Lake
nc72759410,2017-02-03 16:13:42.340,-123.6468333,40.2385,3.68,31.33,"7 km NNW of Alderpoint, California",023,06023,Humboldt County,Humboldt
nc72756770,2017-01-27 19:08:29.710,-122.7561667,38.7935,3.89,2.69,"4 km SW of Cobb, California",097,06097,Sonoma County,Sonoma
nc72755195,2017-01-23 03:15:19.780,-121.1448333,36.5886667,3.5,8.17,"24 km NE of Soledad, California",069,06069,San Benito County,San Benito
ci37775608,2016-12-31 23:25:27.120,-115.5388333,32.9748333,3.63,10.2,"1km WSW of Brawley, CA",025,06025,Imperial County,Imperial
ci37775504,2016-12-31 23:06:56.130,-115.5458333,32.975,3.88,14.48,"2km WSW of Brawley, CA",025,06025,Imperial County,Imperial
ci37775296,2016-12-31 22:41:26.530,-115.5483333,32.9745,3.74,9.7,"2km WSW of Brawley, CA",025,06025,Imperial County,Imperial
ci37772688,2016-12-28 17:56:59.830,-116.7071667,34.1513333,3.92,10.92,"16km NW of Morongo Valley, CA",071,06071,San Bernardino County,San Bernardino
ci37765816,2016-12-16 01:25:52.900,-116.1285,32.83,3.5,10.37,"16km NW of Ocotillo, CA",073,06073,San Diego County,San Diego
nc72737985,2016-12-14 16:41:05.530,-122.8413333,38.8221667,5.01,1.48,"10 km W of Cobb, California",097,06097,Sonoma County,Sonoma
nc72737765,2016-12-14 11:58:39.840,-120.805,35.5606667,3.95,4.59,"9 km W of Templeton, California",079,06079,San Luis Obispo County,San Luis Obispo
nc72737010,2016-12-14 07:44:24.970,-118.9251667,37.6381667,3.99,6.11,"4 km ESE of Mammoth Lakes, California",051,06051,Mono County,Mono
nc72722235,2016-11-09 00:55:46.860,-121.007,36.4631667,3.6,6.5,"26 km NE of Greenfield, California",069,06069,San Benito County,San Benito
nc72721105,2016-11-06 13:00:46.390,-123.6373333,39.6598333,4.06,-0.65,"13 km WSW of Laytonville, California",045,06045,Mendocino County,Mendocino
nc72719830,2016-11-03 12:57:33.560,-123.6311667,39.6621667,3.82,-0.57,"13 km WSW of Laytonville, California",045,06045,Mendocino County,Mendocino
nc72714296,2016-10-18 22:09:07.690,-121.3113333,36.713,3.55,7.59,"8 km S of Tres Pinos, California",069,06069,San Benito County,San Benito
ci37713424,2016-10-08 22:43:49.150,-117.2521667,34.0075,3.74,14.11,"5km S of Loma Linda, CA",065,06065,Riverside County,Riverside
nc72705776,2016-10-01 07:53:29.350,-120.36,36.2435,3.52,10.79,"11 km N of Coalinga, California",019,06019,Fresno County,Fresno
ci37703504,2016-09-28 01:05:51.190,-115.7118333,33.2986667,3.64,7.03,"6km SSE of Bombay Beach, CA",025,06025,Imperial County,Imperial
ci37701632,2016-09-27 03:36:15.240,-115.701,33.3058333,4.13,2.52,"6km SSE of Bombay Beach, CA",025,06025,Imperial County,Imperial
ci37701544,2016-09-27 03:23:58.150,-115.7123333,33.2998333,4.33,4.84,"6km SSE of Bombay Beach, CA",025,06025,Imperial County,Imperial
ci37700296,2016-09-26 14:31:08.040,-115.7136667,33.2976667,4.32,2.2,"6km SSE of Bombay Beach, CA",025,06025,Imperial County,Imperial
nc72694726,2016-09-13 07:50:22.080,-122.1975,37.8046667,3.54,4.02,"3 km SE of Piedmont, California",001,06001,Alameda County,Alameda
nc72686711,2016-08-28 21:20:52.090,-123.4078333,40.4365,4.49,35.62,"8 km ESE of Mad River, California",105,06105,Trinity County,Trinity
nc72682391,2016-08-21 21:47:48.290,-118.8928333,37.6231667,3.53,1.96,"7 km ESE of Mammoth Lakes, California",051,06051,Mono County,Mono
ci37449175,2016-08-18 03:39:54.830,-117.8653333,36.3993333,3.53,1.68,"18km NE of Olancha, CA",027,06027,Inyo County,Inyo
nc72677741,2016-08-15 16:17:21.510,-121.338,36.7015,3.62,4.4,"9 km S of Tres Pinos, California",069,06069,San Benito County,San Benito
nc72673090,2016-08-10 13:12:28.600,-122.7846667,39.9603333,3.84,8.04,"22 km WNW of Paskenta, California",103,06103,Tehama County,Tehama
nc72672610,2016-08-10 02:57:17.510,-122.8018333,39.3293333,5.09,14.45,"20 km NNE of Upper Lake, California",033,06033,Lake County,Lake
nc72670070,2016-08-04 04:58:32.600,-120.2153333,40.1506667,3.99,5.31,"5 km WNW of Patton Village, California",035,06035,Lassen County,Lassen
nc72670060,2016-08-04 04:55:35.040,-120.2131667,40.1538333,4.48,6.87,"5 km WNW of Patton Village, California",035,06035,Lassen County,Lassen
nc72669395,2016-08-02 11:31:04.390,-120.2295,40.1411667,3.74,8.95,"6 km W of Patton Village, California",035,06035,Lassen County,Lassen
ci37644544,2016-07-31 16:21:05.830,-115.7605,32.9583333,4.03,3.2,"16km SW of Westmorland, CA",025,06025,Imperial County,Imperial
nc72664436,2016-07-21 23:09:05.780,-123.8918333,40.7243333,4.81,26.24,"19km SSE of Blue Lake, CA",023,06023,Humboldt County,Humboldt
nc71103759,2016-07-19 21:39:20.380,-121.3413333,36.697,3.93,4.24,"10 km S of Tres Pinos, California",069,06069,San Benito County,San Benito
nc72663506,2016-07-19 21:38:38.910,-121.3296667,36.6925,4.22,5.87,"10 km S of Tres Pinos, California",069,06069,San Benito County,San Benito
nc72662921,2016-07-18 09:27:25.020,-121.1981667,37.0295,3.68,2.02,"25 km WSW of Volta, California",047,06047,Merced County,Merced
nc72662816,2016-07-18 05:53:31.160,-121.3251667,36.6898333,3.84,4.91,"11 km S of Tres Pinos, California",069,06069,San Benito County,San Benito
ci37622848,2016-07-07 12:55:25.250,-115.5313333,32.909,3.76,12.79,"8km NNE of Imperial, CA",025,06025,Imperial County,Imperial
ci37609552,2016-06-21 21:55:47.400,-115.5718333,32.9735,3.89,14.76,"4km W of Brawley, CA",025,06025,Imperial County,Imperial
ci37389015,2016-06-16 17:02:02.530,-116.3785,34.0723333,3.53,2.43,"7km SE of Yucca Valley, CA",071,06071,San Bernardino County,San Bernardino
ci37374711,2016-06-10 08:05:35.800,-116.405,33.4425,3.75,12.74,"21km N of Borrego Springs, CA",065,06065,Riverside County,Riverside
ci37374687,2016-06-10 08:04:38.700,-116.4426667,33.4315,5.19,12.31,"20km NNW of Borrego Springs, CA",065,06065,Riverside County,Riverside
nc72636855,2016-05-17 22:58:06.000,-120.5261667,35.9686667,3.5,7.83,"11 km NW of Parkfield, California",053,06053,Monterey County,Monterey
nc72634195,2016-05-12 05:29:55.440,-122.8206667,38.8158333,3.83,2.7,"8 km W of Cobb, California",097,06097,Sonoma County,Sonoma
nc72619445,2016-04-08 12:58:31.010,-122.8495,38.8263333,3.77,1.74,"10 km W of Cobb, California",097,06097,Sonoma County,Sonoma
nc72609210,2016-03-19 21:20:32.380,-122.758,38.8485,3.73,1.53,"4 km NW of Cobb, California",033,06033,Lake County,Lake
ci37534768,2016-03-12 08:42:40.300,-119.0748333,34.5216667,4.13,19.3,"17km ENE of Ojai, CA",111,06111,Ventura County,Ventura
ci37528064,2016-02-24 00:02:23.630,-119.3728333,35.5423333,4.87,22.14,"6km SSW of Wasco, CA",029,06029,Kern County,Kern
ci37527664,2016-02-23 03:19:52.940,-116.2428333,34.6943333,4.1,2.35,"8km WSW of Ludlow, CA",071,06071,San Bernardino County,San Bernardino
ci37526424,2016-02-20 06:13:20.330,-116.6288333,34.6098333,4.31,6.7,"36km ENE of Lucerne Valley, CA",071,06071,San Bernardino County,San Bernardino
nc72592705,2016-02-16 23:27:31.020,-118.3998333,37.2023333,4.31,15.08,"8 km S of Wilkerson, California",027,06027,Inyo County,Inyo
nc72592670,2016-02-16 23:04:26.910,-118.4035,37.2023333,4.77,15.06,"8 km S of Wilkerson, California",027,06027,Inyo County,Inyo
ci37524376,2016-02-16 09:24:20.700,-116.8633333,34.3026667,3.87,3.14,"5km NNW of Big Bear City, CA",071,06071,San Bernardino County,San Bernardino
nc72591580,2016-02-15 15:42:52.610,-118.8573333,37.5713333,3.74,5.0,"12 km W of Aspen Springs, California",051,06051,Mono County,Mono
ci37521568,2016-02-08 06:20:42.400,-119.9733333,35.4643333,3.54,7.64,"13km N of Simmler, CA",029,06029,Kern County,Kern
ci37520200,2016-02-04 07:20:58.120,-119.9756667,35.4606667,3.51,8.15,"12km N of Simmler, CA",029,06029,Kern County,Kern
ci37299263,2016-01-24 15:32:16.360,-116.2391667,34.6971667,4.11,2.61,"8km WSW of Ludlow, CA",071,06071,San Bernardino County,San Bernardino
ci37297743,2016-01-19 10:21:06.950,-116.2368333,34.692,3.65,2.37,"8km WSW of Ludlow, CA",071,06071,San Bernardino County,San Bernardino
ci37295831,2016-01-14 04:23:58.850,-117.8098333,35.4056667,3.61,6.88,"16km WNW of Johannesburg, CA",029,06029,Kern County,Kern
nc72574520,2016-01-07 08:29:28.830,-124.324,40.278,3.66,16.27,"29 km SW of Scotia, California",023,06023,Humboldt County,Humboldt
nc72574495,2016-01-07 05:49:52.430,-124.3395,40.2731667,4.31,16.95,"30 km SW of Scotia, California",023,06023,Humboldt County,Humboldt
ci37510616,2016-01-06 14:42:34.880,-116.8883333,33.9585,4.39,16.67,"4km NNW of Banning, CA",065,06065,Riverside County,Riverside
ci37507592,2015-12-30 01:53:45.550,-117.408,34.1876667,3.77,8.49,"4km S of Devore, CA",071,06071,San Bernardino County,San Bernardino
ci37507576,2015-12-30 01:48:57.310,-117.4131667,34.191,4.4,6.98,"4km SSW of Devore, CA",071,06071,San Bernardino County,San Bernardino
ci37506472,2015-12-27 18:31:18.030,-117.2815,35.2143333,4.25,3.17,"37km ESE of Johannesburg, CA",071,06071,San Bernardino County,San Bernardino
ci37506120,2015-12-26 11:55:16.430,-117.28,35.2115,3.78,2.61,"37km ESE of Johannesburg, CA",071,06071,San Bernardino County,San Bernardino
ci37506064,2015-12-26 08:04:31.150,-117.2808333,35.2121667,3.74,3.14,"37km ESE of Johannesburg, CA",071,06071,San Bernardino County,San Bernardino
nc72571551,2015-12-24 19:14:46.450,-118.5123333,37.411,3.72,6.97,"2 km ESE of Mesa, California",027,06027,Inyo County,Inyo
ci37285815,2015-12-18 00:21:00.930,-115.7183333,33.2561667,3.6,3.33,"10km S of Bombay Beach, CA",025,06025,Imperial County,Imperial
nc72554936,2015-11-13 07:36:07.300,-121.2906667,36.776,3.51,8.62,"3 km ESE of Tres Pinos, California",069,06069,San Benito County,San Benito
nc72546355,2015-10-31 06:10:47.380,-121.935,39.6036667,3.53,21.05,"12 km WSW of Durham, California",007,06007,Butte County,Butte
nc72540765,2015-10-19 23:21:17.680,-121.9635,37.7918333,3.6,7.4,"1 km NE of San Ramon, California",013,06013,Contra Costa County,Contra Costa
nc72532161,2015-09-28 21:36:40.160,-122.9865,39.4435,3.91,7.991,"17 km NE of Potter Valley, California",033,06033,Lake County,Lake
ci37243591,2015-09-16 16:10:47.340,-116.858,34.1371667,4.0,9.55,"13km SSE of Big Bear Lake, CA",071,06071,San Bernardino County,San Bernardino
nc72522031,2015-09-08 08:13:42.940,-120.1623333,41.9868333,3.52,7.097,"11 km E of New Pine Creek, California",049,06049,Modoc County,Modoc
nc72515311,2015-08-29 08:13:14.110,-123.5968333,39.481,3.56,5.046,"16 km E of Cleone, California",045,06045,Mendocino County,Mendocino
nc72511186,2015-08-23 17:41:18.670,-122.7436667,38.7843333,3.83,3.51,"4 km SSW of Cobb, California",033,06033,Lake County,Lake
nc72510456,2015-08-22 13:34:48.830,-118.7878333,37.5975,3.71,4.76,"8 km NW of Aspen Springs, California",051,06051,Mono County,Mono
nc72507396,2015-08-17 13:49:17.320,-122.2321667,37.8366667,4.01,4.69,"1 km N of Piedmont, California",001,06001,Alameda County,Alameda
ci37213455,2015-07-25 12:54:06.990,-117.445,34.092,3.81,5.079,"1km ESE of Fontana, CA",071,06071,San Bernardino County,San Bernardino
nc72490826,2015-07-21 09:41:14.480,-121.974,37.5776667,3.98,8.37,"3 km NNE of Fremont, California",001,06001,Alameda County,Alameda
nc72483061,2015-07-10 03:29:49.160,-122.7903333,38.8081667,3.83,3.026,"6 km WSW of Cobb, California",097,06097,Sonoma County,Sonoma
ci37196663,2015-07-02 19:38:39.760,-115.5813333,32.981,3.57,11.76,"5km W of Brawley, CA",025,06025,Imperial County,Imperial
ci37400032,2015-06-14 18:34:52.280,-117.599,35.7216667,3.63,8.887,"13km NNE of Ridgecrest, CA",071,06071,San Bernardino County,San Bernardino
ci37396400,2015-06-09 21:58:41.530,-115.7006667,33.778,3.83,9.949,"29km WNW of Desert Center, CA",065,06065,Riverside County,Riverside
ci37393496,2015-06-04 15:12:49.190,-118.4238333,35.4823333,3.52,3.958,"13km SSE of Bodfish, CA",029,06029,Kern County,Kern
ci37392152,2015-06-02 01:31:11.550,-117.6888333,35.8595,3.51,3.067,"21km ESE of Little Lake, CA",027,06027,Inyo County,Inyo
ci37390968,2015-05-31 13:02:56.460,-116.2816667,33.3135,3.59,12.769,"11km NE of Borrego Springs, CA",073,06073,San Diego County,San Diego
ci37390168,2015-05-30 05:23:56.720,-116.1425,33.8766667,3.7,7.04,"19km NNE of Indio, CA",065,06065,Riverside County,Riverside
nc72453246,2015-05-22 02:53:00.780,-122.2503333,38.4316667,4.09,12.83,"5 km WSW of Moskowite Corner, California",055,06055,Napa County,Napa
ci37166079,2015-05-21 03:15:29.690,-115.6425,33.1621667,4.1,5.74,"13km WNW of Calipatria, CA",025,06025,Imperial County,Imperial
nc72451856,2015-05-19 18:36:01.620,-120.8701667,36.6628333,3.82,-0.12,"38 km SSW of South Dos Palos, California",069,06069,San Benito County,San Benito
ci37377816,2015-05-10 15:42:58.860,-119.0738333,35.0286667,3.82,1.27,"16km NW of Grapevine, CA",029,06029,Kern County,Kern
nc72444186,2015-05-06 14:32:04.070,-122.0433333,37.9661667,3.51,12.12,"1 km SW of Concord, California",013,06013,Contra Costa County,Contra Costa
ci37375632,2015-05-06 07:39:46.970,-116.9795,33.8128333,3.72,14.86,"4km NNW of San Jacinto, CA",065,06065,Riverside County,Riverside
nc72439615,2015-05-03 22:13:19.500,-122.0436667,37.9665,3.64,13.14,"1 km SW of Concord, California",013,06013,Contra Costa County,Contra Costa
ci37374008,2015-05-03 11:07:18.080,-118.3613333,33.9936667,3.8,11.11,"1km W of View Park-Windsor Hills, CA",037,06037,Los Angeles County,Los Angeles
nc72424876,2015-04-02 07:06:03.870,-121.9868333,37.792,3.61,9.89,"1 km NNW of San Ramon, California",013,06013,Contra Costa County,Contra Costa
ci37352384,2015-03-30 09:21:56.690,-116.2611667,34.7911667,4.04,2.912,"12km NW of Ludlow, CA",071,06071,San Bernardino County,San Bernardino
ci37350736,2015-03-27 15:36:57.470,-116.032,33.9298333,3.67,1.214,"24km S of Twentynine Palms, CA",065,06065,Riverside County,Riverside
nc72418390,2015-03-27 13:30:14.330,-120.3528333,36.2271667,4.11,10.44,"9 km N of Coalinga, California",019,06019,Fresno County,Fresno
ci37347128,2015-03-24 04:46:19.410,-118.58,35.2673333,3.56,9.957,"19km NW of Tehachapi, CA",029,06029,Kern County,Kern
nc72412550,2015-03-17 05:36:47.730,-121.0621667,40.1705,3.79,5.102,"0 km E of Canyondam, California",063,06063,Plumas County,Plumas
ci37103367,2015-02-26 01:18:37.470,-116.0285,33.9376667,3.67,3.176,"23km S of Twentynine Palms, CA",065,06065,Riverside County,Riverside
nc72383481,2015-01-20 13:21:36.970,-120.971,36.4333333,4.43,9.39,"27 km ENE of Greenfield, California",069,06069,San Benito County,San Benito
ci37306536,2015-01-18 13:23:43.010,-116.3316667,33.3383333,3.68,12.289,"10km NNE of Borrego Springs, CA",073,06073,San Diego County,San Diego
ci37301704,2015-01-04 03:18:09.480,-118.6301667,34.6173333,4.25,7.821,"14km N of Castaic, CA",037,06037,Los Angeles County,Los Angeles
ci37298680,2014-12-24 06:00:11.470,-115.6041667,33.1783333,3.56,1.137,"10km NW of Calipatria, CA",025,06025,Imperial County,Imperial
ci37298672,2014-12-24 05:51:51.440,-115.6085,33.1851667,4.19,1.387,"10km SW of Niland, CA",025,06025,Imperial County,Imperial
nc72360741,2014-12-06 02:16:07.370,-121.5168333,36.7941667,3.92,6.43,"6 km SSE of San Juan Bautista, California",069,06069,San Benito County,San Benito
ci37066415,2014-12-04 16:53:21.190,-116.6346667,33.9631667,3.56,14.651,"11km SSW of Morongo Valley, CA",065,06065,Riverside County,Riverside
nc72350156,2014-11-20 06:26:49.290,-121.5358333,36.806,4.23,6.23,"4 km S of San Juan Bautista, California",069,06069,San Benito County,San Benito
nc72350151,2014-11-20 06:21:27.650,-121.5303333,36.8076667,3.64,5.608,"4 km S of San Juan Bautista, California",069,06069,San Benito County,San Benito
nc72339590,2014-11-11 08:35:32.340,-121.4791667,40.4006667,3.85,4.22,"11 km ENE of Mineral, California",063,06063,Plumas County,Plumas
nc72334886,2014-10-29 04:36:35.310,-122.7683333,38.8016667,3.59,1.236,"4 km WSW of Cobb, California",097,06097,Sonoma County,Sonoma
ci37282264,2014-10-25 14:31:15.080,-118.0518333,36.1301667,3.61,-1.837,"13km NW of Coso Junction, CA",027,06027,Inyo County,Inyo
nc72325846,2014-10-13 00:20:54.600,-118.7855,37.4788333,3.54,4.725,"10 km SW of Aspen Springs, California",051,06051,Mono County,Mono
nc72325816,2014-10-13 00:13:50.010,-118.7821667,37.4766667,3.6,5.608,"10 km SW of Aspen Springs, California",051,06051,Mono County,Mono
ci37048183,2014-10-06 11:35:21.850,-117.5251667,35.6688333,3.68,8.11,"15km ENE of Ridgecrest, CA",071,06071,San Bernardino County,San Bernardino
nc72320511,2014-10-04 15:45:08.710,-123.4863333,39.3171667,3.93,3.403,"10 km ENE of Comptche, California",045,06045,Mendocino County,Mendocino
nc72316031,2014-09-28 20:45:13.260,-120.8336667,36.6255,4.43,6.99,"40 km SSW of South Dos Palos, California",069,06069,San Benito County,San Benito
nc71086539,2014-09-26 04:21:28.170,-118.8608333,37.6518333,3.53,4.166,"9 km E of Mammoth Lakes, California",051,06051,Mono County,Mono
nc72307731,2014-09-26 04:21:19.400,-118.8513333,37.6516667,3.52,3.509,"10 km E of Mammoth Lakes, California",051,06051,Mono County,Mono
nc72307491,2014-09-26 03:32:45.750,-118.8516667,37.6533333,3.54,3.959,"10 km E of Mammoth Lakes, California",051,06051,Mono County,Mono
nc72298936,2014-09-14 20:17:46.360,-123.1331667,39.7521667,3.55,7.079,"10 km ESE of Covelo, California",045,06045,Mendocino County,Mendocino
nc72295271,2014-09-09 18:17:57.980,-121.3111667,36.6813333,3.58,5.848,"12 km S of Tres Pinos, California",069,06069,San Benito County,San Benito
ci37265672,2014-09-08 04:18:56.740,-118.7825,34.518,3.64,13.591,"12km N of Piru, CA",111,06111,Ventura County,Ventura
ci37264024,2014-09-03 02:38:35.880,-116.964,33.7988333,3.64,13.127,"2km NNW of San Jacinto, CA",065,06065,Riverside County,Riverside
nc71095504,2014-08-26 12:33:22.230,-122.2998333,38.1661667,3.73,10.405,"3 km WSW of American Canyon, California",055,06055,Napa County,Napa
nc72284586,2014-08-26 12:33:16.840,-122.3008333,38.1785,3.9,12.577,"3 km W of American Canyon, California",055,06055,Napa County,Napa
nc72283201,2014-08-24 12:47:12.550,-122.3425,38.2383333,3.6,8.439,Northern California,055,06055,Napa County,Napa
nc72282751,2014-08-24 10:24:44.240,-122.3373333,38.2598333,3.51,10.343,"6 km SW of Napa, California",055,06055,Napa County,Napa
nc72282716,2014-08-24 10:21:45.440,-122.3198333,38.235,3.81,9.001,"7 km SSW of Napa, California",055,06055,Napa County,Napa
nc71086369,2014-08-24 10:21:10.840,-122.7256667,38.7601667,3.8,0.18,"3km SE of The Geysers, CA",097,06097,Sonoma County,Sonoma
nc72282711,2014-08-24 10:20:44.070,-122.3123333,38.2151667,6.02,11.12,"The 2014 South Napa, California Earthquake",055,06055,Napa County,Napa
nc72281046,2014-08-21 04:33:49.630,-121.0131667,36.6868333,3.84,7.822,"29 km ESE of Tres Pinos, California",069,06069,San Benito County,San Benito
ci37259096,2014-08-18 04:55:56.780,-116.8301667,34.3303333,3.67,5.943,"8km N of Big Bear City, CA",071,06071,San Bernardino County,San Bernardino
ci15538561,2014-08-15 03:57:18.800,-116.4428333,34.3018333,3.8,8.737,"21km N of Yucca Valley, CA",071,06071,San Bernardino County,San Bernardino
ci15530681,2014-07-24 19:20:14.640,-116.268,32.9038333,3.52,8.053,"26km ENE of Pine Valley, CA",073,06073,San Diego County,San Diego
ci15524177,2014-07-09 07:04:47.700,-116.9325,36.4343333,3.63,8.199,"7km WSW of Furnace Creek, CA",027,06027,Inyo County,Inyo
ci15520985,2014-07-05 16:59:34.090,-117.0266667,34.2823333,4.58,7.25,"11km NE of Running Springs, CA",071,06071,San Bernardino County,San Bernardino
ci37236856,2014-06-27 15:17:23.950,-118.4746667,35.3993333,3.78,2.6,"21km S of Bodfish, CA",029,06029,Kern County,Kern
ci15510833,2014-06-11 09:38:05.720,-116.9156667,35.0025,3.62,1.441,"15km NE of Barstow, CA",071,06071,San Bernardino County,San Bernardino
nc72231481,2014-06-03 08:53:42.700,-121.1121667,35.7345,3.5,3.917,"12 km NE of San Simeon, California",079,06079,San Luis Obispo County,San Luis Obispo
ci15507801,2014-06-02 02:36:43.930,-118.4911667,34.0958333,4.16,4.25,"7km NW of Westwood, CA",037,06037,Los Angeles County,Los Angeles
nc72229261,2014-05-30 07:48:33.120,-119.3641667,38.4065,4.02,9.1,"15 km SE of Walker, California",051,06051,Mono County,Mono
ci15503377,2014-05-19 20:08:51.620,-116.8248333,34.2533333,3.84,5.531,"2km ESE of Big Bear City, CA",071,06071,San Bernardino County,San Bernardino
nc72216275,2014-05-12 01:14:43.560,-121.1608333,40.2366667,3.67,5.505,"2 km SW of Lake Almanor Country Club, California",063,06063,Plumas County,Plumas
ci37220384,2014-05-06 10:48:19.830,-118.3485,35.4496667,3.51,4.13,"20km SE of Bodfish, CA",029,06029,Kern County,Kern
ci37214496,2014-04-19 12:15:13.010,-118.521,35.4663333,4.24,-0.828,"14km S of Bodfish, CA",029,06029,Kern County,Kern
nc72193350,2014-04-04 04:04:54.970,-122.254,38.4493333,3.63,7.831,"5 km W of Moskowite Corner, California",055,06055,Napa County,Napa
ci15483001,2014-03-29 21:32:45.930,-117.8923333,33.9613333,4.14,9.294,"2km SE of Rowland Heights, CA",037,06037,Los Angeles County,Los Angeles
ci15481777,2014-03-29 04:30:51.990,-117.9313333,33.9161667,3.64,4.005,"2km SE of La Habra, CA",059,06059,Orange County,Orange
ci15481673,2014-03-29 04:09:42.170,-117.9158333,33.9325,5.1,5.09,"2km NW of Brea, CA",059,06059,Orange County,Orange
ci15481633,2014-03-29 03:03:39.790,-117.9341667,33.9253333,3.57,7.349,"1km ESE of La Habra, CA",059,06059,Orange County,Orange
ci15476961,2014-03-17 13:25:36.870,-118.4861667,34.134,4.39,9.245,"3km SSE of Encino, CA",037,06037,Los Angeles County,Los Angeles
ci15476409,2014-03-15 15:12:19.860,-118.6311667,34.6138333,3.92,7.898,"14km N of Castaic, CA",037,06037,Los Angeles County,Los Angeles
ci15475329,2014-03-13 02:11:04.030,-118.055,36.1116667,4.39,-1.316,"12km NW of Coso Junction, CA",027,06027,Inyo County,Inyo
ci15472217,2014-03-04 22:49:32.790,-117.2976667,35.961,3.78,5.567,"23km NNE of Trona, CA",027,06027,Inyo County,Inyo
ci37189912,2014-02-20 00:34:41.600,-118.4901667,35.3081667,3.68,2.709,"20km N of Tehachapi, CA",029,06029,Kern County,Kern
ci11420690,2014-02-04 05:31:19.310,-119.1153333,35.0263333,3.59,11.768,"19km WNW of Grapevine, CA",029,06029,Kern County,Kern
nc72144240,2014-01-21 11:11:11.640,-122.8385,38.8393333,3.87,1.733,"10 km W of Cobb, California",097,06097,Sonoma County,Sonoma
ci11414394,2014-01-16 07:40:06.110,-117.687,33.8293333,3.63,9.955,"12km E of Villa Park, CA",059,06059,Orange County,Orange
ci11413954,2014-01-15 09:35:18.870,-117.4425,34.143,4.43,2.934,"5km NNE of Fontana, CA",071,06071,San Bernardino County,San Bernardino
nc72141176,2014-01-12 20:24:46.740,-122.8161667,38.8135,4.53,1.9,"8 km W of Cobb, California",097,06097,Sonoma County,Sonoma
ci11407682,2013-12-30 23:44:21.440,-116.7325,33.7001667,3.63,18.208,"5km SSW of Idyllwild, CA",065,06065,Riverside County,Riverside
ci15447161,2013-12-23 13:39:26.300,-118.0648333,36.1405,4.3,0.873,"15km NW of Coso Junction, CA",027,06027,Inyo County,Inyo
nc72119970,2013-12-13 07:49:57.470,-119.8008333,35.8113333,4.08,21.746,"23 km NNW of Lost Hills, California",031,06031,Kings County,Kings
nc72115885,2013-12-06 06:44:55.030,-122.3896667,38.6761667,3.65,9.628,Northern California,055,06055,Napa County,Napa
nc72113080,2013-12-02 10:05:21.790,-121.5356667,36.9395,3.65,7.83,"7 km SSE of Gilroy, California",085,06085,Santa Clara County,Santa Clara
nc72092191,2013-10-21 17:04:10.680,-118.8251667,37.531,3.75,5.858,"10 km WSW of Aspen Springs, California",051,06051,Mono County,Mono
ci11377978,2013-10-14 12:38:23.890,-115.676,33.2015,3.61,1.603,"15km WSW of Niland, CA",025,06025,Imperial County,Imperial
ci11373818,2013-10-06 16:41:51.370,-116.2948333,34.7105,3.64,1.654,"12km W of Ludlow, CA",071,06071,San Bernardino County,San Bernardino
ci11373458,2013-10-06 02:06:21.880,-116.2938333,34.7091667,4.28,0.846,"12km W of Ludlow, CA",071,06071,San Bernardino County,San Bernardino
nc72080926,2013-10-04 14:42:06.340,-124.1651667,40.4473333,3.9,27.96,"6 km SW of Scotia, California",023,06023,Humboldt County,Humboldt
ci11371586,2013-09-30 04:23:28.490,-115.9946667,32.8736667,3.71,9.189,"15km N of Ocotillo, CA",025,06025,Imperial County,Imperial
ci11371154,2013-09-29 08:41:31.650,-116.2815,32.8986667,3.58,1.956,"25km ENE of Pine Valley, CA",073,06073,San Diego County,San Diego
nc72076146,2013-09-24 21:36:34.240,-123.4071667,40.455,3.84,33.027,"8 km E of Mad River, California",105,06105,Trinity County,Trinity
ci11366994,2013-09-20 06:10:43.370,-116.3905,33.3406667,3.8,12.836,"10km N of Borrego Springs, CA",073,06073,San Diego County,San Diego
ci11366562,2013-09-19 12:06:33.520,-117.784,34.0816667,3.75,3.328,"3km SW of La Verne, CA",037,06037,Los Angeles County,Los Angeles
ci11366538,2013-09-19 11:43:55.910,-117.785,34.0816667,3.68,2.618,"3km SW of La Verne, CA",037,06037,Los Angeles County,Los Angeles
nc72057971,2013-08-28 04:43:05.050,-122.7125,38.762,3.76,1.072,"6 km S of Cobb, California",033,06033,Lake County,Lake
ci15396897,2013-08-25 18:59:18.920,-118.2885,35.479,3.6,2.388,"22km ESE of Bodfish, CA",029,06029,Kern County,Kern
ci15396881,2013-08-25 18:50:28.710,-118.2853333,35.4803333,4.19,1.159,"22km ESE of Bodfish, CA",029,06029,Kern County,Kern
ci15395521,2013-08-22 13:29:23.270,-117.0886667,33.4323333,3.59,6.748,"8km N of Pala, CA",065,06065,Riverside County,Riverside
nc72052151,2013-08-19 11:09:55.120,-121.028,40.16,3.63,-0.034,"4 km ESE of Canyondam, California",063,06063,Plumas County,Plumas
ci11348882,2013-08-12 07:32:34.960,-117.776,36.0215,3.75,0.072,"15km NE of Little Lake, CA",027,06027,Inyo County,Inyo
ci11347834,2013-08-10 14:10:08.970,-116.256,32.8796667,3.76,8.489,"26km ENE of Pine Valley, CA",073,06073,San Diego County,San Diego
ci11347826,2013-08-10 14:09:18.250,-116.2553333,32.8771667,3.92,4.725,"26km ENE of Pine Valley, CA",073,06073,San Diego County,San Diego
ci11344050,2013-08-04 05:30:55.140,-118.0661667,36.1403333,3.91,-1.523,"15km NW of Coso Junction, CA",027,06027,Inyo County,Inyo
ci11339042,2013-07-24 16:46:02.630,-118.2875,35.486,4.29,5.54,"22km ESE of Bodfish, CA",029,06029,Kern County,Kern
nc72028470,2013-07-18 01:16:10.240,-122.8185,38.8088333,3.5,1.12,"8 km W of Cobb, California",097,06097,Sonoma County,Sonoma
nc72026710,2013-07-14 22:40:37.670,-122.7946667,38.8081667,3.7,2.716,"6 km WSW of Cobb, California",097,06097,Sonoma County,Sonoma
nc72016695,2013-06-28 03:52:39.490,-121.4701667,36.7536667,3.87,6.396,"11 km SW of Ridgemark, California",069,06069,San Benito County,San Benito
nc72006040,2013-06-10 22:16:58.140,-123.3761667,41.3455,3.78,33.536,"42 km WSW of Etna, California",093,06093,Siskiyou County,Siskiyou
nc72003545,2013-06-07 03:56:34.980,-121.1116667,40.2115,3.73,7.972,"3 km E of Prattville, California",063,06063,Plumas County,Plumas
ci15354321,2013-06-04 19:46:40.710,-115.5553333,33.2091667,3.58,1.814,"5km SW of Niland, CA",025,06025,Imperial County,Imperial
ci15353521,2013-06-03 19:04:10.170,-115.6253333,33.232,3.92,2.503,"10km W of Niland, CA",025,06025,Imperial County,Imperial
nc72003166,2013-05-30 21:08:34.520,-121.0951667,40.1836667,3.54,3.252,"2 km NW of Canyondam, California",063,06063,Plumas County,Plumas
nc71998566,2013-05-24 15:26:21.100,-121.0481667,40.1783333,3.94,7.869,"2 km ENE of Canyondam, California",063,06063,Plumas County,Plumas
nc71998236,2013-05-24 11:40:15.720,-121.0483333,40.1783333,3.75,1.418,Northern California,063,06063,Plumas County,Plumas
nc71998241,2013-05-24 11:40:04.520,-121.0575,40.1808333,3.6,3.748,"1 km NE of Canyondam, California",063,06063,Plumas County,Plumas
nc71998041,2013-05-24 09:52:19.090,-121.0791667,40.1856667,3.56,4.198,"1 km NNW of Canyondam, California",063,06063,Plumas County,Plumas
nc71998016,2013-05-24 09:42:52.400,-121.0695,40.1743333,3.99,4.148,"0 km NE of Canyondam, California",063,06063,Plumas County,Plumas
nc71997821,2013-05-24 08:02:19.510,-121.0781667,40.1795,4.86,3.65,"1km NNW of Canyondam, CA",063,06063,Plumas County,Plumas
nc71997796,2013-05-24 07:46:08.730,-121.1071667,40.2013333,3.72,5.428,"4 km E of Prattville, California",063,06063,Plumas County,Plumas
nc71071969,2013-05-24 03:50:27.920,-121.0631667,40.186,4.21,1.312,"1 km NNE of Canyondam, California",063,06063,Plumas County,Plumas
nc71071964,2013-05-24 03:48:56.990,-121.0678333,40.1835,4.2,-0.24,"2km NNE of Canyondam, CA",063,06063,Plumas County,Plumas
nc71996906,2013-05-24 03:47:08.180,-121.0595,40.1918333,5.69,7.968,"2 km NNE of Canyondam, California",063,06063,Plumas County,Plumas
ci15344465,2013-05-17 03:07:52.320,-115.5498333,33.2031667,3.54,1.924,"5km SW of Niland, CA",025,06025,Imperial County,Imperial
nc71988946,2013-05-10 05:12:24.890,-121.7235,37.3735,3.5,8.19,"8 km E of East Foothills, California",085,06085,Santa Clara County,Santa Clara
ci15338761,2013-05-07 09:06:09.100,-119.311,34.4788333,3.63,12.791,"7km WNW of Ojai, CA",111,06111,Ventura County,Ventura
nc71962335,2013-03-29 01:22:39.230,-121.1123333,35.7246667,3.62,6.409,"11 km NE of San Simeon, California",079,06079,San Luis Obispo County,San Luis Obispo
ci11273634,2013-03-27 18:16:59.910,-116.443,33.4945,3.68,7.308,"22km ESE of Anza, CA",065,06065,Riverside County,Riverside
nc71070214,2013-03-14 09:10:09.470,-122.7973333,38.827,3.95,2.63,"6 km W of Cobb, California",097,06097,Sonoma County,Sonoma
nc71954065,2013-03-14 09:09:23.330,-122.7861667,38.8123333,4.44,1.343,"5 km W of Cobb, California",097,06097,Sonoma County,Sonoma
ci15296281,2013-03-11 16:56:06.060,-116.4581667,33.5008333,4.7,10.943,"21km ESE of Anza, CA",065,06065,Riverside County,Riverside
ci15292545,2013-03-01 21:55:27.580,-116.7996667,35.8298333,4.14,7.674,"50km WSW of Shoshone, CA",027,06027,Inyo County,Inyo
ci11249474,2013-02-26 20:18:49.950,-117.2205,34.0201667,3.56,15.895,"5km SE of Loma Linda, CA",071,06071,San Bernardino County,San Bernardino
ci11247690,2013-02-21 20:57:39.910,-116.0563333,33.2318333,3.63,9.822,"12km SW of Salton City, CA",025,06025,Imperial County,Imperial
nc71928201,2013-01-24 23:25:51.220,-119.6155,38.5598333,4.0,4.838,"9 km W of Coleville, California",003,06003,Alpine County,Alpine
nc71927871,2013-01-24 08:21:48.270,-119.6203333,38.559,3.67,4.055,"9 km W of Coleville, California",003,06003,Alpine County,Alpine
ci15273833,2013-01-16 11:25:40.690,-118.2885,35.487,3.59,4.48,"22km ESE of Bodfish, CA",029,06029,Kern County,Kern
nc71922121,2013-01-15 15:14:30.960,-121.0746667,36.5633333,3.52,7.967,"27 km NE of Soledad, California",069,06069,San Benito County,San Benito
nc71909141,2012-12-23 10:02:45.150,-120.9381667,35.6426667,3.74,5.186,"10 km SSW of Lake Nacimiento, California",079,06079,San Luis Obispo County,San Luis Obispo
ci15267105,2012-12-22 21:37:45.140,-116.2388333,32.9966667,4.02,7.065,"19km SSW of Ocotillo Wells, CA",073,06073,San Diego County,San Diego
nc71907486,2012-12-19 12:02:23.790,-124.3596667,40.28,3.79,18.941,"31 km SW of Scotia, California",023,06023,Humboldt County,Humboldt
ci15264345,2012-12-15 20:13:24.440,-115.5478333,32.7891667,3.6,12.396,"1km E of El Centro, CA",025,06025,Imperial County,Imperial
nc71903911,2012-12-13 05:17:22.810,-122.7965,38.8228333,3.7,3.41,"6 km W of Cobb, California",097,06097,Sonoma County,Sonoma
ci15254617,2012-12-02 10:20:34.920,-117.845,36.0903333,3.64,1.452,"11km ENE of Coso Junction, CA",027,06027,Inyo County,Inyo
ci15252921,2012-11-30 10:40:03.300,-117.8471667,36.0908333,3.69,1.272,"10km ENE of Coso Junction, CA",027,06027,Inyo County,Inyo
ci11208786,2012-11-26 15:33:50.700,-116.2348333,33.0036667,3.57,5.628,"18km SSW of Ocotillo Wells, CA",073,06073,San Diego County,San Diego
nc71870540,2012-10-29 04:25:16.260,-121.2008333,36.5915,3.94,8.347,"21 km NNE of Soledad, California",069,06069,San Benito County,San Benito
ci15237281,2012-10-28 15:24:23.400,-118.458,34.3508333,3.86,3.181,"8km NNW of Pacoima, CA",037,06037,Los Angeles County,Los Angeles
ci15237073,2012-10-28 07:47:03.040,-116.8131667,33.6918333,3.87,18.01,"10km SE of Valle Vista, CA",065,06065,Riverside County,Riverside
nc71864295,2012-10-21 20:40:08.400,-123.9343333,40.9011667,3.55,21.251,Northern California,023,06023,Humboldt County,Humboldt
nc71863730,2012-10-21 07:37:47.420,-120.849,36.309,3.58,9.599,"25 km NE of San Lucas, California",069,06069,San Benito County,San Benito
nc71863625,2012-10-21 06:55:09.510,-120.856,36.3096667,5.29,8.619,"24 km NE of San Lucas, California",069,06069,San Benito County,San Benito
ci15226257,2012-10-08 00:39:08.340,-116.3115,33.0123333,4.16,10.798,"22km SW of Ocotillo Wells, CA",073,06073,San Diego County,San Diego
ci15223417,2012-10-02 08:28:14.960,-116.1438333,32.8046667,4.14,9.906,"16km WNW of Ocotillo, CA",073,06073,San Diego County,San Diego
nc71847715,2012-09-25 15:15:09.890,-123.1658333,39.1678333,4.51,10.841,"3 km N of Talmage, California",045,06045,Mendocino County,Mendocino
nc71842255,2012-09-14 18:19:50.930,-124.163,40.4368333,3.96,26.505,"7 km SW of Scotia, California",023,06023,Humboldt County,Humboldt
nc71842075,2012-09-14 11:53:17.520,-124.1856667,40.4426667,4.43,26.944,"8 km WSW of Scotia, California",023,06023,Humboldt County,Humboldt
nc71839170,2012-09-07 13:23:48.140,-119.9986667,36.1206667,4.06,10.012,"12 km NNW of Kettleman City, California",031,06031,Kings County,Kings
nc71839165,2012-09-07 13:22:10.380,-120.058,36.1161667,3.68,14.352,"10 km SSE of Huron, California",019,06019,Fresno County,Fresno
ci15207433,2012-08-29 20:31:00.350,-117.7876667,33.906,4.13,9.05,"3km NE of Yorba Linda, CA",059,06059,Orange County,Orange
ci15205377,2012-08-28 08:54:15.540,-115.6113333,32.9731667,3.52,9.774,"7km S of Westmorland, CA",025,06025,Imperial County,Imperial
ci15204969,2012-08-28 02:01:19.870,-115.5688333,33.0043333,4.24,4.423,"4 km NW of Brawley, California",025,06025,Imperial County,Imperial
ci15204369,2012-08-27 17:47:51.510,-115.5701667,33.0056667,3.77,4.533,"5km NW of Brawley, CA",025,06025,Imperial County,Imperial
ci15202921,2012-08-27 04:41:37.000,-115.5195,33.0211667,4.93,4.17,"5km NNE of Brawley, CA",025,06025,Imperial County,Imperial
ci15201537,2012-08-26 23:33:25.130,-115.5305,33.028,4.63,7.47,"6km N of Brawley, CA",025,06025,Imperial County,Imperial
ci15201297,2012-08-26 22:58:41.860,-115.5885,32.9876667,4.31,4.8,"6km W of Brawley, CA",025,06025,Imperial County,Imperial
ci15200601,2012-08-26 21:26:39.820,-115.5318333,33.0285,3.77,7.843,"6km N of Brawley, CA",025,06025,Imperial County,Imperial
ci15200593,2012-08-26 21:23:23.870,-115.5805,32.9913333,3.59,4.213,"5km WNW of Brawley, CA",025,06025,Imperial County,Imperial
usp000jqts,2012-08-26 21:17:26.720,-115.608,34.175,3.9,8.9,"41 km E of Twentynine Palms, California",071,06071,San Bernardino County,San Bernardino
ci15200513,2012-08-26 21:17:26.720,-115.6076667,32.9801667,3.94,8.924,"6km SSE of Westmorland, CA",025,06025,Imperial County,Imperial
ci15200489,2012-08-26 21:15:29.150,-115.5346667,33.0373333,4.25,4.713,"6km N of Brawley, CA",025,06025,Imperial County,Imperial
ci15200401,2012-08-26 20:57:58.220,-115.5403333,33.0185,5.41,8.283,"4km NNW of Brawley, CA",025,06025,Imperial County,Imperial
ci15200001,2012-08-26 20:16:54.200,-115.5641667,33.0078333,3.51,4.633,"4km NW of Brawley, CA",025,06025,Imperial County,Imperial
ci15199865,2012-08-26 19:58:17.270,-115.544,33.0208333,3.56,8.853,"5km NNW of Brawley, CA",025,06025,Imperial County,Imperial
ci15199721,2012-08-26 19:40:12.920,-115.5966667,32.9866667,4.35,9.783,"6km SSE of Westmorland, CA",025,06025,Imperial County,Imperial
ci37089323,2012-08-26 19:33:59.490,-115.5765,33.0028333,3.5,1.733,"5km WNW of Brawley, CA",025,06025,Imperial County,Imperial
ci15199689,2012-08-26 19:33:01.090,-115.5591667,33.0135,4.89,4.387,"5km NW of Brawley, CA",025,06025,Imperial County,Imperial
ci15199681,2012-08-26 19:31:23.040,-115.5536667,33.0171667,5.32,8.323,"5km NNW of Brawley, CA",025,06025,Imperial County,Imperial
ci15199601,2012-08-26 19:21:04.500,-115.5658333,33.0011667,3.87,4.023,"4km NW of Brawley, CA",025,06025,Imperial County,Imperial
ci15199593,2012-08-26 19:20:04.810,-115.5363333,33.0158333,4.59,4.79,"4km N of Brawley, CA",025,06025,Imperial County,Imperial
ci15199577,2012-08-26 19:16:11.490,-115.5481667,33.0171667,3.95,9.29,"5km NNW of Brawley, CA",025,06025,Imperial County,Imperial
ci15198929,2012-08-26 17:02:12.830,-115.5518333,33.0088333,3.81,9.5,"4km NNW of Brawley, CA",025,06025,Imperial County,Imperial
ci15191649,2012-08-13 14:03:47.930,-117.6691667,35.9546667,3.54,1.138,"22km E of Little Lake, CA",027,06027,Inyo County,Inyo
ci15189281,2012-08-08 16:33:22.050,-117.7906667,33.9035,4.12,10.23,"3km NE of Yorba Linda, CA",059,06059,Orange County,Orange
ci15189073,2012-08-08 06:23:34.160,-117.7916667,33.9048333,4.46,9.99,"3km NE of Yorba Linda, CA",059,06059,Orange County,Orange
nc71827401,2012-08-06 07:35:49.120,-120.5028333,35.9498333,4.45,11.004,"8 km NW of Parkfield, California",053,06053,Monterey County,Monterey
ci15182841,2012-07-25 10:18:41.860,-118.407,33.9635,3.55,10.697,"4km ESE of Marina del Rey, CA",037,06037,Los Angeles County,Los Angeles
ci11135362,2012-07-12 17:54:28.820,-116.3913333,34.0895,3.86,9.9,"5km SE of Yucca Valley, CA",071,06071,San Bernardino County,San Bernardino
nc71815561,2012-07-12 10:39:07.520,-123.6788333,40.7466667,3.99,29.492,"18 km WSW of Burnt Ranch, California",023,06023,Humboldt County,Humboldt
nc71813266,2012-07-09 00:01:18.140,-122.7961667,38.8193333,3.83,2.99,"6 km W of Cobb, California",097,06097,Sonoma County,Sonoma
ci11132314,2012-07-05 18:18:09.480,-116.8415,34.304,3.51,5.699,"5km N of Big Bear City, CA",071,06071,San Bernardino County,San Bernardino
nc71804865,2012-07-01 10:05:52.980,-123.3481667,39.7775,3.56,9.568,"8 km WSW of Covelo, California",045,06045,Mendocino County,Mendocino
ci15164105,2012-06-14 03:17:15.720,-117.7916667,33.9085,3.99,9.61,"3km NE of Yorba Linda, CA",059,06059,Orange County,Orange
nc71795731,2012-06-03 17:31:37.000,-121.6356667,37.2613333,3.52,8.085,"14 km N of Morgan Hill, California",085,06085,Santa Clara County,Santa Clara
ci15155281,2012-05-27 13:05:48.000,-116.7218333,34.947,3.78,5.759,"28km E of Barstow, CA",071,06071,San Bernardino County,San Bernardino
ci15153497,2012-05-22 15:06:24.530,-115.7031667,32.6768333,4.03,8.833,"16km NW of Progreso, B.C., MX",025,06025,Imperial County,Imperial
ci15152793,2012-05-21 10:47:07.320,-118.577,34.9626667,3.61,8.203,"21km N of Neenach, CA",029,06029,Kern County,Kern
ci15150785,2012-05-18 10:37:12.020,-116.4021667,33.3195,3.61,6.338,"8km NNW of Borrego Springs, CA",073,06073,San Diego County,San Diego
nc71784801,2012-05-13 12:38:52.010,-122.7756667,38.7873333,3.9,2.849,"5 km SW of Cobb, California",097,06097,Sonoma County,Sonoma
nc71776130,2012-05-05 09:23:23.060,-122.7608333,38.7956667,4.25,1.825,"4 km SW of Cobb, California",097,06097,Sonoma County,Sonoma
ci15141521,2012-04-28 15:07:28.000,-117.4345,34.2343333,3.82,12.105,"3km WNW of Devore, CA",071,06071,San Bernardino County,San Bernardino
ci15139337,2012-04-23 17:37:02.300,-117.7198333,33.5025,3.93,13.041,"2km SSW of Laguna Niguel, CA",059,06059,Orange County,Orange
ci11092194,2012-04-12 18:53:01.260,-116.4663333,33.4641667,3.52,6.188,"22km ESE of Anza, CA",065,06065,Riverside County,Riverside
nc71759475,2012-04-06 03:16:20.010,-121.1186667,36.5571667,3.69,5.582,"23 km NE of Soledad, California",069,06069,San Benito County,San Benito
ci11088434,2012-04-04 01:12:09.080,-116.1568333,33.8576667,3.54,1.927,"16km NNE of Indio, CA",065,06065,Riverside County,Riverside
ci11088074,2012-04-03 15:15:37.360,-116.1565,33.8575,3.52,1.497,"16km NNE of Indio, CA",065,06065,Riverside County,Riverside
ci11084594,2012-03-26 19:50:13.500,-115.7045,32.6741667,3.63,8.923,"15km NW of Progreso, B.C., MX",025,06025,Imperial County,Imperial
nc71746766,2012-03-05 13:33:20.450,-122.3103333,37.9268333,3.99,8.093,"1 km N of El Cerrito, California",013,06013,Contra Costa County,Contra Costa
nc71743876,2012-02-29 05:00:33.000,-123.7933333,41.1426667,3.73,30.321,"26 km NNW of Willow Creek, California",023,06023,Humboldt County,Humboldt
nc71741671,2012-02-25 05:17:15.500,-124.3138333,40.2795,4.28,19.4,"28 km SW of Scotia, California",023,06023,Humboldt County,Humboldt
nc71736656,2012-02-16 17:13:20.580,-122.234,38.0781667,3.54,8.247,Northern California,095,06095,Solano County,Solano
nc71736351,2012-02-16 02:09:14.050,-122.2328333,38.0766667,3.55,8.827,"3 km NNW of Crockett, California",095,06095,Solano County,Solano
nc71734741,2012-02-13 21:07:02.770,-123.7903333,41.1431667,5.6,27.358,"26 km NNW of Willow Creek, California",023,06023,Humboldt County,Humboldt
nc71729135,2012-02-13 04:47:12.810,-122.7431667,38.7926667,4.16,0.477,"3 km SSW of Cobb, California",033,06033,Lake County,Lake
nc71717085,2012-01-24 12:11:28.890,-122.693,38.9693333,3.8,2.578,"2 km NE of Clear Lake Riviera, California",033,06033,Lake County,Lake
ci11051197,2012-01-08 01:59:54.080,-116.0571667,33.733,3.51,6.388,"12km ENE of Coachella, CA",065,06065,Riverside County,Riverside
ci15088052,2011-12-20 08:32:23.530,-117.588,34.0101667,3.53,4.187,"6km SE of Ontario, CA",071,06071,San Bernardino County,San Bernardino
ci11034469,2011-11-19 20:32:21.200,-116.2651667,33.2451667,3.85,8.958,"10km E of Borrego Springs, CA",073,06073,San Diego County,San Diego
ci15071220,2011-11-01 15:38:22.830,-117.6196667,35.6806667,4.1,6.124,"8km NE of Ridgecrest, CA",029,06029,Kern County,Kern
nc71672996,2011-10-30 13:25:19.800,-120.477,39.6061667,3.8,12.444,"4 km WSW of Sattley, California",091,06091,Sierra County,Sierra
nc71671256,2011-10-27 12:36:44.460,-122.2605,37.8666667,3.62,7.99,"1 km ESE of Berkeley, California",001,06001,Alameda County,Alameda
nc71671056,2011-10-27 06:37:09.340,-120.4715,39.6055,4.73,11.974,"3 km WSW of Sattley, California",091,06091,Sierra County,Sierra
nc71667591,2011-10-21 03:16:05.260,-122.2566667,37.8608333,3.84,7.939,"1 km SE of Berkeley, California",001,06001,Alameda County,Alameda
nc71667366,2011-10-20 21:41:04.260,-122.2526667,37.857,3.95,7.989,"2 km SE of Berkeley, California",001,06001,Alameda County,Alameda
ci15064604,2011-10-17 21:25:34.310,-116.293,34.6931667,3.54,-0.037,"12km WSW of Ludlow, CA",071,06071,San Bernardino County,San Bernardino
ci15064556,2011-10-17 20:05:57.820,-116.2935,34.6938333,3.78,0.133,"13km WSW of Ludlow, CA",071,06071,San Bernardino County,San Bernardino
nc71664296,2011-10-15 11:42:29.870,-118.5631667,37.9068333,4.03,7.253,"12 km NW of Benton, California",051,06051,Mono County,Mono
ci15060508,2011-10-07 22:10:10.610,-117.5153333,36.9426667,3.99,4.684,"50km NW of Stovepipe Wells, CA",027,06027,Inyo County,Inyo
ci11010669,2011-09-22 16:19:08.920,-117.5891667,36.1106667,3.79,0.079,"33km ENE of Coso Junction, CA",027,06027,Inyo County,Inyo
ci11006189,2011-09-14 14:44:51.020,-117.0758333,33.953,4.14,16.276,"4km SSW of Calimesa, CA",065,06065,Riverside County,Riverside
nc71645681,2011-09-13 12:27:13.810,-121.1091667,35.7305,3.56,7.605,"12 km NE of San Simeon, California",079,06079,San Luis Obispo County,San Luis Obispo
ci11001205,2011-09-01 20:47:07.950,-118.4748333,34.3391667,4.24,6.858,"7km NNW of Pacoima, CA",037,06037,Los Angeles County,Los Angeles
nc71630795,2011-08-31 01:22:23.430,-121.1108333,35.7321667,3.56,6.735,"12 km NE of San Simeon, California",079,06079,San Luis Obispo County,San Luis Obispo
nc71627850,2011-08-27 07:21:59.970,-121.2025,36.6011667,3.61,6.462,"22 km NNE of Soledad, California",069,06069,San Benito County,San Benito
nc71627835,2011-08-27 07:18:21.150,-121.1808333,36.5843333,4.64,7.5,"21 km NE of Soledad, California",069,06069,San Benito County,San Benito
nc71625245,2011-08-24 11:59:51.290,-118.8721667,37.5456667,4.23,7.639,"14 km W of Aspen Springs, California",051,06051,Mono County,Mono
nc71625060,2011-08-24 06:36:54.060,-122.1486667,37.7438333,3.6,8.092,"2 km NNE of San Leandro, California",001,06001,Alameda County,Alameda
nc71621065,2011-08-17 09:02:51.080,-122.7475,38.7913333,3.67,1.981,"4 km SSW of Cobb, California",033,06033,Lake County,Lake
ci10979597,2011-07-22 09:08:35.920,-116.1491667,32.7975,3.86,7.597,"16km WNW of Ocotillo, CA",073,06073,San Diego County,San Diego
ci15014900,2011-07-11 01:58:54.040,-116.1498333,32.8011667,4.11,8.587,"16km WNW of Ocotillo, CA",073,06073,San Diego County,San Diego
nc71596420,2011-07-06 07:18:52.360,-121.2928333,36.6651667,3.8,7.19,"14 km S of Tres Pinos, California",069,06069,San Benito County,San Benito
ci10960933,2011-06-17 17:38:51.070,-116.3523333,32.998,3.63,7.244,"25km ESE of Julian, CA",073,06073,San Diego County,San Diego
ci15001500,2011-06-14 08:25:40.650,-116.74,33.6903333,3.6,16.736,"6km SSW of Idyllwild, CA",065,06065,Riverside County,Riverside
ci14998780,2011-06-09 15:22:12.370,-115.7365,32.663,3.96,15.053,"17km WNW of Progreso, B.C., MX",025,06025,Imperial County,Imperial
nc71576830,2011-05-28 22:55:24.900,-122.7631667,38.792,3.73,2.835,"4 km SW of Cobb, California",097,06097,Sonoma County,Sonoma
ci14992276,2011-05-27 23:17:24.730,-117.0503333,34.2216667,3.8,-0.271,"6km ENE of Running Springs, CA",071,06071,San Bernardino County,San Bernardino
nc71571370,2011-05-17 15:20:06.820,-123.1818333,39.2293333,3.74,8.375,"1 km ESE of Calpella, California",045,06045,Mendocino County,Mendocino
ci14984324,2011-05-13 03:31:33.190,-115.7895,32.6575,3.56,13.458,"21km ESE of Ocotillo, CA",025,06025,Imperial County,Imperial
ci36998159,2011-05-04 08:11:09.650,-117.8726667,36.3988333,3.54,5.4,"18km NE of Olancha, CA",027,06027,Inyo County,Inyo
ci10936853,2011-05-04 08:10:45.910,-117.8698333,36.3908333,3.61,0.21,"17km NE of Olancha, CA",027,06027,Inyo County,Inyo
ci14978940,2011-05-03 21:41:49.820,-117.8703333,36.3953333,4.45,0.46,"18km NE of Olancha, CA",027,06027,Inyo County,Inyo
nc71566046,2011-04-26 17:43:08.350,-122.8173333,38.8126667,3.9,2.74,"8 km W of Cobb, California",097,06097,Sonoma County,Sonoma
ci10931805,2011-04-23 20:49:29.810,-116.3176667,33.0208333,3.59,3.684,"22km SW of Ocotillo Wells, CA",073,06073,San Diego County,San Diego
nc71545165,2011-03-31 11:58:49.630,-124.2181667,40.4273333,3.6,25.399,"11 km WSW of Scotia, California",023,06023,Humboldt County,Humboldt
ci14959236,2011-03-29 10:43:24.700,-116.7566667,33.2248333,3.7,10.018,"2km SSE of Lake Henshaw, CA",073,06073,San Diego County,San Diego
nc71530230,2011-03-01 02:19:47.010,-122.82,38.8153333,4.43,2.269,"8 km W of Cobb, California",097,06097,Sonoma County,Sonoma
nc71048354,2011-02-23 04:50:14.360,-122.9565,39.4938333,4.21,9.941,"23 km NE of Potter Valley, California",033,06033,Lake County,Lake
nc71527390,2011-02-23 04:49:41.510,-122.9488333,39.4993333,4.29,11.431,"24 km NE of Potter Valley, California",033,06033,Lake County,Lake
ci10891517,2011-02-12 17:30:43.710,-116.8318333,33.7043333,3.62,15.941,"8km SE of Valle Vista, CA",065,06065,Riverside County,Riverside
ci14930844,2011-02-06 23:56:00.960,-115.9195,32.6471667,3.95,14.804,"12km SE of Ocotillo, CA",025,06025,Imperial County,Imperial
nc71509345,2011-01-13 04:00:35.890,-121.5416667,36.8028333,3.92,7.173,"4 km S of San Juan Bautista, California",069,06069,San Benito County,San Benito
nc71509330,2011-01-13 03:54:34.980,-121.5405,36.8018333,3.68,7.333,"4 km S of San Juan Bautista, California",069,06069,San Benito County,San Benito
nc71508850,2011-01-12 08:51:03.680,-121.4963333,36.7711667,4.5,7.661,"9 km SSE of San Juan Bautista, California",069,06069,San Benito County,San Benito
nc71506865,2011-01-08 00:10:16.740,-121.6581667,37.2871667,4.1,9.593,"15 km E of Seven Trees, California",085,06085,Santa Clara County,Santa Clara
nc71504090,2011-01-01 23:57:24.240,-119.7893333,38.8325,3.53,-0.444,"2 km NNE of Mesa Vista, California",003,06003,Alpine County,Alpine
ci10865293,2011-01-01 00:34:10.130,-115.6445,33.1596667,3.52,1.813,"13km WNW of Calipatria, CA",025,06025,Imperial County,Imperial
ci10864749,2010-12-30 17:37:20.820,-116.3546667,32.9916667,3.8,4.394,"25km NE of Pine Valley, CA",073,06073,San Diego County,San Diego
ci10863861,2010-12-28 08:36:50.360,-118.68,34.5106667,3.6,18.882,"6km WNW of Castaic, CA",037,06037,Los Angeles County,Los Angeles
ci10863557,2010-12-28 02:52:26.530,-115.6198333,33.1861667,3.58,4.203,"11km WSW of Niland, CA",025,06025,Imperial County,Imperial
ci10863405,2010-12-28 02:38:37.750,-115.6213333,33.1883333,3.78,4.223,"11km WSW of Niland, CA",025,06025,Imperial County,Imperial
nc71500870,2010-12-24 12:59:19.890,-123.8688333,40.5441667,3.69,24.495,"17 km NNE of Redcrest, California",023,06023,Humboldt County,Humboldt
nc71499405,2010-12-21 10:10:30.100,-122.7423333,38.7896667,3.58,0.846,"3 km SSW of Cobb, California",033,06033,Lake County,Lake
ci10859253,2010-12-18 09:45:03.060,-115.8298333,32.6625,3.58,8.188,"17km ESE of Ocotillo, CA",025,06025,Imperial County,Imperial
ci10859133,2010-12-18 07:04:42.870,-115.8303333,32.6696667,4.15,9.918,"17km ESE of Ocotillo, CA",025,06025,Imperial County,Imperial
nc71498265,2010-12-18 02:03:19.340,-120.5633333,36.458,3.55,6.969,"16 km WSW of Three Rocks, California",019,06019,Fresno County,Fresno
ci14899076,2010-12-15 19:35:03.800,-115.5453333,33.0196667,3.88,11.189,"5km NNW of Brawley, CA",025,06025,Imperial County,Imperial
ci14898996,2010-12-15 19:16:47.910,-115.5431667,33.0326667,4.37,13.299,"6km NNW of Brawley, CA",025,06025,Imperial County,Imperial
ci14898924,2010-12-15 18:59:14.760,-115.5395,33.0231667,3.65,10.059,"5km N of Brawley, CA",025,06025,Imperial County,Imperial
ci14895084,2010-12-10 18:44:38.350,-116.471,33.1393333,3.91,9.491,"14km ENE of Julian, CA",073,06073,San Diego County,San Diego
nc71493190,2010-12-06 13:57:38.200,-122.7996667,38.8036667,3.71,0.686,"6 km WSW of Cobb, California",097,06097,Sonoma County,Sonoma
ci14886020,2010-11-25 04:01:15.650,-117.781,36.0355,3.74,1.173,"15km E of Coso Junction, CA",027,06027,Inyo County,Inyo
nc71486230,2010-11-21 20:09:55.530,-120.4893333,39.8776667,3.64,7.469,"1 km WNW of Lake Davis, California",063,06063,Plumas County,Plumas
ci14883716,2010-11-19 00:56:54.970,-116.418,33.3883333,3.75,11.466,"15km NNW of Borrego Springs, CA",073,06073,San Diego County,San Diego
ci14883196,2010-11-17 23:58:42.940,-116.4665,33.0036667,3.68,4.697,"15km ESE of Julian, CA",073,06073,San Diego County,San Diego
nc71488641,2010-11-15 08:41:15.770,-119.6235,38.6596667,3.52,0.984,"7 km WSW of Topaz Lake, Nevada",003,06003,Alpine County,Alpine
ci10833357,2010-11-05 16:06:37.470,-118.1548333,33.7783333,3.71,18.408,"3km S of Long Beach, CA",037,06037,Los Angeles County,Los Angeles
ci10832573,2010-11-04 19:39:59.550,-115.9973333,32.8645,4.57,13.146,"14km N of Ocotillo, CA",025,06025,Imperial County,Imperial
nc71481596,2010-10-31 01:02:06.160,-119.5706667,38.644,4.28,5.761,"5 km WNW of Topaz, California",051,06051,Mono County,Mono
ci14870860,2010-10-29 18:03:21.830,-115.9536667,32.8281667,3.88,12.312,"11km NNE of Ocotillo, CA",025,06025,Imperial County,Imperial
ci10826277,2010-10-25 13:45:36.480,-118.9788333,35.068,3.73,16.47,"15km NNW of Grapevine, CA",029,06029,Kern County,Kern
nc71476241,2010-10-19 17:51:48.970,-122.7921667,38.8353333,3.54,0.31,"6 km WNW of Cobb, California",033,06033,Lake County,Lake
ci14854812,2010-10-06 17:58:06.870,-116.4916667,33.1468333,3.94,3.322,"13km NE of Julian, CA",073,06073,San Diego County,San Diego
ci10800093,2010-09-16 15:54:55.660,-117.6771667,35.8431667,3.88,3.586,"23km ESE of Little Lake, CA",027,06027,Inyo County,Inyo
nc71447655,2010-08-28 11:49:55.030,-122.7983333,39.3068333,3.56,12.999,"18 km NNE of Upper Lake, California",033,06033,Lake County,Lake
ci10787509,2010-08-27 17:32:47.970,-115.6298333,33.2238333,3.57,2.063,"10km W of Niland, CA",025,06025,Imperial County,Imperial
ci10786597,2010-08-26 14:34:29.200,-116.0405,32.846,3.72,12.023,"13km NNW of Ocotillo, CA",025,06025,Imperial County,Imperial
nc71446590,2010-08-25 17:20:00.490,-121.1791667,35.8186667,3.69,4.6,"16 km SSW of Lockwood, California",053,06053,Monterey County,Monterey
ci10783581,2010-08-21 13:59:45.570,-116.693,33.8815,3.59,11.981,"10km ESE of Cabazon, CA",065,06065,Riverside County,Riverside
ci10774605,2010-08-10 09:54:52.660,-120.4291667,34.7243333,3.65,0.738,"4km ENE of Vandenberg Village, CA",083,06083,Santa Barbara County,Santa Barbara
nc71444201,2010-08-10 00:51:10.830,-121.6408333,36.9085,3.85,5.253,"2 km N of Aromas, California",087,06087,Santa Cruz County,Santa Cruz
ci10771621,2010-08-06 17:39:31.670,-116.4431667,33.979,4.05,7.177,"6km ENE of Desert Hot Springs, CA",065,06065,Riverside County,Riverside
nc71442046,2010-08-06 01:20:03.460,-118.8126667,37.6218333,3.6,5.583,"11 km NW of Aspen Springs, California",051,06051,Mono County,Mono
ci10761973,2010-07-25 21:25:41.400,-116.0053333,33.1575,3.8,13.3,"12km E of Ocotillo Wells, CA",025,06025,Imperial County,Imperial
ci10760117,2010-07-24 02:29:41.030,-115.9793333,32.726,3.96,3.305,"2km SE of Ocotillo, CA",025,06025,Imperial County,Imperial
nc71434941,2010-07-22 11:40:08.090,-118.814,37.624,3.76,6.023,"11 km NW of Aspen Springs, California",051,06051,Mono County,Mono
nc71425825,2010-07-15 23:54:20.340,-122.8156667,38.8153333,3.71,1.619,"8 km W of Cobb, California",097,06097,Sonoma County,Sonoma
nc71425345,2010-07-15 15:31:43.540,-122.8076667,38.8186667,3.95,2.149,"7 km W of Cobb, California",097,06097,Sonoma County,Sonoma
nc71422700,2010-07-10 16:04:30.390,-123.568,40.425,3.81,30.757,"5 km WSW of Mad River, California",023,06023,Humboldt County,Humboldt
ci10736069,2010-07-07 23:53:33.480,-116.4746667,33.4173333,5.42,12.318,"20km NNW of Borrego Springs, CA",073,06073,San Diego County,San Diego
ci14772268,2010-07-02 03:27:09.070,-116.2345,32.8685,3.51,9.348,"27km WNW of Ocotillo, CA",073,06073,San Diego County,San Diego
ci10730349,2010-07-01 07:51:30.720,-118.4398333,35.4816667,3.74,0.703,"13km SSE of Bodfish, CA",029,06029,Kern County,Kern
ci10729325,2010-06-30 08:03:02.940,-115.9123333,32.6648333,3.59,12.358,"11km SE of Ocotillo, CA",025,06025,Imperial County,Imperial
ci10726413,2010-06-27 12:22:13.510,-118.5958333,35.2025,3.78,5.805,"16km WNW of Tehachapi, CA",029,06029,Kern County,Kern
ci10723181,2010-06-24 17:07:36.280,-115.963,32.72,3.96,0.936,"3km ESE of Ocotillo, CA",025,06025,Imperial County,Imperial
ci14752348,2010-06-16 11:30:48.750,-115.9286667,32.6956667,3.77,3.436,"8km SE of Ocotillo, CA",025,06025,Imperial County,Imperial
ci14752284,2010-06-16 10:54:41.160,-115.9741667,32.7278333,3.56,3.116,"2km ESE of Ocotillo, CA",025,06025,Imperial County,Imperial
ci14749860,2010-06-15 17:06:12.040,-115.906,32.687,3.65,13.286,"10km ESE of Ocotillo, CA",025,06025,Imperial County,Imperial
ci14749764,2010-06-15 16:32:32.200,-115.9586667,32.709,3.62,13.186,"4km SE of Ocotillo, CA",025,06025,Imperial County,Imperial
ci14748044,2010-06-15 09:51:19.000,-115.9301667,32.6913333,3.56,5.086,"8km SE of Ocotillo, CA",025,06025,Imperial County,Imperial
ci14747404,2010-06-15 08:16:51.390,-115.9148333,32.683,3.97,5.406,"9km SE of Ocotillo, CA",025,06025,Imperial County,Imperial
ci14747396,2010-06-15 08:14:47.020,-115.9108333,32.688,4.15,3.536,"9km SE of Ocotillo, CA",025,06025,Imperial County,Imperial
ci14747388,2010-06-15 08:11:24.380,-115.9468333,32.7118333,3.63,0.266,"5km ESE of Ocotillo, CA",025,06025,Imperial County,Imperial
ci14746772,2010-06-15 06:46:08.960,-115.9228333,32.6965,3.63,11.811,"8km ESE of Ocotillo, CA",025,06025,Imperial County,Imperial
ci14746668,2010-06-15 06:32:12.770,-115.9165,32.7005,3.53,13.856,"8km ESE of Ocotillo, CA",025,06025,Imperial County,Imperial
ci14746452,2010-06-15 06:08:28.500,-115.951,32.6928333,3.79,13.968,"6km SE of Ocotillo, CA",025,06025,Imperial County,Imperial
ci14746172,2010-06-15 05:34:16.830,-115.9563333,32.7088333,4.35,5.328,"4km SE of Ocotillo, CA",025,06025,Imperial County,Imperial
ci33877759,2010-06-15 05:31:20.000,-115.9885,32.7536667,3.65,1.403,"2km NNE of Ocotillo, CA",025,06025,Imperial County,Imperial
ci14746164,2010-06-15 05:31:00.040,-115.9141667,32.6676667,3.72,6.398,"10km SE of Ocotillo, CA",025,06025,Imperial County,Imperial
ci14745932,2010-06-15 04:59:45.530,-115.95,32.6995,4.39,10.519,"6km SE of Ocotillo, CA",025,06025,Imperial County,Imperial
ci14745908,2010-06-15 04:56:49.800,-115.9473333,32.7053333,3.58,5.698,"5km SE of Ocotillo, CA",025,06025,Imperial County,Imperial
ci14745684,2010-06-15 04:43:10.780,-115.9376667,32.7011667,3.66,9.248,"6km SE of Ocotillo, CA",025,06025,Imperial County,Imperial
ci14745676,2010-06-15 04:40:38.100,-115.931,32.698,3.84,7.933,"7km SE of Ocotillo, CA",025,06025,Imperial County,Imperial
ci33869759,2010-06-15 04:36:33.030,-115.9048333,32.6863333,3.92,7.959,"10km ESE of Ocotillo, CA",025,06025,Imperial County,Imperial
ci14745636,2010-06-15 04:36:07.550,-115.9115,32.6996667,4.1,7.411,"9km ESE of Ocotillo, CA",025,06025,Imperial County,Imperial
ci14745588,2010-06-15 04:29:55.510,-115.9596667,32.7293333,3.79,5.518,"3km ESE of Ocotillo, CA",025,06025,Imperial County,Imperial
ci14745580,2010-06-15 04:26:58.240,-115.9113333,32.705,5.71,8.756,"8km ESE of Ocotillo, CA",025,06025,Imperial County,Imperial
nc71415021,2010-06-14 11:39:02.700,-122.7798333,38.795,3.66,3.39,"5 km WSW of Cobb, California",097,06097,Sonoma County,Sonoma
ci10702645,2010-06-13 20:42:59.390,-115.9235,32.7001667,3.52,3.936,"8km ESE of Ocotillo, CA",025,06025,Imperial County,Imperial
ci10701413,2010-06-13 03:09:20.360,-116.3946667,33.392,4.23,4.196,"15km N of Borrego Springs, CA",073,06073,San Diego County,San Diego
ci10701405,2010-06-13 03:08:57.090,-116.4158333,33.3833333,4.45,11.156,"15km NNW of Borrego Springs, CA",073,06073,San Diego County,San Diego
nc71413856,2010-06-12 06:05:13.610,-121.6091667,36.8626667,3.57,7.592,"4 km SE of Aromas, California",069,06069,San Benito County,San Benito
ci14733516,2010-06-03 18:10:03.780,-115.907,32.7006667,4.09,7.635,"9km ESE of Ocotillo, CA",025,06025,Imperial County,Imperial
ci14727396,2010-05-29 14:50:00.440,-115.8721667,32.7273333,3.83,6.945,"11km E of Ocotillo, CA",025,06025,Imperial County,Imperial
ci14720724,2010-05-24 05:21:07.140,-115.8223333,32.669,4.15,10.535,"18km ESE of Ocotillo, CA",025,06025,Imperial County,Imperial
ci14718212,2010-05-22 04:53:18.630,-115.9476667,32.7156667,4.03,9.019,"5km ESE of Ocotillo, CA",025,06025,Imperial County,Imperial
ci14715540,2010-05-20 09:26:25.860,-115.8558333,32.6771667,4.15,5.745,"14km ESE of Ocotillo, CA",025,06025,Imperial County,Imperial
ci14715500,2010-05-20 08:59:34.410,-115.8523333,32.6721667,3.68,6.575,"15km ESE of Ocotillo, CA",025,06025,Imperial County,Imperial
ci10672573,2010-05-19 07:23:06.790,-115.8258333,32.6675,3.65,8.963,"17km ESE of Ocotillo, CA",025,06025,Imperial County,Imperial
ci10671989,2010-05-19 00:38:59.780,-115.8253333,32.6601667,4.53,8.913,"18km ESE of Ocotillo, CA",025,06025,Imperial County,Imperial
ci10671165,2010-05-18 08:10:00.350,-115.5703333,33.8326667,3.54,1.004,"20km NW of Desert Center, CA",065,06065,Riverside County,Riverside
ci10670413,2010-05-17 13:13:03.920,-115.9105,32.7075,3.58,8.46,"8km ESE of Ocotillo, CA",025,06025,Imperial County,Imperial
ci10666645,2010-05-15 03:19:01.380,-119.0396667,34.0838333,3.9,16.671,"15km S of Camarillo, CA",111,06111,Ventura County,Ventura
ci10665173,2010-05-14 05:11:07.870,-115.861,32.7038333,3.92,4.8,"13km ESE of Ocotillo, CA",025,06025,Imperial County,Imperial
ci10662837,2010-05-12 13:33:23.830,-115.8745,32.7216667,3.61,5.18,"11km E of Ocotillo, CA",025,06025,Imperial County,Imperial
ci10660837,2010-05-10 21:28:55.050,-118.373,35.5298333,3.85,0.97,"13km ESE of Bodfish, CA",029,06029,Kern County,Kern
ci10658421,2010-05-09 03:33:43.970,-115.8121667,32.6726667,4.05,6.363,"18km ESE of Ocotillo, CA",025,06025,Imperial County,Imperial
ci10657701,2010-05-08 19:23:06.270,-119.2678333,35.0081667,4.27,16.276,"13km ESE of Maricopa, CA",029,06029,Kern County,Kern
ci10657549,2010-05-08 18:46:27.460,-115.8101667,32.6755,4.69,2.383,"18km ESE of Ocotillo, CA",025,06025,Imperial County,Imperial
ci10657533,2010-05-08 18:33:10.750,-115.7971667,32.6815,4.8,5.955,"19km ESE of Ocotillo, CA",025,06025,Imperial County,Imperial
ci14697252,2010-05-07 01:20:26.100,-115.9011667,32.6905,3.65,4.058,"10km ESE of Ocotillo, CA",025,06025,Imperial County,Imperial
ci14695916,2010-05-06 09:01:41.100,-115.8763333,32.7091667,4.23,2.918,"11km ESE of Ocotillo, CA",025,06025,Imperial County,Imperial
ci14695652,2010-05-06 04:16:48.380,-117.3381667,35.9563333,3.71,1.368,"22km N of Trona, CA",027,06027,Inyo County,Inyo
ci14694388,2010-05-05 08:55:40.550,-115.888,32.7213333,3.8,2.058,"10km E of Ocotillo, CA",025,06025,Imperial County,Imperial
ci14694236,2010-05-05 06:58:35.640,-115.887,32.7153333,3.93,2.958,"10km ESE of Ocotillo, CA",025,06025,Imperial County,Imperial
ci14683268,2010-04-27 18:43:01.920,-115.792,32.6685,3.58,5.185,"20km ESE of Ocotillo, CA",025,06025,Imperial County,Imperial
ci14682004,2010-04-27 10:55:35.720,-115.8465,32.6921667,4.58,3.278,"14km ESE of Ocotillo, CA",025,06025,Imperial County,Imperial
ci10630013,2010-04-22 23:28:26.020,-115.7626667,32.6541667,3.8,3.255,"19km WNW of Progreso, B.C., MX",025,06025,Imperial County,Imperial
ci10629477,2010-04-22 17:12:13.050,-115.8075,32.6595,4.63,5.315,"19km ESE of Ocotillo, CA",025,06025,Imperial County,Imperial
ci10629213,2010-04-22 14:22:03.390,-115.8073333,32.6703333,4.21,4.945,"19km ESE of Ocotillo, CA",025,06025,Imperial County,Imperial
ci10622405,2010-04-19 04:26:08.310,-115.8426667,32.6953333,4.21,9.05,"15km ESE of Ocotillo, CA",025,06025,Imperial County,Imperial
ci10619533,2010-04-18 02:27:28.530,-115.778,32.6871667,3.5,5.447,"21km ESE of Ocotillo, CA",025,06025,Imperial County,Imperial
ci10613517,2010-04-15 21:33:13.140,-115.7211667,32.6483333,3.5,9.415,"15km WNW of Progreso, B.C., MX",025,06025,Imperial County,Imperial
ci10609773,2010-04-14 11:19:59.520,-115.7673333,32.678,3.84,2.263,"20km WNW of Progreso, B.C., MX",025,06025,Imperial County,Imperial
ci10607677,2010-04-13 15:36:32.100,-115.7865,32.6761667,3.95,4.235,"20km ESE of Ocotillo, CA",025,06025,Imperial County,Imperial
ci10604749,2010-04-12 10:36:14.280,-115.7915,32.6578333,3.62,1.622,"21km ESE of Ocotillo, CA",025,06025,Imperial County,Imperial
ci10603485,2010-04-11 22:55:10.470,-115.7635,32.6455,3.59,4.555,"18km WNW of Progreso, B.C., MX",025,06025,Imperial County,Imperial
ci10598693,2010-04-10 18:47:59.560,-115.801,32.676,3.75,8.567,"19km ESE of Ocotillo, CA",025,06025,Imperial County,Imperial
ci10598493,2010-04-10 17:31:40.140,-115.7921667,32.6586667,3.55,8.197,"21km ESE of Ocotillo, CA",025,06025,Imperial County,Imperial
ci10597885,2010-04-10 13:21:54.150,-115.7813333,32.672,3.52,8.482,"21km ESE of Ocotillo, CA",025,06025,Imperial County,Imperial
ci10597293,2010-04-10 09:52:01.200,-115.76,32.6805,3.58,10.355,"20km NW of Progreso, B.C., MX",025,06025,Imperial County,Imperial
ci37205253,2010-04-10 09:13:22.660,-115.7505,32.6766667,3.62,9.872,"19km NW of Progreso, B.C., MX",025,06025,Imperial County,Imperial
ci10597061,2010-04-10 09:12:28.030,-115.7581667,32.6753333,4.5,9.715,"20km WNW of Progreso, B.C., MX",025,06025,Imperial County,Imperial
ci10595917,2010-04-10 03:09:32.530,-115.8023333,32.6745,3.81,8.037,"19km ESE of Ocotillo, CA",025,06025,Imperial County,Imperial
ci10594957,2010-04-09 21:58:00.420,-115.7833333,32.6668333,3.57,9.465,"21km WNW of Progreso, B.C., MX",025,06025,Imperial County,Imperial
ci10588005,2010-04-08 12:38:44.320,-115.8351667,32.6915,3.66,10.99,"16km ESE of Ocotillo, CA",025,06025,Imperial County,Imperial
ci10585533,2010-04-08 03:22:32.670,-115.8738333,32.7143333,3.61,2.678,"11km ESE of Ocotillo, CA",025,06025,Imperial County,Imperial
ci10585381,2010-04-08 02:47:57.030,-115.7635,32.6855,4.23,3.99,"20km NW of Progreso, B.C., MX",025,06025,Imperial County,Imperial
nc71379106,2010-04-07 22:40:29.940,-120.4941667,35.9415,3.99,9.931,"7 km NW of Parkfield, California",053,06053,Monterey County,Monterey
ci14627500,2010-04-07 20:11:10.720,-115.7676667,32.6751667,3.87,3.905,"20km WNW of Progreso, B.C., MX",025,06025,Imperial County,Imperial
ci14626372,2010-04-07 15:04:43.170,-115.857,32.6926667,3.51,6.603,"14km ESE of Ocotillo, CA",025,06025,Imperial County,Imperial
ci14624948,2010-04-07 09:27:35.890,-115.885,32.737,3.75,3.402,"10km E of Ocotillo, CA",025,06025,Imperial County,Imperial
ci14624868,2010-04-07 09:25:51.760,-115.902,32.7326667,3.62,2.532,"8km E of Ocotillo, CA",025,06025,Imperial County,Imperial
ci14623820,2010-04-07 05:27:41.380,-115.913,32.7315,3.58,1.692,"8km E of Ocotillo, CA",025,06025,Imperial County,Imperial
ci14623812,2010-04-07 05:25:32.000,-115.9118333,32.7185,3.83,1.952,"8km ESE of Ocotillo, CA",025,06025,Imperial County,Imperial
ci30461759,2010-04-07 05:21:41.570,-115.8923333,32.7116667,4.28,7.263,"10km ESE of Ocotillo, CA",025,06025,Imperial County,Imperial
ci14623804,2010-04-07 05:21:25.940,-115.9045,32.7335,4.27,1.947,"8km E of Ocotillo, CA",025,06025,Imperial County,Imperial
ci14621164,2010-04-06 19:02:00.880,-115.8603333,32.7046667,3.55,5.153,"13km ESE of Ocotillo, CA",025,06025,Imperial County,Imperial
ci14620124,2010-04-06 15:13:19.980,-115.88,32.7276667,3.91,14.617,"11km E of Ocotillo, CA",025,06025,Imperial County,Imperial
ci14618772,2010-04-06 10:06:37.750,-115.8106667,32.6651667,4.51,1.733,"19km ESE of Ocotillo, CA",025,06025,Imperial County,Imperial
ci14618308,2010-04-06 08:27:30.360,-115.855,32.6955,3.8,1.043,"14km ESE of Ocotillo, CA",025,06025,Imperial County,Imperial
ci14617996,2010-04-06 07:23:02.170,-115.8731667,32.708,3.71,4.363,"12km ESE of Ocotillo, CA",025,06025,Imperial County,Imperial
ci14615652,2010-04-05 23:02:30.540,-115.7631667,32.6476667,3.59,9.975,"18km WNW of Progreso, B.C., MX",025,06025,Imperial County,Imperial
ci14615252,2010-04-05 21:07:50.420,-115.8588333,32.6843333,3.52,1.453,"14km ESE of Ocotillo, CA",025,06025,Imperial County,Imperial
ci14615212,2010-04-05 21:04:36.440,-115.8588333,32.6781667,3.72,2.023,"14km ESE of Ocotillo, CA",025,06025,Imperial County,Imperial
ci14614580,2010-04-05 18:47:11.590,-115.8121667,32.66,3.61,1.303,"19km ESE of Ocotillo, CA",025,06025,Imperial County,Imperial
ci14614172,2010-04-05 17:26:51.770,-116.4133333,33.0451667,3.6,13.1,"18km ESE of Julian, CA",073,06073,San Diego County,San Diego
ci14613604,2010-04-05 15:08:17.180,-115.8755,32.724,3.79,0.443,"11km E of Ocotillo, CA",025,06025,Imperial County,Imperial
ci10177010,2010-04-05 14:11:46.200,-115.781,32.6953333,4.04,4.473,"20km ESE of Ocotillo, CA",025,06025,Imperial County,Imperial
ci14612532,2010-04-05 11:20:41.630,-115.8101667,32.6953333,3.67,5.443,"18km ESE of Ocotillo, CA",025,06025,Imperial County,Imperial
ci14612516,2010-04-05 11:14:14.890,-115.8088333,32.6638333,4.93,13.653,"19km ESE of Ocotillo, CA",025,06025,Imperial County,Imperial
ci14609660,2010-04-05 03:15:24.770,-115.8055,32.6465,4.96,1.243,"20km ESE of Ocotillo, CA",025,06025,Imperial County,Imperial
ci14609548,2010-04-05 03:02:35.840,-115.7953333,32.6555,3.52,0.225,"20km ESE of Ocotillo, CA",025,06025,Imperial County,Imperial
ci14607860,2010-04-04 23:22:04.560,-116.494,33.1496667,3.54,12.1,"13km NE of Julian, CA",073,06073,San Diego County,San Diego
ci14607748,2010-04-04 22:56:40.430,-116.4823333,33.1508333,3.89,10.658,"14km NE of Julian, CA",073,06073,San Diego County,San Diego
nc71376726,2010-04-02 06:00:38.530,-119.38,38.3665,3.56,6.959,"17 km NW of Bridgeport, California",051,06051,Mono County,Mono
nc71369580,2010-03-28 09:39:27.400,-122.8236667,38.811,3.65,1.85,"8 km W of Cobb, California",097,06097,Sonoma County,Sonoma
nc71364650,2010-03-17 16:41:37.930,-121.329,40.1846667,3.71,5.306,"12 km WSW of Lake Almanor West, California",063,06063,Plumas County,Plumas
ci14601172,2010-03-16 11:04:00.190,-118.0816667,33.9923333,4.44,18.723,"2km NE of Pico Rivera, CA",037,06037,Los Angeles County,Los Angeles
ci14600292,2010-03-13 16:32:32.320,-116.358,32.9906667,4.23,4.984,"25km NE of Pine Valley, CA",073,06073,San Diego County,San Diego
nc71362300,2010-03-12 10:23:58.120,-121.331,40.1865,3.61,6.966,"12 km WSW of Lake Almanor West, California",063,06063,Plumas County,Plumas
ci14598996,2010-03-11 01:39:38.810,-116.6886667,33.2501667,3.52,3.803,"6km SW of Warner Springs, CA",073,06073,San Diego County,San Diego
ci14598516,2010-03-09 20:05:12.870,-117.8726667,36.0596667,3.66,0.839,"7km ENE of Coso Junction, CA",027,06027,Inyo County,Inyo
ci14598228,2010-03-09 04:18:21.870,-116.359,32.994,4.02,4.814,"24km ESE of Julian, CA",073,06073,San Diego County,San Diego
nc71359775,2010-03-07 06:14:12.350,-121.5356667,36.8128333,3.55,4.93,"3 km S of San Juan Bautista, California",069,06069,San Benito County,San Benito
ci14595820,2010-03-01 09:06:03.090,-117.8785,36.0698333,3.76,-0.41,"7km ENE of Coso Junction, CA",027,06027,Inyo County,Inyo
ci10544917,2010-02-19 19:56:23.050,-117.1841667,34.0146667,3.59,6.432,"5km S of Redlands, CA",071,06071,San Bernardino County,San Bernardino
ci10542589,2010-02-15 00:07:09.360,-117.8658333,36.0735,4.05,-1.147,"8km ENE of Coso Junction, CA",027,06027,Inyo County,Inyo
ci10541957,2010-02-13 21:39:06.600,-117.1796667,34.0045,4.1,8.025,"6km S of Redlands, CA",071,06071,San Bernardino County,San Bernardino
nc71350686,2010-02-08 19:56:23.890,-121.3635,36.723,3.5,2.886,"8 km SSW of Tres Pinos, California",069,06069,San Benito County,San Benito
nc71346081,2010-01-30 09:32:33.250,-122.8008333,38.831,3.6,1.942,"6 km W of Cobb, California",097,06097,Sonoma County,Sonoma
ci10530013,2010-01-16 12:03:25.700,-117.0231667,33.9321667,4.28,13.143,"4km W of Beaumont, CA",065,06065,Riverside County,Riverside
ci10528149,2010-01-15 10:29:58.630,-117.8398333,36.0291667,3.61,0.443,"10km E of Coso Junction, CA",027,06027,Inyo County,Inyo
ci10528013,2010-01-15 09:28:18.960,-117.8385,36.032,3.53,-0.327,"10km E of Coso Junction, CA",027,06027,Inyo County,Inyo
ci10527789,2010-01-15 08:23:27.340,-117.843,36.031,4.41,0.103,"10km E of Coso Junction, CA",027,06027,Inyo County,Inyo
ci10526965,2010-01-15 02:13:52.130,-115.6083333,33.1793333,3.52,1.803,"11km NW of Calipatria, CA",025,06025,Imperial County,Imperial
ci14571828,2010-01-12 02:36:08.440,-116.8763333,33.9663333,4.27,8.782,"4km N of Banning, CA",065,06065,Riverside County,Riverside
nc71337451,2010-01-08 19:48:50.050,-121.793,37.4821667,3.73,9.373,"11 km N of East Foothills, California",085,06085,Santa Clara County,Santa Clara
nc71336726,2010-01-07 18:09:35.040,-121.7986667,37.4811667,4.05,10.753,"11 km ENE of Milpitas, California",085,06085,Santa Clara County,Santa Clara
nc71330090,2010-01-04 14:24:54.440,-123.8685,40.2773333,4.12,29.763,"1 km N of Myers Flat, California",023,06023,Humboldt County,Humboldt
ci14565492,2009-12-30 11:44:38.050,-117.405,35.9736667,3.64,1.759,"23km N of Searles Valley, CA",027,06027,Inyo County,Inyo
ci14564188,2009-12-26 23:02:08.190,-115.9231667,32.9476667,3.9,14.186,"24km NNE of Ocotillo, CA",025,06025,Imperial County,Imperial
nc71325090,2009-12-22 23:40:43.920,-123.3381667,39.7773333,3.96,8.488,"7 km WSW of Covelo, California",045,06045,Mendocino County,Mendocino
nc71324305,2009-12-20 12:26:25.800,-122.7683333,38.7883333,3.77,3.726,"5 km SW of Cobb, California",097,06097,Sonoma County,Sonoma
ci14550380,2009-11-26 07:10:46.740,-115.6671667,32.6638333,3.68,4.653,"12km NW of Progreso, B.C., MX",025,06025,Imperial County,Imperial
nc71318526,2009-11-24 11:59:53.320,-122.7896667,38.8183333,3.67,1.84,"5 km W of Cobb, California",097,06097,Sonoma County,Sonoma
ci14547996,2009-11-22 15:55:31.660,-116.8915,34.3591667,3.63,1.519,"12km NNW of Big Bear City, CA",071,06071,San Bernardino County,San Bernardino
ci10497821,2009-11-16 21:21:30.630,-117.2745,35.5485,4.6,1.248,"26km SSE of Trona, CA",071,06071,San Bernardino County,San Bernardino
ci10497645,2009-11-16 13:54:34.120,-116.6345,33.4146667,3.61,6.671,"15km N of Warner Springs, CA",073,06073,San Diego County,San Diego
ci10495349,2009-11-11 03:24:23.390,-116.0521667,33.2476667,3.56,3.879,"11km WSW of Salton City, CA",025,06025,Imperial County,Imperial
ci10490533,2009-11-03 10:56:29.350,-115.6563333,32.6775,3.62,5.178,"13km NNW of Progreso, B.C., MX",025,06025,Imperial County,Imperial
ci10490325,2009-11-03 07:36:58.030,-115.8471667,32.7131667,3.79,1.953,"14km E of Ocotillo, CA",025,06025,Imperial County,Imperial
ci10489253,2009-11-02 19:27:31.760,-115.6506667,32.6721667,4.13,7.618,"12km NNW of Progreso, B.C., MX",025,06025,Imperial County,Imperial
ci10488901,2009-11-02 04:56:08.260,-117.8791667,36.4045,3.67,4.55,"18km NE of Olancha, CA",027,06027,Inyo County,Inyo
nc71303390,2009-11-01 14:55:34.130,-121.2526667,36.6323333,3.55,10.527,"18 km SSE of Tres Pinos, California",069,06069,San Benito County,San Benito
nc71302365,2009-10-31 06:52:23.990,-122.7693333,38.7945,3.58,3.868,Northern California,097,06097,Sonoma County,Sonoma
nc71299286,2009-10-14 03:27:41.220,-121.8786667,37.6396667,3.71,9.165,"2 km S of Pleasanton, California",001,06001,Alameda County,Alameda
ci10477949,2009-10-09 04:25:05.270,-117.8641667,36.3976667,4.29,7.588,"18km NE of Olancha, CA",027,06027,Inyo County,Inyo
ci14523676,2009-10-06 18:06:34.720,-117.8358333,36.4141667,3.98,0.012,"21km NE of Olancha, CA",027,06027,Inyo County,Inyo
ci14520900,2009-10-03 11:37:11.380,-117.8673333,36.3893333,4.41,0.44,"17km NE of Olancha, CA",027,06027,Inyo County,Inyo
ci14520476,2009-10-03 05:31:57.720,-117.8635,36.39,4.66,0.08,"18km NE of Olancha, CA",027,06027,Inyo County,Inyo
ci14519940,2009-10-03 01:47:55.370,-117.8456667,36.3948333,4.2,-0.04,"19km NE of Olancha, CA",027,06027,Inyo County,Inyo
ci14519868,2009-10-03 01:31:44.020,-117.8475,36.4055,3.97,0.76,"20km NE of Olancha, CA",027,06027,Inyo County,Inyo
ci14519860,2009-10-03 01:30:31.910,-117.8513333,36.4026667,4.07,-0.06,"19km NE of Olancha, CA",027,06027,Inyo County,Inyo
ci14519780,2009-10-03 01:16:00.310,-117.8608333,36.391,5.19,-1.77,"18km NE of Olancha, CA",027,06027,Inyo County,Inyo
ci14519764,2009-10-03 01:10:26.100,-117.8681667,36.3863333,4.85,1.688,"17km NE of Olancha, CA",027,06027,Inyo County,Inyo
ci14519756,2009-10-03 01:09:19.140,-117.8638333,36.391,4.74,0.7,"18km NE of Olancha, CA",027,06027,Inyo County,Inyo
ci14518108,2009-10-01 15:08:12.850,-117.869,36.3943333,3.5,2.475,"18km NE of Olancha, CA",027,06027,Inyo County,Inyo
ci14517508,2009-10-01 10:03:30.170,-117.8603333,36.3755,3.5,4.305,"17km NE of Olancha, CA",027,06027,Inyo County,Inyo
ci14517500,2009-10-01 10:01:24.670,-117.8586667,36.3878333,5.0,3.985,"18km NE of Olancha, CA",027,06027,Inyo County,Inyo
nc71278336,2009-09-09 18:45:52.080,-121.6321667,36.9021667,3.56,4.854,"1 km NNE of Aromas, California",069,06069,San Benito County,San Benito
nc71271995,2009-09-06 09:47:15.190,-121.4115,36.8515,3.87,9.35,"0 km W of Hollister, California",069,06069,San Benito County,San Benito
nc71271840,2009-09-06 03:20:55.580,-120.7983333,35.5568333,3.81,4.986,"8 km W of Templeton, California",079,06079,San Luis Obispo County,San Luis Obispo
nc71273541,2009-08-30 19:21:22.170,-118.6211667,37.9541667,3.74,5.745,"19 km NW of Benton, California",051,06051,Mono County,Mono
ci10456893,2009-08-30 18:13:59.690,-117.8606667,36.3876667,3.64,0.495,"18km NE of Olancha, CA",027,06027,Inyo County,Inyo
ci10456453,2009-08-30 07:05:58.020,-117.8528333,36.3863333,3.89,0.135,"18km NE of Olancha, CA",027,06027,Inyo County,Inyo
ci14502836,2009-08-27 07:08:24.710,-117.3956667,36.0116667,3.59,3.919,"27km N of Searles Valley, CA",027,06027,Inyo County,Inyo
ci14499528,2009-08-12 23:49:04.910,-116.2138333,33.1,3.54,8.123,"9km WSW of Ocotillo Wells, CA",073,06073,San Diego County,San Diego
ci14494128,2009-08-01 12:55:55.650,-117.3838333,34.2586667,3.72,6.233,"4km NNE of Devore, CA",071,06071,San Bernardino County,San Bernardino
ci14491232,2009-07-26 04:54:03.590,-116.719,33.633,3.53,12.745,"10km NNW of Anza, CA",065,06065,Riverside County,Riverside
ci10440529,2009-07-20 12:10:20.590,-116.2156667,33.0995,3.63,11.813,"9km WSW of Ocotillo Wells, CA",073,06073,San Diego County,San Diego
ci10438025,2009-07-14 02:22:38.220,-117.622,35.7273333,3.77,9.39,"13km NNE of Ridgecrest, CA",071,06071,San Bernardino County,San Bernardino
nc71244841,2009-07-07 05:03:30.260,-122.7975,38.8378333,3.74,2.136,"6 km WNW of Cobb, California",097,06097,Sonoma County,Sonoma
nc71244696,2009-07-07 00:29:33.360,-122.8085,38.8328333,3.76,2.504,"7 km W of Cobb, California",097,06097,Sonoma County,Sonoma
nc71241391,2009-06-30 17:27:27.720,-122.7903333,38.8083333,3.84,3.302,"6 km WSW of Cobb, California",097,06097,Sonoma County,Sonoma
nc71239821,2009-06-27 17:29:35.340,-122.8006667,40.1851667,3.82,7.529,"38 km WNW of Rancho Tehama Reserve, California",103,06103,Tehama County,Tehama
nc40238431,2009-06-20 12:32:48.000,-120.9513333,35.6431667,4.39,5.923,"11 km SW of Lake Nacimiento, California",079,06079,San Luis Obispo County,San Luis Obispo
nc40237825,2009-06-08 22:15:04.510,-121.965,37.822,3.51,8.657,"1 km SSW of Diablo, California",013,06013,Contra Costa County,Contra Costa
ci14462064,2009-05-23 22:58:32.940,-117.8376667,36.3961667,4.73,-0.64,"20km NE of Olancha, CA",027,06027,Inyo County,Inyo
ci10411545,2009-05-19 22:49:11.550,-118.329,33.9338333,4.04,12.715,"2km ESE of Lennox, CA",037,06037,Los Angeles County,Los Angeles
ci10410337,2009-05-18 03:39:36.340,-118.3356667,33.9376667,4.7,13.817,"2km E of Lennox, CA",037,06037,Los Angeles County,Los Angeles
ci10406593,2009-05-08 20:27:13.950,-119.1825,34.4401667,4.17,7.287,"6km E of Ojai, CA",111,06111,Ventura County,Ventura
nc51220943,2009-05-03 17:54:05.210,-124.1638333,40.7491667,4.17,20.257,"2 km NNW of Pine Hills, California",023,06023,Humboldt County,Humboldt
ci10403777,2009-05-02 01:11:13.660,-118.8825,34.0666667,4.42,13.911,"10km NW of Malibu, CA",037,06037,Los Angeles County,Los Angeles
ci10403545,2009-05-01 15:39:25.320,-119.3101667,35.0246667,3.53,16.888,"9km ESE of Maricopa, CA",029,06029,Kern County,Kern
nc51220793,2009-04-30 22:50:54.670,-121.6358333,37.2535,3.51,6.045,"13 km N of Morgan Hill, California",085,06085,Santa Clara County,Santa Clara
ci10399889,2009-04-24 03:27:50.730,-117.7891667,33.894,3.98,4.091,"2km ENE of Yorba Linda, CA",059,06059,Orange County,Orange
ci10399801,2009-04-23 23:56:23.080,-117.7901667,33.8935,3.76,4.591,"2km ENE of Yorba Linda, CA",059,06059,Orange County,Orange
nc51220062,2009-04-17 15:09:39.620,-122.798,38.8151667,3.7,1.796,"6 km W of Cobb, California",097,06097,Sonoma County,Sonoma
ci10396633,2009-04-17 04:57:01.500,-115.6403333,33.1978333,3.79,5.253,"12km WSW of Niland, CA",025,06025,Imperial County,Imperial
ci14444832,2009-04-16 17:55:31.130,-116.4398333,33.25,3.86,2.303,"6km W of Borrego Springs, CA",073,06073,San Diego County,San Diego
nc40234037,2009-03-30 17:40:29.260,-121.6156667,37.2848333,4.3,7.145,"17 km NNE of Morgan Hill, California",085,06085,Santa Clara County,Santa Clara
ci14435776,2009-03-26 03:25:21.980,-115.7215,33.293,3.95,7.422,"6km S of Bombay Beach, CA",025,06025,Imperial County,Imperial
ci14435296,2009-03-25 19:59:44.100,-115.7196667,33.292,3.65,6.543,"7km S of Bombay Beach, CA",025,06025,Imperial County,Imperial
ci14434688,2009-03-25 07:51:23.010,-115.7213333,33.29,3.55,4.443,"7km S of Bombay Beach, CA",025,06025,Imperial County,Imperial
ci14433456,2009-03-24 11:55:43.930,-115.7281667,33.3171667,4.77,6.003,"4km S of Bombay Beach, CA",025,06025,Imperial County,Imperial
nc40233662,2009-03-23 12:29:21.230,-123.4465,39.5696667,3.6,6.11,"13 km SSE of Laytonville, California",045,06045,Mendocino County,Mendocino
nc51218275,2009-03-15 05:23:31.280,-120.3491667,36.343,3.5,4.154,"17 km S of Cantua Creek, California",019,06019,Fresno County,Fresno
nc40232913,2009-03-09 03:07:52.690,-120.9335,36.401,3.5,6.841,"27 km NE of King City, California",069,06069,San Benito County,San Benito
nc40232887,2009-03-08 14:47:19.540,-121.8045,37.4743333,3.5,9.419,"10 km ENE of Milpitas, California",085,06085,Santa Clara County,Santa Clara
ci10377693,2009-02-20 12:19:14.660,-117.3053333,35.9825,3.68,0.718,"25km NNE of Trona, CA",027,06027,Inyo County,Inyo
nc40231987,2009-02-20 10:29:27.610,-122.8096667,38.8103333,3.7,1.433,"7 km W of Cobb, California",097,06097,Sonoma County,Sonoma
ci14421592,2009-02-16 01:03:38.980,-119.4318333,35.3041667,3.89,14.045,"11km SSE of Buttonwillow, CA",029,06029,Kern County,Kern
nc40231391,2009-02-06 00:20:28.960,-121.3223333,36.693,3.7,4.541,"10 km S of Tres Pinos, California",069,06069,San Benito County,San Benito
ci14418600,2009-01-31 21:09:22.590,-117.7858333,35.4135,4.39,7.42,"14km WNW of Johannesburg, CA",029,06029,Kern County,Kern
nc51215680,2009-01-21 20:49:42.510,-121.3306667,36.6978333,3.5,6.314,"10 km S of Tres Pinos, California",069,06069,San Benito County,San Benito
nc51215576,2009-01-20 09:12:26.870,-121.3215,36.691,3.8,5.021,"10 km S of Tres Pinos, California",069,06069,San Benito County,San Benito
nc51215567,2009-01-20 08:14:42.500,-121.3278333,36.6963333,3.8,4.674,"10 km S of Tres Pinos, California",069,06069,San Benito County,San Benito
nc51215555,2009-01-20 06:06:00.470,-121.3273333,36.6956667,3.9,6.044,"10 km S of Tres Pinos, California",069,06069,San Benito County,San Benito
nc71011822,2009-01-15 14:44:07.740,-121.3228333,36.6846667,3.7,4.78,"12km S of Tres Pinos, CA",069,06069,San Benito County,San Benito
ci10370561,2009-01-11 01:06:00.080,-116.9155,34.3081667,3.6,5.774,"7km N of Big Bear Lake, CA",071,06071,San Bernardino County,San Bernardino
nc51214975,2009-01-10 09:18:11.160,-123.3413333,39.0316667,3.8,6.226,"3 km NE of Boonville, California",045,06045,Mendocino County,Mendocino
ci10370141,2009-01-09 03:49:46.270,-117.3041667,34.1073333,4.45,13.823,"3km SSW of San Bernardino, CA",071,06071,San Bernardino County,San Bernardino
nc51214595,2009-01-04 17:27:10.480,-122.7725,38.7823333,4.27,3.816,"6 km SW of Cobb, California",097,06097,Sonoma County,Sonoma
nc51213957,2008-12-26 12:19:40.020,-120.8688333,39.9598333,4.5,-1.668,"3 km NE of East Quincy, California",063,06063,Plumas County,Plumas
nc51213676,2008-12-22 18:15:56.800,-121.3015,36.6856667,3.55,1.151,"11 km S of Tres Pinos, California",069,06069,San Benito County,San Benito
nc51213552,2008-12-21 20:09:33.160,-121.3038333,36.6778333,3.6,6.181,"12 km S of Tres Pinos, California",069,06069,San Benito County,San Benito
nc51213534,2008-12-21 17:35:36.640,-121.3001667,36.6748333,4.0,6.761,"12 km S of Tres Pinos, California",069,06069,San Benito County,San Benito
ci10366101,2008-12-13 17:16:46.470,-117.3173333,35.972,4.01,-0.971,"24km NNE of Trona, CA",027,06027,Inyo County,Inyo
ci10365237,2008-12-10 00:29:26.210,-117.3766667,34.1631667,3.63,7.202,"3km WNW of Muscoy, CA",071,06071,San Bernardino County,San Bernardino
ci14408052,2008-12-06 04:18:42.850,-116.4188333,34.8133333,5.06,6.37,"26km WNW of Ludlow, CA",071,06071,San Bernardino County,San Bernardino
ci14407020,2008-12-02 16:53:09.120,-117.3221667,35.9711667,4.03,2.329,"24km NNE of Trona, CA",027,06027,Inyo County,Inyo
ci14407012,2008-12-02 16:41:19.470,-117.3213333,35.9711667,3.69,0.789,"24km NNE of Trona, CA",027,06027,Inyo County,Inyo
ci14406888,2008-12-02 11:23:44.100,-117.307,35.9801667,3.8,1.759,"25km NNE of Trona, CA",027,06027,Inyo County,Inyo
ci14406304,2008-11-30 13:03:07.280,-117.3198333,35.9713333,4.04,2.459,"24km NNE of Trona, CA",027,06027,Inyo County,Inyo
ci14406196,2008-11-29 21:14:09.070,-117.3263333,35.9706667,4.03,0.189,"24km NNE of Trona, CA",027,06027,Inyo County,Inyo
ci14405360,2008-11-25 04:11:36.230,-117.329,35.9733333,3.86,-0.011,"24km N of Trona, CA",027,06027,Inyo County,Inyo
ci14403792,2008-11-17 17:41:37.110,-116.8636667,33.4961667,3.79,10.407,"6km N of Aguanga, CA",065,06065,Riverside County,Riverside
ci14403732,2008-11-17 12:35:42.260,-116.8613333,33.4996667,4.11,10.839,"6km N of Aguanga, CA",065,06065,Riverside County,Riverside
nc51211277,2008-11-15 17:50:41.280,-120.8103333,35.525,3.96,4.828,"9 km WSW of Templeton, California",079,06079,San Luis Obispo County,San Luis Obispo
nc51211062,2008-11-12 11:10:58.850,-122.837,38.8641667,3.5,1.48,"10 km WNW of Cobb, California",033,06033,Lake County,Lake
ci10356753,2008-10-30 03:52:43.210,-115.9031667,33.0533333,3.5,1.957,"24km ESE of Ocotillo Wells, CA",025,06025,Imperial County,Imperial
ci10356741,2008-10-30 03:49:45.370,-115.9046667,33.057,3.61,1.184,"23km ESE of Ocotillo Wells, CA",025,06025,Imperial County,Imperial
ci14396336,2008-10-02 09:41:49.270,-116.9678333,34.0838333,4.14,11.345,"9km NE of Yucaipa, CA",071,06071,San Bernardino County,San Bernardino
nc51208107,2008-09-15 01:34:46.330,-122.769,38.7871667,3.5,2.026,"5 km SW of Cobb, California",097,06097,Sonoma County,Sonoma
nc51208029,2008-09-13 20:27:52.090,-122.7641667,38.792,3.6,1.83,"4 km SW of Cobb, California",097,06097,Sonoma County,Sonoma
nc51207967,2008-09-12 13:04:04.450,-123.2758333,39.3935,3.6,10.304,"7 km ESE of Willits, California",045,06045,Mendocino County,Mendocino
nc51207740,2008-09-06 04:00:15.320,-122.0023333,37.8621667,4.1,15.22,"3km ENE of Alamo, CA",013,06013,Contra Costa County,Contra Costa
nc51207465,2008-08-28 13:38:03.940,-121.311,35.8301667,3.63,10.39,"23 km NNW of San Simeon, California",053,06053,Monterey County,Monterey
nc40221570,2008-08-04 20:03:24.490,-118.739,37.331,3.73,16.178,California-Nevada border region,027,06027,Inyo County,Inyo
ci14384236,2008-07-29 20:40:41.500,-117.7428333,33.9423333,3.64,15.097,"6km SSE of Chino Hills, CA",071,06071,San Bernardino County,San Bernardino
ci14384052,2008-07-29 18:51:52.290,-117.8018333,33.9516667,3.8,16.083,"6km SW of Chino Hills, CA",037,06037,Los Angeles County,Los Angeles
ci14383980,2008-07-29 18:42:15.670,-117.7663333,33.9485,5.44,15.503,"5km S of Chino Hills, CA",071,06071,San Bernardino County,San Bernardino
nc40220309,2008-07-06 20:25:54.490,-120.7585,35.639,3.7,5.881,"6 km WNW of Paso Robles, California",079,06079,San Luis Obispo County,San Luis Obispo
nc40219867,2008-06-28 14:44:10.510,-118.8188333,37.5848333,3.9,9.597,"9 km WNW of Aspen Springs, California",051,06051,Mono County,Mono
ci14376612,2008-06-23 14:14:57.600,-117.2465,34.0476667,3.99,14.102,"1km E of Loma Linda, CA",071,06071,San Bernardino County,San Bernardino
nc40219463,2008-06-19 23:57:51.680,-121.3086667,36.681,3.8,5.808,"12 km S of Tres Pinos, California",069,06069,San Benito County,San Benito
nc51203888,2008-06-06 09:02:53.890,-122.075,37.8158333,3.5,7.608,"5 km ESE of Moraga, California",013,06013,Contra Costa County,Contra Costa
nc51203773,2008-06-04 02:29:04.150,-122.1838333,38.2418333,3.96,10.065,"2 km WSW of Green Valley, California",095,06095,Solano County,Solano
nc40218402,2008-05-30 04:48:36.230,-122.7641667,38.7758333,4.14,1.023,"6 km SW of Cobb, California",097,06097,Sonoma County,Sonoma
ci10325809,2008-05-20 02:59:51.880,-117.3528333,35.2696667,3.73,3.013,"28km ESE of Johannesburg, CA",071,06071,San Bernardino County,San Bernardino
ci14367532,2008-05-09 22:38:08.350,-116.4555,33.4458333,4.06,9.268,"22km NNW of Borrego Springs, CA",065,06065,Riverside County,Riverside
ci14366244,2008-05-04 18:16:30.280,-116.725,33.214,3.64,8.196,"5km SE of Lake Henshaw, CA",073,06073,San Diego County,San Diego
ci12333763,2008-05-02 04:03:42.440,-118.4068333,35.4725,3.69,4.62,"15km SSE of Bodfish, CA",029,06029,Kern County,Kern
ci10321585,2008-05-01 08:11:43.220,-118.4253333,35.4733333,4.43,4.798,"14km SSE of Bodfish, CA",029,06029,Kern County,Kern
ci10321561,2008-05-01 03:55:35.970,-116.454,33.443,4.19,9.248,"22km NNW of Borrego Springs, CA",065,06065,Riverside County,Riverside
nc40216664,2008-04-30 03:03:06.900,-123.4968333,40.8358333,5.4,27.755,"3 km NNW of Burnt Ranch, California",105,06105,Trinity County,Trinity
nc40216634,2008-04-29 17:45:16.870,-120.7826667,35.4986667,3.6,3.665,"8 km SW of Templeton, California",079,06079,San Luis Obispo County,San Luis Obispo
nc71005734,2008-04-28 01:24:18.680,-118.5213333,37.4051667,3.53,4.408,"2 km SE of Mesa, California",027,06027,Inyo County,Inyo
ci10319993,2008-04-23 01:55:29.400,-116.3403333,34.866,4.14,4.62,"23km NW of Ludlow, CA",071,06071,San Bernardino County,San Bernardino
nc40215734,2008-04-21 22:00:53.770,-124.2081667,40.7801667,4.2,20.609,"2 km WNW of Bayview, California",023,06023,Humboldt County,Humboldt
ci14360416,2008-04-07 01:27:01.320,-117.6745,35.7835,3.59,4.91,"18km N of Ridgecrest, CA",029,06029,Kern County,Kern
nc51198002,2008-03-10 05:14:27.910,-123.2848333,39.3506667,3.7,6.5,"8 km SE of Willits, California",045,06045,Mendocino County,Mendocino
ci14355252,2008-03-09 09:22:32.080,-117.465,34.139,3.97,3.141,"5km N of Fontana, CA",071,06071,San Bernardino County,San Bernardino
ci10310701,2008-03-06 00:14:26.930,-116.8575,34.2981667,3.66,12.129,"4km NNW of Big Bear City, CA",071,06071,San Bernardino County,San Bernardino
ci14352412,2008-02-24 14:13:33.900,-115.9553333,32.6578333,3.54,13.386,"9km SSE of Ocotillo, CA",025,06025,Imperial County,Imperial
nc51197011,2008-02-24 05:32:10.270,-122.81,38.8196667,3.99,2.154,"7 km W of Cobb, California",097,06097,Sonoma County,Sonoma
ci14350776,2008-02-18 15:15:31.660,-118.0331667,36.5826667,3.77,9.331,"3km E of Lone Pine, CA",027,06027,Inyo County,Inyo
ci14350304,2008-02-16 11:56:35.990,-117.7325,35.9565,3.58,1.504,"16km E of Little Lake, CA",027,06027,Inyo County,Inyo
nc40210467,2008-02-01 04:56:28.420,-120.1848333,36.0661667,3.56,17.542,"8 km NW of Avenal, California",019,06019,Fresno County,Fresno
nc51194936,2008-01-19 23:13:05.430,-122.7036667,40.1776667,4.7,2.049,"31 km NW of Rancho Tehama Reserve, California",103,06103,Tehama County,Tehama
nc51194914,2008-01-19 17:18:46.470,-122.7593333,40.1671667,4.5,10.169,"34 km WNW of Rancho Tehama Reserve, California",103,06103,Tehama County,Tehama
ci10299017,2008-01-11 12:05:11.880,-118.5541667,35.3441667,3.9,6.411,"25km NNW of Tehachapi, CA",029,06029,Kern County,Kern
ci10295849,2007-12-19 12:14:09.630,-116.9813333,34.1561667,4.06,7.817,"12km SSW of Big Bear Lake, CA",071,06071,San Bernardino County,San Bernardino
ci10293685,2007-12-08 13:55:43.960,-116.159,32.648,3.96,10.25,"18km WSW of Ocotillo, CA",073,06073,San Diego County,San Diego
nc40206647,2007-12-01 20:50:12.260,-122.7911667,38.8155,3.93,2.146,"5 km W of Cobb, California",097,06097,Sonoma County,Sonoma
nc51189877,2007-11-01 16:34:31.280,-118.8136667,37.5396667,3.53,4.847,"9 km W of Aspen Springs, California",051,06051,Mono County,Mono
nc51189819,2007-10-31 22:54:24.520,-121.7798333,37.4351667,3.69,8.548,"6 km NNE of East Foothills, California",085,06085,Santa Clara County,Santa Clara
nc40204628,2007-10-31 03:04:54.810,-121.7743333,37.4335,5.45,9.741,"6 km NNE of East Foothills, California",085,06085,Santa Clara County,Santa Clara
ci14330056,2007-10-24 12:22:48.770,-117.6846667,35.838,4.34,3.54,"23km ESE of Little Lake, CA",027,06027,Inyo County,Inyo
ci10285533,2007-10-16 08:53:44.120,-117.6346667,34.3853333,4.2,6.367,"3km N of Wrightwood, CA",071,06071,San Bernardino County,San Bernardino
ci14325560,2007-09-25 22:38:23.960,-117.4705,33.7371667,3.94,9.268,"14km NE of Trabuco Canyon, CA",065,06065,Riverside County,Riverside
ci14325120,2007-09-23 08:13:41.750,-116.0515,32.6975,3.63,9.02,"7km SW of Ocotillo, CA",025,06025,Imperial County,Imperial
nc40201994,2007-09-17 14:43:20.610,-122.3881667,38.8601667,3.6,8.022,Northern California,113,06113,Yolo County,Yolo
nc40201735,2007-09-13 00:51:42.260,-120.3088333,36.2433333,3.94,11.639,"12 km NNE of Coalinga, California",019,06019,Fresno County,Fresno
ci10279321,2007-09-12 11:30:25.640,-117.4833333,33.7306667,3.79,10.602,"12km NE of Trabuco Canyon, CA",065,06065,Riverside County,Riverside
nc40201555,2007-09-09 12:19:46.320,-122.8673333,38.83,3.5,2.122,"12 km W of Cobb, California",097,06097,Sonoma County,Sonoma
ci10276637,2007-09-05 15:16:47.810,-117.4768333,33.7345,3.5,4.092,"13km NE of Trabuco Canyon, CA",065,06065,Riverside County,Riverside
ci10275733,2007-09-02 17:29:14.790,-117.477,33.7321667,4.73,12.192,"13km NE of Trabuco Canyon, CA",065,06065,Riverside County,Riverside
ci10273353,2007-08-29 04:13:48.600,-116.052,33.1051667,3.72,11.811,"8km ESE of Ocotillo Wells, CA",025,06025,Imperial County,Imperial
ci14313828,2007-08-16 19:23:23.450,-118.6161667,34.2988333,3.57,4.672,"5km NNW of Chatsworth, CA",037,06037,Los Angeles County,Los Angeles
ci14312160,2007-08-09 07:58:49.590,-118.6195,34.2995,4.66,7.062,"5km NNW of Chatsworth, CA",037,06037,Los Angeles County,Los Angeles
nc51184307,2007-07-20 17:50:20.350,-122.8066667,38.8066667,3.79,0.342,"7 km WSW of Cobb, California",097,06097,Sonoma County,Sonoma
nc40199209,2007-07-20 11:42:22.360,-122.193,37.804,4.2,5.262,"4 km ESE of Piedmont, California",001,06001,Alameda County,Alameda
ci10260293,2007-07-08 07:27:41.180,-119.6808333,34.8651667,3.74,-1.324,"33km SW of Maricopa, CA",083,06083,Santa Barbara County,Santa Barbara
nc51183708,2007-07-02 19:58:53.160,-121.621,36.8816667,4.2,8.06,"2km ESE of Aromas, CA",069,06069,San Benito County,San Benito
nc51183428,2007-06-23 22:33:29.440,-123.7326667,40.2615,3.54,25.982,"7 km NE of Phillipsville, California",023,06023,Humboldt County,Humboldt
nc51182810,2007-06-12 07:23:43.130,-118.8675,37.5403333,4.6,7.94,"14km SE of Mammoth Lakes, CA",051,06051,Mono County,Mono
nc51182809,2007-06-12 07:22:36.080,-118.8676667,37.5421667,3.6,7.427,"13 km W of Aspen Springs, California",051,06051,Mono County,Mono
ci14296288,2007-06-05 21:13:07.670,-119.2253333,34.8793333,3.56,12.167,"8km WNW of Pine Mountain Club, CA",029,06029,Kern County,Kern
ci14295984,2007-06-04 08:15:09.230,-119.2288333,34.8793333,3.74,11.537,"8km WNW of Pine Mountain Club, CA",029,06029,Kern County,Kern
ci14295640,2007-06-02 05:11:26.470,-116.2118333,33.8718333,4.26,4.233,"17km N of Indio, CA",065,06065,Riverside County,Riverside
ci14295380,2007-06-01 02:08:37.830,-116.1105,32.6753333,4.06,11.463,"13km WSW of Ocotillo, CA",073,06073,San Diego County,San Diego
ci10249569,2007-05-24 06:15:15.580,-117.3851667,34.1968333,3.92,12.285,"3km SSE of Devore, CA",071,06071,San Bernardino County,San Bernardino
ci10249565,2007-05-24 06:11:39.770,-117.3861667,34.1971667,3.86,12.115,"3km SSE of Devore, CA",071,06071,San Bernardino County,San Bernardino
nc51182151,2007-05-22 11:34:12.170,-120.4125,35.862,4.01,8.65,"4km SSE of Parkfield, CA",053,06053,Monterey County,Monterey
nc51182114,2007-05-20 23:10:19.540,-121.727,37.364,3.5,6.358,"8 km ESE of East Foothills, California",085,06085,Santa Clara County,Santa Clara
ci10248477,2007-05-20 09:40:43.800,-115.9213333,32.9703333,3.69,4.096,"27km NNE of Ocotillo, CA",025,06025,Imperial County,Imperial
ci14287800,2007-04-28 14:55:17.500,-116.499,33.0743333,3.56,10.705,"10km E of Julian, CA",073,06073,San Diego County,San Diego
nc51181154,2007-04-24 21:08:28.530,-122.7965,38.7946667,4.46,1.65,"7 km WSW of Cobb, California",097,06097,Sonoma County,Sonoma
nc40195896,2007-04-20 03:25:27.010,-119.534,38.6493333,3.56,1.366,"3 km NNW of Topaz, California",051,06051,Mono County,Mono
nc40195856,2007-04-19 03:52:44.410,-123.1061667,39.4408333,3.5,3.878,"13 km N of Potter Valley, California",045,06045,Mendocino County,Mendocino
ci14285852,2007-04-18 22:23:12.000,-116.5941667,33.448,3.56,10.01,"14km SSE of Anza, CA",065,06065,Riverside County,Riverside
nc40195779,2007-04-18 08:42:22.330,-123.1073333,39.4645,4.79,4.725,"15 km N of Potter Valley, California",045,06045,Mendocino County,Mendocino
ci14285168,2007-04-15 22:57:26.720,-116.0565,32.6923333,4.41,7.703,"8km SW of Ocotillo, CA",025,06025,Imperial County,Imperial
nc40195236,2007-04-02 01:04:15.280,-118.3781667,37.3738333,3.94,12.276,"1 km NE of Bishop, California",027,06027,Inyo County,Inyo
ci14282008,2007-03-30 09:09:35.830,-117.7753333,36.0276667,4.11,-0.663,"16km NE of Little Lake, CA",027,06027,Inyo County,Inyo
nc51179423,2007-03-09 03:20:09.820,-119.3625,38.4111667,3.87,5.483,"15 km SE of Walker, California",051,06051,Mono County,Mono
nc51179422,2007-03-09 03:17:32.110,-119.3606667,38.4293333,4.7,6.785,"13 km SE of Walker, California",051,06051,Mono County,Mono
nc40194055,2007-03-02 04:40:00.750,-122.1113333,37.8965,4.23,15.981,"1 km NNE of Lafayette, California",013,06013,Contra Costa County,Contra Costa
nc40193905,2007-02-25 17:02:27.480,-121.075,37.3055,3.5,6.282,"4 km W of Newman, California",099,06099,Stanislaus County,Stanislaus
ci10230869,2007-02-09 03:33:44.070,-116.148,33.2113333,4.29,11.881,"8km NNW of Ocotillo Wells, CA",073,06073,San Diego County,San Diego
ci10226877,2007-01-17 16:07:47.800,-116.3163333,32.9816667,3.81,3.359,"25km SW of Ocotillo Wells, CA",073,06073,San Diego County,San Diego
nc51177779,2007-01-17 14:01:08.040,-118.5311667,37.4071667,3.6,5.23,"1 km SE of Mesa, California",027,06027,Inyo County,Inyo
nc51177644,2007-01-12 11:27:50.290,-122.6156667,38.3901667,3.7,9.694,"6 km WSW of Kenwood, California",097,06097,Sonoma County,Sonoma
ci10223765,2006-12-24 03:43:38.860,-116.0508333,33.7068333,4.11,12.696,"11km NE of Thermal, CA",065,06065,Riverside County,Riverside
nc51177103,2006-12-23 06:49:57.280,-122.2451667,37.8576667,3.6,9.153,"2 km ESE of Berkeley, California",001,06001,Alameda County,Alameda
nc51177042,2006-12-21 03:12:28.760,-122.2446667,37.8571667,3.6,8.643,"2 km ESE of Berkeley, California",001,06001,Alameda County,Alameda
nc51176976,2006-12-19 15:21:42.410,-118.1878333,37.4956667,3.7,3.938,"21 km SSW of Dyer, Nevada",051,06051,Mono County,Mono
nc51176849,2006-12-16 06:14:05.350,-120.2916667,36.173,4.2,10.21,"7km ENE of Coalinga, CA",019,06019,Fresno County,Fresno
nc51176830,2006-12-15 19:21:55.920,-120.2915,36.172,3.88,9.659,"7 km ENE of Coalinga, California",019,06019,Fresno County,Fresno
ci14263768,2006-11-29 22:15:39.200,-115.9796667,32.8228333,3.87,1.211,"10km N of Ocotillo, CA",025,06025,Imperial County,Imperial
nc21549979,2006-11-29 21:20:46.780,-121.4538333,36.8485,3.7,3.05,"4 km W of Hollister, California",069,06069,San Benito County,San Benito
ci14263716,2006-11-29 21:12:52.410,-115.977,32.8255,3.75,2.191,"10km N of Ocotillo, CA",025,06025,Imperial County,Imperial
ci14263712,2006-11-29 21:10:55.430,-115.9725,32.8205,4.11,3.621,"10km NNE of Ocotillo, CA",025,06025,Imperial County,Imperial
ci14263544,2006-11-29 12:17:35.540,-115.9708333,32.8181667,3.9,3.081,"10km NNE of Ocotillo, CA",025,06025,Imperial County,Imperial
nc21549695,2006-11-28 04:06:40.160,-120.7543333,35.6318333,3.8,6.442,"5 km W of Paso Robles, California",079,06079,San Luis Obispo County,San Luis Obispo
ci14263132,2006-11-27 21:14:16.580,-117.7116667,36.0611667,3.88,-0.302,"21km E of Coso Junction, CA",027,06027,Inyo County,Inyo
nc21549461,2006-11-26 22:11:48.820,-118.8403333,37.4536667,3.8,6.206,California-Nevada border region,019,06019,Fresno County,Fresno
nc21548264,2006-11-17 13:33:36.950,-122.0715,40.1513333,3.5,27.662,"11 km NE of Proberta, California",103,06103,Tehama County,Tehama
ci10217433,2006-11-14 13:32:14.960,-116.0416667,32.6921667,3.94,7.966,"7km SW of Ocotillo, CA",025,06025,Imperial County,Imperial
nc21547458,2006-11-10 05:05:56.300,-123.2808333,39.3576667,3.7,2.59,"8 km SE of Willits, California",045,06045,Mendocino County,Mendocino
nc21547350,2006-11-09 08:38:13.440,-123.2823333,39.3586667,4.1,4.06,"8 km SE of Willits, California",045,06045,Mendocino County,Mendocino
ci10216101,2006-11-04 19:43:44.610,-117.5761667,34.2058333,3.6,3.846,"9km N of Rancho Cucamonga, CA",071,06071,San Bernardino County,San Bernardino
ci10215765,2006-11-03 16:12:13.310,-116.057,32.6975,3.65,8.88,"7km SW of Ocotillo, CA",025,06025,Imperial County,Imperial
ci10215753,2006-11-03 15:56:43.050,-116.0481667,32.676,4.62,13.436,"8km SW of Ocotillo, CA",025,06025,Imperial County,Imperial
nc21545945,2006-10-31 20:26:06.920,-120.4073333,35.8555,3.63,8.765,"5 km SSE of Parkfield, California",053,06053,Monterey County,Monterey
nc21544051,2006-10-20 23:31:39.690,-122.783,38.865,3.86,1.979,"7 km NW of Cobb, California",033,06033,Lake County,Lake
nc21543835,2006-10-20 17:00:08.100,-122.7873333,38.8666667,4.56,2.546,"7 km NW of Cobb, California",033,06033,Lake County,Lake
nc21543593,2006-10-19 15:20:05.290,-124.3246667,40.2795,3.65,15.937,"29 km SW of Scotia, California",023,06023,Humboldt County,Humboldt
ci14255632,2006-10-09 20:26:50.860,-116.0678333,33.261,4.01,8.997,"11km WSW of Salton City, CA",025,06025,Imperial County,Imperial
nc21539696,2006-09-29 21:54:09.460,-118.8425,37.4493333,3.8,6.332,"16 km SW of Aspen Springs, California",019,06019,Fresno County,Fresno
nc21539036,2006-09-26 20:56:13.420,-123.2185,39.312,3.9,11.522,"5 km NNW of Redwood Valley, California",045,06045,Mendocino County,Mendocino
ci10207737,2006-09-14 01:25:14.630,-116.0636667,32.6986667,3.64,9.37,"8km WSW of Ocotillo, CA",025,06025,Imperial County,Imperial
ci10207681,2006-09-14 00:11:06.110,-116.0528333,32.6951667,4.05,9.92,"7km SW of Ocotillo, CA",025,06025,Imperial County,Imperial
ci10206665,2006-09-06 22:18:01.510,-116.0436667,33.1758333,3.66,12.813,"9km ENE of Ocotillo Wells, CA",025,06025,Imperial County,Imperial
ci10205997,2006-09-02 16:29:42.040,-116.368,33.9453333,3.62,8.367,"12km E of Desert Hot Springs, CA",065,06065,Riverside County,Riverside
ci10200841,2006-08-07 01:01:42.370,-116.0356667,33.243,3.68,9.182,"10km SW of Salton City, CA",025,06025,Imperial County,Imperial
nc21530368,2006-08-03 03:08:12.860,-122.5886667,38.3635,4.5,8.55,"5 km W of Glen Ellen, California",097,06097,Sonoma County,Sonoma
ci14242516,2006-07-23 15:58:52.450,-117.4778333,33.73,3.69,10.442,"13km NE of Trabuco Canyon, CA",065,06065,Riverside County,Riverside
ci14239768,2006-07-12 22:22:46.290,-117.9035,36.0755,3.69,2.061,"5km NE of Coso Junction, CA",027,06027,Inyo County,Inyo
ci14239764,2006-07-12 22:20:50.220,-117.9021667,36.071,4.02,2.981,"5km NE of Coso Junction, CA",027,06027,Inyo County,Inyo
ci14239184,2006-07-10 02:54:43.890,-117.1121667,33.856,3.9,10.953,"7km NNE of Nuevo, CA",065,06065,Riverside County,Riverside
nc21525602,2006-07-03 12:44:51.080,-123.1205,39.4538333,3.6,8.391,"14 km N of Potter Valley, California",045,06045,Mendocino County,Mendocino
ci14236768,2006-06-30 00:28:06.560,-116.036,33.2406667,4.37,3.459,"10km SW of Salton City, CA",025,06025,Imperial County,Imperial
nc21522424,2006-06-15 12:24:51.110,-121.492,37.1015,4.3,2.831,"10 km E of San Martin, California",085,06085,Santa Clara County,Santa Clara
ci10187953,2006-06-08 22:45:54.810,-116.7936667,33.9196667,3.87,17.605,"1km WNW of Cabazon, CA",065,06065,Riverside County,Riverside
ci10186185,2006-06-02 00:56:15.020,-115.855,32.6761667,3.86,5.973,"14km ESE of Ocotillo, CA",025,06025,Imperial County,Imperial
nc21519587,2006-05-29 10:38:44.350,-120.4558333,39.3703333,3.7,6.845,"5 km NNW of Kingvale, California",057,06057,Nevada County,Nevada
nc30230549,2006-05-12 10:38:35.860,-122.8536667,38.8433333,4.15,2.044,"11 km WNW of Cobb, California",097,06097,Sonoma County,Sonoma
nc21516950,2006-05-12 10:37:29.330,-122.8138333,38.8171667,4.71,3.618,"7 km W of Cobb, California",097,06097,Sonoma County,Sonoma
nc21512041,2006-04-07 12:53:26.390,-121.0973333,35.7301667,3.67,6.751,"11 km WSW of Oak Shores, California",079,06079,San Luis Obispo County,San Luis Obispo
nc21512022,2006-04-07 10:04:28.290,-123.35,39.5646667,3.5,8.941,"13 km NNE of Brooktrails, California",045,06045,Mendocino County,Mendocino
nc21511951,2006-04-07 01:06:54.940,-121.0933333,35.7251667,4.2,6.761,"11 km WSW of Oak Shores, California",079,06079,San Luis Obispo County,San Luis Obispo
nc21511755,2006-04-05 14:36:53.350,-121.0928333,35.7271667,3.63,6.741,"11 km WSW of Oak Shores, California",079,06079,San Luis Obispo County,San Luis Obispo
nc21511291,2006-04-01 12:25:59.780,-121.0935,36.5195,4.34,1.434,"23 km ENE of Soledad, California",069,06069,San Benito County,San Benito
ci14219360,2006-03-29 01:36:23.010,-117.5875,35.6218333,4.11,7.927,"8km E of Ridgecrest, CA",071,06071,San Bernardino County,San Bernardino
ci14218504,2006-03-24 05:54:13.010,-116.1785,33.7866667,3.66,9.288,"8km NNE of Indio, CA",065,06065,Riverside County,Riverside
nc21510121,2006-03-21 21:41:42.220,-122.071,37.8093333,3.7,12.653,"5 km SW of Alamo, California",013,06013,Contra Costa County,Contra Costa
ci14217884,2006-03-20 17:16:19.680,-116.2213333,32.8736667,3.65,11.64,"26km NW of Ocotillo, CA",073,06073,San Diego County,San Diego
ci14216544,2006-03-11 07:45:03.640,-116.8281667,34.2895,3.53,3.579,"4km NNE of Big Bear City, CA",071,06071,San Bernardino County,San Bernardino
ci14215316,2006-03-03 13:44:05.210,-117.5563333,35.1213333,3.71,1.157,"16km NNE of Boron, CA",071,06071,San Bernardino County,San Bernardino
nc21508102,2006-03-03 12:49:50.950,-123.1141667,39.0315,3.69,5.899,"6 km N of Hopland, California",045,06045,Mendocino County,Mendocino
nc21506332,2006-02-16 17:47:59.650,-118.7735,37.9848333,4.1,8.174,"30 km E of Lee Vining, California",051,06051,Mono County,Mono
nc21504088,2006-01-25 15:29:57.150,-121.4846667,37.3865,3.6,5.149,"18 km W of Diablo Grande, California",085,06085,Santa Clara County,Santa Clara
nc21502994,2006-01-15 10:42:06.990,-121.5118333,37.3846667,3.6,2.313,"20 km W of Diablo Grande, California",085,06085,Santa Clara County,Santa Clara
nc21501572,2005-12-31 21:31:28.370,-119.8295,35.975,3.92,25.082,"12 km ESE of Kettleman City, California",031,06031,Kings County,Kings
ci14204720,2005-12-17 02:15:27.490,-117.4468333,34.2396667,3.61,9.712,"5km WNW of Devore, CA",071,06071,San Bernardino County,San Bernardino
ci14204000,2005-12-13 20:35:22.810,-117.558,35.1271667,3.79,-1.019,"16km NNE of Boron, CA",071,06071,San Bernardino County,San Bernardino
ci14201764,2005-12-03 07:49:34.590,-116.8331667,34.329,4.17,3.672,"8km N of Big Bear City, CA",071,06071,San Bernardino County,San Bernardino
nc21495829,2005-11-21 09:33:11.230,-118.896,38.0638333,3.98,9.835,"21 km E of Mono City, California",051,06051,Mono County,Mono
nc30229701,2005-11-17 08:56:26.920,-122.771,38.8038333,3.52,0.824,"4 km WSW of Cobb, California",097,06097,Sonoma County,Sonoma
nc21495369,2005-11-17 08:55:05.710,-122.7835,38.8138333,3.88,1.484,"5 km W of Cobb, California",097,06097,Sonoma County,Sonoma
ci10150549,2005-10-29 09:20:11.510,-116.9598333,35.0325,3.58,3.135,"16km NNE of Barstow, CA",071,06071,San Bernardino County,San Bernardino
nc21490563,2005-10-20 16:26:50.760,-123.3125,41.0275,3.57,34.635,"24 km NE of Trinity Village, California",105,06105,Trinity County,Trinity
nc21490245,2005-10-19 00:05:12.030,-122.881,38.835,4.14,2.009,"12 km ENE of Cloverdale, California",097,06097,Sonoma County,Sonoma
ci10148421,2005-10-18 07:31:03.470,-116.7755,34.0121667,4.42,17.785,"11km N of Cabazon, CA",065,06065,Riverside County,Riverside
ci10148369,2005-10-18 04:08:41.520,-116.7753333,34.0141667,4.1,15.676,"11km N of Cabazon, CA",065,06065,Riverside County,Riverside
nc21488576,2005-10-09 05:10:52.340,-121.0968333,35.6671667,3.56,5.726,"8 km ENE of San Simeon, California",079,06079,San Luis Obispo County,San Luis Obispo
nc21488452,2005-10-08 12:17:46.250,-121.0983333,35.671,3.9,5.746,"8 km ENE of San Simeon, California",079,06079,San Luis Obispo County,San Luis Obispo
nc21487209,2005-10-03 09:19:03.390,-118.8235,37.5515,3.71,8.049,"9 km W of Aspen Springs, California",051,06051,Mono County,Mono
nc21487037,2005-10-02 13:48:09.410,-121.0916667,35.6476667,4.0,4.516,"8 km E of San Simeon, California",079,06079,San Luis Obispo County,San Luis Obispo
ci14187364,2005-09-25 00:10:09.160,-118.4675,35.3816667,3.64,4.87,"23km S of Bodfish, CA",029,06029,Kern County,Kern
ci14186928,2005-09-23 10:21:27.370,-119.035,35.04,3.69,10.172,"14km NW of Grapevine, CA",029,06029,Kern County,Kern
ci14186800,2005-09-23 00:09:32.710,-119.0206667,35.0443333,3.78,11.322,"14km NW of Grapevine, CA",029,06029,Kern County,Kern
ci14186628,2005-09-22 20:30:52.410,-119.007,35.0448333,4.18,10.185,"13km NNW of Grapevine, CA",029,06029,Kern County,Kern
ci14186612,2005-09-22 20:24:48.620,-119.0143333,35.0433333,4.69,10.005,"14km NW of Grapevine, CA",029,06029,Kern County,Kern
ci14186608,2005-09-22 20:24:04.880,-119.0096667,35.0338333,4.47,10.145,"12km NW of Grapevine, CA",029,06029,Kern County,Kern
ci14185700,2005-09-19 23:00:16.270,-115.5295,33.2398333,3.8,9.554,"1km W of Niland, CA",025,06025,Imperial County,Imperial
ci14183744,2005-09-11 06:07:27.560,-116.0441667,33.1733333,3.77,0.084,"9km ENE of Ocotillo Wells, CA",025,06025,Imperial County,Imperial
ci14181756,2005-09-05 08:53:53.550,-115.6213333,33.1761667,3.83,6.067,"11km WNW of Calipatria, CA",025,06025,Imperial County,Imperial
ci14179924,2005-09-02 02:46:35.500,-115.647,33.154,3.76,4.866,"13km WNW of Calipatria, CA",025,06025,Imperial County,Imperial
ci14179736,2005-09-02 01:27:19.590,-115.6463333,33.1533333,5.08,1.207,"13km WNW of Calipatria, CA",025,06025,Imperial County,Imperial
ci12217067,2005-09-02 01:27:18.610,-115.6311667,33.1748333,4.5,4.977,"12km WNW of Calipatria, CA",025,06025,Imperial County,Imperial
ci14179292,2005-09-01 13:50:20.190,-115.6328333,33.1783333,4.48,0.004,"12km WNW of Calipatria, CA",025,06025,Imperial County,Imperial
ci12216915,2005-09-01 13:50:09.270,-115.6311667,33.1693333,3.65,4.263,"12km WNW of Calipatria, CA",025,06025,Imperial County,Imperial
ci14179288,2005-09-01 13:48:25.030,-115.6213333,33.1705,3.68,4.443,"11km WNW of Calipatria, CA",025,06025,Imperial County,Imperial
ci12217251,2005-08-31 23:33:38.850,-115.606,33.2006667,3.79,3.807,"9km WSW of Niland, CA",025,06025,Imperial County,Imperial
ci14178248,2005-08-31 23:32:11.040,-115.603,33.1896667,4.57,4.267,"10km SW of Niland, CA",025,06025,Imperial County,Imperial
ci14178236,2005-08-31 23:27:32.190,-115.5891667,33.1983333,4.45,2.892,"8km SW of Niland, CA",025,06025,Imperial County,Imperial
ci14178212,2005-08-31 23:07:16.450,-115.618,33.1758333,4.2,4.622,"11km WNW of Calipatria, CA",025,06025,Imperial County,Imperial
ci14178188,2005-08-31 22:50:24.030,-115.6115,33.1721667,4.46,2.003,"10km WNW of Calipatria, CA",025,06025,Imperial County,Imperial
ci14178184,2005-08-31 22:47:45.530,-115.6351667,33.1663333,4.63,4.003,"12km WNW of Calipatria, CA",025,06025,Imperial County,Imperial
ci12217219,2005-08-31 22:47:44.850,-115.6186667,33.1716667,3.5,3.883,"11km WNW of Calipatria, CA",025,06025,Imperial County,Imperial
ci14178180,2005-08-31 22:45:49.820,-115.6221667,33.172,3.62,4.337,"11km WNW of Calipatria, CA",025,06025,Imperial County,Imperial
ci14177900,2005-08-31 15:35:37.470,-115.6053333,33.1885,3.76,4.558,"10km SW of Niland, CA",025,06025,Imperial County,Imperial
nc21479484,2005-08-25 02:27:44.280,-124.3086667,40.4816667,4.11,26.711,"11km SSW of Ferndale, CA",023,06023,Humboldt County,Humboldt
nc21476836,2005-08-13 19:13:20.740,-121.2496667,36.6335,3.6,7.06,"18 km SSE of Tres Pinos, California",069,06069,San Benito County,San Benito
ci14169456,2005-08-06 05:40:33.460,-118.045,36.1391667,4.38,-1.829,"14km NW of Coso Junction, CA",027,06027,Inyo County,Inyo
nc30506986,2005-07-25 09:42:52.370,-119.5751667,37.1156667,3.64,1.987,"8 km WNW of Auberry, California",039,06039,Madera County,Madera
ci14163180,2005-07-16 04:58:31.740,-116.3206667,34.8443333,3.77,1.808,"20km NW of Ludlow, CA",071,06071,San Bernardino County,San Bernardino
nc21466200,2005-06-29 17:20:31.180,-120.4551667,35.9858333,3.93,23.157,"9 km NNW of Parkfield, California",053,06053,Monterey County,Monterey
ci14158696,2005-06-27 22:17:33.610,-117.0305,34.0541667,3.96,11.48,"3km NNE of Yucaipa, CA",071,06071,San Bernardino County,San Bernardino
nc21465580,2005-06-26 18:45:57.790,-120.0928333,39.305,4.77,-2.261,"8 km NNW of Tahoe Vista, California",061,06061,Placer County,Placer
ci12196991,2005-06-16 20:54:19.950,-117.0231667,34.0526667,3.65,16.251,"3km NE of Yucaipa, CA",071,06071,San Bernardino County,San Bernardino
ci14155260,2005-06-16 20:53:26.020,-117.0113333,34.058,4.88,10.558,"4km NE of Yucaipa, CA",071,06071,San Bernardino County,San Bernardino
nc21462938,2005-06-16 11:37:51.460,-120.1478333,36.0828333,3.54,15.517,"8 km N of Avenal, California",019,06019,Fresno County,Fresno
nc21462363,2005-06-15 02:57:00.600,-122.8036667,38.8441667,3.5,1.465,"7 km WNW of Cobb, California",033,06033,Lake County,Lake
nn00157830,2005-06-14 01:31:42.116,-120.621,39.5249,3.7,11.5,"4 km SSE of Sierra City, California",091,06091,Sierra County,Sierra
ci14151344,2005-06-12 15:41:46.520,-116.5666667,33.5325,5.2,13.051,"10km ESE of Anza, CA",065,06065,Riverside County,Riverside
nc21461462,2005-06-09 13:33:05.510,-120.7991667,35.5503333,3.5,3.57,"8 km W of Templeton, California",079,06079,San Luis Obispo County,San Luis Obispo
nc21460608,2005-06-04 23:52:36.220,-120.276,36.2385,3.57,12.6,"13 km NE of Coalinga, California",019,06019,Fresno County,Fresno
nc21460096,2005-06-02 14:18:05.850,-121.0926667,35.6666667,3.51,5.539,"9 km ENE of San Simeon, California",079,06079,San Luis Obispo County,San Luis Obispo
nc21458405,2005-05-24 17:06:20.670,-121.086,35.6696667,3.53,5.139,"9 km ENE of San Simeon, California",079,06079,San Luis Obispo County,San Luis Obispo
nc21458268,2005-05-23 19:59:58.660,-121.0835,35.6696667,4.07,5.489,"10 km ENE of San Simeon, California",079,06079,San Luis Obispo County,San Luis Obispo
ci14146956,2005-05-21 00:39:32.690,-116.2048333,33.2235,4.06,14.864,"11km NW of Ocotillo Wells, CA",073,06073,San Diego County,San Diego
nc21456837,2005-05-16 07:24:37.510,-120.477,35.9288333,4.48,9.476,"5 km NW of Parkfield, California",053,06053,Monterey County,Monterey
nc21455783,2005-05-10 20:21:10.510,-121.7576667,40.9461667,4.43,17.106,"10 km NW of Burney, California",089,06089,Shasta County,Shasta
nc21455621,2005-05-09 22:37:39.060,-122.7546667,38.7885,4.33,-0.514,"4 km SW of Cobb, California",097,06097,Sonoma County,Sonoma
nc21455182,2005-05-08 08:43:55.350,-122.1623333,38.3783333,4.14,8.527,"7 km SSE of Moskowite Corner, California",055,06055,Napa County,Napa
ci10097009,2005-05-06 02:29:09.510,-119.1813333,35.0306667,4.06,10.678,"20km E of Maricopa, CA",029,06029,Kern County,Kern
ci14139032,2005-04-20 22:40:48.780,-119.0881667,34.8936667,3.61,10.265,"8km NE of Pine Mountain Club, CA",029,06029,Kern County,Kern
ci14138080,2005-04-16 19:18:13.400,-119.191,35.0223333,4.59,9.288,"20km ESE of Maricopa, CA",029,06029,Kern County,Kern
ci14137160,2005-04-12 11:06:46.680,-116.8211667,32.7248333,3.94,9.787,"5km E of Jamul, CA",073,06073,San Diego County,San Diego
nc21447168,2005-03-26 04:36:48.830,-120.387,35.8388333,3.68,6.459,"7 km SSE of Parkfield, California",053,06053,Monterey County,Monterey
ci14133048,2005-03-22 08:55:05.580,-116.2595,33.28,3.7,4.258,"11km ENE of Borrego Springs, CA",073,06073,San Diego County,San Diego
ci14131872,2005-03-14 20:23:07.110,-118.669,34.423,3.55,13.737,"8km SSW of Castaic, CA",037,06037,Los Angeles County,Los Angeles
nc21445149,2005-03-13 22:09:12.760,-118.8398333,37.4536667,4.0,5.448,"15 km SW of Aspen Springs, California",019,06019,Fresno County,Fresno
nc21438324,2005-02-08 22:00:48.890,-120.5053333,35.9538333,3.54,9.042,"8 km NW of Parkfield, California",053,06053,Monterey County,Monterey
nc21437727,2005-02-05 18:43:30.310,-121.4833333,37.4003333,4.18,7.195,"18 km W of Diablo Grande, California",085,06085,Santa Clara County,Santa Clara
nc21436234,2005-01-28 13:03:26.320,-120.042,36.0461667,3.85,9.566,"8 km WNW of Kettleman City, California",031,06031,Kings County,Kings
ci14118096,2005-01-12 08:10:46.380,-116.3953333,33.9526667,4.26,7.107,"10km E of Desert Hot Springs, CA",065,06065,Riverside County,Riverside
ci14116972,2005-01-06 14:35:27.680,-117.4448333,34.1238333,4.42,6.148,"3km NNE of Fontana, CA",071,06071,San Bernardino County,San Bernardino
ci14116920,2005-01-06 12:11:29.780,-117.4373333,34.1183333,3.56,4.078,"3km NE of Fontana, CA",071,06071,San Bernardino County,San Bernardino
