id,time,longitude,latitude,depth,magnitude,place
nc73827301,2022-12-31 17:57:17.820,-124.4023333,40.5213333,18.87,2.75,"13km WSW of Ferndale, CA"
ci40151807,2022-12-31 12:12:26.650,-116.3933333,33.3975,3.88,4.14,"16 km N of Borrego Springs, CA"
ci40151719,2022-12-31 11:41:09.460,-116.9218333,34.3556667,4.73,3.47,"11km SSE of Lucerne Valley, CA"
nc73827136,2022-12-31 09:18:30.970,-124.3166667,40.5391667,17.7,2.64,"6km SW of Ferndale, CA"
nc73827126,2022-12-31 09:02:23.470,-122.015,38.4573333,18.5,2.76,"6km WNW of Allendale, CA"
nc73827091,2022-12-31 06:37:56.410,-121.4815,35.7735,3.18,2.66,"28km SSE of Lopez Point, CA"
nc73826571,2022-12-29 23:03:35.160,-119.3848333,37.6516667,7.88,2.61,"20km ESE of Yosemite Valley, CA"
nc73826471,2022-12-29 17:17:29.200,-124.0883333,40.5995,17.5,2.54,"6km N of Hydesville, CA"
nc73826156,2022-12-29 00:16:18.980,-124.0901667,40.5875,22.1,2.97,"4km N of Hydesville, CA"
nn00854257,2022-12-28 13:22:52.129,-118.1503,39.0976,8.1,3.4,"32 km NW of Gabbs, Nevada"
ci40150719,2022-12-28 00:55:24.090,-115.604,33.1173333,9.62,2.66,"8km W of Calipatria, CA"
nn00854243,2022-12-28 00:27:22.080,-118.1948,38.4897,2.1,2.6,"13 km NW of Mina, Nevada"
nc73825756,2022-12-27 18:07:18.980,-122.7681667,38.7865,1.61,2.5,"1km NW of The Geysers, CA"
ci40150599,2022-12-27 14:50:47.040,-116.8873333,34.5795,5.53,2.99,"17km NNE of Lucerne Valley, CA"
nc73825276,2022-12-26 13:58:53.920,-124.3978333,40.523,18.34,2.68,"13km WSW of Ferndale, CA"
nn00854164,2022-12-25 23:11:25.456,-117.9265,38.4913,2.9,2.9,"19 km NE of Mina, Nevada"
ci40149879,2022-12-25 18:53:13.340,-116.766,33.9778333,16.51,2.57,"7km NNE of Cabazon, CA"
ci40149623,2022-12-25 08:40:38.690,-116.3198333,33.9333333,5.06,2.5,"14km NNE of Thousand Palms, CA"
nc73824236,2022-12-24 19:33:44.190,-124.0083333,40.5571667,22.4,4.16,"8km E of Hydesville, CA"
nc73823706,2022-12-23 14:36:59.120,-122.7485,38.5065,6.48,2.52,"1km SSE of Larkfield-Wikiup, CA"
nc73823036,2022-12-22 11:49:55.860,-124.3346667,40.3601667,28.71,3.79,"6km NW of Petrolia, CA"
nc73822906,2022-12-22 05:24:44.280,-124.1008333,40.5978333,19.42,2.71,"5km E of Fortuna, CA"
nc73822861,2022-12-22 02:22:50.250,-122.025,37.6201667,3.82,3.34,"3km N of Union City, CA"
nc73822836,2022-12-22 01:21:23.600,-124.0696667,40.6041667,15.82,2.68,"7km NNE of Hydesville, CA"
nc73822711,2022-12-21 20:56:12.360,-124.0081667,40.6381667,18.26,2.65,"13km NE of Hydesville, CA"
nn00853880,2022-12-21 16:43:16.326,-117.8282,38.1705,8.6,2.6,"34 km SE of Mina, Nevada"
nc73822566,2022-12-21 16:34:26.520,-122.1453333,37.739,4.17,2.93,"2km NNE of San Leandro, CA"
nc73822556,2022-12-21 16:28:16.310,-124.0651667,40.5971667,22.03,3.3,"6km NNE of Hydesville, CA"
ci40392904,2022-12-21 11:36:49.040,-117.531,35.6953333,9.46,2.9,"14km SW of Searles Valley, CA"
nn00853864,2022-12-21 11:19:38.652,-117.8429,38.159,9.6,2.9,"34 km SE of Mina, Nevada"
nc73822406,2022-12-21 09:03:11.170,-124.4076667,40.523,18.11,2.85,"14km WSW of Ferndale, CA"
nc73822341,2022-12-21 07:17:15.200,-124.029,40.693,21.97,3.0,"11km ESE of Pine Hills, CA"
nc73822256,2022-12-21 05:02:53.790,-124.0273333,40.5208333,23.31,2.77,"7km ESE of Hydesville, CA"
nc73822251,2022-12-21 04:55:24.650,-124.0765,40.5935,22.58,2.56,"5km NNE of Hydesville, CA"
nc73822246,2022-12-21 04:38:53.080,-124.0805,40.6011667,16.16,2.53,"6km NNE of Hydesville, CA"
ci40392824,2022-12-21 00:46:14.410,-116.1555,33.7866667,5.77,2.55,"9km NE of Indio, CA"
nc73822111,2022-12-21 00:15:31.470,-124.0691667,40.5586667,18.91,2.74,"3km ENE of Hydesville, CA"
nc73822056,2022-12-20 22:43:03.170,-124.3298333,40.533,17.4,2.56,"7km SW of Ferndale, CA"
nc73822026,2022-12-20 22:06:34.380,-124.3291667,40.5455,19.74,4.35,"6km WSW of Ferndale, CA"
nc73822021,2022-12-20 22:01:19.480,-124.1055,40.5795,21.72,2.58,"4km N of Hydesville, CA"
nc73821996,2022-12-20 20:25:47.300,-124.3391667,40.547,15.42,2.53,"7km WSW of Ferndale, CA"
nc73821986,2022-12-20 20:10:26.890,-124.328,40.8146667,26.88,2.8,"13km WNW of Bayview, CA"
nc73821776,2022-12-20 17:00:57.230,-124.3565,40.5368333,16.77,2.81,"9km WSW of Ferndale, CA"
nc73821766,2022-12-20 16:40:03.440,-124.3358333,40.5416667,16.98,2.7,"7km WSW of Ferndale, CA"
nc73821761,2022-12-20 16:33:41.550,-124.3623333,40.5303333,17.7,3.2,"10km WSW of Ferndale, CA"
nc73821666,2022-12-20 15:33:26.910,-124.3181667,40.5461667,18.06,3.18,"6km SW of Ferndale, CA"
nc71129529,2022-12-20 15:33:01.090,-124.0028333,40.6371667,18.27,2.91,"13km NE of Hydesville, CA"
us6000jal4,2022-12-20 15:33:00.607,-124.0079,40.6659,25.886,2.6,"14 km ESE of Pine Hills, California"
nc73821656,2022-12-20 15:30:01.280,-123.9766667,40.5656667,20.1,3.01,"10km E of Hydesville, CA"
nc73821636,2022-12-20 15:09:05.740,-124.0688333,40.6005,22.5,3.99,"6km NNE of Hydesville, CA"
nc73821551,2022-12-20 14:10:59.980,-123.8398333,40.7291667,19.47,2.66,"21km SE of Blue Lake, CA"
nc73821516,2022-12-20 13:53:19.700,-124.389,40.5186667,17.56,3.31,"12km WSW of Ferndale, CA"
nc73821486,2022-12-20 13:35:06.290,-124.324,40.5268333,18.0,3.4,"8km SW of Ferndale, CA"
nc73821476,2022-12-20 13:30:45.350,-124.3268333,40.5228333,18.34,2.57,"8km SW of Ferndale, CA"
nc73821431,2022-12-20 13:08:15.260,-124.3391667,40.5166667,17.75,2.52,"9km SW of Ferndale, CA"
nc73821426,2022-12-20 13:05:20.530,-124.3431667,40.5225,18.62,2.53,"9km SW of Ferndale, CA"
nc73821386,2022-12-20 12:40:17.080,-124.1985,40.6136667,23.94,2.52,"4km WNW of Fortuna, CA"
nc73821346,2022-12-20 12:21:43.940,-124.0973333,40.5956667,18.46,2.99,"5km E of Fortuna, CA"
nc73821341,2022-12-20 12:20:28.950,-124.3151667,40.5356667,18.32,2.56,"6km SW of Ferndale, CA"
nc73821321,2022-12-20 12:14:54.000,-124.3285,40.5405,19.24,2.53,"7km SW of Ferndale, CA"
nc73821296,2022-12-20 12:04:41.050,-123.8405,40.7355,19.76,2.81,"20km SE of Blue Lake, CA"
nc73821241,2022-12-20 11:48:34.080,-124.3983333,40.5285,18.15,2.75,"12km WSW of Ferndale, CA"
nc73821226,2022-12-20 11:42:54.980,-124.3145,40.529,17.94,3.02,"7km SW of Ferndale, CA"
nc73821196,2022-12-20 11:30:29.240,-124.4091667,40.5126667,16.91,2.74,"14km WSW of Ferndale, CA"
nc73821181,2022-12-20 11:21:40.110,-124.2598333,40.5871667,20.96,2.71,"1km NNE of Ferndale, CA"
nc73821176,2022-12-20 11:10:11.530,-124.3993333,40.5208333,19.89,2.66,"13km WSW of Ferndale, CA"
nc73821156,2022-12-20 11:09:01.730,-124.323,40.5405,17.94,2.99,"6km SW of Ferndale, CA"
nc73821146,2022-12-20 11:05:02.360,-124.3256667,40.5345,18.78,2.52,"7km SW of Ferndale, CA"
nc73821141,2022-12-20 11:03:09.540,-124.0923333,40.5868333,22.36,2.99,"4km N of Hydesville, CA"
nc73821136,2022-12-20 11:02:13.380,-124.3286667,40.5318333,18.03,2.72,"7km SW of Ferndale, CA"
nc73821126,2022-12-20 10:57:45.610,-124.3115,40.5386667,17.63,2.67,"6km SW of Ferndale, CA"
nc73821121,2022-12-20 10:54:50.580,-124.3126667,40.5436667,18.43,2.59,"6km SW of Ferndale, CA"
nc73821111,2022-12-20 10:53:16.680,-124.3543333,40.5273333,17.09,3.52,"9km SW of Ferndale, CA"
nc73821106,2022-12-20 10:52:39.630,-124.3128333,40.586,20.75,3.05,"4km WNW of Ferndale, CA"
nc73821116,2022-12-20 10:51:33.830,-124.3221667,40.5298333,18.08,2.68,"7km SW of Ferndale, CA"
nc73821081,2022-12-20 10:48:55.510,-124.1355,40.6,21.58,2.81,"2km E of Fortuna, CA"
nc73821076,2022-12-20 10:48:38.340,-123.9093333,40.5905,25.12,2.59,"17km ENE of Hydesville, CA"
nc73821071,2022-12-20 10:47:34.230,-124.063,40.6031667,15.37,2.51,"7km NNE of Hydesville, CA"
nc73821066,2022-12-20 10:43:39.890,-124.4081667,40.5183333,16.93,2.76,"14km WSW of Ferndale, CA"
nc73821046,2022-12-20 10:39:02.360,-124.1881667,40.5228333,26.55,4.92,"7km WNW of Rio Dell, CA"
nc73820626,2022-12-19 09:41:09.820,-119.8201667,37.3525,22.26,2.56,"8km W of Ahwahnee, CA"
nc73819746,2022-12-17 11:39:42.860,-122.304,37.9181667,5.48,3.57,"1km ENE of El Cerrito, CA"
ci40391032,2022-12-16 03:26:49.190,-117.8655,33.8498333,7.38,2.63,"2km S of Placentia, CA"
ci40390912,2022-12-15 22:08:53.140,-116.9858333,34.2301667,8.0,2.7,"7km WSW of Big Bear Lake, CA"
nc73819026,2022-12-15 19:33:28.750,-123.814,40.7115,20.84,2.54,"24km SE of Blue Lake, CA"
nc73818431,2022-12-14 01:55:15.630,-121.2621667,36.6455,5.57,2.58,"16km NW of Pinnacles, CA"
nc73818126,2022-12-13 12:31:28.820,-121.2093333,36.6046667,8.88,3.28,"10km NW of Pinnacles, CA"
nc73817871,2022-12-12 23:56:32.660,-122.8348333,38.8615,1.13,2.69,"11km WNW of Cobb, CA"
nc73817481,2022-12-12 01:04:54.450,-124.2786667,40.342,27.35,2.68,"2km NNE of Petrolia, CA"
nn00853171,2022-12-11 21:08:33.394,-117.8737,38.1822,8.9,2.6,Nevada
nc73816876,2022-12-10 06:27:32.440,-123.8715,39.6556667,4.62,2.81,"9km SSW of Cape Vizcaino, CA"
us6000j8c8,2022-12-10 03:34:21.409,-119.5777,41.9908,16.512,2.7,"49 km ENE of Fort Bidwell, California"
us6000j8bh,2022-12-10 01:04:12.211,-119.5654,41.9727,15.192,2.5,"50 km ENE of Fort Bidwell, California"
nn00853040,2022-12-09 07:10:32.555,-115.8331,38.3553,11.2,3.0,"79 km N of Rachel, Nevada"
ci40143903,2022-12-09 06:03:03.220,-116.0415,32.8348333,10.3,2.57,"12km NNW of Ocotillo, CA"
nc73816436,2022-12-09 05:33:33.340,-122.7863333,38.8013333,-0.05,2.58,"4km NW of The Geysers, CA"
nc73816346,2022-12-08 23:25:09.140,-121.6036667,36.873,4.73,2.65,"4km ESE of Aromas, CA"
nn00852980,2022-12-08 16:48:47.865,-119.5586,41.976,0.0,3.1,"50 km ENE of Fort Bidwell, California"
nn00852947,2022-12-08 06:59:28.145,-119.5579,41.9601,0.0,2.6,"50 km ENE of Fort Bidwell, California"
nc73815951,2022-12-08 02:46:32.300,-120.1395,39.631,-1.24,3.12,"10km ESE of Loyalton, CA"
ci40143335,2022-12-08 02:28:49.080,-118.393,35.5033333,4.85,2.62,"13km SE of Bodfish, CA"
ci40143255,2022-12-07 21:47:06.790,-117.032,34.1771667,7.42,2.71,"8km ESE of Running Springs, CA"
ci40142983,2022-12-07 14:13:22.690,-118.3915,35.5086667,5.07,3.59,"13 km SE of Bodfish, CA"
nn00852809,2022-12-07 07:38:27.905,-115.8032,38.3737,3.1,3.0,"81 km N of Rachel, Nevada"
ci40142759,2022-12-07 00:28:54.200,-117.708,36.0448333,1.79,2.74,"22km NE of Little Lake, CA"
ci40142751,2022-12-07 00:27:03.030,-117.7101667,36.0406667,1.8,2.71,"21km ENE of Little Lake, CA"
nn00852719,2022-12-06 08:43:21.532,-119.5587,41.9732,0.0,3.5,"50 km ENE of Fort Bidwell, California"
nc73815096,2022-12-06 03:33:01.930,-122.6663333,37.827,4.21,2.63,"8km WSW of Muir Beach, CA"
nc73814971,2022-12-06 00:10:37.510,-120.0126667,35.9356667,9.46,3.98,"9km SSW of Kettleman City, CA"
nc73814941,2022-12-05 23:13:16.710,-121.6876667,37.3258333,8.21,3.59,"13km ESE of Alum Rock, CA"
nc73814636,2022-12-05 03:20:59.510,-118.6121667,37.4771667,8.43,2.63,"7km N of Round Valley, CA"
nc73814616,2022-12-05 02:26:51.940,-120.026,35.9336667,7.93,2.84,"10km SW of Kettleman City, CA"
us6000j6uk,2022-12-04 13:14:57.948,-119.5948,41.9955,11.442,2.6,Nevada
us6000j6te,2022-12-04 06:53:48.761,-119.553,41.9856,16.465,3.0,"51 km ENE of Fort Bidwell, California"
nc73814346,2022-12-04 00:27:24.240,-121.9458333,37.8783333,16.47,2.9,"5km NNE of Diablo, CA"
nc73813981,2022-12-02 21:49:43.910,-120.8478333,36.249,8.15,2.6,"20km NE of San Lucas, CA"
ci40383632,2022-12-02 13:08:05.840,-119.2921667,34.4301667,10.61,2.59,"5km WSW of Ojai, CA"
nc73813816,2022-12-02 12:21:48.910,-118.338,37.1563333,8.17,3.91,"4km WSW of Big Pine, CA"
nc73813776,2022-12-02 10:36:11.990,-118.5341667,37.4156667,6.4,2.58,"6km E of Round Valley, CA"
ci40383568,2022-12-02 10:04:58.000,-118.1305,32.5355,5.96,2.88,"38km SSE of San Clemente Is. (SE tip), CA"
nc73813551,2022-12-01 21:17:12.070,-118.5338333,37.4171667,5.97,2.59,"6km E of Round Valley, CA"
ci40383192,2022-12-01 15:28:29.660,-116.0403333,32.8361667,10.46,3.82,"12km NNW of Ocotillo, CA"
nc73813076,2022-11-30 12:09:32.900,-123.0855,39.0416667,4.14,2.72,"12km SE of Talmage, CA"
nc73812746,2022-11-29 12:23:17.830,-123.1873333,39.8096667,7.75,2.53,"6km ENE of Covelo, CA"
ci40381488,2022-11-27 11:49:45.090,-116.0193333,33.1608333,3.29,2.63,"11km E of Ocotillo Wells, CA"
nn00852064,2022-11-26 14:37:19.088,-118.2341,37.9932,4.0,2.6,"28 km NE of Benton, California"
ci40381112,2022-11-26 07:34:42.900,-116.9095,35.5861667,1.99,2.52,"41km NNW of Fort Irwin, CA"
nc73811581,2022-11-26 03:15:51.460,-121.3368333,36.7043333,2.81,2.6,"10km S of Tres Pinos, CA"
nc73811561,2022-11-26 01:16:43.110,-121.2633333,36.6423333,6.36,2.7,"16km NW of Pinnacles, CA"
ci40380672,2022-11-25 09:06:01.510,-118.3508333,33.9923333,9.84,2.52,"0km SSW of View Park-Windsor Hills, CA"
nn00852012,2022-11-25 00:48:20.822,-116.7331,38.1701,2.1,2.6,"45 km ENE of Tonopah, Nevada"
nc73811036,2022-11-24 15:37:56.420,-120.5643333,36.0043333,4.14,2.51,"17km NW of Parkfield, CA"
ci40380264,2022-11-24 07:20:54.950,-115.5835,33.0695,11.77,3.01,"5km NE of Westmorland, CA"
nn00851982,2022-11-24 05:45:48.769,-115.7972,38.3674,6.7,2.5,"80 km N of Rachel, Nevada"
nc73810741,2022-11-23 22:34:02.290,-121.6641667,37.2916667,5.82,2.92,"15km E of Seven Trees, CA"
ci40380048,2022-11-23 22:16:57.350,-117.7658333,33.8758333,4.79,2.78,"5km ESE of Yorba Linda, CA"
ci40379888,2022-11-23 13:38:09.700,-117.4441667,35.6381667,6.62,2.51,"15km SSW of Searles Valley, CA"
ci40379696,2022-11-23 03:42:45.020,-115.9686667,32.91,9.87,2.57,"20km N of Ocotillo, CA"
nn00851914,2022-11-23 02:30:13.657,-117.8655,38.1864,6.3,3.5,"31 km SE of Mina, Nevada"
nn00851875,2022-11-22 23:31:31.671,-115.8266,38.3489,7.3,2.9,"78 km N of Rachel, Nevada"
nn00851872,2022-11-22 23:28:15.666,-115.9271,38.322,4.8,2.8,"76 km NNW of Rachel, Nevada"
nn00851705,2022-11-21 02:52:42.018,-118.2278,37.9964,5.4,2.9,"29 km NE of Benton, California"
nn00851695,2022-11-21 00:52:14.363,-115.8242,38.3662,10.4,3.0,"80 km N of Rachel, Nevada"
nc73809431,2022-11-19 21:49:22.100,-120.8061667,35.5711667,3.46,2.81,"9km WNW of Templeton, CA"
ci40377816,2022-11-19 04:15:41.720,-116.9511667,34.1968333,9.08,2.62,"6km SW of Big Bear Lake, CA"
nc73808001,2022-11-16 05:22:16.280,-122.4241667,37.4401667,10.54,2.83,"3km S of Half Moon Bay, CA"
nn00851327,2022-11-15 19:28:25.937,-117.8786,38.2014,8.2,2.5,"29 km SE of Mina, Nevada"
nn00851287,2022-11-15 04:01:52.499,-117.4792,39.3318,9.2,3.0,"37 km WNW of Kingston, Nevada"
nc73805095,2022-11-14 20:29:54.130,-122.7993333,38.8171667,3.39,2.69,"6km NW of The Geysers, CA"
nc73805070,2022-11-14 20:27:18.830,-122.793,38.82,2.92,2.96,"6km NNW of The Geysers, CA"
nc73804360,2022-11-12 17:06:55.630,-121.5528333,36.8175,6.37,2.73,"3km SSW of San Juan Bautista, CA"
nc73804285,2022-11-12 13:11:22.400,-119.5185,38.5111667,4.48,3.09,"3km W of Walker, CA"
nn00851168,2022-11-12 09:30:12.610,-117.8543,38.1878,6.2,2.5,"31 km SE of Mina, Nevada"
nc73804110,2022-11-12 04:31:09.900,-122.0476667,37.8308333,9.69,2.71,"2km SSW of Alamo, CA"
ci40131063,2022-11-11 12:05:35.820,-117.7288333,35.8905,2.73,2.8,"17km ESE of Little Lake, CA"
ci40131047,2022-11-11 11:16:19.920,-117.5666667,35.7415,3.56,3.19,"15km W of Searles Valley, CA"
nc73803290,2022-11-10 13:29:43.910,-122.735,38.8085,2.41,2.61,"2km SW of Cobb, CA"
nn00850988,2022-11-10 02:34:13.443,-119.1397,40.1488,8.2,2.5,"39 km NNE of Nixon, Nevada"
nn00850964,2022-11-10 00:06:43.616,-119.1438,40.1662,13.0,2.5,"41 km NNE of Nixon, Nevada"
nn00850892,2022-11-09 13:48:48.770,-119.1358,40.1633,8.0,2.6,"41 km NNE of Nixon, Nevada"
nc73802785,2022-11-08 16:35:25.910,-120.3948333,39.6085,-1.58,2.76,"15km WSW of Loyalton, CA"
nc73802750,2022-11-08 15:26:06.880,-123.115,39.4851667,3.83,2.63,"16km WNW of Lake Pillsbury, CA"
nn00850814,2022-11-08 13:42:31.680,-119.1389,40.1563,7.0,2.5,"40 km NNE of Nixon, Nevada"
nn00850805,2022-11-08 03:50:53.985,-119.148,40.172,8.3,3.3,"41 km NNE of Nixon, Nevada"
nc73802520,2022-11-07 19:41:35.350,-119.5206667,38.5181667,4.61,3.23,"4km W of Walker, CA"
nc73802510,2022-11-07 19:38:53.130,-123.1898333,39.7935,5.85,2.51,"5km E of Covelo, CA"
nc73802505,2022-11-07 19:32:58.440,-119.5126667,38.5203333,4.55,2.88,"3km WNW of Walker, CA"
ci40129991,2022-11-07 13:13:52.350,-118.2761667,32.727,5.85,2.63,"12km SSE of San Clemente Is. (SE tip), CA"
nc73804556,2022-11-07 02:01:27.780,-123.1165,39.4828333,5.64,3.76,"16km WNW of Lake Pillsbury, CA"
ci40129359,2022-11-05 20:39:33.120,-118.2781667,33.8315,11.22,2.69,"0km E of Carson, CA"
nc73803991,2022-11-05 19:06:48.590,-121.2515,36.629,9.46,2.8,"14km NW of Pinnacles, CA"
ci40129239,2022-11-05 10:59:26.120,-117.4993333,35.647,7.95,2.66,"16km SSW of Searles Valley, CA"
nc73803321,2022-11-04 20:27:36.120,-122.795,38.8333333,1.26,2.94,"6km WNW of Cobb, CA"
nc73803326,2022-11-04 20:26:32.930,-122.7961667,38.8331667,2.47,3.19,"6km W of Cobb, CA"
nc73803131,2022-11-04 11:46:03.760,-119.4043333,37.4886667,21.94,2.55,"28km NE of Oakhurst, CA"
nc73802826,2022-11-04 02:08:26.420,-122.8013333,38.8363333,1.81,2.83,"7km WNW of Cobb, CA"
nc73802691,2022-11-03 15:45:22.480,-121.7728333,37.43,8.78,2.8,"9km NE of Alum Rock, CA"
nc73802391,2022-11-02 11:12:23.450,-121.6745,37.3105,7.76,2.77,"15km E of Seven Trees, CA"
nc73802331,2022-11-02 04:58:23.840,-121.3175,36.6871667,3.1,2.54,"11km S of Tres Pinos, CA"
ci40127943,2022-11-01 05:23:47.890,-119.2718333,33.7098333,1.88,2.79,"33km NW of Santa Barbara Is., CA"
ci40127847,2022-10-31 22:53:45.650,-117.3248333,35.974,2.7,2.86,"24km NNE of Trona, CA"
nc73801601,2022-10-31 07:20:59.600,-121.6805,37.3158333,7.25,2.83,"14km ESE of Alum Rock, CA"
nc73801581,2022-10-31 06:06:32.330,-121.8145,37.6296667,8.56,2.8,"6km SE of Pleasanton, CA"
ci40127463,2022-10-31 04:52:58.560,-117.569,34.3418333,4.35,3.01,"6km ESE of Wrightwood, CA"
ci40127287,2022-10-30 13:24:56.920,-117.3738333,36.5111667,4.9,2.52,"23km WSW of Stovepipe Wells, CA"
ci40127223,2022-10-30 08:16:03.080,-117.2351667,34.0463333,15.17,2.85,"2km E of Loma Linda, CA"
nc73800236,2022-10-28 10:40:37.040,-121.3346667,36.9416667,7.04,2.92,"12km NNE of Hollister, CA"
nc73800056,2022-10-28 02:08:00.260,-118.8613333,37.611,2.54,2.87,"11km ESE of Mammoth Lakes, CA"
nc73799881,2022-10-27 20:35:07.210,-118.8613333,37.6091667,2.61,2.53,"11km ESE of Mammoth Lakes, CA"
nc73799821,2022-10-27 17:54:22.550,-124.3686667,40.3113333,28.88,3.66,"7km WSW of Petrolia, CA"
ci40366648,2022-10-27 12:01:01.620,-117.4845,35.6548333,2.06,2.62,"14km SSW of Searles Valley, CA"
ci40365968,2022-10-26 08:15:08.220,-116.7423333,33.6378333,13.73,2.75,"11km NW of Anza, CA"
ci40365960,2022-10-26 08:14:35.080,-116.7436667,33.6383333,13.64,2.85,"11km NW of Anza, CA"
nc73799336,2022-10-26 06:24:19.660,-119.534,38.5471667,4.12,3.05,"6km NW of Walker, CA"
nc73799211,2022-10-26 00:20:10.600,-121.6811667,37.3163333,7.98,2.72,"14km ESE of Alum Rock, CA"
nc73799186,2022-10-25 22:08:37.200,-121.6751667,37.3106667,8.05,3.54,"15km E of Seven Trees, CA"
nc73799096,2022-10-25 18:47:20.050,-121.6731667,37.3056667,6.66,2.94,"15km E of Seven Trees, CA"
nc73799091,2022-10-25 18:42:02.710,-121.672,37.3115,8.38,5.06,"15km ESE of Alum Rock, CA"
ci40365304,2022-10-24 23:19:02.470,-116.9996667,33.9898333,15.02,2.66,"5km E of Calimesa, CA"
nc73798496,2022-10-24 06:28:33.550,-122.779,38.7943333,3.35,2.52,"3km NW of The Geysers, CA"
nc73798306,2022-10-23 18:16:23.050,-124.14,40.5781667,28.35,4.1,"3km SSE of Fortuna, CA"
nc73798266,2022-10-23 15:14:11.820,-121.5215,37.1215,6.31,2.65,"9km ENE of San Martin, CA"
ci40364760,2022-10-23 09:24:58.150,-116.4261667,33.4806667,5.79,3.27,"23km SSW of La Quinta, CA"
nn00849783,2022-10-22 14:32:42.450,-114.5493,39.3107,10.0,2.9,"22 km ESE of McGill, Nevada"
nn00850566,2022-10-22 11:29:09.951,-116.7279,39.6703,15.9,2.6,"35 km ENE of Austin, Nevada"
nn00849777,2022-10-22 09:30:14.356,-116.9273,39.6096,12.8,3.4,"17 km NE of Austin, Nevada"
nn00849776,2022-10-22 07:22:45.991,-116.7163,39.6995,9.8,2.8,"38 km NE of Austin, Nevada"
nc73797801,2022-10-22 06:25:20.380,-122.608,37.8021667,4.82,2.57,"7km SSW of Muir Beach, CA"
nc73797716,2022-10-22 01:29:57.340,-124.0748333,40.5906667,24.1,2.61,"5km NNE of Hydesville, CA"
nc73797461,2022-10-21 18:54:22.400,-122.8228333,38.8256667,1.28,2.53,"8km NW of The Geysers, CA"
nc73797401,2022-10-21 18:50:26.600,-122.8171667,38.8333333,1.39,2.78,"8km NW of The Geysers, CA"
nc73797066,2022-10-20 20:02:47.270,-121.7188333,37.3605,6.42,2.52,"10km E of Alum Rock, CA"
nn00849678,2022-10-20 15:46:16.512,-118.8638,38.0721,12.7,2.5,California-Nevada border region
nc73796981,2022-10-20 15:46:16.400,-118.8585,38.0658333,10.77,2.63,"21km SE of Bodie, CA"
nc73796946,2022-10-20 15:07:11.570,-121.401,40.1221667,14.26,2.68,"18km NW of Belden, CA"
nc73796766,2022-10-20 07:55:16.770,-123.5185,40.3495,33.05,4.32,"36km NE of Redway, CA"
nc73796026,2022-10-20 00:02:34.810,-122.8108333,38.816,1.68,3.22,"6km NW of The Geysers, CA"
nc71129239,2022-10-20 00:00:10.180,-122.8098333,38.8233333,1.72,2.55,"7km NW of The Geysers, CA"
nc73795956,2022-10-19 23:59:50.050,-122.8078333,38.8176667,2.43,3.27,"6km NW of The Geysers, CA"
nc73795966,2022-10-19 23:59:04.760,-122.8151667,38.8121667,3.26,3.33,"6km NW of The Geysers, CA"
nc73795876,2022-10-19 20:59:32.730,-124.2983333,40.3865,26.46,2.67,"7km N of Petrolia, CA"
nc73795221,2022-10-18 11:05:47.380,-121.605,36.1438333,11.15,2.65,"14km NNW of Lopez Point, CA"
nc73795046,2022-10-17 21:56:47.280,-122.7543333,38.7928333,0.76,2.55,"2km N of The Geysers, CA"
ci40362256,2022-10-17 05:25:28.830,-116.888,33.4506667,12.71,2.56,"2km WNW of Aguanga, CA"
nc73794591,2022-10-16 20:10:26.310,-118.8795,37.5195,5.76,2.83,"16km SE of Mammoth Lakes, CA"
nc73793981,2022-10-15 17:30:41.780,-122.7143333,38.765,1.69,3.14,"2km WSW of Anderson Springs, CA"
nn00849345,2022-10-15 16:52:03.834,-117.8566,38.1836,7.5,2.9,"31 km SE of Mina, Nevada"
nn00849318,2022-10-15 03:27:45.212,-117.9446,38.1533,9.8,3.1,"29 km SSE of Mina, Nevada"
nn00849284,2022-10-14 21:38:56.637,-119.9641,39.353,7.3,2.8,"6 km SE of Floriston, California"
ci40360984,2022-10-14 17:24:22.310,-118.9916667,35.0453333,13.1,2.72,"13km NNW of Grapevine, CA"
nc73792771,2022-10-12 19:42:55.620,-123.0976667,39.0688333,5.41,2.73,"9km SE of Talmage, CA"
ci40359712,2022-10-12 12:54:07.000,-118.9958333,35.0486667,12.27,3.67,"13km NNW of Grapevine, CA"
ci40359472,2022-10-12 01:21:33.040,-118.2661667,33.8378333,10.75,2.52,"2km ENE of Carson, CA"
nc73792396,2022-10-12 00:28:36.750,-119.4411667,38.5498333,7.27,3.54,"5km NE of Walker, CA"
nc73792071,2022-10-11 06:47:42.690,-121.619,40.4825,16.83,2.75,"6km SE of Viola, CA"
nn00848972,2022-10-10 22:35:23.589,-119.9712,39.3511,7.2,2.8,"6 km SE of Floriston, California"
ci40358456,2022-10-10 10:12:44.470,-117.5615,35.6735,7.9,2.88,"12km ENE of Ridgecrest, CA"
ci40358328,2022-10-09 21:48:21.120,-117.4841667,35.6578333,4.94,3.01,"14km SSW of Searles Valley, CA"
nc73790646,2022-10-07 23:27:45.850,-122.4965,37.663,5.41,2.56,"4km WSW of Colma, CA"
ci40357392,2022-10-07 22:45:05.470,-116.3546667,33.0413333,11.79,3.47,"23km E of Julian, CA"
ci40356608,2022-10-06 12:11:08.400,-115.5425,33.2083333,6.99,2.79,"4km SSW of Niland, CA"
ci40356576,2022-10-06 12:03:35.730,-115.5441667,33.2041667,5.8,2.84,"5km SSW of Niland, CA"
nn00848686,2022-10-06 06:54:37.419,-117.4765,37.8699,0.3,2.9,"18 km NE of Silver Peak, Nevada"
ci40356424,2022-10-06 05:29:53.930,-117.2246667,34.0243333,11.33,2.54,"4km SE of Loma Linda, CA"
uu60519342,2022-10-05 11:25:00.460,-114.244,39.6975,13.19,2.6,"56 km NE of McGill, Nevada"
nn00848597,2022-10-05 10:14:41.656,-115.0807,37.2028,9.8,2.5,"19 km SSE of Alamo, Nevada"
nc73789551,2022-10-05 04:51:30.350,-120.0411667,37.3278333,19.55,3.01,"19km SSW of Mariposa, CA"
ci40355088,2022-10-03 16:08:09.970,-116.9215,33.9246667,7.62,3.01,"4km W of Banning, CA"
nn00848420,2022-10-03 15:24:31.035,-117.0879,40.8273,7.9,3.1,"5 km NE of Valmy, Nevada"
ci40354936,2022-10-03 08:24:33.660,-117.7646667,33.8696667,4.27,3.08,"5km ESE of Yorba Linda, CA"
ci40354880,2022-10-03 06:16:26.150,-115.8898333,32.9686667,11.76,2.71,"26km WSW of Westmorland, CA"
ci40353408,2022-09-30 11:50:11.750,-116.5131667,33.4803333,9.3,3.41,"17km ESE of Anza, CA"
ci40353312,2022-09-30 06:07:26.170,-116.9548333,34.0613333,13.24,2.53,"9km ENE of Yucaipa, CA"
nn00848244,2022-09-30 03:06:06.109,-115.1502,36.2476,11.9,2.5,Nevada
nn00848153,2022-09-29 03:00:15.240,-117.9748,38.151,9.3,3.1,"29 km SSE of Mina, Nevada"
nc73786811,2022-09-28 17:02:02.090,-121.6206667,37.5,7.61,3.35,"24km NE of Alum Rock, CA"
nn00848025,2022-09-27 15:43:01.574,-117.9532,38.1572,9.3,2.8,"29 km SSE of Mina, Nevada"
nc73786496,2022-09-27 15:39:12.280,-121.603,36.9603333,5.37,2.61,"6km SSW of Gilroy, CA"
ci40107319,2022-09-27 13:02:57.910,-116.4898333,34.4301667,7.67,3.33,"36km N of Yucca Valley, CA"
ci40107223,2022-09-27 09:10:44.470,-118.3876667,35.509,4.99,2.55,"13km SE of Bodfish, CA"
ci40107167,2022-09-27 08:03:39.320,-118.3885,35.5076667,5.18,3.7,"13km SE of Bodfish, CA"
nc73786291,2022-09-27 06:46:02.150,-119.878,35.9696667,29.65,2.78,"9km ESE of Kettleman City, CA"
ci40107063,2022-09-27 01:46:17.230,-118.546,35.3355,3.08,2.78,"24km NNW of Tehachapi, CA"
nc73786101,2022-09-26 17:07:38.680,-123.1926667,39.7988333,6.42,2.52,"5km E of Covelo, CA"
nc73785906,2022-09-26 05:18:31.980,-122.7428333,38.8051667,1.9,2.7,"2km SW of Cobb, CA"
nc73785696,2022-09-25 11:18:52.990,-121.1085,36.5491667,1.75,2.52,"4km ENE of Pinnacles, CA"
nc73785241,2022-09-24 04:03:34.050,-121.1003333,36.545,2.42,2.5,"4km ENE of Pinnacles, CA"
nc73784941,2022-09-23 06:58:34.290,-122.714,38.7713333,1.66,3.05,"2km WSW of Anderson Springs, CA"
nc73784806,2022-09-22 22:24:54.670,-122.6548333,40.2178333,8.27,2.74,"31km NW of Rancho Tehama Reserve, CA"
nc73784676,2022-09-22 17:06:52.580,-123.1876667,39.7915,6.24,2.77,"5km E of Covelo, CA"
ci40103815,2022-09-21 10:50:48.980,-117.8355,36.1721667,7.13,3.04,"17km NE of Coso Junction, CA"
ci40103399,2022-09-20 18:38:33.700,-115.7913333,33.3623333,2.99,2.73,"6km WNW of Bombay Beach, CA"
ci40103391,2022-09-20 18:34:41.320,-115.791,33.3613333,3.01,3.48,"6km WNW of Bombay Beach, CA"
nc73783921,2022-09-20 14:12:13.840,-123.1853333,39.8078333,8.54,2.59,"6km ENE of Covelo, CA"
nc73783911,2022-09-20 14:03:08.070,-123.1861667,39.8005,9.05,3.96,"5km E of Covelo, CA"
ci40103127,2022-09-20 09:21:56.730,-117.479,35.704,4.52,2.82,"10km SW of Searles Valley, CA"
nc73783386,2022-09-19 04:47:18.910,-121.3453333,36.7296667,7.74,3.26,"7km SSW of Tres Pinos, CA"
ci40102487,2022-09-18 15:33:07.050,-115.9435,33.761,6.73,2.58,"23km NE of Thermal, CA"
ci40102327,2022-09-18 09:13:21.970,-115.9403333,33.764,6.34,3.3,"23km NE of Thermal, CA"
ci40102247,2022-09-18 06:55:48.060,-115.9373333,33.7635,6.15,3.53,"23km NE of Thermal, CA"
ci40102063,2022-09-18 05:04:41.750,-115.939,33.7621667,6.19,2.54,"23km NE of Thermal, CA"
ci40101999,2022-09-18 04:43:31.310,-115.9406667,33.7633333,6.12,2.68,"23km NE of Thermal, CA"
nc73782941,2022-09-18 02:35:43.010,-119.7873333,37.6095,32.41,2.83,"14km ENE of Midpines, CA"
ci40101903,2022-09-18 01:03:01.810,-117.9805,35.9601667,3.76,2.9,"7km WNW of Little Lake, CA"
ci40101519,2022-09-17 08:09:21.750,-117.7216667,35.8918333,8.96,2.56,"17km ESE of Little Lake, CA"
nn00848305,2022-09-17 03:53:51.278,-119.5659,41.9727,11.6,2.9,"50 km ENE of Fort Bidwell, California"
nc73782441,2022-09-16 16:12:42.850,-119.505,38.5233333,5.3,3.65,"2km WNW of Walker, CA"
nc73782086,2022-09-15 20:07:05.390,-121.0358333,36.9443333,6.42,3.25,"21km SW of Los Banos, CA"
nc73781891,2022-09-15 09:41:16.770,-122.2441667,37.859,8.6,2.85,"3km ESE of Berkeley, CA"
nc73781611,2022-09-14 18:55:06.140,-122.4135,38.2855,6.62,2.67,"4km E of Sonoma, CA"
nc73781501,2022-09-14 13:06:55.030,-121.5546667,36.8216667,5.76,2.82,"3km SSW of San Juan Bautista, CA"
nn00847119,2022-09-14 10:08:27.398,-117.8713,38.1784,11.0,2.5,"31 km SE of Mina, Nevada"
ci40100063,2022-09-14 04:14:30.280,-117.376,36.043,1.16,2.74,"31km N of Searles Valley, CA"
nc71129069,2022-09-14 01:40:20.420,-122.7036667,38.4813333,5.59,4.29,"4km N of Santa Rosa, CA"
nc73781306,2022-09-14 01:39:38.730,-122.7071667,38.475,5.57,4.39,"3km N of Santa Rosa, CA"
ci40099991,2022-09-14 01:23:36.000,-119.391,35.2793333,21.58,2.68,"15km SSE of Buttonwillow, CA"
nc73781266,2022-09-13 22:44:25.840,-118.8123333,37.4665,8.99,3.0,"16km SW of Toms Place, CA"
nc73781151,2022-09-13 15:24:37.250,-121.5245,37.1288333,6.34,2.69,"9km ENE of San Martin, CA"
nn00846944,2022-09-12 22:47:33.970,-117.8757,38.1688,6.3,2.5,"31 km SE of Mina, Nevada"
nc73780871,2022-09-12 20:09:09.110,-120.4031667,39.6025,-1.55,3.3,"16km WSW of Loyalton, CA"
nc73780841,2022-09-12 16:12:35.900,-120.3996667,39.6043333,-1.73,2.74,"16km WSW of Loyalton, CA"
ci40099295,2022-09-12 14:35:56.610,-118.5978333,34.2053333,6.14,2.6,"1km NE of Canoga Park, CA"
nc73780681,2022-09-12 05:31:30.380,-122.2335,37.8453333,9.29,2.92,"2km N of Piedmont, CA"
nn00846835,2022-09-12 04:17:33.856,-116.5993,37.1438,9.2,2.8,"29 km NNE of Beatty, Nevada"
nc73780521,2022-09-11 21:33:20.930,-118.926,37.566,9.08,2.92,"9km SSE of Mammoth Lakes, CA"
nc73780356,2022-09-11 06:55:21.990,-121.2581667,36.6365,9.53,3.24,"16km NW of Pinnacles, CA"
nc73780211,2022-09-11 02:27:31.070,-122.8076667,38.8325,2.24,2.93,"7km W of Cobb, CA"
ci40098479,2022-09-10 03:46:02.620,-116.0848333,33.1183333,8.82,2.68,"5km ESE of Ocotillo Wells, CA"
nc73779741,2022-09-09 12:57:21.700,-122.7468333,38.7813333,-0.52,2.57,"1km ENE of The Geysers, CA"
nc73779746,2022-09-09 12:56:14.690,-122.7595,38.7891667,1.63,2.95,"1km NNW of The Geysers, CA"
nc73776905,2022-09-08 12:48:15.140,-121.5693333,36.8376667,4.68,2.51,"3km WSW of San Juan Bautista, CA"
nc73776805,2022-09-08 09:46:49.630,-122.8043333,38.8266667,1.52,2.56,"7km NW of The Geysers, CA"
nc73776525,2022-09-07 21:13:31.070,-121.1541667,36.5603333,7.18,2.63,"3km NNW of Pinnacles, CA"
ci40097423,2022-09-07 10:30:51.160,-118.549,35.3678333,3.26,2.58,"25km SSW of Bodfish, CA"
nn00846520,2022-09-07 03:21:19.599,-118.0538,38.1221,7.8,2.7,"30 km S of Mina, Nevada"
ci40096951,2022-09-06 11:55:24.410,-116.843,33.9918333,17.26,3.19,"8km NNE of Banning, CA"
nc73775910,2022-09-06 02:00:46.790,-120.701,35.9285,11.36,2.63,"12km NE of Bradley, CA"
nc73775750,2022-09-05 13:40:09.430,-123.7751667,40.0238333,17.26,2.73,"12km SSE of Redway, CA"
nc73775530,2022-09-04 22:55:15.620,-121.6781667,37.3121667,7.77,3.36,"14km ESE of Alum Rock, CA"
nc73775475,2022-09-04 20:32:05.750,-121.1366667,36.5661667,10.39,2.53,"4km N of Pinnacles, CA"
nc73775400,2022-09-04 18:57:55.730,-121.1308333,36.5688333,9.91,3.47,"4km NNE of Pinnacles, CA"
ci40096015,2022-09-04 13:53:27.250,-116.044,33.0885,8.29,2.82,"10km SE of Ocotillo Wells, CA"
ci40095991,2022-09-04 13:11:59.770,-118.4575,33.8796667,11.33,2.88,"4km W of Manhattan Beach, CA"
ci40095951,2022-09-04 10:45:27.810,-117.5571667,35.637,7.55,2.94,"11km E of Ridgecrest, CA"
ci40095559,2022-09-03 17:04:55.810,-117.5595,34.0203333,11.39,3.57,"5km NW of Mira Loma, CA"
nc73774795,2022-09-03 00:52:46.180,-121.5391667,37.1508333,5.84,2.79,"10km NE of San Martin, CA"
nc73774585,2022-09-02 08:39:12.790,-121.1023333,36.5585,1.99,2.87,"5km NE of Pinnacles, CA"
nc73774560,2022-09-02 08:23:29.010,-121.1031667,36.5595,1.18,2.91,"5km NE of Pinnacles, CA"
nn00848285,2022-09-02 06:50:11.362,-114.8257,41.0329,13.2,3.0,"14 km SE of Wells, Nevada"
nc73774500,2022-09-02 05:00:11.200,-118.7546667,37.4326667,8.95,2.79,"14km W of Round Valley, CA"
nn00848278,2022-09-01 15:21:20.033,-119.5575,41.9732,0.2,3.2,"50 km ENE of Fort Bidwell, California"
nc73774300,2022-09-01 13:36:22.150,-121.0965,36.549,1.6,4.0,"5km ENE of Pinnacles, CA"
nc73774045,2022-08-31 23:28:49.720,-119.4313333,37.6675,16.26,2.66,"15km ESE of Yosemite Valley, CA"
nc73774035,2022-08-31 22:41:44.170,-124.256,40.5055,26.24,3.33,"8km S of Ferndale, CA"
nc73773940,2022-08-31 16:39:17.410,-121.404,36.8903333,9.71,2.92,"5km N of Hollister, CA"
nc73773725,2022-08-31 02:45:13.540,-121.8515,39.7498333,16.43,2.7,"2km NW of Chico, CA"
nn00846122,2022-08-30 18:31:27.831,-117.8993,38.1502,6.1,3.9,"32 km SE of Mina, Nevada"
ci40334032,2022-08-29 21:45:14.940,-116.429,33.4826667,9.68,2.55,"23km SSW of La Quinta, CA"
ci40333424,2022-08-28 22:48:03.720,-118.3181667,35.6443333,7.28,3.42,"14km ESE of Wofford Heights, CA"
nc73772835,2022-08-28 20:49:47.640,-121.3868333,35.806,7.23,2.73,"25km NW of San Simeon, CA"
nn00845990,2022-08-28 13:04:11.638,-117.9717,38.1813,2.8,3.4,"26 km SSE of Mina, Nevada"
nc73772490,2022-08-27 19:42:52.740,-121.7126667,37.3568333,8.12,3.0,"10km E of Alum Rock, CA"
nn00845822,2022-08-25 11:58:26.139,-116.7302,41.1385,7.3,2.7,"50 km NE of Valmy, Nevada"
nn00845804,2022-08-25 08:47:22.246,-118.0016,38.1562,5.8,2.5,"27 km SSE of Mina, Nevada"
ci40331312,2022-08-25 07:32:51.460,-116.3506667,33.3161667,11.56,3.27,"7km NNE of Borrego Springs, CA"
nn00845765,2022-08-24 18:02:49.185,-116.7227,41.1547,8.1,3.1,"52 km NE of Valmy, Nevada"
ci40329976,2022-08-22 22:12:09.160,-116.9925,33.777,17.39,2.56,"3km WSW of San Jacinto, CA"
nc73770775,2022-08-22 20:19:51.000,-121.5248333,36.7813333,9.82,2.86,"7km S of San Juan Bautista, CA"
ci40329824,2022-08-22 16:23:41.150,-116.0123333,32.8516667,11.43,2.77,"13km N of Ocotillo, CA"
nc73770575,2022-08-22 02:40:05.470,-121.0418333,36.461,7.6,2.5,"12km SE of Pinnacles, CA"
nc73770465,2022-08-21 18:37:46.790,-119.4496667,38.5748333,5.82,2.65,"7km NNE of Walker, CA"
ci40329176,2022-08-21 11:02:38.290,-116.3615,33.3441667,11.44,2.61,"10km N of Borrego Springs, CA"
nc73770065,2022-08-20 15:03:52.170,-122.8216667,38.8398333,2.47,2.59,"9km WNW of Cobb, CA"
nn00845414,2022-08-18 22:08:26.913,-116.0314,38.16,0.1,2.5,"62 km NNW of Rachel, Nevada"
ci40327432,2022-08-18 00:28:47.660,-115.7933333,33.362,2.77,2.92,"6km WNW of Bombay Beach, CA"
nc73769110,2022-08-17 17:05:10.050,-119.4588333,38.5888333,3.8,2.83,"8km NNE of Walker, CA"
nc73768945,2022-08-17 04:21:11.340,-120.6738333,36.4321667,18.3,2.82,"2km N of New Idria, CA"
ci40326728,2022-08-17 00:53:01.240,-116.7775,33.9263333,14.2,3.19,"1km NE of Cabazon, CA"
nn00845098,2022-08-16 03:23:05.116,-119.0905,39.5744,14.5,2.6,"14 km ESE of Fernley, Nevada"
nc73768410,2022-08-15 16:52:45.780,-123.4543333,40.432,27.28,2.52,"27km WSW of Hayfork, CA"
nc73768225,2022-08-15 02:03:05.330,-119.4438333,38.5756667,5.29,2.57,"8km NNE of Walker, CA"
ci40325536,2022-08-15 01:54:57.850,-117.8573333,36.1036667,7.32,2.79,"10km NE of Coso Junction, CA"
ci40325296,2022-08-14 11:14:22.330,-117.4605,36.8255,4.64,2.61,"37km NW of Stovepipe Wells, CA"
ci40325256,2022-08-14 09:40:03.710,-115.5221667,33.1901667,7.71,2.62,"6km S of Niland, CA"
nc73767930,2022-08-14 08:35:37.230,-124.3655,40.3441667,15.93,2.7,"7km WNW of Petrolia, CA"
ci40325064,2022-08-13 22:19:20.710,-115.5216667,33.1915,7.11,2.71,"5km S of Niland, CA"
ci40325048,2022-08-13 21:56:42.960,-115.5283333,33.1938333,7.29,2.97,"5km S of Niland, CA"
ci40324944,2022-08-13 18:02:31.800,-115.5201667,33.194,5.61,2.82,"5km S of Niland, CA"
nc73767655,2022-08-13 12:33:35.760,-123.9355,40.7575,22.58,3.57,"14km SE of Bayside, CA"
nc73767575,2022-08-13 07:25:36.240,-123.882,41.132,28.27,3.17,"16km WSW of Weitchpec, CA"
nc73767400,2022-08-12 20:56:44.070,-119.541,38.511,3.12,2.5,"5km W of Walker, CA"
nc73767170,2022-08-12 05:22:17.210,-119.4516667,38.5808333,5.16,2.87,"8km NNE of Walker, CA"
nc73767145,2022-08-12 03:37:05.020,-119.4523333,38.5876667,5.2,3.45,"8km NNE of Walker, CA"
ci40323896,2022-08-12 02:46:04.300,-116.4911667,34.4333333,8.15,2.8,"36km N of Yucca Valley, CA"
nc73767120,2022-08-12 02:06:05.650,-119.459,38.5881667,5.26,2.93,"8km NNE of Walker, CA"
nc73766880,2022-08-11 17:12:57.710,-119.4498333,38.586,5.23,3.49,"8km NNE of Walker, CA"
nc73766330,2022-08-10 15:41:57.940,-119.4596667,38.5856667,3.53,2.52,"8km NNE of Walker, CA"
nn00844673,2022-08-10 11:14:22.201,-118.363,38.2514,10.8,2.5,"27 km SW of Mina, Nevada"
ci40078807,2022-08-10 04:36:50.850,-117.496,35.6531667,9.09,2.57,"15km SSW of Searles Valley, CA"
nc73766140,2022-08-10 02:38:27.850,-121.1313333,36.5558333,9.11,2.65,"3km NNE of Pinnacles, CA"
nc73765870,2022-08-09 08:49:14.400,-119.4626667,38.5818333,5.2,2.54,"8km NNE of Walker, CA"
nc73765725,2022-08-09 00:33:28.590,-119.4488333,38.5843333,5.07,3.0,"8km NNE of Walker, CA"
nc73765710,2022-08-09 00:12:43.790,-119.4635,38.5813333,5.32,2.61,"8km N of Walker, CA"
nc73765695,2022-08-08 23:36:42.970,-119.4533333,38.5756667,5.43,2.7,"7km NNE of Walker, CA"
nc73765690,2022-08-08 22:39:15.590,-119.4538333,38.5835,6.39,2.57,"8km NNE of Walker, CA"
nc73765685,2022-08-08 22:37:42.970,-119.4508333,38.5865,5.71,2.71,"8km NNE of Walker, CA"
nc73765585,2022-08-08 20:44:14.110,-119.446,38.5816667,5.4,4.45,"8km NNE of Walker, CA"
ci40077271,2022-08-08 03:27:10.480,-116.9723333,33.3693333,5.44,2.5,"10km E of Pala, CA"
nc73765315,2022-08-08 02:38:51.560,-121.0928333,36.6546667,11.05,3.26,"14km NNE of Pinnacles, CA"
ci40076879,2022-08-07 12:11:58.680,-116.2025,33.3428333,12.37,2.6,"17km SW of Oasis, CA"
nc73764870,2022-08-06 18:18:45.470,-121.28,36.7695,10.07,2.7,"4km ESE of Tres Pinos, CA"
nn00844298,2022-08-06 07:22:07.458,-116.0312,38.5746,7.2,2.5,"92 km WSW of Preston, Nevada"
nc73764400,2022-08-05 02:45:38.270,-120.814,36.238,6.55,2.82,"22km ENE of San Lucas, CA"
ci40074431,2022-08-03 18:45:00.270,-117.8075,34.4603333,5.14,3.33,"4km SSW of Llano, CA"
nn00844083,2022-08-03 13:45:52.119,-116.0714,38.6754,0.0,2.6,"91 km WSW of Preston, Nevada"
nc73763100,2022-08-02 14:32:45.520,-119.2715,36.6278333,25.05,2.55,"4km E of Orange Cove, CA"
nc73763050,2022-08-02 12:18:39.650,-119.0793333,38.2285,14.91,2.97,"6km WNW of Bodie, CA"
nn00843952,2022-08-01 20:21:48.319,-119.6284,40.1642,7.8,2.7,"23 km N of Sutcliffe, Nevada"
nc73764571,2022-07-31 05:57:41.530,-122.2858333,40.7031667,22.18,2.71,"8km ENE of Shasta Lake, CA"
nn00843876,2022-07-31 02:17:50.863,-118.3404,38.8389,0.7,2.6,"36 km W of Gabbs, Nevada"
nc73764286,2022-07-30 06:35:40.750,-123.0711667,39.025,3.55,2.78,"14km W of Lakeport, CA"
nn00843841,2022-07-29 21:08:28.343,-117.9448,38.1457,12.6,3.0,"30 km SSE of Mina, Nevada"
nc73763136,2022-07-26 21:59:03.640,-124.3845,40.292,15.44,2.66,"9km WSW of Petrolia, CA"
nn00843594,2022-07-26 01:40:23.066,-117.9558,37.9998,5.3,2.8,"38 km NNE of Dyer, Nevada"
nn00843550,2022-07-25 12:45:15.422,-116.118,38.6919,0.0,2.6,"92 km S of Eureka, Nevada"
nn00843547,2022-07-25 12:40:04.360,-116.0572,38.7079,1.9,2.6,"89 km WSW of Preston, Nevada"
nc73761961,2022-07-23 12:22:03.800,-121.195,36.5913333,6.99,2.63,"8km NW of Pinnacles, CA"
nc73761801,2022-07-23 02:47:13.330,-120.163,36.0743333,7.88,3.37,"8km NNW of Avenal, CA"
nc73761796,2022-07-23 01:41:04.680,-121.4761667,39.4656667,0.59,4.24,"5km S of Oroville East, CA"
nc73761716,2022-07-22 22:15:15.250,-122.7618333,38.7928333,1.05,2.57,"2km NNW of The Geysers, CA"
ci40067623,2022-07-22 02:41:06.680,-117.816,36.1928333,7.06,2.77,"20km ESE of Olancha, CA"
ci40067559,2022-07-22 00:11:28.750,-117.8156667,36.189,6.86,3.1,"20km ESE of Olancha, CA"
nn00843323,2022-07-21 11:09:01.350,-116.0724,38.6986,0.0,2.7,"90 km S of Eureka, Nevada"
nn00843295,2022-07-20 20:30:16.770,-116.1204,38.7189,3.9,2.5,"89 km S of Eureka, Nevada"
nc73760676,2022-07-19 17:00:16.920,-118.4551667,37.9133333,10.03,3.06,"44km NNE of Toms Place, CA"
ci40066079,2022-07-19 01:15:45.540,-115.9808333,33.2696667,4.74,2.56,"4km SW of Salton City, CA"
nc73760391,2022-07-19 00:17:06.190,-122.7228333,38.7553333,1.71,2.76,"4km SW of Anderson Springs, CA"
ci40065903,2022-07-18 17:07:58.290,-118.3873333,35.5143333,5.38,3.38,"12km SE of Bodfish, CA"
ci40065399,2022-07-17 18:18:39.190,-115.983,33.272,4.9,3.46,"4km SW of Salton City, CA"
ci40065255,2022-07-17 15:44:26.540,-118.3865,35.5126667,4.66,3.8,"13km SE of Bodfish, CA"
ci40065175,2022-07-17 11:34:47.530,-118.2855,35.487,3.0,3.47,"22km ESE of Bodfish, CA"
ci40065151,2022-07-17 10:41:43.560,-118.009,33.4196667,9.99,3.55,"23km SSW of Newport Beach, CA"
nc73759571,2022-07-17 08:19:59.640,-122.8221667,38.8165,2.64,3.26,"7km NW of The Geysers, CA"
ci40064983,2022-07-17 06:23:50.970,-118.0136667,33.4225,10.81,2.67,"23km SSW of Newport Beach, CA"
ci40064743,2022-07-16 19:58:02.640,-116.106,33.231,8.92,2.99,"10km NNE of Ocotillo Wells, CA"
nc73759136,2022-07-16 03:26:29.140,-122.735,38.7861667,1.94,2.5,"2km ENE of The Geysers, CA"
nc73758971,2022-07-15 19:40:49.700,-119.4548333,38.5775,6.19,2.96,"7km NNE of Walker, CA"
nn00842971,2022-07-15 13:30:07.505,-116.084,38.699,0.0,2.6,"90 km S of Eureka, Nevada"
nn00842966,2022-07-15 13:02:41.705,-118.1698,38.1875,9.9,2.7,"23 km SSW of Mina, Nevada"
nc73758756,2022-07-15 02:42:39.400,-123.5321667,41.283,39.55,2.99,"12km SSW of Somes Bar, CA"
ci40063391,2022-07-15 01:19:07.000,-117.5843333,35.7091667,6.3,4.58,"13km NE of Ridgecrest, CA"
ci40063207,2022-07-14 20:25:15.380,-117.5976667,34.218,13.37,2.83,"10km WSW of Lytle Creek, CA"
nc73758651,2022-07-14 20:11:42.950,-119.4613333,38.577,5.58,2.6,"7km NNE of Walker, CA"
ci40063159,2022-07-14 19:30:34.210,-117.5951667,34.2206667,13.57,3.25,"10km WSW of Lytle Creek, CA"
ci40063127,2022-07-14 18:54:03.220,-115.9846667,33.2725,4.95,3.58,"4km SW of Salton City, CA"
nn00842876,2022-07-14 16:38:25.777,-116.0832,38.697,0.3,2.5,"91 km S of Eureka, Nevada"
nn00842870,2022-07-14 15:54:24.159,-116.1029,38.7152,6.8,2.7,"89 km S of Eureka, Nevada"
nn00842853,2022-07-14 01:20:58.705,-116.0966,38.724,2.6,3.1,"88 km S of Eureka, Nevada"
nn00842850,2022-07-14 00:26:44.621,-116.0825,38.7367,0.0,2.7,"86 km S of Eureka, Nevada"
nn00842847,2022-07-13 23:41:47.843,-116.0875,38.7065,0.8,2.5,"90 km S of Eureka, Nevada"
nc73758261,2022-07-13 16:08:16.560,-121.464,36.9828333,4.59,2.95,"10km ESE of Gilroy, CA"
ci40303048,2022-07-13 16:01:36.530,-116.3316667,33.3111667,11.68,3.27,"7km NNE of Borrego Springs, CA"
nc73758121,2022-07-13 03:59:30.040,-119.704,38.6661667,-1.37,2.54,"8km ESE of Markleeville, CA"
nn00842781,2022-07-13 03:41:55.873,-116.1015,38.6896,3.2,2.5,"92 km S of Eureka, Nevada"
nn00842775,2022-07-13 01:32:35.390,-116.0977,38.7309,4.6,2.6,"87 km S of Eureka, Nevada"
nn00842711,2022-07-12 19:04:38.400,-116.1168,38.712,0.0,2.6,"89 km S of Eureka, Nevada"
ci40302584,2022-07-12 18:29:04.760,-117.6045,35.793,6.56,2.69,"18km W of Searles Valley, CA"
nn00842696,2022-07-12 16:05:59.983,-116.084,38.7236,1.3,2.9,"88 km S of Eureka, Nevada"
nn00842670,2022-07-12 06:16:17.447,-116.0875,38.6878,0.0,3.1,"92 km S of Eureka, Nevada"
ci40302120,2022-07-12 01:47:38.030,-117.3131667,34.1713333,6.75,2.52,"3km ENE of Muscoy, CA"
nn00842648,2022-07-11 23:02:16.061,-116.0873,38.7192,0.0,3.0,"88 km S of Eureka, Nevada"
ci40301944,2022-07-11 17:45:56.580,-117.4041667,35.6025,6.0,2.6,"18km S of Trona, CA"
nn00842587,2022-07-11 16:47:20.186,-116.1046,38.684,2.8,3.5,"92 km S of Eureka, Nevada"
nn00842579,2022-07-11 15:02:04.531,-116.0878,38.687,0.8,3.5,"92 km S of Eureka, Nevada"
nc73756806,2022-07-09 18:58:37.170,-118.6045,37.4141667,8.79,2.72,"1km W of Round Valley, CA"
ci40300752,2022-07-09 18:25:43.470,-120.0095,34.275,-0.31,2.67,"21km SW of Isla Vista, CA"
nc73756726,2022-07-09 15:34:52.400,-121.1521667,40.226,5.02,2.55,"2km N of Prattville, CA"
nc73756541,2022-07-09 01:52:08.880,-119.4151667,37.6316667,9.44,2.5,"19km SE of Yosemite Valley, CA"
ci40299688,2022-07-08 10:29:52.960,-116.1058333,33.2323333,9.02,3.11,"10km NNE of Ocotillo Wells, CA"
ci40299648,2022-07-08 08:57:32.640,-116.1048333,33.2318333,9.19,2.86,"10km NNE of Ocotillo Wells, CA"
nc73756056,2022-07-08 00:50:19.730,-120.8255,36.2465,6.43,2.61,"22km NE of San Lucas, CA"
nc73755936,2022-07-07 16:37:02.130,-119.0746667,38.2281667,11.11,2.78,"6km WNW of Bodie, CA"
nc73755781,2022-07-07 09:19:06.530,-118.9253333,37.5663333,8.74,2.78,"9km SSE of Mammoth Lakes, CA"
nc73755626,2022-07-07 03:00:24.220,-119.8226667,38.6226667,1.83,2.51,"8km SSW of Markleeville, CA"
ci40298688,2022-07-07 01:30:31.400,-116.1063333,33.2308333,9.6,3.54,"10km NNE of Ocotillo Wells, CA"
nc73755446,2022-07-06 18:51:22.790,-118.8616667,37.563,3.87,2.89,"13km SE of Mammoth Lakes, CA"
ci40297864,2022-07-06 06:15:46.400,-118.402,35.5548333,2.88,3.53,"9km ESE of Bodfish, CA"
nc73755121,2022-07-05 23:48:26.340,-122.7128333,38.7748333,2.11,2.54,"2km W of Anderson Springs, CA"
ci40296688,2022-07-05 02:42:05.220,-118.2046667,32.715,5.84,3.2,"18km SE of San Clemente Is. (SE tip), CA"
nc73754326,2022-07-04 14:13:35.350,-118.5498333,37.353,10.46,2.51,"8km SSE of Round Valley, CA"
nc73754191,2022-07-04 07:22:41.360,-118.5516667,37.353,10.3,3.38,"8km SSE of Round Valley, CA"
ci40295976,2022-07-03 19:56:40.100,-119.1375,35.0841667,14.68,2.66,"24km E of Maricopa, CA"
nn00842158,2022-07-03 17:28:48.393,-116.0897,38.6943,0.2,3.5,"91 km S of Eureka, Nevada"
nn00842387,2022-07-03 07:02:15.173,-116.1572,38.6315,6.3,2.8,"99 km S of Eureka, Nevada"
nn00842138,2022-07-03 06:59:55.009,-116.1006,38.6937,11.2,2.6,"91 km S of Eureka, Nevada"
nn00842135,2022-07-03 00:41:30.729,-116.1148,38.7165,0.8,2.5,"89 km S of Eureka, Nevada"
nn00842131,2022-07-02 17:19:57.206,-116.0858,38.7053,17.9,3.1,"90 km S of Eureka, Nevada"
nn00842128,2022-07-02 16:40:29.664,-116.103,38.7797,0.4,2.6,"82 km S of Eureka, Nevada"
nn00842126,2022-07-02 16:34:26.270,-116.0588,38.6573,13.1,2.8,"91 km WSW of Preston, Nevada"
nn00842055,2022-07-01 11:13:47.557,-119.1041,41.3971,17.0,3.2,"70 km N of Black Rock City, Nevada"
nc73753116,2022-07-01 05:27:56.810,-118.2695,37.1925,11.63,3.24,"4km NNE of Big Pine, CA"
nc73753046,2022-07-01 01:40:51.590,-124.3055,40.374,28.5,2.65,"6km NNW of Petrolia, CA"
nn00842016,2022-06-30 17:48:11.909,-117.7791,38.2083,7.7,3.9,"35 km SE of Mina, Nevada"
nc73752786,2022-06-30 05:07:26.260,-118.4985,37.4365,5.0,2.58,"9km ENE of Round Valley, CA"
nc73752776,2022-06-30 04:30:30.370,-121.6373333,37.262,6.25,2.68,"15km N of Morgan Hill, CA"
ci40293664,2022-06-29 15:37:39.060,-119.2046667,34.3358333,10.28,2.7,"7km NNE of Ventura, CA"
ci40293376,2022-06-29 04:19:36.690,-115.6073333,33.1813333,2.96,3.02,"10km SW of Niland, CA"
nc73752031,2022-06-28 11:57:40.710,-122.7471667,38.8301667,0.48,4.19,"2km WNW of Cobb, CA"
nc73751651,2022-06-27 14:44:42.590,-123.2185,40.602,28.06,2.59,"6km NNW of Hayfork, CA"
ci40291976,2022-06-27 00:27:04.780,-115.7171667,32.6496667,9.3,2.52,"15km WNW of Progreso, B.C., MX"
ci40291608,2022-06-26 06:32:25.610,-115.4478333,32.7028333,11.9,2.5,"6km ENE of Calexico, CA"
ci40291096,2022-06-25 08:13:57.390,-116.1741667,32.8588333,6.13,2.5,"22km NW of Ocotillo, CA"
ci40290920,2022-06-24 22:32:23.570,-115.7193333,32.652,10.49,2.63,"15km WNW of Progreso, B.C., MX"
ci40290912,2022-06-24 22:30:53.020,-115.7246667,32.6441667,11.15,3.42,"15km WNW of Progreso, B.C., MX"
nc73750331,2022-06-24 09:05:12.080,-120.5266667,35.9723333,10.72,3.35,"12km NW of Parkfield, CA"
ci40290216,2022-06-24 02:56:13.910,-117.5901667,36.9768333,8.17,2.56,"57km NW of Stovepipe Wells, CA"
nc73750001,2022-06-23 16:21:06.930,-118.5986667,37.4118333,10.94,2.82,"0km SSW of Round Valley, CA"
ci40289408,2022-06-23 00:20:24.790,-116.4385,33.3865,12.09,2.73,"16km NNW of Borrego Springs, CA"
nn00841480,2022-06-22 22:28:40.255,-115.0803,37.2641,0.0,2.6,"13 km SSE of Alamo, Nevada"
nc73748191,2022-06-20 15:43:06.790,-118.8805,37.6315,-0.6,2.64,"9km E of Mammoth Lakes, CA"
nc73748171,2022-06-20 15:39:46.740,-118.8851667,37.6321667,-0.07,2.73,"8km E of Mammoth Lakes, CA"
nc73748176,2022-06-20 15:39:22.800,-118.8815,37.6316667,-0.04,2.65,"9km E of Mammoth Lakes, CA"
nc73748071,2022-06-20 09:17:08.840,-122.7608333,38.8206667,2.04,2.56,"3km W of Cobb, CA"
nc73747976,2022-06-20 08:27:36.920,-118.8906667,37.6401667,-0.56,2.77,"8km E of Mammoth Lakes, CA"
nc73747896,2022-06-20 05:33:03.640,-118.8846667,37.6355,-0.17,2.78,"8km E of Mammoth Lakes, CA"
ci40287104,2022-06-19 07:48:15.930,-119.139,34.418,20.58,2.84,"10km ESE of Ojai, CA"
nn00841169,2022-06-19 04:10:06.064,-116.2853,36.3151,6.2,2.6,"29 km WNW of Pahrump, Nevada"
nc73747161,2022-06-18 20:14:16.080,-121.5806667,37.1923333,5.08,3.33,"10km NE of Morgan Hill, CA"
nc73747016,2022-06-18 11:22:49.660,-124.175,40.5938333,18.57,2.68,"2km WSW of Fortuna, CA"
ci40286392,2022-06-17 23:47:52.230,-119.0065,35.1083333,13.05,3.13,"19km SSW of Lamont, CA"
nc73746481,2022-06-16 23:56:26.780,-118.5875,37.4108333,11.7,2.89,"1km ESE of Round Valley, CA"
ci40285368,2022-06-16 17:58:34.410,-118.988,35.1836667,12.52,3.09,"11km SW of Lamont, CA"
nn00841009,2022-06-16 16:55:23.108,-117.8226,38.1723,7.9,3.9,"34 km SE of Mina, Nevada"
nc73746246,2022-06-16 15:58:06.100,-119.4301667,37.668,15.59,2.5,"15km ESE of Yosemite Valley, CA"
nc73746091,2022-06-16 08:48:56.620,-122.7983333,38.8281667,1.96,2.64,"7km W of Cobb, CA"
ci40040359,2022-06-15 02:18:33.050,-117.4081667,35.9876667,0.72,3.24,"24km N of Searles Valley, CA"
ci40039967,2022-06-14 14:58:53.300,-119.1521667,33.7376667,1.04,2.75,"31km NNW of Santa Barbara Is., CA"
nc73745021,2022-06-13 19:36:35.770,-122.0265,40.478,9.39,2.58,"12km W of Shingletown, CA"
nc73744941,2022-06-13 10:23:06.550,-120.989,36.4141667,10.98,2.87,"19km SE of Pinnacles, CA"
ci40039327,2022-06-13 09:45:10.910,-116.4615,33.5033333,5.64,2.55,"20km ESE of Anza, CA"
nc73744931,2022-06-13 09:40:43.530,-123.0025,38.9461667,6.06,3.01,"13km SW of Lakeport, CA"
nc73744471,2022-06-12 18:28:44.590,-120.9146667,36.342,6.5,2.7,"23km WSW of New Idria, CA"
nc73744236,2022-06-12 02:06:39.560,-118.8621667,37.5636667,3.79,2.58,"13km SE of Mammoth Lakes, CA"
nc73744171,2022-06-11 22:46:57.340,-118.8613333,37.5628333,3.65,2.57,"13km SE of Mammoth Lakes, CA"
nn00840644,2022-06-09 15:32:49.864,-117.9313,38.4878,3.7,3.0,"18 km NE of Mina, Nevada"
ci40036911,2022-06-09 07:34:17.520,-118.3875,35.5115,4.31,3.21,"13km SE of Bodfish, CA"
ci40036719,2022-06-08 22:48:21.560,-118.3873333,35.5108333,5.2,3.55,"13km SE of Bodfish, CA"
ci40036375,2022-06-08 14:41:32.920,-116.1145,33.283,2.76,3.05,"15km W of Salton City, CA"
nc73741501,2022-06-08 12:59:47.790,-121.1366667,36.5448333,8.78,2.68,"2km NNE of Pinnacles, CA"
nc73741171,2022-06-07 16:31:24.490,-118.5233333,37.925,6.67,2.56,"43km S of Qualeys Camp, NV"
nc73741011,2022-06-06 16:05:32.550,-122.7141667,38.7456667,1.59,2.62,"4km SSW of Anderson Springs, CA"
nc73740866,2022-06-05 20:09:09.100,-122.6258333,38.7776667,6.07,2.67,"3km NNW of Middletown, CA"
nc73740571,2022-06-04 15:30:20.420,-122.8581667,39.302,6.61,2.51,"15km SE of Lake Pillsbury, CA"
ci40033063,2022-06-03 12:05:21.050,-118.4136667,33.9005,11.27,2.51,"2km N of Manhattan Beach, CA"
ci40032983,2022-06-03 10:40:29.910,-116.6641667,33.2338333,10.94,3.68,"6km SSW of Warner Springs, CA"
nn00840175,2022-06-02 20:57:23.698,-117.8827,38.1845,3.8,3.4,"30 km SE of Mina, Nevada"
nc73740091,2022-06-02 14:04:01.520,-118.2513333,37.1958333,12.5,2.87,"5km NE of Big Pine, CA"
nc73740051,2022-06-02 12:07:22.230,-122.0076667,38.0765,18.43,4.14,"7km NW of Bay Point, CA"
ci40031607,2022-06-01 12:58:22.190,-116.4458333,34.0105,7.28,2.51,"8km NE of Desert Hot Springs, CA"
ci40031287,2022-05-31 23:53:29.030,-117.6253333,35.7945,5.92,3.08,"20km NNE of Ridgecrest, CA"
nc71128289,2022-05-31 19:00:14.190,-122.8136667,38.8093333,0.57,2.93,"6km NW of The Geysers, CA"
nc73739561,2022-05-31 19:00:01.700,-122.8116667,38.8003333,3.73,2.99,"5km WNW of The Geysers, CA"
ci40030831,2022-05-31 09:02:55.860,-117.6878333,35.889,6.08,2.82,"20km ESE of Little Lake, CA"
nn00839963,2022-05-31 06:53:43.354,-118.0979,38.1232,10.7,2.8,"29 km S of Mina, Nevada"
nc73739416,2022-05-31 00:05:24.860,-122.7153333,38.7638333,1.47,2.52,"2km WSW of Anderson Springs, CA"
nc73739276,2022-05-29 22:58:25.220,-123.28,40.824,28.67,2.85,"30km WNW of Weaverville, CA"
nc73739051,2022-05-28 20:46:49.880,-122.8098333,38.8138333,1.36,2.5,"6km NW of The Geysers, CA"
ci40029527,2022-05-28 20:25:21.130,-115.5295,32.5928333,2.24,2.63,"5km ENE of Progreso, B.C., MX"
nc73738836,2022-05-28 00:42:05.860,-120.8108333,36.2383333,6.67,3.02,"22km ENE of San Lucas, CA"
ci40027143,2022-05-26 09:23:32.530,-117.406,35.6026667,4.79,4.28,"18km S of Trona, CA"
nc73738116,2022-05-26 08:11:39.700,-118.2918333,37.2298333,5.47,3.31,"7km N of Big Pine, CA"
nc73738111,2022-05-26 08:01:23.950,-118.8021667,37.5456667,7.32,2.5,"11km W of Toms Place, CA"
nc73738011,2022-05-26 03:32:32.860,-118.59,37.4115,11.29,2.81,"1km ESE of Round Valley, CA"
nn00839616,2022-05-25 21:26:39.646,-118.3574,38.2476,8.8,2.7,"26 km SW of Mina, Nevada"
ci40026471,2022-05-25 17:29:55.340,-118.722,34.374,12.52,2.57,"8km SE of Piru, CA"
nn00839553,2022-05-25 09:59:11.337,-119.4655,40.1048,11.1,2.5,"20 km NE of Sutcliffe, Nevada"
nn00839547,2022-05-25 09:31:42.891,-119.4644,40.0985,9.4,2.5,"20 km NE of Sutcliffe, Nevada"
nn00839528,2022-05-25 04:41:59.801,-117.9384,38.1593,10.6,2.5,"29 km SSE of Mina, Nevada"
nn00839442,2022-05-24 12:12:48.925,-117.9031,38.1671,10.0,2.7,"30 km SE of Mina, Nevada"
nc73737316,2022-05-24 05:16:33.330,-122.0078333,39.6326667,24.73,2.58,"12km S of Hamilton City, CA"
nc73737211,2022-05-23 21:49:50.720,-122.0033333,39.79,16.8,2.72,"5km N of Hamilton City, CA"
ci40024535,2022-05-23 10:32:50.250,-119.4113333,34.4101667,13.25,2.7,"10km E of Carpinteria, CA"
nc73736866,2022-05-22 23:40:28.870,-119.5231667,38.5181667,3.53,2.61,"4km W of Walker, CA"
nc73736586,2022-05-22 13:19:53.430,-121.5553333,36.8296667,3.45,2.93,"2km SW of San Juan Bautista, CA"
ci40024007,2022-05-22 08:26:23.880,-119.0171667,34.9223333,12.78,2.63,"8km WSW of Grapevine, CA"
nc73736456,2022-05-22 01:30:30.390,-118.8228333,37.5186667,5.31,3.35,"14km WSW of Toms Place, CA"
nc73736226,2022-05-21 08:11:12.300,-122.9758333,40.5215,43.13,2.57,"18km ESE of Hayfork, CA"
nc73736021,2022-05-20 16:20:35.460,-124.3091667,40.4836667,19.16,3.05,"11km SSW of Ferndale, CA"
ci40023071,2022-05-20 11:53:55.270,-116.2773333,33.2318333,10.62,2.53,"10km ESE of Borrego Springs, CA"
nc73735931,2022-05-20 08:16:49.080,-118.5413333,37.9438333,9.38,2.61,"40km S of Qualeys Camp, NV"
ci40022359,2022-05-19 12:52:00.230,-116.504,33.5018333,13.99,2.7,"17km ESE of Anza, CA"
us6000hm87,2022-05-19 05:34:00.000,-119.5407,32.732,8.38,2.9,"132 km WSW of Avalon, California"
ci40021831,2022-05-18 15:47:52.730,-116.9495,36.4608333,8.16,2.62,"9km W of Furnace Creek, CA"
nn00839060,2022-05-17 23:36:48.896,-118.0979,38.1172,11.0,2.5,"30 km S of Mina, Nevada"
ci40020279,2022-05-16 15:36:38.810,-118.32,35.6433333,7.56,2.66,"14km ENE of Lake Isabella, CA"
ci40019951,2022-05-16 06:36:52.230,-116.4455,34.0068333,7.38,2.84,"7km NE of Desert Hot Springs, CA"
ci40019919,2022-05-16 06:16:50.290,-116.4448333,34.0078333,8.25,3.76,"7km NE of Desert Hot Springs, CA"
ci40018903,2022-05-14 21:28:14.790,-119.353,34.9123333,5.83,3.26,"17km SSE of Maricopa, CA"
ci40017815,2022-05-13 19:45:18.040,-117.6093333,35.6956667,7.96,3.16,"10km NE of Ridgecrest, CA"
ci40017663,2022-05-13 16:28:42.500,-117.6081667,35.6948333,8.48,2.78,"10km NE of Ridgecrest, CA"
ci40017591,2022-05-13 13:32:36.610,-116.8575,33.342,7.37,3.48,"2km SSE of Palomar Observatory, CA"
ci40017247,2022-05-13 05:11:38.470,-117.8825,36.2231667,5.52,2.73,"13km ESE of Olancha, CA"
ci40256064,2022-05-11 07:25:19.250,-116.4855,33.4798333,14.33,2.57,"19km ESE of Anza, CA"
nc73732056,2022-05-11 07:07:26.560,-119.2275,38.0553333,7.48,2.76,"14km NW of Lee Vining, CA"
nn00838659,2022-05-10 22:49:33.595,-116.7624,39.5888,0.0,2.7,"28 km ENE of Austin, Nevada"
us7000h8fl,2022-05-10 21:33:44.270,-116.7455,40.1508,0.0,2.5,"32 km SSW of Crescent Valley, Nevada"
ci40255408,2022-05-10 08:01:52.130,-117.3873333,35.5235,8.8,2.96,"27km S of Trona, CA"
ci40255392,2022-05-10 06:53:51.020,-117.3896667,35.5251667,9.05,3.53,"27km S of Trona, CA"
ci40255256,2022-05-09 23:21:37.400,-118.0076667,36.918,1.49,3.15,"21km NE of Independence, CA"
ci40255152,2022-05-09 21:38:24.160,-116.354,33.0425,11.99,2.57,"24km E of Julian, CA"
ci40255120,2022-05-09 21:35:33.550,-116.3538333,33.0391667,11.34,3.54,"24km E of Julian, CA"
nc73731161,2022-05-09 09:26:07.620,-118.7981667,37.38,10.66,2.6,"18km WSW of Round Valley, CA"
ci40254520,2022-05-08 15:38:43.400,-117.4736667,35.68,6.73,2.57,"12km SSW of Searles Valley, CA"
nn00838515,2022-05-08 14:49:05.409,-116.937,39.632,2.1,2.6,"19 km NE of Austin, Nevada"
nc73730551,2022-05-07 21:25:30.200,-119.3401667,38.2368333,10.54,2.57,"10km WSW of Bridgeport, CA"
ci40254184,2022-05-07 12:16:22.990,-118.5115,35.5283333,1.91,2.7,"7km SSW of Bodfish, CA"
nc73730346,2022-05-07 08:00:22.990,-122.8126667,38.8321667,2.51,2.51,"8km NW of The Geysers, CA"
nc73730206,2022-05-06 20:17:27.060,-124.3613333,40.8213333,23.02,3.25,"16km WNW of Bayview, CA"
nc73730186,2022-05-06 19:36:20.150,-118.4088333,37.3885,10.36,2.91,"1km ENE of Dixon Lane-Meadow Creek, CA"
ci40253800,2022-05-06 19:24:47.770,-116.662,33.9835,16.28,2.63,"10km SW of Morongo Valley, CA"
ci40252632,2022-05-05 06:01:03.340,-120.1806667,35.3671667,7.55,2.84,"16km W of Simmler, CA"
nc73729226,2022-05-04 13:56:06.310,-123.7663333,40.6633333,26.62,2.53,"30km SE of Blue Lake, CA"
nc73729071,2022-05-04 01:12:16.730,-121.622,37.503,6.82,2.6,"24km NE of Alum Rock, CA"
ci40251216,2022-05-03 14:30:55.100,-117.198,34.0185,15.49,2.57,"4km SSW of Redlands, CA"
nc73728751,2022-05-03 13:01:08.180,-122.8013333,38.8235,3.46,2.84,"6km NW of The Geysers, CA"
nc73728746,2022-05-03 12:59:14.720,-122.8008333,38.824,3.31,2.66,"6km NW of The Geysers, CA"
ci40250808,2022-05-02 21:56:48.810,-118.0658333,36.132,2.48,3.45,"14km NW of Coso Junction, CA"
nc73728246,2022-05-02 15:18:21.070,-123.7021667,41.1365,31.65,2.74,"6km S of Weitchpec, CA"
nc73728211,2022-05-02 14:19:30.890,-124.3295,40.5781667,20.91,2.72,"6km W of Ferndale, CA"
ci40250208,2022-05-02 09:16:05.190,-118.1891667,36.1976667,2.75,2.89,"19km WSW of Olancha, CA"
nn00838155,2022-05-02 02:55:55.715,-117.8887,38.1577,8.4,2.5,"32 km SE of Mina, Nevada"
nc73727841,2022-05-01 20:52:35.390,-121.593,36.8575,6.9,2.75,"5km WNW of San Juan Bautista, CA"
nc73727816,2022-05-01 20:22:01.330,-121.5958333,36.8575,6.81,2.69,"5km WNW of San Juan Bautista, CA"
nc73727496,2022-05-01 10:53:26.030,-121.6015,36.856,6.77,2.5,"5km SE of Aromas, CA"
nn00838129,2022-05-01 09:23:16.765,-118.735,38.2391,7.3,2.9,"33 km SSW of Hawthorne, Nevada"
nc73727061,2022-05-01 03:17:37.970,-122.8116667,38.7988333,3.08,3.34,"5km WNW of The Geysers, CA"
nc73726571,2022-04-30 18:18:21.940,-122.8003333,38.8136667,4.31,2.71,"6km NW of The Geysers, CA"
nc73726581,2022-04-30 18:17:56.920,-122.8031667,38.8195,3.74,3.32,"6km NW of The Geysers, CA"
ci40248736,2022-04-30 00:49:18.950,-119.0251667,33.1548333,5.84,2.72,"35km S of Santa Barbara Is., CA"
nc73726291,2022-04-29 21:30:28.210,-121.8908333,37.992,18.04,2.66,"4km S of Pittsburg, CA"
nc73726266,2022-04-29 19:53:01.350,-120.0893333,41.6835,1.19,2.62,"18km NNE of Cedarville, CA"
nc73726051,2022-04-29 04:43:08.420,-121.12,36.5725,9.93,2.73,"5km NNE of Pinnacles, CA"
nn00838002,2022-04-28 15:00:01.517,-118.4791,38.7001,8.6,3.3,"23 km NNE of Hawthorne, Nevada"
nc73725601,2022-04-28 10:34:18.150,-122.6485,40.788,12.44,2.66,"9km N of French Gulch, CA"
nc73725406,2022-04-28 04:32:22.580,-119.9881667,35.7945,14.78,2.99,"24km S of Kettleman City, CA"
nc73725356,2022-04-28 01:52:44.500,-121.1268333,36.573,10.12,2.54,"5km NNE of Pinnacles, CA"
nc73723750,2022-04-26 14:26:57.970,-124.3471667,40.4025,23.56,2.55,"10km NNW of Petrolia, CA"
nc73723705,2022-04-26 13:51:05.160,-120.142,39.3263333,6.89,2.74,"4km E of Truckee, CA"
ci40246224,2022-04-26 07:00:56.090,-115.5261667,32.8898333,5.48,2.55,"6km NE of Imperial, CA"
nc73723210,2022-04-25 15:23:20.820,-122.8798333,38.8328333,2.63,2.74,"12km ENE of Cloverdale, CA"
nc73723030,2022-04-25 06:18:32.570,-124.334,40.569,21.62,2.73,"6km W of Ferndale, CA"
ci40245048,2022-04-24 16:42:37.980,-117.4541667,35.6421667,6.71,2.72,"15km SSW of Searles Valley, CA"
nc73721675,2022-04-22 11:14:24.700,-122.8021667,38.8223333,2.61,2.93,"6km NW of The Geysers, CA"
nc73721640,2022-04-22 08:21:58.630,-122.7635,38.7863333,2.11,2.82,"1km NNW of The Geysers, CA"
nc73721575,2022-04-22 05:02:34.900,-121.3041667,36.6781667,4.37,3.22,"12km S of Tres Pinos, CA"
ci40243480,2022-04-21 22:18:06.360,-117.4706667,35.6711667,8.35,2.52,"12km SSW of Searles Valley, CA"
ci40243288,2022-04-21 18:58:50.260,-115.5135,32.8948333,9.45,3.62,"7km NE of Imperial, CA"
ci40242936,2022-04-21 07:11:43.800,-115.5226667,32.901,5.41,2.54,"7km NE of Imperial, CA"
nn00837584,2022-04-21 03:26:07.889,-117.8991,38.1649,11.0,2.7,"31 km SE of Mina, Nevada"
ci40242720,2022-04-20 23:52:47.560,-115.515,32.9191667,7.92,3.25,"7km SSE of Brawley, CA"
nc73720990,2022-04-20 21:49:49.140,-118.5995,37.4133333,10.59,2.95,"0km SW of Round Valley, CA"
ci40241984,2022-04-20 07:19:41.530,-119.3565,33.6698333,5.93,2.88,"35km NW of Santa Barbara Is., CA"
ci40241880,2022-04-20 05:19:44.850,-115.5111667,32.918,11.48,3.41,"7km SSE of Brawley, CA"
ci40241816,2022-04-20 03:56:46.450,-115.5171667,32.915,7.69,3.29,"7km S of Brawley, CA"
ci40241472,2022-04-19 20:51:28.980,-115.5085,32.9033333,7.28,2.79,"8km NE of Imperial, CA"
ci40241440,2022-04-19 20:30:08.420,-115.5138333,32.9105,11.46,3.72,"8km SSE of Brawley, CA"
ci40241424,2022-04-19 20:22:41.540,-115.5165,32.9095,11.77,3.61,"8km S of Brawley, CA"
ci40241296,2022-04-19 18:15:05.270,-115.5153333,32.9116667,5.59,2.82,"8km S of Brawley, CA"
ci40241024,2022-04-19 13:48:06.150,-117.6761667,35.9438333,4.05,2.73,"21km E of Little Lake, CA"
nn00837433,2022-04-19 06:18:15.487,-115.974,38.7242,0.0,2.8,"82 km WSW of Preston, Nevada"
nc73719985,2022-04-19 05:00:09.150,-122.9833333,38.7966667,1.3,3.15,"3km ESE of Cloverdale, CA"
nc73719600,2022-04-18 11:38:56.580,-121.6291667,36.9711667,3.97,2.59,"7km SW of Gilroy, CA"
nc73719475,2022-04-18 05:49:53.480,-123.9311667,41.2768333,29.9,2.68,"21km WNW of Weitchpec, CA"
nc73719250,2022-04-18 02:17:52.830,-122.8221667,38.8043333,2.28,2.74,"6km WNW of The Geysers, CA"
nc73719205,2022-04-18 02:08:59.240,-122.8193333,38.8053333,2.47,2.77,"6km WNW of The Geysers, CA"
ci40238472,2022-04-16 21:10:58.870,-117.576,36.0411667,1.1,2.7,"32km ENE of Little Lake, CA"
ci40238416,2022-04-16 19:34:23.740,-117.9308333,37.0725,1.89,2.7,"33km ESE of Big Pine, CA"
nc73718085,2022-04-16 00:01:49.220,-121.6915,36.9511667,11.74,2.56,"4km E of Interlaken, CA"
nc73718040,2022-04-15 22:19:56.640,-124.4005,40.428,10.74,2.56,"15km NW of Petrolia, CA"
nc73717865,2022-04-15 15:06:47.720,-124.4016667,40.4643333,25.83,2.56,"17km SW of Ferndale, CA"
nc73717790,2022-04-15 10:38:29.380,-120.062,36.0181667,4.43,2.61,"6km ENE of Avenal, CA"
nc73717600,2022-04-14 21:06:40.670,-121.3868333,41.1491667,-1.23,2.79,"11km N of McArthur, CA"
nn00837174,2022-04-14 17:26:19.821,-118.0462,38.0016,5.9,3.3,"37 km N of Dyer, Nevada"
ci39992023,2022-04-14 06:33:40.730,-116.3625,33.3633333,3.28,2.58,"12km N of Borrego Springs, CA"
nc73717261,2022-04-12 00:54:16.370,-124.2815,40.4623333,24.84,2.55,"13km S of Ferndale, CA"
ci39990551,2022-04-11 23:40:20.790,-115.6436667,33.1728333,7.73,3.24,"13km WNW of Calipatria, CA"
nc73716646,2022-04-10 17:02:58.610,-121.2625,36.7566667,10.91,2.57,"6km SE of Tres Pinos, CA"
nc73716621,2022-04-10 15:49:51.190,-120.9676667,34.7971667,13.0,2.93,"41km WSW of Guadalupe, CA"
ci39989335,2022-04-09 13:14:38.560,-118.4771667,35.368,7.83,2.52,"24km S of Bodfish, CA"
nc73716036,2022-04-08 18:04:08.550,-120.3475,35.7981667,10.26,2.82,"10km NNW of Cholame, CA"
nn00836919,2022-04-08 12:18:32.457,-115.3239,37.1018,5.0,2.5,"32 km SSW of Alamo, Nevada"
ci39988527,2022-04-08 09:35:54.780,-118.5361667,35.3131667,3.29,3.28,"22km NNW of Tehachapi, CA"
nc73715206,2022-04-06 23:29:46.010,-118.8656667,37.5793333,3.42,2.89,"12km ESE of Mammoth Lakes, CA"
nc73714641,2022-04-05 10:17:20.280,-124.3651667,40.318,27.46,2.58,"7km W of Petrolia, CA"
nc73714596,2022-04-05 08:05:34.920,-123.8226667,40.1378333,22.9,2.52,"2km N of Redway, CA"
nc73714286,2022-04-04 21:16:24.530,-124.2193333,40.4815,21.43,2.78,"10km WSW of Rio Dell, CA"
nn00836685,2022-04-04 17:49:08.189,-118.0431,38.1645,11.6,2.5,"25 km SSE of Mina, Nevada"
ci39986031,2022-04-04 17:25:18.690,-119.1015,33.9998333,9.32,2.5,"19km SSE of Port Hueneme, CA"
nc73714176,2022-04-04 15:18:31.590,-124.2186667,40.4816667,21.41,3.8,"10km WSW of Rio Dell, CA"
nc73714181,2022-04-04 15:16:46.240,-124.2101667,40.4871667,21.4,4.07,"9km W of Rio Dell, CA"
nc73713976,2022-04-04 02:42:54.140,-121.2656667,36.6421667,10.35,2.73,"16km NW of Pinnacles, CA"
nn00836630,2022-04-03 16:58:16.851,-117.8203,38.1682,9.0,2.8,"35 km SE of Mina, Nevada"
ci39985119,2022-04-03 09:51:30.520,-116.9765,35.0381667,2.01,3.62,"16km NNE of Barstow, CA"
nc73713561,2022-04-03 00:25:06.630,-120.7465,36.7981667,4.67,2.67,"20km SSW of South Dos Palos, CA"
nc73713331,2022-04-02 10:31:04.680,-123.5105,41.0453333,33.39,3.54,"16km NE of Willow Creek, CA"
nc73713306,2022-04-02 08:55:50.130,-119.828,38.6265,-1.78,2.73,"8km SSW of Markleeville, CA"
nc73713091,2022-04-01 15:31:59.620,-123.4696667,40.8165,26.05,3.02,"19km SE of Willow Creek, CA"
nc73713056,2022-04-01 14:04:29.480,-122.7295,38.7486667,1.99,2.71,"4km SE of The Geysers, CA"
ci39983615,2022-04-01 13:14:37.370,-117.325,36.0003333,2.32,2.62,"27km N of Trona, CA"
nn00836469,2022-04-01 11:34:31.115,-117.8881,38.1708,12.4,3.5,"31 km SE of Mina, Nevada"
ci39983439,2022-04-01 08:44:03.130,-115.45,32.7996667,13.6,2.81,"7km W of Holtville, CA"
nc73712916,2022-04-01 02:28:12.940,-121.542,36.812,5.73,2.82,"4km S of San Juan Bautista, CA"
nc73712886,2022-04-01 00:58:29.410,-121.5396667,36.8083333,5.78,2.65,"4km S of San Juan Bautista, CA"
nc73712821,2022-03-31 22:39:04.670,-121.5395,36.8105,5.84,3.33,"4km S of San Juan Bautista, CA"
nc73712606,2022-03-31 08:16:30.000,-118.601,37.4108333,10.53,3.29,"0km SW of Round Valley, CA"
nn00836401,2022-03-31 03:33:13.425,-117.8746,38.2042,7.6,2.6,"29 km SE of Mina, Nevada"
nc73712486,2022-03-31 02:05:26.760,-118.6031667,37.4093333,10.53,3.93,"1km SW of Round Valley, CA"
nn00836357,2022-03-30 21:05:17.191,-119.5704,39.9787,7.5,2.6,"4 km NE of Sutcliffe, Nevada"
nn00836279,2022-03-30 00:42:50.765,-117.9822,38.1508,10.4,2.9,"28 km SSE of Mina, Nevada"
nn00836262,2022-03-29 22:27:19.580,-116.2227,37.1353,7.3,2.9,"53 km ENE of Beatty, Nevada"
nc73711961,2022-03-29 18:53:25.180,-122.7728333,38.7995,0.65,2.75,"3km NNW of The Geysers, CA"
ci39981303,2022-03-29 18:35:43.770,-116.0031667,33.1913333,8.54,2.71,"13km SSW of Salton City, CA"
ci39980583,2022-03-28 15:24:32.130,-115.6095,33.1831667,2.28,3.04,"10km SW of Niland, CA"
nc73711436,2022-03-28 08:35:41.430,-122.8886667,39.3458333,8.76,2.57,"9km SE of Lake Pillsbury, CA"
nc73710701,2022-03-26 17:46:51.280,-119.5428333,38.5136667,-0.46,3.29,"6km W of Walker, CA"
nc73710551,2022-03-26 11:53:01.950,-119.5418333,38.5153333,-0.78,2.59,"5km W of Walker, CA"
nn00836078,2022-03-26 11:41:20.797,-114.9832,37.3046,2.7,2.7,"17 km ESE of Alamo, Nevada"
nc73710541,2022-03-26 11:32:23.820,-120.2005,35.9705,18.78,2.61,"7km WSW of Avenal, CA"
ci39978903,2022-03-26 10:13:58.540,-117.9348333,37.0676667,8.44,2.81,"33km ESE of Big Pine, CA"
nc73710361,2022-03-25 21:10:58.610,-122.2585,39.1266667,-0.49,3.67,"10km WSW of Williams, CA"
nc73710256,2022-03-25 16:23:51.840,-119.5386667,38.5188333,0.1,2.65,"5km W of Walker, CA"
nn00835935,2022-03-24 14:53:24.687,-119.5887,41.9645,1.6,2.7,"48 km ENE of Fort Bidwell, California"
nn00835978,2022-03-24 09:42:10.537,-119.5731,41.9659,1.4,2.8,"49 km ENE of Fort Bidwell, California"
nc73709221,2022-03-23 09:56:36.520,-123.8245,40.1353333,22.86,2.79,"2km N of Redway, CA"
ci39974975,2022-03-23 01:58:44.750,-118.4318333,34.291,7.47,2.61,"1km ENE of San Fernando, CA"
nc73708841,2022-03-22 16:35:40.080,-122.7916667,38.8035,1.35,2.68,"4km NW of The Geysers, CA"
nc73708746,2022-03-22 12:00:12.830,-121.5141667,35.8121667,7.53,2.97,"24km SSE of Lopez Point, CA"
ci39974207,2022-03-22 11:59:40.490,-116.5325,33.4715,13.09,3.03,"16km SE of Anza, CA"
ci39974135,2022-03-22 10:33:38.430,-117.5645,34.0498333,7.4,3.28,"6km E of Ontario, CA"
ci39973479,2022-03-21 16:02:22.860,-118.755,33.8888333,14.45,2.88,"14km SSE of Malibu, CA"
nc73708346,2022-03-21 08:31:58.570,-124.0215,40.7213333,27.45,2.63,"11km E of Pine Hills, CA"
ci39973183,2022-03-20 23:31:48.540,-115.5998333,33.1128333,11.02,2.94,"8km W of Calipatria, CA"
nn00835709,2022-03-20 23:15:12.758,-117.7583,38.1912,8.4,2.8,"37 km SE of Mina, Nevada"
nc73707826,2022-03-19 16:59:41.390,-121.7615,37.0021667,12.04,3.58,"4km ENE of Corralitos, CA"
nc73707696,2022-03-19 12:58:03.960,-119.532,38.5208333,1.4,2.53,"5km W of Walker, CA"
nc73707656,2022-03-19 11:04:50.830,-119.5305,38.5206667,1.43,2.71,"4km W of Walker, CA"
nc73707556,2022-03-19 06:01:29.970,-121.627,36.9731667,4.64,2.61,"6km SW of Gilroy, CA"
nc73707451,2022-03-19 00:02:48.990,-119.5446667,38.5181667,-0.21,2.6,"6km W of Walker, CA"
ci39971663,2022-03-18 21:48:28.880,-117.929,36.4891667,6.43,2.86,"17km SE of Lone Pine, CA"
ci39971647,2022-03-18 21:30:15.660,-116.003,33.1933333,7.93,2.83,"12km SSW of Salton City, CA"
nc73707241,2022-03-18 15:16:25.790,-120.9055,36.483,17.94,3.28,"22km ESE of Pinnacles, CA"
nc73707036,2022-03-18 04:59:57.380,-119.5348333,38.5238333,0.03,2.96,"5km WNW of Walker, CA"
nc73707031,2022-03-18 04:55:08.510,-119.5306667,38.5215,1.12,2.62,"4km W of Walker, CA"
nc73707026,2022-03-18 04:53:41.370,-119.5358333,38.5243333,0.8,2.72,"5km WNW of Walker, CA"
nc73707021,2022-03-18 04:51:22.290,-119.5405,38.521,-0.54,3.99,"5km W of Walker, CA"
ci39970455,2022-03-17 20:21:10.650,-119.1171667,33.3233333,8.8,2.79,"17km SSW of Santa Barbara Is., CA"
ci39969735,2022-03-17 01:46:56.550,-116.7736667,34.0955,11.78,2.53,"19km WNW of Morongo Valley, CA"
nn00835467,2022-03-16 22:50:05.380,-118.7644,38.9283,10.2,2.6,"4 km ESE of Schurz, Nevada"
ci39969223,2022-03-16 10:13:38.140,-117.1686667,33.9906667,15.0,2.76,"7km S of Redlands, CA"
ci39969103,2022-03-16 05:43:13.670,-115.5321667,32.6946667,3.18,2.68,"4km WNW of Calexico, CA"
ci39968663,2022-03-15 18:15:34.880,-117.6508333,35.8251667,6.27,3.09,"23km N of Ridgecrest, CA"
nn00835351,2022-03-15 11:48:32.728,-115.3165,37.1209,11.8,3.4,"30 km SSW of Alamo, Nevada"
ci40207960,2022-03-15 00:57:31.560,-119.2963333,34.4368333,10.23,2.5,"5km WSW of Ojai, CA"
nc73705706,2022-03-15 00:48:49.460,-124.2883333,40.4145,25.14,2.52,"10km N of Petrolia, CA"
nc73705586,2022-03-14 19:22:28.220,-122.7523333,38.7835,2.34,2.89,"1km NNE of The Geysers, CA"
ci40207704,2022-03-14 19:16:16.300,-116.6406667,33.9348333,11.97,2.94,"10km WNW of Garnet, CA"
nc73705266,2022-03-14 04:31:07.290,-121.1868333,36.5751667,4.93,2.6,"6km NW of Pinnacles, CA"
nc73705251,2022-03-14 04:09:24.970,-121.1828333,36.586,5.89,3.07,"7km NNW of Pinnacles, CA"
nc73705146,2022-03-13 20:51:32.260,-121.1883333,36.5846667,6.03,4.12,"7km NW of Pinnacles, CA"
nc71127384,2022-03-13 20:51:30.100,-121.1863333,36.5893333,6.1,3.23,"8km NNW of Pinnacles, CA"
nc73704531,2022-03-12 03:42:07.980,-121.0545,36.4666667,2.13,2.58,"11km SE of Pinnacles, CA"
nc73704246,2022-03-11 17:44:30.460,-122.2991667,37.919,4.97,2.8,"1km ENE of El Cerrito, CA"
nn00835154,2022-03-10 03:58:42.698,-118.8022,41.5044,7.5,2.8,"55 km SSW of Denio, Nevada"
nn00835115,2022-03-09 20:38:28.638,-118.113,38.1199,11.1,2.5,"30 km S of Mina, Nevada"
nc73703361,2022-03-09 17:54:47.110,-124.2781667,40.3945,27.39,2.73,"8km N of Petrolia, CA"
nc73702686,2022-03-08 03:39:46.550,-120.8196667,36.2478333,6.53,2.84,"22km NE of San Lucas, CA"
nc73702626,2022-03-08 01:13:56.920,-119.0768333,38.2285,14.37,2.82,"6km WNW of Bodie, CA"
nc73702521,2022-03-07 18:24:20.150,-119.074,38.2331667,9.89,2.81,"6km WNW of Bodie, CA"
nc73702486,2022-03-07 16:22:42.900,-119.08,38.2258333,8.97,3.54,"6km WNW of Bodie, CA"
nc73701916,2022-03-06 04:19:55.990,-122.745,38.7798333,0.47,2.69,"1km ENE of The Geysers, CA"
nc73701676,2022-03-05 15:07:29.780,-121.1181667,36.5286667,6.48,3.22,"2km E of Pinnacles, CA"
ci40200072,2022-03-05 11:02:16.160,-118.384,35.5136667,4.74,3.27,"13km SE of Bodfish, CA"
nc73701596,2022-03-05 11:00:22.300,-120.6948333,36.527,7.87,2.53,"12km N of New Idria, CA"
nn00834904,2022-03-04 09:57:48.046,-115.2581,38.0585,7.5,3.5,"51 km N of Hiko, Nevada"
nn00834881,2022-03-03 23:51:42.275,-115.2854,38.0896,8.2,3.1,Nevada
nc73700486,2022-03-03 11:39:58.200,-122.7581667,38.7805,0.4,3.78,"0km NNW of The Geysers, CA"
ci40198320,2022-03-02 22:55:02.670,-115.5431667,33.8533333,1.78,2.73,"20km NW of Desert Center, CA"
nc73700131,2022-03-02 19:10:21.150,-119.4486667,38.5778333,6.22,2.83,"8km NNE of Walker, CA"
nn00834659,2022-03-01 18:17:21.302,-118.0206,38.141,9.4,3.5,"28 km SSE of Mina, Nevada"
nc73699581,2022-03-01 16:51:12.230,-121.9951667,37.1243333,14.48,2.68,"5km SSW of Lexington Hills, CA"
nc73699546,2022-03-01 16:06:50.470,-124.3678333,40.2943333,29.6,2.54,"8km WSW of Petrolia, CA"
ci40196752,2022-03-01 06:34:09.970,-119.2936667,34.4333333,11.54,2.61,"5km WSW of Ojai, CA"
ci40196656,2022-03-01 05:06:42.710,-119.2975,34.441,11.56,2.83,"5km W of Ojai, CA"
ci40196616,2022-03-01 05:01:10.860,-119.2935,34.439,10.87,2.84,"5km WSW of Ojai, CA"
ci40194848,2022-02-27 04:44:34.540,-119.136,34.4221667,17.29,3.05,"10km ESE of Ojai, CA"
ci40194736,2022-02-27 01:44:18.300,-119.132,34.4211667,19.66,3.98,"10km NW of Santa Paula, CA"
nn00834481,2022-02-26 01:42:23.102,-117.7771,38.1861,5.2,3.5,"36 km SE of Mina, Nevada"
nn00834472,2022-02-26 00:49:19.227,-117.8531,38.1722,2.5,2.6,"32 km SE of Mina, Nevada"
nn00834442,2022-02-25 20:27:20.519,-117.8852,38.1712,10.9,2.8,"31 km SE of Mina, Nevada"
ci40193240,2022-02-25 07:38:48.150,-115.8163333,32.7053333,11.1,2.54,"17km E of Ocotillo, CA"
nc73697236,2022-02-24 13:09:20.320,-122.7965,38.8235,2.89,2.61,"6km NW of The Geysers, CA"
ci40191736,2022-02-23 00:20:39.970,-117.9803333,35.9585,3.82,2.82,"7km WNW of Little Lake, CA"
nn00834257,2022-02-22 08:48:41.902,-119.6443,40.1717,8.6,3.0,"24 km N of Sutcliffe, Nevada"
nn00834252,2022-02-22 04:46:19.998,-116.8827,39.6179,0.0,2.5,"21 km NE of Austin, Nevada"
nc73695786,2022-02-21 05:07:36.210,-121.3711667,36.7206667,2.7,3.4,"9km SSW of Tres Pinos, CA"
nn00834222,2022-02-21 05:06:10.361,-118.3624,38.2511,7.9,3.5,California-Nevada border region
ci40190688,2022-02-20 20:49:31.870,-117.1866667,34.0348333,11.07,2.65,"2km S of Redlands, CA"
nn00834205,2022-02-20 09:37:50.061,-117.9365,38.1543,10.8,3.4,"30 km SSE of Mina, Nevada"
nc73695371,2022-02-20 04:49:48.090,-121.5218333,36.9223333,6.23,2.82,"9km N of San Juan Bautista, CA"
nc73694996,2022-02-19 07:35:26.950,-118.7413333,38.0868333,6.68,2.66,"27km ESE of Bodie, CA"
nc73694886,2022-02-19 03:47:14.280,-118.811,37.4691667,6.65,2.89,"16km SW of Toms Place, CA"
nc73694846,2022-02-19 02:24:03.980,-121.516,36.7936667,4.95,2.76,"6km SSE of San Juan Bautista, CA"
nn00834080,2022-02-18 05:32:12.402,-117.9147,38.1638,10.2,2.7,"30 km SE of Mina, Nevada"
ci40188280,2022-02-17 19:52:08.720,-116.3321667,32.9991667,9.93,2.93,"25km SW of Ocotillo Wells, CA"
nc73693841,2022-02-16 23:02:47.900,-121.1255,35.6986667,6.6,3.3,"8km NE of San Simeon, CA"
ci40187488,2022-02-16 17:18:21.670,-119.1371667,34.4116667,16.1,2.74,"10km NW of Santa Paula, CA"
nc73693631,2022-02-16 14:21:25.120,-122.1248333,37.7313333,6.0,2.91,"3km ENE of San Leandro, CA"
nc73693601,2022-02-16 12:46:07.440,-121.1485,35.7026667,6.32,2.94,"8km NNE of San Simeon, CA"
nc73693581,2022-02-16 12:10:59.580,-121.5535,36.8451667,7.0,3.09,"1km W of San Juan Bautista, CA"
nc71127199,2022-02-16 10:36:48.600,-124.3243333,40.3516667,28.29,2.53,"4km NW of Petrolia, CA"
nc73693441,2022-02-16 02:10:03.750,-122.4296667,40.6161667,21.87,2.71,"6km ENE of Shasta, CA"
nc73693421,2022-02-16 01:16:32.520,-121.6668333,36.9151667,10.6,2.54,"4km NW of Aromas, CA"
nn00833909,2022-02-15 21:35:58.537,-117.7763,38.1841,7.2,2.6,"37 km SE of Mina, Nevada"
nn00833903,2022-02-15 21:16:24.065,-117.7833,38.1814,4.1,4.7,"36 km SE of Mina, Nevada"
nn00833880,2022-02-15 05:34:54.330,-117.8893,38.1622,10.2,3.4,"31 km SE of Mina, Nevada"
ci40185640,2022-02-14 16:41:35.260,-118.6415,34.3891667,3.23,3.17,"10km SW of Valencia, CA"
ci40185360,2022-02-14 11:09:59.050,-117.5335,35.6595,9.5,2.63,"14km ENE of Ridgecrest, CA"
nn00833739,2022-02-12 16:55:53.594,-119.1359,39.4843,8.6,2.5,"10 km NE of Silver Springs, Nevada"
nc73691736,2022-02-12 03:13:42.080,-122.1478333,37.7395,3.84,3.24,"2km NNE of San Leandro, CA"
ci40183056,2022-02-11 14:21:13.660,-117.6876667,35.9163333,2.79,2.93,"20km E of Little Lake, CA"
nn00833670,2022-02-11 01:59:24.028,-115.2667,40.5145,2.4,3.1,"29 km SE of Lamoille, Nevada"
ci40182600,2022-02-11 00:35:46.380,-119.1346667,34.4205,16.29,2.64,"10km NW of Santa Paula, CA"
ci40182560,2022-02-11 00:25:02.020,-119.1323333,34.4171667,18.74,3.86,"10km NW of Santa Paula, CA"
ci40180600,2022-02-09 04:05:51.690,-118.4408333,36.1376667,3.29,2.73,"42km WSW of Olancha, CA"
nc73690306,2022-02-09 03:09:35.100,-123.5148333,41.345,35.81,2.63,"5km SW of Somes Bar, CA"
ci40180552,2022-02-09 01:47:42.470,-117.675,35.9861667,2.12,2.64,"22km ENE of Little Lake, CA"
nc73690166,2022-02-08 23:16:00.410,-122.8013333,38.8081667,2.93,3.27,"5km NW of The Geysers, CA"
ci40180104,2022-02-08 15:38:22.330,-118.2895,34.0871667,7.97,2.59,"2km WSW of Silver Lake, CA"
nc73690016,2022-02-08 13:14:57.500,-121.5826667,36.8373333,7.33,2.85,"4km WSW of San Juan Bautista, CA"
nc73689936,2022-02-08 06:51:14.480,-117.9148333,37.3256667,11.21,2.85,"8km SE of Deep Springs, CA"
nc73689771,2022-02-07 16:38:53.850,-121.6636667,37.2921667,5.03,2.73,"16km E of Seven Trees, CA"
nn00833376,2022-02-07 02:38:51.689,-115.9402,37.2266,8.0,2.9,"49 km SSW of Rachel, Nevada"
nc73689506,2022-02-07 00:01:53.730,-122.1356667,37.7281667,4.28,3.09,"2km ENE of San Leandro, CA"
ci40178728,2022-02-06 23:24:47.510,-117.4786667,33.7323333,11.02,3.62,"13km NE of Trabuco Canyon, CA"
nc73689126,2022-02-06 04:55:17.850,-122.7453333,38.7856667,0.84,3.36,"1km NE of The Geysers, CA"
ci40177192,2022-02-05 07:41:04.630,-117.5008333,32.8841667,17.92,2.55,"22km W of La Jolla, CA"
nc73688171,2022-02-04 15:50:09.360,-122.8191667,38.8461667,1.12,3.14,"9km WNW of Cobb, CA"
ci37387020,2022-02-03 15:18:32.540,-117.4813333,34.1328333,5.48,2.61,"4km NNW of Fontana, CA"
ci39931047,2022-02-02 16:23:55.830,-119.3995,35.28,22.47,2.51,"15km SSE of Buttonwillow, CA"
ci39930791,2022-02-02 13:17:39.780,-115.615,33.0298333,4.64,2.54,"1km SE of Westmorland, CA"
nc73687186,2022-02-02 07:45:52.030,-118.7743333,37.5176667,5.58,2.65,"10km WSW of Toms Place, CA"
nc73687071,2022-02-02 03:50:14.760,-118.7748333,37.5181667,5.53,2.8,"10km WSW of Toms Place, CA"
ci39930343,2022-02-02 03:39:36.210,-115.6146667,33.033,5.16,2.72,"1km SE of Westmorland, CA"
nc73687041,2022-02-02 03:14:17.470,-121.6093333,36.8676667,7.94,2.76,"4km SE of Aromas, CA"
nc73686986,2022-02-02 01:41:48.220,-119.7725,38.6553333,-1.09,3.47,"4km SSE of Markleeville, CA"
nc73686881,2022-02-01 18:05:16.380,-121.0445,36.4708333,3.31,2.5,"11km SE of Pinnacles, CA"
ci39929895,2022-02-01 17:26:16.480,-118.2048333,33.949,15.79,3.26,"1km SE of South Gate, CA"
nc73686851,2022-02-01 14:28:19.810,-124.2936667,40.3695,27.55,2.59,"5km N of Petrolia, CA"
nn00832854,2022-01-31 13:44:16.209,-117.8883,38.1647,9.9,2.9,"31 km SE of Mina, Nevada"
nc73686036,2022-01-30 20:59:08.070,-120.3315,35.7831667,8.36,2.75,"8km NNW of Cholame, CA"
nc73686026,2022-01-30 20:47:35.650,-120.331,35.781,8.35,2.96,"7km NNW of Cholame, CA"
ci39928087,2022-01-30 17:46:26.970,-116.9146667,33.3355,13.31,4.0,"5km WSW of Palomar Observatory, CA"
nn00832788,2022-01-30 07:16:42.456,-118.0052,38.142,8.0,3.9,"29 km SSE of Mina, Nevada"
nc73685556,2022-01-29 21:46:34.080,-123.8431667,40.5511667,26.43,2.63,"22km E of Hydesville, CA"
nc73685486,2022-01-29 18:37:31.400,-124.3391667,40.2843333,8.3,2.77,"6km SW of Petrolia, CA"
nc73685406,2022-01-29 14:35:40.520,-123.184,39.801,7.48,2.91,"6km E of Covelo, CA"
nn00832745,2022-01-29 07:03:15.375,-117.756,40.2843,7.6,3.3,"53 km SE of Imlay, Nevada"
nc73684951,2022-01-28 18:45:06.020,-120.0695,36.0826667,11.67,2.64,"10km NNE of Avenal, CA"
nc73684846,2022-01-28 11:39:56.140,-119.4778333,38.457,6.45,2.82,"6km S of Walker, CA"
ci39926031,2022-01-28 10:40:07.860,-117.0401667,33.8395,14.45,2.5,"10km NW of San Jacinto, CA"
nc73684816,2022-01-28 10:36:54.660,-123.1843333,39.7941667,9.47,2.59,"5km E of Covelo, CA"
nc73684671,2022-01-28 03:40:17.270,-123.1841667,39.7995,8.89,2.51,"6km E of Covelo, CA"
nc73683766,2022-01-27 22:07:58.380,-124.3208333,40.477,17.99,2.68,"12km SSW of Ferndale, CA"
ci39924911,2022-01-27 11:12:18.860,-118.993,35.0418333,7.93,2.58,"12km NNW of Grapevine, CA"
ci39924879,2022-01-27 10:52:41.220,-118.9931667,35.0398333,9.91,2.84,"12km NNW of Grapevine, CA"
ci39924871,2022-01-27 10:51:22.330,-118.9958333,35.0445,12.03,3.51,"13km NNW of Grapevine, CA"
ci39923679,2022-01-26 10:38:30.020,-117.7755,36.0235,1.83,3.12,"15km NE of Little Lake, CA"
ci39923631,2022-01-26 09:59:17.040,-117.7763333,36.023,1.63,3.02,"15km NE of Little Lake, CA"
ci39923623,2022-01-26 09:59:05.010,-117.7791667,36.0256667,1.74,3.03,"15km NE of Little Lake, CA"
ci39923559,2022-01-26 06:23:11.800,-118.6475,32.9071667,0.96,2.67,"14km SSW of San Clemente Is. (NW tip), CA"
ci39923479,2022-01-26 05:05:55.330,-117.781,36.0263333,1.66,2.57,"15km NE of Little Lake, CA"
ci39923447,2022-01-26 05:00:01.620,-117.7811667,36.0251667,1.65,2.85,"15km NE of Little Lake, CA"
nn00832491,2022-01-26 00:21:26.958,-119.1791,40.5071,9.5,3.2,"15 km ESE of Empire, Nevada"
nn00832460,2022-01-25 20:24:00.548,-117.8079,38.1816,9.3,2.8,"35 km SE of Mina, Nevada"
ci39921383,2022-01-23 20:57:15.240,-116.3975,33.4338333,6.66,3.21,"20km N of Borrego Springs, CA"
nc73682276,2022-01-23 16:57:43.060,-121.2675,36.6675,4.91,2.69,"14km SSE of Tres Pinos, CA"
nc73682266,2022-01-23 16:53:10.310,-121.2703333,36.6666667,5.17,3.07,"14km SSE of Tres Pinos, CA"
nc73682121,2022-01-23 01:20:10.250,-119.538,38.545,3.71,2.58,"6km WNW of Walker, CA"
nn00832225,2022-01-22 23:51:16.834,-118.3583,38.2505,10.4,2.9,"26 km SW of Mina, Nevada"
nn00832186,2022-01-22 22:40:11.845,-118.3528,38.2571,11.7,4.3,"25 km SW of Mina, Nevada"
ci39920079,2022-01-22 01:01:42.300,-116.0805,32.8625,7.23,3.01,"16km NNW of Ocotillo, CA"
nc73681616,2022-01-21 21:17:43.410,-122.7396667,38.7623333,0.9,2.59,"2km SE of The Geysers, CA"
us7000gdri,2022-01-21 04:59:43.240,-116.212,40.786,0.0,3.3,"12 km NW of Carlin, Nevada"
nc73681251,2022-01-20 23:35:54.110,-119.5316667,38.5373333,3.55,2.51,"5km WNW of Walker, CA"
nc73681106,2022-01-20 18:11:21.570,-118.147,37.3301667,12.72,2.59,"15km WSW of Deep Springs, CA"
nn00832058,2022-01-20 16:52:08.489,-117.7638,38.1849,9.4,2.5,"37 km SE of Mina, Nevada"
nn00832045,2022-01-20 15:45:10.479,-117.7655,38.1827,9.0,3.4,"37 km SE of Mina, Nevada"
ci39917967,2022-01-20 09:52:30.400,-117.4053333,35.5243333,8.7,2.53,"27km ESE of Ridgecrest, CA"
ci39917799,2022-01-20 04:26:10.480,-116.8985,33.7298333,3.9,2.97,"2km SSW of Valle Vista, CA"
ci39915287,2022-01-18 07:39:15.120,-116.7506667,33.8255,12.48,3.45,"10km NNW of Idyllwild, CA"
ci39915175,2022-01-18 03:56:22.820,-120.6706667,34.5106667,-0.05,2.65,"24km SW of Lompoc, CA"
nc73679486,2022-01-17 02:55:08.060,-124.379,40.2868333,18.39,2.88,"9km WSW of Petrolia, CA"
ci39914199,2022-01-17 00:02:29.990,-119.2985,34.4386667,10.42,3.19,"5km WSW of Ojai, CA"
ci39913455,2022-01-15 16:19:02.000,-118.7328333,34.9595,7.29,2.54,"18km NE of Lebec, CA"
nc73678776,2022-01-15 13:10:58.400,-124.293,40.38,28.69,2.69,"6km N of Petrolia, CA"
ci39912487,2022-01-14 15:05:41.430,-115.4401667,32.7728333,12.18,2.85,"7km SW of Holtville, CA"
nc73678226,2022-01-14 04:50:22.640,-122.8366667,38.8395,2.46,2.59,"10km NW of The Geysers, CA"
nc73677916,2022-01-13 10:33:52.700,-123.7545,40.0278333,19.3,2.75,"12km SSE of Redway, CA"
ci39910983,2022-01-13 08:23:09.790,-116.3925,33.3718333,5.06,2.75,"13km N of Borrego Springs, CA"
ci39910327,2022-01-13 03:24:53.520,-116.4405,33.4738333,13.13,2.86,"23km ESE of Anza, CA"
ci39910255,2022-01-13 03:19:08.700,-116.443,33.4688333,13.97,3.86,"23km ESE of Anza, CA"
nc73677651,2022-01-12 22:44:50.630,-124.2275,40.4398333,25.84,2.61,"12km WSW of Rio Dell, CA"
ci39909663,2022-01-12 09:06:03.170,-115.535,32.9341667,11.04,2.54,"5km S of Brawley, CA"
ci39909511,2022-01-12 02:12:08.390,-116.3635,33.3611667,2.96,2.65,"12km N of Borrego Springs, CA"
nc73676991,2022-01-11 12:02:17.650,-124.3686667,40.3055,28.85,2.59,"7km WSW of Petrolia, CA"
ci39908695,2022-01-11 11:41:49.810,-118.2528333,33.8123333,11.57,2.52,"3km SE of Carson, CA"
ci39908519,2022-01-11 05:47:24.830,-118.2685,33.8083333,14.88,2.83,"3km SSE of Carson, CA"
ci39908023,2022-01-10 18:59:47.040,-115.9283333,35.6485,1.74,2.61,"35km SE of Tecopa, CA"
nn00831477,2022-01-10 14:31:27.250,-114.9424,40.9622,13.6,3.7,"16 km S of Wells, Nevada"
nn00831455,2022-01-10 08:09:08.991,-117.8179,38.1757,8.7,3.0,"34 km SE of Mina, Nevada"
nn00831449,2022-01-10 05:09:37.600,-117.8876,38.1763,7.2,3.2,"30 km SE of Mina, Nevada"
nc73676346,2022-01-10 03:10:27.420,-123.7946667,41.1895,27.61,2.76,"7km W of Weitchpec, CA"
nn00831422,2022-01-09 08:04:25.513,-117.8184,38.1755,8.7,2.5,"34 km SE of Mina, Nevada"
nc73676091,2022-01-09 07:54:00.250,-120.3461667,36.2871667,12.58,2.52,"16km N of Coalinga, CA"
ci39906383,2022-01-08 23:46:18.060,-116.8868333,33.373,4.58,3.21,"3km NW of Palomar Observatory, CA"
nc73675616,2022-01-08 10:51:27.620,-122.8685,39.69,4.11,2.86,"13km WNW of Alder Springs, CA"
nc73675531,2022-01-08 08:29:01.760,-122.8058333,38.8345,1.12,2.59,"7km W of Cobb, CA"
ci39905711,2022-01-08 06:21:31.650,-118.9911667,34.4365,1.8,3.56,"8km WNW of Fillmore, CA"
nc73675266,2022-01-07 20:34:12.320,-122.8743333,39.6896667,6.83,2.83,"14km WNW of Alder Springs, CA"
nn00831343,2022-01-07 19:32:03.043,-117.8253,38.1649,9.5,2.9,"35 km SE of Mina, Nevada"
ci39904831,2022-01-07 13:15:11.710,-115.533,32.9236667,11.64,2.63,"6km S of Brawley, CA"
nc73674891,2022-01-07 02:32:07.130,-117.9028333,37.3363333,8.72,3.01,"8km ESE of Deep Springs, CA"
nc73674821,2022-01-07 00:56:40.260,-124.3218333,40.478,18.75,3.03,"12km SSW of Ferndale, CA"
nn00831181,2022-01-06 04:21:23.192,-117.8851,38.17,7.6,3.4,"31 km SE of Mina, Nevada"
nc73674241,2022-01-06 01:08:38.240,-124.3326667,40.4511667,26.98,2.82,"15km NNW of Petrolia, CA"
nc73674211,2022-01-06 00:28:07.010,-117.9023333,37.3338333,9.5,4.75,"8km ESE of Deep Springs, CA"
nc73674136,2022-01-05 20:20:34.190,-124.274,40.4543333,25.14,2.57,"14km S of Ferndale, CA"
nn00831039,2022-01-05 07:26:39.794,-117.8245,38.1688,9.6,2.8,"34 km SE of Mina, Nevada"
nn00831033,2022-01-05 07:21:14.365,-117.8238,38.1677,9.9,4.2,"35 km SE of Mina, Nevada"
nn00831032,2022-01-05 07:20:55.658,-117.8141,38.1764,9.3,2.6,"35 km SE of Mina, Nevada"
nn00831000,2022-01-04 23:22:39.593,-115.35,41.094,4.2,3.6,"31 km NE of Osino, Nevada"
nc73673706,2022-01-04 20:28:54.410,-118.4995,37.4366667,4.62,2.61,"9km ENE of Round Valley, CA"
nc73673491,2022-01-04 11:18:29.210,-122.4705,37.6643333,7.99,2.6,"2km SW of Colma, CA"
ci39901543,2022-01-03 03:02:30.170,-119.3926667,35.2811667,21.55,2.95,"15km SSE of Buttonwillow, CA"
ci39901519,2022-01-03 02:34:48.200,-119.3906667,35.284,17.73,3.92,"15km SSE of Buttonwillow, CA"
nn00830861,2022-01-02 13:05:52.871,-117.8369,38.162,9.9,3.0,"34 km SE of Mina, Nevada"
nn00830840,2022-01-01 19:25:42.770,-117.8237,38.1694,8.1,2.5,"34 km SE of Mina, Nevada"
nc73672071,2022-01-01 09:48:40.700,-118.9556667,38.1096667,16.63,2.68,"12km SSE of Bodie, CA"
nc73672011,2022-01-01 08:33:48.700,-122.728,38.7745,1.53,2.67,"2km E of The Geysers, CA"
nc73671951,2022-01-01 06:10:48.010,-120.441,35.8995,5.65,3.29,"1km W of Parkfield, CA"
nc73671851,2022-01-01 00:27:51.990,-124.3223333,40.4771667,19.08,2.88,"12km SSW of Ferndale, CA"
nc73671466,2021-12-31 21:24:28.100,-124.323,40.4775,19.55,2.59,"12km SSW of Ferndale, CA"
nc73671446,2021-12-31 20:57:46.030,-124.3288333,40.4778333,19.05,3.81,"12km SSW of Ferndale, CA"
ci39900159,2021-12-31 19:27:58.900,-117.208,34.0346667,14.43,3.38,"3km SW of Redlands, CA"
nc73670851,2021-12-31 19:08:31.870,-124.32,40.4768333,19.35,2.54,"12km SSW of Ferndale, CA"
nc73670166,2021-12-31 11:24:49.930,-118.7698333,38.0515,9.5,2.55,"28km SE of Bodie, CA"
ci39899719,2021-12-31 10:48:10.410,-116.8791667,33.3743333,4.65,2.62,"2km NW of Palomar Observatory, CA"
ci39899591,2021-12-31 09:33:52.010,-116.879,33.3723333,4.6,2.95,"2km NW of Palomar Observatory, CA"
us7000g83i,2021-12-31 00:39:53.095,-117.7098,40.4315,5.0,2.5,"45 km SE of Imlay, Nevada"
nc73669326,2021-12-30 23:12:00.560,-124.3785,40.2821667,21.74,2.59,"9km WSW of Petrolia, CA"
nc73669281,2021-12-30 18:07:07.640,-121.4720001,40.2729988,7.57,2.93,"12km SE of Mineral, CA"
nc73669251,2021-12-30 12:28:00.240,-124.2968333,40.3795,29.11,2.63,"6km N of Petrolia, CA"
nc73669241,2021-12-30 10:09:53.520,-124.3753333,40.2791667,21.82,2.5,"9km WSW of Petrolia, CA"
nc73669121,2021-12-29 14:32:23.100,-121.1261667,40.2108333,5.35,2.5,"3km E of Prattville, CA"
nc73669096,2021-12-29 10:59:32.330,-124.2693333,40.3406667,27.66,2.66,"2km NE of Petrolia, CA"
nc73668996,2021-12-28 23:17:46.330,-124.254,40.4573333,27.07,2.77,"13km S of Ferndale, CA"
ci39897903,2021-12-28 16:30:18.740,-116.1983333,33.8395,8.55,2.88,"13km N of Indio, CA"
ci39897879,2021-12-28 16:19:00.270,-117.4836667,34.1285,5.29,2.57,"4km NW of Fontana, CA"
nc73668766,2021-12-27 17:14:45.640,-121.8115,36.0795,13.06,2.64,"23km WNW of Lopez Point, CA"
nc73668761,2021-12-27 17:09:16.420,-121.1711667,36.562,2.32,2.69,"4km NW of Pinnacles, CA"
ci39897055,2021-12-27 09:10:46.920,-117.8513333,36.1118333,3.82,2.55,"12km NE of Coso Junction, CA"
nc73668566,2021-12-26 07:19:46.530,-121.1905,36.5941667,5.64,3.22,"8km NNW of Pinnacles, CA"
ci39896439,2021-12-26 00:19:34.130,-118.712,33.8971667,14.35,2.76,"15km SE of Malibu, CA"
nn00830474,2021-12-25 09:54:47.902,-117.8189,38.1676,10.0,2.5,"35 km SE of Mina, Nevada"
ci39896143,2021-12-25 04:08:43.140,-117.8495,36.0991667,1.99,2.68,"11km NE of Coso Junction, CA"
nc73668326,2021-12-24 18:30:13.390,-124.2628333,40.4353333,25.59,2.87,"12km N of Petrolia, CA"
ci39895831,2021-12-24 17:23:01.340,-119.409,33.7203333,21.49,2.92,"36km SSE of Santa Cruz Is. (E end), CA"
nc73668286,2021-12-24 12:58:09.230,-124.3888333,40.3035,30.59,3.12,"9km WSW of Petrolia, CA"
nn00830439,2021-12-24 03:58:46.343,-119.6266,40.1506,5.1,3.3,"22 km N of Sutcliffe, Nevada"
nc73668171,2021-12-24 00:20:39.000,-124.276,40.3705,26.1,2.51,"5km N of Petrolia, CA"
nc73668161,2021-12-24 00:14:49.590,-124.3176667,40.3758333,28.53,2.59,"6km NNW of Petrolia, CA"
nc73668116,2021-12-23 18:55:48.150,-124.3643333,40.3073333,29.94,2.88,"7km WSW of Petrolia, CA"
nc73668111,2021-12-23 18:32:59.040,-124.3826667,40.4336667,27.16,2.9,"15km NW of Petrolia, CA"
ci39894823,2021-12-23 12:44:24.480,-116.8856667,33.3711667,4.6,3.12,"3km NW of Palomar Observatory, CA"
nc73667941,2021-12-23 11:24:36.280,-124.3581667,40.317,30.9,3.24,"6km W of Petrolia, CA"
ci39894495,2021-12-23 05:04:58.370,-115.8265,33.0351667,7.42,2.94,"19km W of Westmorland, CA"
nc73667866,2021-12-23 03:28:52.150,-124.2925,40.3751667,21.02,3.87,"6km N of Petrolia, CA"
ci39894247,2021-12-23 02:47:57.770,-116.2595,33.2751667,4.67,2.53,"11km ENE of Borrego Springs, CA"
nc73667831,2021-12-23 01:47:41.970,-124.3913333,40.285,30.77,2.92,"10km WSW of Petrolia, CA"
nc73667826,2021-12-23 01:13:19.950,-124.273,40.4535,25.7,2.7,"14km S of Ferndale, CA"
nc73667801,2021-12-22 21:36:54.830,-124.3983333,40.273,28.17,2.56,"11km WSW of Petrolia, CA"
ci39893383,2021-12-22 12:37:16.930,-117.8603333,36.0911667,3.47,2.54,"9km ENE of Coso Junction, CA"
nn00830389,2021-12-22 07:53:12.234,-116.0018,40.7401,5.1,2.6,"9 km ENE of Carlin, Nevada"
nc73667431,2021-12-22 00:36:41.810,-123.304,41.0188333,40.21,2.9,"29km ENE of Willow Creek, CA"
ci39892903,2021-12-21 22:38:38.010,-116.8803333,33.3746667,4.82,2.69,"3km NW of Palomar Observatory, CA"
nc73667331,2021-12-21 20:03:16.540,-123.2128333,39.7981667,-1.16,3.08,"3km E of Covelo, CA"
nc73667231,2021-12-21 16:50:37.020,-124.3031667,40.4201667,24.19,2.84,"11km N of Petrolia, CA"
nc73667171,2021-12-21 14:16:14.270,-124.3068333,40.469,27.6,3.16,"12km SSW of Ferndale, CA"
nc73667151,2021-12-21 14:09:48.410,-124.2786667,40.3885,24.75,2.88,"7km N of Petrolia, CA"
nc73666831,2021-12-21 04:34:19.950,-124.2841667,40.4475,27.54,3.76,"14km N of Petrolia, CA"
nc73666806,2021-12-21 03:44:05.810,-124.3875,40.4535,23.01,2.81,"17km NNW of Petrolia, CA"
nc73666801,2021-12-21 03:26:39.360,-124.2383333,40.4115,26.83,3.84,"10km NNE of Petrolia, CA"
nc73666796,2021-12-21 03:18:38.660,-124.2456667,40.4496667,27.27,2.69,"13km WSW of Rio Dell, CA"
nc73666781,2021-12-21 02:46:03.380,-124.2693333,40.4025,26.68,2.61,"9km N of Petrolia, CA"
nc73666771,2021-12-21 02:31:55.340,-124.2411667,40.3998333,23.36,2.75,"9km NNE of Petrolia, CA"
nc73666671,2021-12-21 00:26:06.370,-124.2141667,40.5415,26.08,2.61,"6km SE of Ferndale, CA"
nc73666666,2021-12-21 00:10:58.310,-124.2455,40.3858333,23.15,2.79,"8km NNE of Petrolia, CA"
nc73666641,2021-12-20 23:40:29.530,-124.296,40.5055,18.36,2.98,"8km SSW of Ferndale, CA"
nc73666621,2021-12-20 23:25:14.690,-124.305,40.4485,23.29,2.75,"14km N of Petrolia, CA"
nc73666591,2021-12-20 23:02:26.740,-124.2183333,40.431,27.74,2.55,"12km SW of Rio Dell, CA"
nc73666556,2021-12-20 22:40:00.100,-124.3095,40.4108333,25.85,2.58,"10km NNW of Petrolia, CA"
nc73666526,2021-12-20 22:09:15.630,-124.3723333,40.3328333,31.38,2.59,"8km W of Petrolia, CA"
nc73666511,2021-12-20 21:53:46.470,-124.2258333,40.3585,26.93,3.93,"6km NE of Petrolia, CA"
nc73666476,2021-12-20 21:31:39.020,-124.2385,40.4138333,22.54,3.18,"11km NNE of Petrolia, CA"
nc73666466,2021-12-20 21:29:59.970,-124.2968333,40.4723333,24.96,2.59,"12km SSW of Ferndale, CA"
nc73666461,2021-12-20 21:24:05.760,-124.3761667,40.4688333,26.48,2.66,"15km SW of Ferndale, CA"
nc73666451,2021-12-20 21:21:14.460,-124.3165,40.4485,26.62,2.56,"14km N of Petrolia, CA"
nc73666446,2021-12-20 21:19:57.630,-124.3005,40.4636667,24.23,3.28,"13km SSW of Ferndale, CA"
nc73666431,2021-12-20 21:16:54.480,-124.2666667,40.386,24.05,2.54,"7km NNE of Petrolia, CA"
nc73666426,2021-12-20 21:16:03.160,-124.34,40.46,25.92,2.88,"14km SSW of Ferndale, CA"
nc73666411,2021-12-20 21:10:08.940,-124.2491667,40.4431667,28.02,3.12,"14km NNE of Petrolia, CA"
nc73666396,2021-12-20 21:06:38.210,-124.1348333,40.4316667,26.96,3.02,"8km SSW of Rio Dell, CA"
nc73666381,2021-12-20 20:56:22.920,-124.342,40.3728333,27.52,2.98,"7km NW of Petrolia, CA"
nc73666376,2021-12-20 20:55:43.240,-124.2931667,40.425,25.23,3.07,"11km N of Petrolia, CA"
nc73666371,2021-12-20 20:53:30.560,-124.2538333,40.3463333,22.35,2.91,"4km NE of Petrolia, CA"
nc73666356,2021-12-20 20:46:24.690,-124.2801667,40.3841667,26.07,2.65,"7km N of Petrolia, CA"
nc73666316,2021-12-20 20:36:20.000,-124.2273333,40.4641667,25.18,2.56,"11km WSW of Rio Dell, CA"
nc73666311,2021-12-20 20:34:52.040,-124.3031667,40.3696667,28.18,2.58,"5km NNW of Petrolia, CA"
nc73666306,2021-12-20 20:30:58.310,-124.2305,40.4901667,25.32,2.76,"10km SSE of Ferndale, CA"
nc73666296,2021-12-20 20:29:22.320,-124.3193333,40.4258333,26.36,2.78,"12km NNW of Petrolia, CA"
nc73666291,2021-12-20 20:28:23.500,-124.2843333,40.4038333,25.19,2.9,"9km N of Petrolia, CA"
nc73666276,2021-12-20 20:25:01.050,-124.3,40.4236667,25.31,2.71,"11km N of Petrolia, CA"
nc73666271,2021-12-20 20:24:11.030,-124.2591667,40.4936667,26.03,2.65,"9km S of Ferndale, CA"
nc73666266,2021-12-20 20:23:59.040,-124.3558333,40.2693333,21.42,2.69,"9km SW of Petrolia, CA"
nc73666261,2021-12-20 20:23:04.920,-124.2831667,40.3938333,25.86,2.59,"8km N of Petrolia, CA"
nn00830255,2021-12-20 20:21:09.798,-117.1041,37.3851,0.1,2.6,"37 km SSE of Goldfield, Nevada"
nc71126899,2021-12-20 20:20:29.050,-124.2853333,40.3753333,25.74,2.84,"6km N of Petrolia, CA"
nc73666251,2021-12-20 20:20:16.640,-124.3343333,40.3695,27.81,2.74,"6km NW of Petrolia, CA"
nc73666246,2021-12-20 20:18:28.880,-124.2896667,40.4241667,25.42,2.8,"11km N of Petrolia, CA"
nc73666231,2021-12-20 20:10:31.310,-124.298,40.3901667,27.04,6.2,"7km N of Petrolia, CA"
ci40130936,2021-12-19 07:44:45.200,-117.853,36.1131667,3.26,3.08,"11km NE of Coso Junction, CA"
ci40130624,2021-12-18 19:16:20.020,-117.0453333,34.0473333,11.24,2.93,"2km N of Yucaipa, CA"
ci40129448,2021-12-17 13:08:38.740,-116.2573333,33.2751667,5.35,2.53,"11km E of Borrego Springs, CA"
nn00829958,2021-12-15 01:56:16.550,-117.5345,41.337,8.7,3.1,"17 km S of Paradise Valley, Nevada"
nc73663731,2021-12-15 00:35:38.570,-122.8125,38.8365,2.44,2.61,"8km WNW of Cobb, CA"
nn00829910,2021-12-14 09:58:19.278,-117.8156,38.1735,8.7,2.9,"35 km SE of Mina, Nevada"
nc73662196,2021-12-10 16:17:24.450,-122.6431667,38.534,7.29,2.53,"7km SW of Calistoga, CA"
nc73662026,2021-12-10 03:18:51.030,-119.5411667,38.5418333,3.51,2.87,"6km WNW of Walker, CA"
nc73662016,2021-12-10 02:39:47.050,-121.1318333,40.2195,5.72,2.82,"2km ENE of Prattville, CA"
ci39883407,2021-12-09 07:25:11.700,-115.5158333,32.7593333,13.73,2.58,"3km NNE of Heber, CA"
ci39883351,2021-12-09 06:38:13.660,-119.4526667,34.3185,7.25,3.49,"11km SE of Carpinteria, CA"
nc73661611,2021-12-09 04:28:33.800,-124.16,40.2513333,12.75,2.7,"13km SE of Petrolia, CA"
nc73661561,2021-12-09 01:04:52.450,-121.2941667,35.7736667,4.9,2.61,"17km NNW of San Simeon, CA"
nc73661466,2021-12-08 20:49:59.670,-120.6135,36.4978333,9.24,2.73,"10km NNE of New Idria, CA"
ci39882375,2021-12-08 10:28:04.820,-117.5068333,34.2005,4.98,3.62,"7km S of Lytle Creek, CA"
nn00829495,2021-12-07 09:30:20.017,-117.9697,38.1425,10.9,2.5,"30 km SSE of Mina, Nevada"
ci39881343,2021-12-07 07:11:22.480,-116.0806667,35.9868333,2.74,3.12,"17km E of Shoshone, CA"
nc73660671,2021-12-07 06:29:11.510,-119.531,38.5151667,4.32,2.61,"4km W of Walker, CA"
ci39880583,2021-12-06 17:45:04.800,-117.572,35.718,8.08,2.55,"14km NE of Ridgecrest, CA"
nn00829388,2021-12-05 12:30:10.060,-117.899,38.15,11.2,2.7,"32 km SE of Mina, Nevada"
ci39879567,2021-12-05 11:10:33.750,-117.2148333,34.0138333,11.17,2.67,"6km SSW of Redlands, CA"
nn00829381,2021-12-05 10:56:24.403,-118.2282,38.1635,7.4,3.0,"27 km SSW of Mina, Nevada"
nc73659836,2021-12-05 02:08:28.730,-122.1575,37.7623333,2.84,2.52,"4km N of San Leandro, CA"
nn00829349,2021-12-04 23:41:58.528,-117.8355,38.1629,10.0,2.7,"34 km SE of Mina, Nevada"
nn00829345,2021-12-04 23:17:52.024,-117.8402,38.1587,10.0,2.6,"34 km SE of Mina, Nevada"
ci39878623,2021-12-04 11:16:57.780,-115.5145,32.8806667,11.81,2.78,"6km NE of Imperial, CA"
ci39878559,2021-12-04 09:27:32.370,-115.2983333,32.5955,19.82,3.13,"6km NE of Puebla, B.C., MX"
ci39878543,2021-12-04 09:25:10.030,-115.2965,32.5905,19.6,2.77,"6km ENE of Puebla, B.C., MX"
ci39878511,2021-12-04 09:20:01.850,-115.2921667,32.5831667,18.92,3.17,"6km ENE of Puebla, B.C., MX"
ci39878471,2021-12-04 09:13:26.540,-115.2951667,32.5841667,19.34,2.76,"6km ENE of Puebla, B.C., MX"
nc73658306,2021-12-01 03:30:13.330,-122.7263333,38.7921667,2.1,2.53,"3km ENE of The Geysers, CA"
ci39875151,2021-12-01 01:39:48.580,-117.5241667,35.6755,9.49,2.78,"15km SW of Searles Valley, CA"
ci39875135,2021-12-01 01:23:41.210,-117.5245,35.6763333,9.12,3.19,"15km SW of Searles Valley, CA"
nc73660155,2021-11-30 16:07:02.370,-121.5598333,37.1641667,2.34,2.7,"9km ENE of Morgan Hill, CA"
ci39874375,2021-11-30 10:11:11.900,-117.8713333,36.0453333,3.49,2.78,"7km E of Coso Junction, CA"
nc73659805,2021-11-30 03:30:27.380,-122.2888333,37.9098333,4.88,2.5,"1km W of Kensington, CA"
nc73659755,2021-11-30 02:21:37.140,-118.6291667,37.5735,12.76,2.74,"5km ENE of Toms Place, CA"
ci39871631,2021-11-27 14:12:30.130,-116.7508333,34.2285,7.6,2.57,"9km ESE of Big Bear City, CA"
nc73658195,2021-11-26 18:27:52.100,-118.8551667,37.4983333,4.19,2.77,"17km WSW of Toms Place, CA"
nc73658180,2021-11-26 17:45:05.440,-118.854,37.497,3.89,2.69,"17km WSW of Toms Place, CA"
nc73657915,2021-11-26 05:28:29.530,-118.8506667,37.4966667,4.2,2.97,"17km WSW of Toms Place, CA"
nc73657750,2021-11-25 21:57:10.770,-118.8523333,37.4981667,4.52,2.95,"17km WSW of Toms Place, CA"
nc73657510,2021-11-25 10:10:05.530,-124.1473333,40.243,11.17,2.59,"15km SE of Petrolia, CA"
nn00828692,2021-11-23 16:17:34.145,-117.9636,38.1652,1.9,2.6,"28 km SSE of Mina, Nevada"
nc73656560,2021-11-23 01:40:27.490,-121.3188333,36.687,5.03,2.91,"12km S of Tres Pinos, CA"
nc73656545,2021-11-23 01:03:06.640,-121.3226667,36.685,6.54,2.62,"12km S of Tres Pinos, CA"
nn00828641,2021-11-22 21:14:05.220,-117.8415,38.4873,6.5,3.2,"25 km ENE of Mina, Nevada"
ci39866855,2021-11-22 04:32:24.000,-117.971,36.5291667,7.63,2.97,"11km SE of Lone Pine, CA"
nn00828578,2021-11-21 10:12:01.819,-117.5203,40.0828,7.1,2.5,"75 km NNW of Austin, Nevada"
nn00828552,2021-11-21 04:39:43.844,-117.9367,38.1624,10.9,2.8,"29 km SSE of Mina, Nevada"
nc73655455,2021-11-20 11:52:24.730,-121.1596667,40.2301667,7.89,2.83,"2km NE of Almanor, CA"
nc73655200,2021-11-20 01:52:51.870,-118.3813333,37.3688333,4.69,3.12,"1km ENE of Bishop, CA"
nc73655190,2021-11-20 01:41:11.450,-118.3776667,37.3628333,5.01,2.69,"2km E of Bishop, CA"
ci39864743,2021-11-20 01:39:18.760,-116.7871667,33.9943333,11.94,3.17,"8km N of Cabazon, CA"
ci37367812,2021-11-18 08:07:48.020,-119.764,34.2328333,2.12,2.87,"22km SSW of Santa Barbara, CA"
ci40100632,2021-11-18 08:07:42.120,-119.7501667,34.2723333,1.69,2.64,"17km SSW of Santa Barbara, CA"
nc73654265,2021-11-18 00:01:35.650,-121.9636667,37.7915,10.07,2.72,"2km NE of San Ramon, CA"
nc73654100,2021-11-17 19:58:46.240,-121.9675,37.7893333,9.45,2.98,"1km NE of San Ramon, CA"
nc73654070,2021-11-17 19:46:27.660,-121.9688333,37.7898333,9.39,2.55,"1km NE of San Ramon, CA"
nc73654065,2021-11-17 19:44:46.240,-121.9628333,37.7896667,9.51,3.22,"2km NE of San Ramon, CA"
nc73654060,2021-11-17 19:43:43.550,-121.9688333,37.7891667,10.3,3.86,"1km NE of San Ramon, CA"
nc73653790,2021-11-17 00:40:56.500,-123.0681667,39.0221667,3.22,2.51,"13km W of Lakeport, CA"
nc73653615,2021-11-16 17:22:40.840,-118.8358333,37.506,7.53,3.13,"15km WSW of Toms Place, CA"
nc73653605,2021-11-16 17:05:41.660,-118.8348333,37.5051667,7.64,2.57,"15km WSW of Toms Place, CA"
nc73652930,2021-11-15 09:28:29.470,-120.4905,35.9445,9.79,3.17,"7km NW of Parkfield, CA"
nc73652870,2021-11-15 06:20:46.690,-118.774,37.5191667,5.55,2.87,"10km WSW of Toms Place, CA"
nn00828061,2021-11-14 19:36:47.714,-118.157,38.9706,4.5,2.6,"23 km WNW of Gabbs, Nevada"
nn00828016,2021-11-14 01:56:54.588,-118.732,38.4359,2.6,2.6,"13 km SW of Hawthorne, Nevada"
ci40095672,2021-11-13 16:31:56.250,-118.029,36.1755,3.18,2.52,"12km S of Olancha, CA"
nn00827975,2021-11-13 07:28:49.244,-117.8539,38.1691,9.0,2.9,"33 km SE of Mina, Nevada"
nc73651875,2021-11-12 11:45:26.140,-123.3721667,41.2541667,38.3,2.51,"16km SSE of Somes Bar, CA"
nc73651550,2021-11-11 15:05:05.960,-122.7471667,38.8478333,1.74,3.13,"4km NW of Cobb, CA"
nc73651530,2021-11-11 13:35:29.180,-124.2441667,40.374,28.57,2.86,"6km NNE of Petrolia, CA"
nc73651400,2021-11-11 04:09:09.160,-123.2831667,39.4166667,6.2,2.82,"6km E of Willits, CA"
ci39854175,2021-11-11 01:54:19.260,-118.6725,35.2065,6.44,2.64,"14km E of Arvin, CA"
ci39853095,2021-11-09 20:36:28.730,-116.6413333,34.6301667,6.76,2.57,"36km NE of Lucerne Valley, CA"
nc73650800,2021-11-09 19:48:30.630,-124.2528333,40.3785,27.27,2.82,"6km NNE of Petrolia, CA"
ci39852935,2021-11-09 16:15:09.550,-117.6983333,35.87,8.83,2.54,"20km ESE of Little Lake, CA"
nn00827753,2021-11-09 13:07:31.433,-114.9011,39.5092,12.7,2.8,"15 km NW of McGill, Nevada"
ci39852735,2021-11-09 12:18:32.350,-117.666,35.8378333,5.04,2.76,"24km N of Ridgecrest, CA"
nn00827660,2021-11-08 11:37:58.127,-118.1516,38.9691,5.4,2.7,"22 km WNW of Gabbs, Nevada"
nn00827653,2021-11-08 09:15:30.227,-117.4805,37.2915,5.1,2.7,"51 km SSW of Goldfield, Nevada"
nn00827626,2021-11-08 05:24:46.916,-118.2335,38.1448,8.3,3.2,"29 km SSW of Mina, Nevada"
nc73650135,2021-11-07 19:44:20.410,-118.5161667,37.4083333,7.41,2.81,"7km E of Round Valley, CA"
ci39851063,2021-11-07 07:58:28.620,-118.3856667,35.5058333,6.45,2.64,"13km SE of Bodfish, CA"
nc73649690,2021-11-07 00:42:24.030,-121.959,41.9255,7.46,2.5,"6km SW of Dorris, CA"
ci39849903,2021-11-05 16:38:39.180,-118.4495,32.8538333,3.08,3.06,"10km WNW of San Clemente Is. (SE tip), CA"
ci39849663,2021-11-05 12:03:13.550,-117.4856667,35.6648333,10.73,3.36,"14km SSW of Searles Valley, CA"
nc73648890,2021-11-05 06:59:07.790,-122.8116667,38.8331667,2.13,2.79,"8km W of Cobb, CA"
nc73648830,2021-11-05 04:46:44.420,-122.2916667,37.9091667,5.01,2.65,"1km W of Kensington, CA"
nc73648540,2021-11-04 00:24:34.080,-123.4245,39.8938333,7.43,4.08,"19km NW of Covelo, CA"
nn00827375,2021-11-03 20:25:34.800,-118.041,38.1213,3.3,2.8,"30 km S of Mina, Nevada"
nn00827440,2021-11-03 13:37:07.083,-118.7682,41.5428,14.1,3.0,"50 km SSW of Denio, Nevada"
nc73648125,2021-11-03 04:55:50.550,-124.2805,40.3555,28.39,2.54,"3km N of Petrolia, CA"
nc73648090,2021-11-03 01:33:16.950,-124.2571667,40.3711667,29.93,3.05,"6km NNE of Petrolia, CA"
ci39847431,2021-11-03 01:17:08.410,-116.693,35.0821667,10.54,2.56,"20km S of Fort Irwin, CA"
nc73648050,2021-11-03 00:39:08.730,-124.2525,40.373,27.74,2.63,"6km NNE of Petrolia, CA"
nc73648040,2021-11-03 00:24:51.300,-124.2553333,40.363,29.6,4.38,"5km NNE of Petrolia, CA"
nn00827308,2021-11-02 02:30:52.438,-115.1616,40.6111,14.1,2.7,"29 km ESE of Lamoille, Nevada"
ci39846559,2021-11-01 19:19:32.740,-117.8613333,32.5808333,5.95,2.6,"52km ESE of San Clemente Is. (SE tip), CA"
nc73646380,2021-10-30 00:18:55.770,-119.1796667,36.5901667,26.85,2.66,"9km ENE of East Orosi, CA"
nc73646365,2021-10-29 22:26:38.050,-120.8438333,39.9493333,5.41,2.71,"5km ENE of East Quincy, CA"
ci39843975,2021-10-29 15:24:10.250,-117.8781667,36.221,1.91,3.01,"13km ESE of Olancha, CA"
nc73645525,2021-10-27 16:19:27.180,-119.5305,38.5156667,4.61,2.84,"4km W of Walker, CA"
ci39842287,2021-10-26 20:55:53.020,-118.9645,34.0198333,15.38,2.57,"14km W of Malibu, CA"
ci39842247,2021-10-26 19:47:08.380,-117.3195,35.941,1.61,2.67,"20km NNE of Trona, CA"
nc73645125,2021-10-26 18:38:51.780,-122.7086667,38.7613333,1.26,2.9,"2km SW of Anderson Springs, CA"
nc73644915,2021-10-26 11:29:20.770,-119.5303333,38.545,4.33,2.68,"6km NW of Walker, CA"
ci39842055,2021-10-26 07:08:41.690,-116.9793333,34.0335,20.39,2.53,"6km E of Yucaipa, CA"
nc73644810,2021-10-26 06:55:52.180,-121.739,37.3858333,6.64,2.6,"8km ENE of Alum Rock, CA"
ci39842031,2021-10-26 04:38:49.060,-117.777,36.021,1.81,2.68,"15km NE of Little Lake, CA"
nn00826610,2021-10-26 01:28:20.269,-117.979,38.132,11.2,2.8,"30 km SSE of Mina, Nevada"
nc73644635,2021-10-25 23:49:36.100,-121.3038333,35.7688333,6.46,3.53,"17km NW of San Simeon, CA"
nc73644630,2021-10-25 23:42:35.860,-121.3043333,35.7758333,7.79,4.65,"18km NW of San Simeon, CA"
nc73644595,2021-10-25 22:17:32.490,-119.5311667,38.5453333,4.18,2.86,"6km NW of Walker, CA"
nc73644600,2021-10-25 22:17:18.670,-119.5298333,38.5443333,4.64,2.78,"6km NW of Walker, CA"
ci39841463,2021-10-25 02:20:02.050,-117.5916667,32.7145,18.01,2.71,"33km WSW of La Jolla, CA"
ci39841223,2021-10-24 14:01:02.280,-118.1973333,34.0168333,17.15,3.61,"3km WSW of East Los Angeles, CA"
nc73644055,2021-10-24 11:10:51.640,-122.8071667,38.8351667,2.51,2.61,"7km WNW of Cobb, CA"
ci39841127,2021-10-24 06:49:12.020,-115.876,32.9675,11.15,3.55,"25km WSW of Westmorland, CA"
nc73643860,2021-10-24 04:09:22.590,-122.8545,38.8238333,2.69,2.59,"10km WNW of The Geysers, CA"
nc73643820,2021-10-24 03:53:39.750,-122.8556667,38.8253333,2.88,2.77,"10km WNW of The Geysers, CA"
nc73643690,2021-10-23 21:46:28.260,-120.3128333,39.5631667,5.98,3.13,"14km SSW of Loyalton, CA"
nn00826490,2021-10-23 21:12:55.410,-117.8896,38.1965,8.1,2.9,"28 km SE of Mina, Nevada"
ci39840791,2021-10-23 16:12:50.530,-115.9545,33.1585,8.77,2.67,"16km S of Salton City, CA"
nc73643495,2021-10-23 13:34:45.010,-122.2555,37.9861667,10.3,2.75,"4km ENE of El Sobrante, CA"
nc73643080,2021-10-23 04:28:00.390,-122.802,38.829,2.17,2.69,"7km W of Cobb, CA"
nc73643070,2021-10-23 04:26:26.860,-122.8016667,38.8283333,2.16,2.93,"7km W of Cobb, CA"
nc73642940,2021-10-22 21:14:19.670,-118.732,37.5855,8.93,3.38,"5km WNW of Toms Place, CA"
nc73642595,2021-10-22 02:30:17.310,-118.7328333,37.5878333,8.81,3.26,"6km WNW of Toms Place, CA"
nc73642535,2021-10-21 22:35:35.530,-119.277,37.2233333,13.51,2.76,"14km NNE of Shaver Lake, CA"
nc73641850,2021-10-20 08:57:15.880,-121.3173333,36.6708333,6.52,3.73,"13km S of Tres Pinos, CA"
nc73641845,2021-10-20 08:52:50.670,-121.3088333,36.6796667,5.24,2.73,"12km S of Tres Pinos, CA"
nc73641755,2021-10-20 05:20:51.670,-122.816,38.7928333,3.41,2.73,"5km WNW of The Geysers, CA"
nc73641685,2021-10-20 04:05:04.280,-122.7601667,38.7878333,1.51,3.13,"1km NNW of The Geysers, CA"
ci39837919,2021-10-20 01:15:34.830,-117.8601667,36.2158333,4.9,2.89,"15km ESE of Olancha, CA"
nc73641610,2021-10-20 00:18:08.890,-118.7415,38.0613333,8.68,2.55,"29km SE of Bodie, CA"
ci39837511,2021-10-19 19:11:10.090,-116.7676667,33.6611667,13.84,2.78,"10km SSW of Idyllwild, CA"
nc73641125,2021-10-18 10:14:20.510,-121.5498333,36.8146667,6.79,2.89,"4km SSW of San Juan Bautista, CA"
nc73641120,2021-10-18 10:13:44.920,-119.4101667,38.5316667,2.08,2.58,"6km ENE of Walker, CA"
nc73641100,2021-10-18 09:45:06.480,-120.3091667,36.1858333,10.36,3.44,"7km NE of Coalinga, CA"
nc73641095,2021-10-18 09:42:15.540,-120.3048333,36.196,10.33,2.76,"8km NE of Coalinga, CA"
ci39836455,2021-10-18 07:36:12.960,-117.9296667,37.0533333,1.77,2.51,"34km ESE of Big Pine, CA"
ci39836263,2021-10-18 00:41:49.100,-117.856,36.2098333,4.61,2.51,"16km ESE of Olancha, CA"
ci39836215,2021-10-17 21:41:06.920,-117.8613333,36.213,4.1,2.69,"15km ESE of Olancha, CA"
nc73640750,2021-10-17 16:50:32.230,-121.9966667,39.7918333,16.72,2.9,"6km NNE of Hamilton City, CA"
ci39835791,2021-10-17 13:19:00.720,-117.86,36.2131667,4.19,3.98,"15km ESE of Olancha, CA"
nc73640435,2021-10-17 02:55:02.370,-121.6998333,37.5491667,3.39,2.83,"16km SSE of Livermore, CA"
nc73640380,2021-10-16 22:55:40.090,-118.7495,37.4945,14.02,2.76,"10km SW of Toms Place, CA"
nc73640340,2021-10-16 21:10:18.570,-119.5253333,38.5495,4.44,2.52,"6km NW of Walker, CA"
nn00825879,2021-10-16 06:31:50.897,-117.9823,38.1314,9.7,2.9,"30 km SSE of Mina, Nevada"
ci39835079,2021-10-16 04:20:19.830,-118.2773333,35.4463333,6.87,2.61,"25km SE of Bodfish, CA"
nc73639975,2021-10-15 19:54:07.920,-123.0351667,38.9293333,4.42,2.97,"14km N of Cloverdale, CA"
nn00825754,2021-10-15 12:36:04.947,-117.9846,38.1348,9.0,3.7,"30 km SSE of Mina, Nevada"
nn00825704,2021-10-15 00:04:32.500,-115.6637,39.0756,10.0,3.6,"54 km SSE of Eureka, Nevada"
nc73639270,2021-10-13 21:41:33.990,-122.8123333,38.8086667,1.79,2.59,"6km NW of The Geysers, CA"
ci40068480,2021-10-12 19:50:15.150,-119.3443333,33.8738333,5.91,3.25,"24km SE of Santa Cruz Is. (E end), CA"
nn00825502,2021-10-12 16:53:58.252,-117.8477,38.171,9.8,2.9,"33 km SE of Mina, Nevada"
nn00825474,2021-10-12 08:28:37.959,-117.901,38.1602,10.3,3.5,"31 km SE of Mina, Nevada"
ci40068112,2021-10-11 23:14:47.140,-117.5356667,35.658,7.73,3.08,"13km ENE of Ridgecrest, CA"
nc73638450,2021-10-11 20:38:55.100,-118.5426667,37.4445,10.19,2.71,"6km NE of Round Valley, CA"
nc73637770,2021-10-10 04:38:02.040,-122.766,38.7858333,1.66,2.59,"1km NW of The Geysers, CA"
nc73637645,2021-10-09 22:51:25.620,-122.7673333,38.7865,1.6,2.56,"1km NW of The Geysers, CA"
nc73637560,2021-10-09 19:54:34.660,-122.2165,36.9081667,5.09,2.53,"16km SSW of Bonny Doon, CA"
nc73636880,2021-10-08 03:58:23.620,-122.1508333,41.1355,6.64,2.52,"13km SE of Dunsmuir, CA"
nc73636830,2021-10-08 00:44:53.990,-119.886,35.9543333,29.21,2.91,"9km SE of Kettleman City, CA"
nc73636810,2021-10-08 00:13:49.320,-118.9533333,38.1018333,9.57,3.66,"13km SSE of Bodie, CA"
nc73636435,2021-10-07 02:18:48.580,-122.452,40.6101667,22.17,2.55,"4km ENE of Shasta, CA"
nc73636175,2021-10-06 14:25:27.520,-118.3253333,36.989,8.89,3.52,"20km S of Big Pine, CA"
ci40063744,2021-10-05 17:52:14.080,-115.5843333,33.0553333,11.14,2.71,"4km ENE of Westmorland, CA"
ci40063464,2021-10-05 15:32:23.540,-116.0545,33.7835,7.1,2.86,"16km NE of Coachella, CA"
nn00824812,2021-10-05 07:30:43.930,-117.1122,37.3928,2.5,2.8,"36 km SSE of Goldfield, Nevada"
nn00824749,2021-10-05 03:07:35.732,-117.1124,37.3863,5.1,2.9,"37 km SSE of Goldfield, Nevada"
nn00824706,2021-10-05 00:02:06.210,-117.1145,37.3931,4.8,2.6,"36 km SSE of Goldfield, Nevada"
nc73633396,2021-10-04 23:07:48.800,-121.2886667,36.5891667,6.36,3.66,"14km WNW of Pinnacles, CA"
nc73633266,2021-10-04 16:36:51.450,-121.6375,37.8718333,4.43,2.69,"0km N of Byron, CA"
nc73632846,2021-10-03 12:02:00.480,-121.6146667,37.2326667,3.89,3.29,"12km NNE of Morgan Hill, CA"
nc73632531,2021-10-02 19:22:26.670,-122.1575,37.7501667,6.2,3.35,"3km N of San Leandro, CA"
ci40061528,2021-10-02 19:04:44.030,-117.4946667,35.5881667,7.29,2.93,"17km ESE of Ridgecrest, CA"
nc73632136,2021-10-02 02:15:14.000,-122.1573333,37.7508333,6.62,2.98,"3km N of San Leandro, CA"
ci40061064,2021-10-02 01:42:20.500,-118.321,35.0691667,2.69,3.68,"14km W of Mojave, CA"
nn00824247,2021-10-01 15:31:04.473,-117.8873,38.1338,8.5,2.5,"34 km SE of Mina, Nevada"
nc73631706,2021-10-01 05:12:19.310,-122.7513333,38.783,0.05,2.73,"1km NE of The Geysers, CA"
ci40060160,2021-10-01 03:46:56.750,-116.4441667,34.1386667,6.7,3.07,"3km NNW of Yucca Valley, CA"
nc73631381,2021-09-30 12:45:03.170,-122.6711667,38.4416667,9.27,3.23,"3km ESE of Santa Rosa, CA"
nc73631296,2021-09-30 06:37:41.190,-124.3655,40.3041667,30.38,2.76,"7km WSW of Petrolia, CA"
nc73631171,2021-09-29 22:20:35.910,-121.1843333,36.5788333,7.96,2.83,"6km NW of Pinnacles, CA"
nc73630901,2021-09-29 12:33:15.200,-119.5385,38.5416667,5.31,3.29,"28km SE of Markleeville, CA"
nc73630766,2021-09-29 06:16:34.250,-121.9148333,36.7915,8.48,2.75,"12km W of Moss Landing, CA"
ci40059112,2021-09-29 05:53:59.840,-115.5931667,33.0671667,10.71,2.97,"4km NE of Westmorland, CA"
nc73630596,2021-09-28 19:41:18.800,-120.31,35.7593333,3.76,3.24,"4km NNW of Cholame, CA"
nc71126389,2021-09-28 15:12:38.630,-119.5315,38.5418333,5.16,3.79,"28km SE of Markleeville, CA"
nc73630471,2021-09-28 15:12:12.240,-119.5348333,38.542,5.04,3.8,"28km SE of Markleeville, CA"
nc71126394,2021-09-28 13:55:26.100,-119.543,38.5416667,3.23,2.73,"6km WNW of Walker, CA"
nn00823791,2021-09-28 02:05:58.148,-115.9674,36.9044,4.7,2.5,"45 km NW of Indian Springs, Nevada"
nc73630191,2021-09-27 22:27:55.090,-124.1636667,40.2585,12.3,2.73,"13km SE of Petrolia, CA"
nc73630116,2021-09-27 15:32:00.070,-119.4063333,38.517,3.38,2.88,"30km S of Smith Valley, NV"
nc73629861,2021-09-26 19:23:31.670,-119.413,38.5151667,3.02,3.43,"30km SSW of Smith Valley, NV"
nc73629831,2021-09-26 17:52:50.290,-120.24,36.0123333,15.64,2.76,"10km W of Avenal, CA"
nc73629746,2021-09-26 11:51:03.000,-119.4268333,38.532,3.15,2.61,"29km SSW of Smith Valley, NV"
nn00823589,2021-09-26 11:15:25.502,-117.8412,38.159,10.0,2.8,"34 km SE of Mina, Nevada"
nc73629686,2021-09-26 08:51:30.240,-124.1636667,40.2491667,11.69,3.61,"13km SE of Petrolia, CA"
nc73629301,2021-09-25 15:35:57.220,-119.5198333,38.4858333,4.22,2.68,"32km ENE of Dardanelle, CA"
ci39818879,2021-09-25 15:07:34.110,-116.382,33.1631667,8.09,2.64,"10km S of Borrego Springs, CA"
nc73629206,2021-09-25 12:12:08.550,-119.4815,38.5371667,6.38,2.95,"30km SSW of Smith Valley, NV"
nn00823399,2021-09-24 20:21:39.670,-114.8655,36.4156,9.5,3.0,"25 km NE of Nellis Air Force Base, Nevada"
ci39818327,2021-09-24 19:28:15.220,-117.4695,35.6053333,3.82,3.44,"19km E of Ridgecrest, CA"
nc73628921,2021-09-24 17:31:00.510,-124.353,40.292,20.58,2.53,"7km WSW of Petrolia, CA"
nn00823364,2021-09-24 16:19:46.918,-117.8386,38.1706,8.9,3.1,"33 km SE of Mina, Nevada"
nc73628751,2021-09-24 07:04:45.520,-122.232,38.1035,11.02,2.71,"1km SSE of Vallejo, CA"
ci39817815,2021-09-24 02:58:48.270,-118.271,33.8293333,7.45,2.64,"1km ESE of Carson, CA"
nn00823225,2021-09-23 21:34:37.963,-117.8001,38.1763,7.2,2.5,"35 km SE of Mina, Nevada"
nc73628241,2021-09-23 01:53:41.890,-119.5006667,38.5433333,7.32,3.61,"30km SSW of Smith Valley, NV"
nc73628226,2021-09-23 00:39:10.610,-119.4213333,38.5645,0.78,2.91,"25km SSW of Smith Valley, NV"
nc73628091,2021-09-22 18:56:56.040,-122.7826667,38.7996667,3.3,2.65,"3km NW of The Geysers, CA"
nc73628046,2021-09-22 17:16:03.180,-121.8161667,37.4611667,6.63,2.5,"9km ENE of Milpitas, CA"
nc73627931,2021-09-22 10:25:56.180,-118.9518333,38.1066667,7.87,2.62,"13km SSE of Bodie, CA"
nc73627921,2021-09-22 09:57:45.340,-121.919,36.7865,8.74,3.17,"12km W of Moss Landing, CA"
nc73627691,2021-09-22 00:08:19.330,-124.3975,40.3105,27.78,2.53,"10km W of Petrolia, CA"
ci39815335,2021-09-21 22:57:32.310,-116.7108333,33.6346667,13.42,3.26,"10km NNW of Anza, CA"
ci39815127,2021-09-21 22:41:30.350,-116.7148333,33.6348333,13.22,3.42,"10km NNW of Anza, CA"
ci39814663,2021-09-21 11:15:56.820,-115.9695,33.8736667,5.05,3.19,"28km NE of Indio, CA"
ci39814495,2021-09-21 02:45:19.490,-117.455,35.6395,7.11,2.76,"15km SSW of Searles Valley, CA"
nc73627216,2021-09-21 02:39:02.820,-119.5613333,38.4203333,4.88,2.84,"25km ENE of Dardanelle, CA"
nc73627176,2021-09-20 23:45:58.520,-119.5595,38.4156667,5.69,2.75,"25km ENE of Dardanelle, CA"
nn00822774,2021-09-20 05:07:45.976,-118.1422,39.0906,11.7,2.6,"31 km NW of Gabbs, Nevada"
nc73626811,2021-09-19 17:09:40.550,-119.5653333,38.4196667,5.71,2.68,"25km ENE of Dardanelle, CA"
nc73626591,2021-09-19 00:09:14.810,-121.991,37.7285,7.08,3.1,"6km WNW of Dublin, CA"
nc73626526,2021-09-18 19:34:09.970,-118.9495,38.1095,7.35,2.51,"13km SSE of Bodie, CA"
nc73626516,2021-09-18 19:20:31.030,-119.4986667,38.5468333,6.82,3.97,"30km SSW of Smith Valley, NV"
ci39812695,2021-09-18 13:27:59.960,-118.118,35.0176667,7.84,2.62,"6km SE of Mojave, CA"
ci39812479,2021-09-18 06:06:09.940,-118.264,33.8261667,11.06,2.79,"2km ESE of Carson, CA"
nc73626246,2021-09-18 04:39:49.140,-124.3251667,40.2768333,19.58,2.96,"6km SSW of Petrolia, CA"
ci39812319,2021-09-18 02:58:34.700,-118.2636667,33.8313333,11.86,4.28,"2km E of Carson, CA"
nn00822654,2021-09-17 23:06:56.154,-117.8905,38.155,8.0,2.9,"32 km SE of Mina, Nevada"
ci39811703,2021-09-17 13:02:26.480,-116.9701667,33.9826667,15.84,2.71,"6km N of Beaumont, CA"
nc73625951,2021-09-17 12:49:44.460,-119.4226667,38.5415,2.22,2.54,"28km SSW of Smith Valley, NV"
nc73625896,2021-09-17 11:04:48.730,-119.4176667,38.5413333,3.42,2.78,"28km SSW of Smith Valley, NV"
nc73625641,2021-09-16 21:45:18.880,-119.5121667,38.4728333,4.42,2.76,"32km ENE of Dardanelle, CA"
nc73625481,2021-09-16 08:37:00.690,-124.3708333,40.2956667,30.09,2.6,"8km WSW of Petrolia, CA"
nc73625391,2021-09-16 03:23:55.870,-118.6208333,37.4138333,9.57,2.55,"2km W of Round Valley, CA"
nc73625371,2021-09-16 02:45:42.970,-120.6135,36.0445,4.39,2.79,"23km NW of Parkfield, CA"
nc73625096,2021-09-15 12:29:44.360,-119.5606667,38.4188333,6.26,3.55,"25km ENE of Dardanelle, CA"
ci39808847,2021-09-15 00:57:35.490,-118.4341667,34.2965,7.38,2.88,"1km NNE of San Fernando, CA"
ci39808671,2021-09-14 21:36:26.190,-117.4888333,34.2418333,8.48,2.87,"2km SSE of Lytle Creek, CA"
nc73624816,2021-09-14 18:45:27.450,-121.8273333,37.4978333,4.52,2.93,"10km NE of Milpitas, CA"
nc73624666,2021-09-14 07:38:52.100,-120.5926667,36.2965,16.6,3.79,"15km SSE of New Idria, CA"
ci39807135,2021-09-13 14:59:35.980,-118.8976667,34.2278333,2.41,3.62,"5km NNW of Thousand Oaks, CA"
nn00822105,2021-09-13 04:45:12.127,-117.9332,38.1469,11.0,3.0,"31 km SSE of Mina, Nevada"
nn00822094,2021-09-12 23:06:40.649,-117.9762,38.1559,7.2,2.8,"28 km SSE of Mina, Nevada"
nn00822047,2021-09-12 15:18:51.697,-117.7495,38.1899,8.0,3.7,"38 km SE of Mina, Nevada"
nc73624016,2021-09-12 13:54:27.000,-124.3666667,40.2813333,30.61,2.53,"8km SW of Petrolia, CA"
ci39805055,2021-09-11 01:17:44.750,-117.7771667,34.1286667,5.88,2.59,"3km NNW of La Verne, CA"
nn00821883,2021-09-10 23:03:15.506,-117.8386,38.1677,7.9,3.4,"34 km SE of Mina, Nevada"
nc73622771,2021-09-09 21:57:56.520,-124.3813333,40.2705,32.83,4.47,"10km SW of Petrolia, CA"
ci40037896,2021-09-09 15:01:24.820,-117.4456667,34.1378333,7.33,2.59,"5km NNE of Fontana, CA"
nc73622616,2021-09-09 14:28:37.000,-119.417,38.5591667,2.31,2.87,"26km SSW of Smith Valley, NV"
nc73622621,2021-09-09 14:27:54.090,-119.4175,38.5571667,2.89,3.41,"26km SSW of Smith Valley, NV"
nc73622486,2021-09-09 03:38:38.060,-119.521,38.5371667,6.73,2.59,"29km SE of Markleeville, CA"
nc73622436,2021-09-09 01:31:24.870,-121.2806667,36.6578333,4.81,2.51,"15km SSE of Tres Pinos, CA"
nn00821676,2021-09-08 21:42:09.510,-116.0115,38.2882,4.1,3.3,"75 km NNW of Rachel, Nevada"
ci40037184,2021-09-08 20:01:24.810,-117.8358333,36.1376667,2.56,2.51,"14km NE of Coso Junction, CA"
ci40036480,2021-09-08 10:22:53.590,-117.2273333,34.0166667,15.13,2.58,"5km SE of Loma Linda, CA"
nn00821611,2021-09-08 08:44:25.682,-117.9839,38.1494,6.8,2.5,"28 km SSE of Mina, Nevada"
ci40035168,2021-09-07 09:41:29.540,-116.7865,33.25,5.73,2.7,"2km WNW of Lake Henshaw, CA"
nc73621121,2021-09-06 22:34:53.000,-122.8163333,38.8128333,3.14,2.52,"6km NW of The Geysers, CA"
nc73621131,2021-09-06 22:34:24.790,-122.8158333,38.815,2.27,3.11,"7km NW of The Geysers, CA"
ci40034656,2021-09-06 16:37:51.610,-118.6748333,33.986,12.12,2.8,"5km SSE of Malibu Beach, CA"
ci40034504,2021-09-06 13:45:53.660,-116.3768333,33.3306667,9.86,2.72,"8km N of Borrego Springs, CA"
ci40034480,2021-09-06 13:14:20.260,-116.5693333,33.4555,11.54,2.67,"15km SE of Anza, CA"
nn00821396,2021-09-06 08:45:20.712,-119.0105,39.8721,14.9,2.6,"30 km E of Nixon, Nevada"
ci40034128,2021-09-06 02:01:51.960,-117.3331667,35.9498333,2.98,2.61,"21km NNE of Trona, CA"
ci40034056,2021-09-06 00:01:43.860,-118.0636667,36.1501667,2.58,2.85,"16km SSW of Olancha, CA"
ci40034008,2021-09-05 23:39:22.320,-118.0653333,36.15,2.63,3.31,"16km SSW of Olancha, CA"
nc73620691,2021-09-05 23:22:04.620,-124.3616667,40.288,29.3,2.53,"8km WSW of Petrolia, CA"
nc73620341,2021-09-05 05:27:45.570,-123.1191667,39.143,9.8,3.69,"4km ENE of Talmage, CA"
nn00821135,2021-09-04 10:19:07.392,-118.2498,38.1581,7.3,3.5,"28 km SSW of Mina, Nevada"
nc73619556,2021-09-03 17:46:03.880,-119.5311667,38.5121667,5.07,2.76,"30km SE of Markleeville, CA"
nc73619436,2021-09-03 11:16:59.830,-118.8386667,37.485,4.69,2.68,"16km WSW of Toms Place, CA"
nc73619366,2021-09-03 08:20:42.370,-118.7368333,37.5865,9.6,2.85,"6km WNW of Toms Place, CA"
nc73619336,2021-09-03 05:44:20.480,-123.118,39.1465,9.21,3.78,"4km ENE of Talmage, CA"
nc73619326,2021-09-03 04:54:21.690,-120.4418333,39.9665,11.92,2.82,"11km NNE of Lake Davis, CA"
nc73619256,2021-09-03 00:02:31.560,-123.1643333,39.8698333,5.62,2.8,"11km NE of Covelo, CA"
nc73618926,2021-09-01 23:13:35.700,-121.7721667,37.6236667,3.94,2.6,"6km S of Livermore, CA"
nn00820819,2021-09-01 20:35:04.487,-115.0776,40.8388,14.0,3.0,"31 km SSW of Wells, Nevada"
nc73618506,2021-08-31 20:20:46.990,-123.1173333,39.1446667,8.94,2.99,"4km ENE of Talmage, CA"
nc73618476,2021-08-31 19:07:43.890,-119.4195,38.5673333,1.94,2.82,"25km SSW of Smith Valley, NV"
us7000f6a0,2021-08-31 17:21:09.030,-114.974,40.8826,7.48,4.7,"25 km S of Wells, Nevada"
nc73618401,2021-08-31 16:09:56.600,-121.1828333,36.5781667,8.54,4.05,"6km NW of Pinnacles, CA"
ci40027904,2021-08-31 09:50:07.870,-118.3801667,35.5183333,6.6,3.12,"13km SE of Bodfish, CA"
nc73618296,2021-08-31 08:17:59.160,-119.4311667,38.574,0.81,2.57,"25km SSW of Smith Valley, NV"
nc71125774,2021-08-31 08:01:24.460,-124.3945,40.2713333,28.15,3.55,"11km WSW of Petrolia, CA"
nc73618286,2021-08-31 08:01:11.180,-124.4008333,40.2815,32.36,4.0,"11km WSW of Petrolia, CA"
nc73618221,2021-08-31 03:23:52.540,-119.5348333,38.4968333,2.8,2.98,"31km ENE of Dardanelle, CA"
ci40027728,2021-08-31 01:59:51.170,-119.0943333,35.0301667,10.13,2.72,"18km WNW of Grapevine, CA"
ci40027600,2021-08-30 23:11:42.910,-115.5223333,32.6071667,11.56,3.24,"6km ENE of Progreso, B.C., MX"
nc73617546,2021-08-29 19:56:35.770,-122.7578333,38.8296667,0.28,2.72,"3km WNW of Cobb, CA"
nc73617431,2021-08-29 13:23:31.260,-119.4153333,38.5461667,2.57,3.41,"27km SSW of Smith Valley, NV"
nn00820391,2021-08-29 06:23:04.216,-117.8802,38.1632,7.7,3.4,"32 km SE of Mina, Nevada"
nc73617241,2021-08-29 02:31:15.130,-119.4205,38.5498333,2.46,3.33,"27km SSW of Smith Valley, NV"
nc73617121,2021-08-28 19:00:39.610,-119.5321667,38.5393333,4.54,2.55,"28km SE of Markleeville, CA"
nc73616791,2021-08-28 02:44:19.030,-119.4216667,38.5668333,-1.53,2.52,"25km SSW of Smith Valley, NV"
nc73616726,2021-08-28 00:10:55.290,-119.4198333,38.568,-1.8,2.57,"25km SSW of Smith Valley, NV"
ci40024128,2021-08-27 12:34:51.160,-118.3791667,35.5151667,5.01,4.0,"13km SE of Bodfish, CA"
nc73616336,2021-08-27 10:13:20.880,-119.4206667,38.5456667,2.24,2.85,"27km SSW of Smith Valley, NV"
nc73616171,2021-08-27 07:04:59.850,-119.4278333,38.5638333,-1.9,3.06,"26km SSW of Smith Valley, NV"
nc73616096,2021-08-27 05:41:31.840,-119.4151667,38.5586667,1.59,2.78,"26km SSW of Smith Valley, NV"
nc73616066,2021-08-27 05:19:33.940,-119.4205,38.5566667,2.13,2.72,"26km SSW of Smith Valley, NV"
nc73615996,2021-08-27 04:55:18.280,-119.4235,38.5645,-0.19,2.99,"25km SSW of Smith Valley, NV"
nc73615986,2021-08-27 04:47:44.690,-119.4211667,38.5663333,-1.92,4.37,"25km SSW of Smith Valley, NV"
nc73615901,2021-08-27 01:54:20.700,-119.422,38.5593333,-0.91,2.86,"26km SSW of Smith Valley, NV"
nc73615886,2021-08-27 01:47:25.700,-119.4195,38.5558333,0.71,3.5,"26km SSW of Smith Valley, NV"
ci40022048,2021-08-25 21:05:01.260,-119.547,34.0785,5.95,2.62,"6km NNW of Santa Cruz Is. (E end), CA"
nc73615376,2021-08-25 20:01:08.760,-118.5465,37.9103333,6.2,2.8,"40km NNE of Toms Place, CA"
nc73615366,2021-08-25 19:52:16.940,-118.5495,37.9096667,6.71,2.85,"40km NNE of Toms Place, CA"
nc73615276,2021-08-25 16:06:33.070,-119.4836667,38.5368333,6.46,2.88,"30km SSW of Smith Valley, NV"
nc73614951,2021-08-24 23:17:05.100,-119.4575,38.5436667,3.93,2.52,"28km SSW of Smith Valley, NV"
ci40019504,2021-08-23 21:55:43.920,-115.631,33.1433333,9.37,2.93,"11km W of Calipatria, CA"
ci40018784,2021-08-23 14:57:23.620,-115.6413333,33.139,7.16,4.04,"12km N of Westmorland, CA"
nc73614206,2021-08-23 08:20:42.250,-119.4831667,38.537,6.6,3.05,"30km SSW of Smith Valley, NV"
nc73613886,2021-08-22 23:02:39.630,-119.5338333,38.5308333,2.95,2.54,"29km SE of Markleeville, CA"
nc73613606,2021-08-22 13:44:59.170,-119.4215,38.5458333,1.93,2.79,"27km SSW of Smith Valley, NV"
nc73613581,2021-08-22 13:27:52.790,-119.4286667,38.5456667,0.18,2.72,"28km SSW of Smith Valley, NV"
nc73613381,2021-08-22 04:16:40.220,-119.4608333,38.5403333,3.01,2.56,"29km SSW of Smith Valley, NV"
nc73613366,2021-08-22 03:50:51.330,-119.4573333,38.5451667,3.08,3.1,"28km SSW of Smith Valley, NV"
nc73613146,2021-08-21 22:56:40.590,-119.53,38.5301667,2.06,3.17,"29km SE of Markleeville, CA"
nc73613051,2021-08-21 20:22:01.140,-119.4293333,38.5533333,-1.53,3.07,"27km SSW of Smith Valley, NV"
nc73613026,2021-08-21 20:12:31.040,-119.4235,38.5505,1.54,2.58,"27km SSW of Smith Valley, NV"
nc73613006,2021-08-21 19:54:46.550,-121.374,36.772,9.34,3.1,"5km S of Ridgemark, CA"
nc73612571,2021-08-20 18:01:33.350,-124.3501667,40.3195,28.0,3.08,"6km W of Petrolia, CA"
ci40016064,2021-08-20 06:03:53.170,-117.721,35.8853333,2.64,2.67,"18km ESE of Little Lake, CA"
nc73612301,2021-08-20 05:29:25.650,-119.532,38.5393333,4.35,2.6,"28km SE of Markleeville, CA"
nn00819025,2021-08-19 11:15:56.371,-117.7878,38.1733,8.1,2.8,"37 km SE of Mina, Nevada"
nn00819000,2021-08-19 05:23:53.235,-119.6632,39.1265,11.3,3.3,"9 km ESE of Carson City, Nevada"
ci40014840,2021-08-19 04:29:46.130,-115.9626667,33.071,2.99,3.37,"18km ESE of Ocotillo Wells, CA"
ci40014744,2021-08-19 02:14:41.240,-115.9605,33.0738333,3.32,2.8,"18km ESE of Ocotillo Wells, CA"
nc73611751,2021-08-19 00:23:54.500,-118.9915,37.5418333,12.47,2.6,"11km S of Mammoth Lakes, CA"
ci40014624,2021-08-18 22:40:26.540,-115.9653333,33.0651667,3.2,2.5,"18km ESE of Ocotillo Wells, CA"
ci40014576,2021-08-18 21:50:22.940,-115.9675,33.0748333,3.84,3.84,"17km ESE of Ocotillo Wells, CA"
ci40014560,2021-08-18 21:45:14.590,-115.9598333,33.0733333,7.07,3.98,"18km ESE of Ocotillo Wells, CA"
ci37346044,2021-08-18 18:34:26.230,-115.9563333,33.0716667,4.19,2.53,"18km ESE of Ocotillo Wells, CA"
ci40014304,2021-08-18 18:34:03.980,-115.9541667,33.0706667,7.4,2.68,"18km ESE of Ocotillo Wells, CA"
ci40014256,2021-08-18 18:01:01.120,-115.9581667,33.0733333,3.61,2.8,"18km ESE of Ocotillo Wells, CA"
nn00818919,2021-08-18 06:43:04.384,-117.8841,38.168,7.3,2.6,"31 km SE of Mina, Nevada"
nc73611326,2021-08-17 21:14:22.800,-121.3935,36.7311667,3.02,2.9,"9km SW of Tres Pinos, CA"
nn00818878,2021-08-17 12:03:10.932,-117.4971,37.2717,6.4,2.8,"53 km SSW of Goldfield, Nevada"
nc73611096,2021-08-17 10:09:46.540,-120.497,36.4586667,15.64,3.03,"16km ENE of New Idria, CA"
nc73610771,2021-08-16 19:59:41.640,-122.313,38.5483333,-0.24,2.53,"12km ESE of Angwin, CA"
ci39774951,2021-08-16 18:59:38.390,-116.443,34.14,4.38,3.06,"3km NNW of Yucca Valley, CA"
nc73610586,2021-08-16 05:03:11.910,-120.428,35.884,5.93,2.65,"2km SSE of Parkfield, CA"
nc73610581,2021-08-16 04:54:35.450,-122.948,39.4986667,9.76,2.86,"10km N of Lake Pillsbury, CA"
nc73609926,2021-08-14 05:12:28.870,-121.1786667,36.6211667,5.95,2.7,"10km NNW of Pinnacles, CA"
nc73609596,2021-08-13 13:08:24.300,-122.841,39.6816667,3.24,2.68,"10km WNW of Alder Springs, CA"
nc73609456,2021-08-13 04:11:16.750,-124.3566667,40.3131667,29.95,2.56,"6km WSW of Petrolia, CA"
nn00818492,2021-08-13 03:24:33.451,-116.7476,38.1644,5.2,2.5,"43 km ENE of Tonopah, Nevada"
ci39772319,2021-08-13 03:15:07.620,-117.4911667,34.084,9.47,2.54,"3km WSW of Fontana, CA"
nc73609421,2021-08-13 02:33:41.620,-119.554,38.5101667,3.07,3.16,"29km SE of Markleeville, CA"
nc73609126,2021-08-12 11:35:39.240,-122.018,39.5186667,26.26,2.59,"15km E of Willows, CA"
nc73609101,2021-08-12 08:03:12.560,-124.3893333,40.2911667,30.74,2.9,"10km WSW of Petrolia, CA"
nc73608406,2021-08-10 19:29:31.570,-119.4975,38.4935,5.02,2.68,"34km ENE of Dardanelle, CA"
ci39769839,2021-08-10 17:48:09.340,-117.8356667,36.1365,2.34,2.9,"14km NE of Coso Junction, CA"
nc73608061,2021-08-10 02:03:21.430,-124.3738333,40.3291667,30.03,2.89,"8km W of Petrolia, CA"
ci39768007,2021-08-09 06:09:45.480,-115.9551667,32.9035,8.89,2.86,"19km N of Ocotillo, CA"
nn00818038,2021-08-08 23:49:21.090,-117.7763,38.1834,10.0,2.7,"37 km SE of Mina, Nevada"
nc73607376,2021-08-08 10:40:00.570,-124.3578333,40.3226667,27.93,3.1,"6km W of Petrolia, CA"
nc73607176,2021-08-07 22:06:50.750,-119.5656667,38.4153333,4.83,2.82,"25km ENE of Dardanelle, CA"
nc73607056,2021-08-07 16:01:02.420,-122.8581667,39.6803333,3.66,2.94,"12km WNW of Alder Springs, CA"
nc73606811,2021-08-07 02:23:53.080,-121.4146667,36.8856667,8.53,2.8,"4km NNW of Hollister, CA"
nn00817840,2021-08-06 21:33:08.603,-118.0799,38.1134,10.8,2.7,"30 km S of Mina, Nevada"
ci39765679,2021-08-06 14:37:45.250,-119.0836667,35.0406667,7.98,3.39,"18km NW of Grapevine, CA"
nc73606411,2021-08-06 10:04:56.620,-120.795,35.5845,6.01,2.8,"9km WNW of Templeton, CA"
nc73606406,2021-08-06 09:56:28.380,-124.2191667,40.3531667,28.71,2.63,"6km ENE of Petrolia, CA"
ci39764447,2021-08-05 06:51:30.990,-116.9853333,33.7553333,17.42,3.12,"2km NW of Hemet, CA"
ci39764303,2021-08-05 01:23:34.730,-116.8686667,34.3418333,1.98,2.72,"9km NNW of Big Bear City, CA"
nc73605886,2021-08-05 00:27:30.310,-118.861,37.548,6.3,2.55,"14km SE of Mammoth Lakes, CA"
nc73605761,2021-08-04 19:36:05.890,-122.8585,39.6705,4.27,2.86,"12km W of Alder Springs, CA"
nc73605716,2021-08-04 18:49:46.010,-119.4321667,38.5318333,0.0,2.68,"29km SSW of Smith Valley, NV"
nc73605601,2021-08-04 12:25:43.280,-119.5301667,38.5468333,4.14,2.55,"28km SE of Markleeville, CA"
nc73605581,2021-08-04 10:26:39.100,-122.8653333,39.6671667,5.71,2.78,"12km W of Alder Springs, CA"
nc73605316,2021-08-03 22:52:00.050,-122.8636667,39.6705,5.99,2.93,"12km W of Alder Springs, CA"
nc73605151,2021-08-03 18:55:00.830,-118.5555,37.9176667,6.69,3.26,"41km NNE of Toms Place, CA"
nc73605146,2021-08-03 18:41:40.580,-122.869,39.674,2.6,2.79,"13km WNW of Alder Springs, CA"
nc73605076,2021-08-03 16:58:00.060,-119.4583333,38.57,-0.3,3.26,"26km SSW of Smith Valley, NV"
nc73605026,2021-08-03 15:57:51.590,-122.8641667,39.6696667,-0.39,2.86,"12km W of Alder Springs, CA"
nc73604966,2021-08-03 14:13:53.480,-122.8756667,39.6738333,0.66,2.58,"13km W of Alder Springs, CA"
nc73604971,2021-08-03 14:12:57.680,-122.865,39.6736667,0.75,2.9,"12km WNW of Alder Springs, CA"
nc73604831,2021-08-03 06:10:04.450,-122.8608333,39.6676667,1.71,2.88,"12km W of Alder Springs, CA"
nc73604776,2021-08-03 03:16:15.790,-122.8728333,39.6671667,1.45,2.73,"13km W of Alder Springs, CA"
ci39762183,2021-08-03 01:44:17.950,-116.5276667,35.6811667,3.02,2.72,"33km SW of Tecopa, CA"
nc73604726,2021-08-03 01:02:36.060,-122.0115,39.5091667,24.53,2.63,"16km E of Willows, CA"
nc73604661,2021-08-02 23:05:42.790,-121.6705,37.3021667,6.15,2.92,"15km E of Seven Trees, CA"
nc73604541,2021-08-02 20:15:28.880,-122.8666667,39.6661667,4.22,2.66,"12km W of Alder Springs, CA"
nc73604521,2021-08-02 19:58:47.800,-122.8695,39.6696667,0.88,2.89,"12km W of Alder Springs, CA"
nc73604446,2021-08-02 18:38:51.840,-122.8623333,39.6718333,2.48,2.83,"12km W of Alder Springs, CA"
nc73604441,2021-08-02 18:30:46.940,-122.8596667,39.6758333,1.63,2.64,"12km WNW of Alder Springs, CA"
nc73604436,2021-08-02 18:28:54.290,-122.8623333,39.6703333,7.64,3.66,"12km W of Alder Springs, CA"
nc73604356,2021-08-02 15:04:30.420,-122.8566667,39.6698333,5.55,2.73,"11km W of Alder Springs, CA"
nc73604336,2021-08-02 14:49:31.840,-122.8585,39.6711667,5.23,2.53,"12km W of Alder Springs, CA"
nc73604321,2021-08-02 14:05:50.960,-119.5298333,38.529,3.59,2.68,"29km SE of Markleeville, CA"
nn00817369,2021-08-02 12:11:36.912,-116.425,40.8457,13.1,2.9,"30 km WNW of Carlin, Nevada"
nc73603886,2021-08-01 14:50:04.890,-121.4133333,36.8638333,7.37,2.96,"2km NW of Hollister, CA"
nc73603701,2021-08-01 05:38:44.730,-121.8848333,37.8478333,8.43,2.5,"4km NNE of Blackhawk, CA"
nc73603671,2021-08-01 03:52:49.190,-121.4151667,36.866,7.32,2.76,"3km NW of Hollister, CA"
nc73603581,2021-07-31 22:16:32.170,-122.8605,39.6793333,0.42,2.95,"12km WNW of Alder Springs, CA"
nc73603561,2021-07-31 21:47:30.410,-122.8645,39.6743333,-0.63,2.71,"12km WNW of Alder Springs, CA"
nc73603486,2021-07-31 19:09:38.270,-120.333,35.7806667,8.5,2.73,"7km NNW of Cholame, CA"
nc73603251,2021-07-31 15:15:56.250,-122.7895,38.816,3.47,3.17,"5km NNW of The Geysers, CA"
ci39759175,2021-07-31 00:59:29.340,-117.212,34.0356667,14.55,3.05,"4km SW of Redlands, CA"
nn00817060,2021-07-30 23:53:18.228,-115.3634,36.0664,14.8,2.8,Nevada
nn00816980,2021-07-30 15:08:51.964,-118.6159,38.0401,9.4,2.5,"27 km NNW of Benton, California"
nc73602511,2021-07-30 14:27:13.470,-119.4915,38.5215,8.82,2.66,"32km SSW of Smith Valley, NV"
ci39757863,2021-07-30 03:29:35.780,-117.7371667,32.9426667,13.61,2.69,"43km WSW of Encinitas, CA"
nc73602186,2021-07-30 03:11:08.220,-122.8033333,38.8238333,3.01,2.54,"7km NW of The Geysers, CA"
nc73601901,2021-07-29 18:39:24.970,-124.3683333,40.3151667,28.75,2.96,"7km W of Petrolia, CA"
nn00816831,2021-07-29 14:23:29.113,-118.6142,38.0392,10.3,3.5,"27 km NNW of Benton, California"
nc73601321,2021-07-28 23:50:23.280,-119.4621667,38.567,1.19,3.28,"26km SSW of Smith Valley, NV"
nc73601146,2021-07-28 19:38:57.680,-119.5236667,38.522,5.91,2.65,"30km SE of Markleeville, CA"
nc73600961,2021-07-28 15:58:15.640,-119.529,38.4965,4.77,2.71,"32km ENE of Dardanelle, CA"
nc73600926,2021-07-28 15:07:31.230,-120.3323333,35.78,8.53,3.4,"7km NNW of Cholame, CA"
ci39755863,2021-07-28 14:47:49.420,-116.1255,33.7813333,5.39,2.61,"11km NE of Indio, CA"
nc73600901,2021-07-28 14:14:20.010,-119.3795,38.2298333,10.7,3.18,"13km WSW of Bridgeport, CA"
nc73600841,2021-07-28 10:51:09.240,-123.0123333,38.5555,5.78,3.05,"6km NNW of Guerneville, CA"
nc73600811,2021-07-28 09:06:42.550,-119.4468333,38.5263333,2.58,2.52,"30km SSW of Smith Valley, NV"
nc73600766,2021-07-28 06:52:46.800,-124.2785,40.3786667,27.06,2.5,"6km N of Petrolia, CA"
nc73600631,2021-07-27 23:33:32.640,-119.5071667,38.5273333,6.13,2.54,"31km SE of Markleeville, CA"
nc73600416,2021-07-27 16:31:12.260,-119.4635,38.5685,1.29,2.57,"26km SSW of Smith Valley, NV"
nc73600326,2021-07-27 10:37:21.110,-124.3915,40.3281667,28.21,2.77,"9km W of Petrolia, CA"
nn00816482,2021-07-27 07:11:02.598,-117.892,38.1588,8.8,2.9,"31 km SE of Mina, Nevada"
nc73600206,2021-07-27 05:40:03.870,-122.8478333,39.6675,1.33,2.51,"11km W of Alder Springs, CA"
nc73600036,2021-07-26 21:40:11.540,-119.4985,38.5215,4.67,3.28,"32km SE of Markleeville, CA"
ci39753207,2021-07-26 08:21:18.440,-118.5116667,35.2038333,5.5,3.21,"10km NW of Tehachapi, CA"
nc73599586,2021-07-26 01:21:52.000,-122.8501667,39.6683333,4.67,3.16,"11km W of Alder Springs, CA"
nc73599531,2021-07-25 23:20:53.530,-124.3816667,40.3136667,28.9,2.72,"8km W of Petrolia, CA"
nc73599091,2021-07-25 02:35:29.130,-122.8523333,39.6691667,0.05,2.76,"11km W of Alder Springs, CA"
nn00815969,2021-07-24 05:36:35.781,-116.728,38.1716,0.9,3.0,"45 km ENE of Tonopah, Nevada"
nn00815966,2021-07-24 05:34:46.751,-116.7154,38.1729,1.0,3.8,"46 km ENE of Tonopah, Nevada"
nc73598511,2021-07-24 01:43:46.790,-121.49,35.8776667,11.54,2.51,"17km SSE of Lopez Point, CA"
nc73598386,2021-07-23 20:09:51.770,-124.3693333,40.3193333,28.75,2.69,"7km W of Petrolia, CA"
nc73598366,2021-07-23 19:47:49.640,-119.4941667,38.4708333,7.67,3.17,"33km ENE of Dardanelle, CA"
nc73598301,2021-07-23 18:34:30.600,-120.5275,35.9725,7.81,2.64,"12km NW of Parkfield, CA"
nc73598166,2021-07-23 13:43:38.040,-119.5231667,38.5481667,4.38,2.52,"28km ESE of Markleeville, CA"
nc73598126,2021-07-23 11:38:18.500,-119.4628333,38.5273333,2.39,2.84,"30km SSW of Smith Valley, NV"
nc73598071,2021-07-23 07:56:54.740,-119.5135,38.5503333,6.66,2.69,"29km ESE of Markleeville, CA"
nc73597676,2021-07-22 19:19:58.680,-122.0228333,38.9415,16.22,2.52,"8km NW of Dunnigan, CA"
us6000ey2u,2021-07-22 18:53:05.899,-119.5466,38.4977,5.09,2.5,"6 km WSW of Walker, California"
nc73597641,2021-07-22 18:16:59.070,-119.5265,38.5318333,3.5,2.72,"29km SE of Markleeville, CA"
nc73597571,2021-07-22 15:41:34.600,-119.4863333,38.5201667,6.22,2.5,"32km SSW of Smith Valley, NV"
ci39749199,2021-07-22 04:29:19.830,-115.4658333,32.8135,14.07,2.89,"8km W of Holtville, CA"
ci39749151,2021-07-22 03:50:50.750,-115.46,32.812,11.68,2.97,"7km W of Holtville, CA"
ci39749135,2021-07-22 03:48:11.930,-115.4641667,32.8135,11.27,2.88,"8km W of Holtville, CA"
nc73597286,2021-07-22 03:12:03.390,-119.7966667,38.8086667,6.28,2.75,"2km NNE of Mesa Vista, CA"
nc73597156,2021-07-21 23:33:38.850,-119.5325,38.5145,4.99,3.24,"30km SE of Markleeville, CA"
nc73597121,2021-07-21 23:02:00.630,-119.5298333,38.5476667,4.08,2.52,"28km SE of Markleeville, CA"
nn00815525,2021-07-21 21:25:32.664,-118.0211,38.1434,3.5,2.6,"28 km SSE of Mina, Nevada"
nn00815500,2021-07-21 18:13:07.358,-118.0934,38.1156,2.8,2.5,"30 km S of Mina, Nevada"
nn00815426,2021-07-21 12:04:18.733,-118.2405,38.1569,7.7,3.9,"28 km SSW of Mina, Nevada"
nc73596526,2021-07-21 04:21:09.380,-119.512,38.5133333,5.69,2.9,"32km SE of Markleeville, CA"
nc73596516,2021-07-21 03:50:11.260,-119.5108333,38.5143333,5.85,3.09,"32km SE of Markleeville, CA"
nc73596461,2021-07-21 01:57:28.280,-123.9025,40.7218333,25.22,2.53,"19km SE of Bayside, CA"
nc73596441,2021-07-21 01:29:16.060,-121.5268333,36.7776667,9.93,2.87,"8km S of San Juan Bautista, CA"
ci39747359,2021-07-20 17:01:23.940,-117.8721667,36.2203333,4.98,2.67,"14km ESE of Olancha, CA"
ci37478357,2021-07-20 13:49:10.100,-115.6946667,33.1606667,0.79,2.69,"15km NNW of Westmorland, CA"
ci39746767,2021-07-20 05:12:50.460,-117.4283333,36.8405,1.31,2.84,"36km NW of Stovepipe Wells, CA"
nn00815137,2021-07-20 04:30:32.676,-119.3505,40.8074,3.1,2.9,"11 km WNW of Burning Man Earth, Nevada"
nc73595631,2021-07-19 19:58:10.730,-119.4761667,38.4625,5.47,3.03,"31km NW of Bridgeport, CA"
nc73595286,2021-07-19 10:26:45.200,-119.5276667,38.5186667,4.91,2.94,"30km SE of Markleeville, CA"
nc73595121,2021-07-19 06:34:17.100,-119.5106667,38.4773333,4.87,2.62,"32km ENE of Dardanelle, CA"
nc73594701,2021-07-18 13:24:10.670,-119.4703333,38.4241667,5.44,3.6,"28km NW of Bridgeport, CA"
nc73594666,2021-07-18 11:27:35.710,-119.528,38.5216667,4.21,2.5,"30km SE of Markleeville, CA"
nc73594431,2021-07-18 04:22:50.470,-119.5151667,38.5321667,7.23,2.52,"30km SE of Markleeville, CA"
nc73594306,2021-07-18 00:08:28.940,-121.2593333,36.642,5.18,2.56,"16km NW of Pinnacles, CA"
nc73594251,2021-07-17 22:22:27.850,-119.5426667,38.529,3.1,2.77,"28km SE of Markleeville, CA"
nn00814653,2021-07-17 20:59:32.897,-117.5104,37.05,16.0,2.8,"67 km ENE of Independence, California"
nn00814628,2021-07-17 19:29:47.067,-118.3245,39.4382,15.9,2.7,"33 km E of Fallon Station, Nevada"
nc73593931,2021-07-17 17:12:54.940,-119.4615,38.552,2.18,2.54,"28km SSW of Smith Valley, NV"
nc73593686,2021-07-17 10:08:37.040,-119.5028333,38.537,6.74,2.59,"31km ESE of Markleeville, CA"
nc73593641,2021-07-17 09:49:10.780,-119.469,38.5495,3.15,3.52,"28km SSW of Smith Valley, NV"
nc73593256,2021-07-17 00:44:54.260,-119.4601667,38.5363333,2.04,3.41,"29km SSW of Smith Valley, NV"
nc73593236,2021-07-17 00:32:54.810,-119.5143333,38.4795,4.92,3.13,"32km ENE of Dardanelle, CA"
nc73593166,2021-07-16 23:25:41.490,-119.5433333,38.5001667,3.31,2.57,"30km SE of Markleeville, CA"
nc73593041,2021-07-16 20:28:32.430,-119.542,38.4985,3.7,2.61,"31km SE of Markleeville, CA"
nn00814337,2021-07-16 20:09:13.230,-117.7982,38.1771,7.2,3.0,"36 km SE of Mina, Nevada"
ci39743287,2021-07-16 19:35:17.790,-117.3631667,36.1093333,1.76,2.59,"38km N of Searles Valley, CA"
nc73592951,2021-07-16 19:13:02.210,-119.4558333,38.538,2.11,2.9,"29km SSW of Smith Valley, NV"
nc73592511,2021-07-16 06:45:19.300,-119.5388333,38.5275,2.85,2.63,"29km SE of Markleeville, CA"
nc73592506,2021-07-16 06:37:02.190,-119.5226667,38.5373333,6.37,2.51,"29km SE of Markleeville, CA"
nn00814141,2021-07-16 05:02:42.887,-117.9584,38.153,10.4,2.7,"29 km SSE of Mina, Nevada"
nc73592361,2021-07-16 02:47:17.300,-119.4318333,38.5396667,1.41,2.91,"28km SSW of Smith Valley, NV"
nn00814102,2021-07-15 23:58:04.715,-117.2479,38.5939,5.8,2.5,"58 km N of Tonopah, Nevada"
us7000emc6,2021-07-15 21:14:56.521,-116.5245,41.126,0.0,2.5,"57 km NW of Carlin, Nevada"
ci39742079,2021-07-15 20:57:16.020,-115.4633333,32.8186667,8.8,2.86,"8km W of Holtville, CA"
nc73591921,2021-07-15 17:51:54.480,-119.497,38.5013333,5.63,2.69,"33km SE of Markleeville, CA"
nc73591926,2021-07-15 17:51:10.070,-119.5013333,38.4983333,5.67,2.98,"33km SE of Markleeville, CA"
nc73591771,2021-07-15 15:32:12.810,-119.4986667,38.5455,7.54,2.52,"30km SSW of Smith Valley, NV"
nc73591671,2021-07-15 14:18:29.020,-119.485,38.5218333,4.8,3.77,"32km SSW of Smith Valley, NV"
nc73591586,2021-07-15 13:05:42.620,-119.545,38.4728333,3.09,2.58,"29km ENE of Dardanelle, CA"
nc73591576,2021-07-15 12:42:51.860,-119.5283333,38.529,4.41,2.5,"29km SE of Markleeville, CA"
nc73591216,2021-07-15 02:53:47.550,-119.523,38.5085,4.23,2.53,"31km SE of Markleeville, CA"
nc73590426,2021-07-14 12:36:45.100,-119.5083333,38.486,5.05,2.85,"32km ENE of Dardanelle, CA"
nc73590396,2021-07-14 11:33:20.190,-119.5036667,38.5316667,4.98,2.77,"31km SE of Markleeville, CA"
ci39974224,2021-07-14 09:30:02.100,-117.5275,35.6618333,1.79,2.89,"14km ENE of Ridgecrest, CA"
nc73590191,2021-07-14 08:43:31.280,-119.5363333,38.5401667,4.32,3.19,"28km SE of Markleeville, CA"
nc73590006,2021-07-14 05:15:58.570,-119.4618333,38.5478333,1.79,2.53,"28km SSW of Smith Valley, NV"
nc73589811,2021-07-14 03:46:14.210,-119.4605,38.5486667,2.03,3.89,"28km SSW of Smith Valley, NV"
nc73589271,2021-07-13 17:51:39.010,-119.4991667,38.5238333,6.58,2.9,"32km SE of Markleeville, CA"
ci39738575,2021-07-13 17:35:08.910,-116.006,33.884,3.81,2.68,"27km NE of Indio, CA"
nc73589021,2021-07-13 12:02:17.680,-119.5301667,38.5306667,4.5,2.87,"29km SE of Markleeville, CA"
nc73588786,2021-07-13 04:44:18.920,-120.807,36.228,7.95,2.75,"22km ENE of San Lucas, CA"
nc73588401,2021-07-12 18:20:28.920,-119.5041667,38.5566667,5.18,2.79,"29km SSW of Smith Valley, NV"
nc73588281,2021-07-12 15:43:07.470,-119.5163333,38.5425,5.26,2.81,"29km ESE of Markleeville, CA"
nn00813112,2021-07-12 10:56:28.079,-117.872,38.1759,11.1,2.9,"31 km SE of Mina, Nevada"
nc73587891,2021-07-12 07:18:28.270,-119.4755,38.4615,6.82,2.68,"31km NW of Bridgeport, CA"
nc73587766,2021-07-12 04:42:42.660,-119.52,38.5516667,6.05,2.88,"28km ESE of Markleeville, CA"
nc73587761,2021-07-12 04:36:34.090,-119.4758333,38.4588333,6.02,2.9,"31km NW of Bridgeport, CA"
nc73587701,2021-07-12 02:04:37.100,-119.4466667,38.5715,1.37,2.65,"25km SSW of Smith Valley, NV"
nc73587666,2021-07-12 00:43:35.140,-119.5358333,38.4906667,4.52,2.65,"31km ENE of Dardanelle, CA"
ci39736951,2021-07-11 22:43:47.870,-117.5298333,35.6763333,9.29,2.75,"15km ENE of Ridgecrest, CA"
nc73587561,2021-07-11 22:05:17.950,-119.5056667,38.4721667,5.75,2.52,"32km ENE of Dardanelle, CA"
nc73587501,2021-07-11 19:06:54.500,-119.5285,38.5416667,4.18,2.97,"28km SE of Markleeville, CA"
nc73587456,2021-07-11 17:37:46.560,-121.4153333,36.8848333,8.75,2.66,"4km NNW of Hollister, CA"
nc73587376,2021-07-11 12:35:42.770,-119.5393333,38.5198333,0.67,3.26,"29km SE of Markleeville, CA"
nc73587306,2021-07-11 09:39:04.940,-119.5235,38.475,3.09,2.85,"31km ENE of Dardanelle, CA"
nc73587241,2021-07-11 07:37:05.840,-119.5455,38.4788333,4.07,2.58,"29km ENE of Dardanelle, CA"
nc73587191,2021-07-11 06:09:04.020,-119.5275,38.5151667,5.04,3.07,"30km SE of Markleeville, CA"
nc73587171,2021-07-11 05:04:55.480,-119.4818333,38.5018333,0.04,2.55,"34km SSW of Smith Valley, NV"
nc73587156,2021-07-11 04:23:21.660,-119.4736667,38.5546667,2.46,2.93,"28km SSW of Smith Valley, NV"
nc73587066,2021-07-11 01:27:48.040,-119.5431667,38.4751667,1.96,3.11,"29km ENE of Dardanelle, CA"
nc73587046,2021-07-11 01:11:23.910,-119.4926667,38.5435,4.78,2.56,"30km SSW of Smith Valley, NV"
nc73587036,2021-07-11 00:55:55.380,-119.5265,38.5195,2.88,2.62,"30km SE of Markleeville, CA"
nc73587006,2021-07-10 23:13:51.930,-119.513,38.4873333,4.58,2.54,"32km ENE of Dardanelle, CA"
nc73586911,2021-07-10 19:10:46.680,-119.5506667,38.4711667,-0.09,2.62,"28km ENE of Dardanelle, CA"
nc73586901,2021-07-10 18:53:58.570,-119.5153333,38.5171667,5.7,2.5,"31km SE of Markleeville, CA"
nc73586896,2021-07-10 18:44:27.200,-119.5293333,38.5126667,1.36,2.57,"30km SE of Markleeville, CA"
nc73586811,2021-07-10 16:27:36.060,-119.5266667,38.4883333,3.27,2.65,"31km ENE of Dardanelle, CA"
nc73586796,2021-07-10 16:20:28.580,-119.553,38.536,2.97,2.55,"27km SE of Markleeville, CA"
nc73586776,2021-07-10 15:51:53.860,-119.5196667,38.5508333,5.51,2.61,"29km ESE of Markleeville, CA"
nc73586756,2021-07-10 15:42:14.280,-119.5313333,38.5223333,4.36,2.53,"30km SE of Markleeville, CA"
nn00812460,2021-07-10 14:05:12.711,-117.7673,38.1997,10.6,3.6,"36 km SE of Mina, Nevada"
nc73586696,2021-07-10 11:43:12.940,-119.4296667,38.453,2.07,2.67,"28km NW of Bridgeport, CA"
nc73586681,2021-07-10 11:01:24.460,-119.4286667,38.4556667,1.55,2.7,"28km NW of Bridgeport, CA"
nc73586651,2021-07-10 10:30:43.570,-119.4711667,38.5313333,0.11,2.51,"30km SSW of Smith Valley, NV"
nc73586571,2021-07-10 07:10:14.600,-119.5343333,38.504,3.48,2.88,"31km SE of Markleeville, CA"
nc73586481,2021-07-10 02:48:45.260,-119.5403333,38.4985,2.67,3.57,"31km SE of Markleeville, CA"
nc73586466,2021-07-10 02:19:22.340,-119.4885,38.5196667,5.21,2.53,"32km SSW of Smith Valley, NV"
nc73586451,2021-07-10 01:57:33.430,-119.5056667,38.4993333,5.61,3.02,"33km SE of Markleeville, CA"
nc73586416,2021-07-10 01:21:01.190,-119.5535,38.5318333,2.47,3.76,"28km SE of Markleeville, CA"
nc73586411,2021-07-10 01:12:46.740,-119.5175,38.5015,5.23,2.64,"32km SE of Markleeville, CA"
nc73586381,2021-07-10 00:19:24.980,-119.4825,38.5323333,0.18,2.62,"30km SSW of Smith Valley, NV"
nc73586371,2021-07-10 00:18:33.840,-119.4775,38.5391667,0.22,3.06,"30km SSW of Smith Valley, NV"
nc73586326,2021-07-09 23:27:33.400,-119.5078333,38.531,5.63,2.57,"31km SE of Markleeville, CA"
nc73586281,2021-07-09 22:59:50.050,-119.522,38.536,5.02,3.14,"29km SE of Markleeville, CA"
nc73586276,2021-07-09 22:57:57.890,-119.5323333,38.5078333,1.63,2.86,"31km SE of Markleeville, CA"
ci39734935,2021-07-09 22:33:45.300,-118.7246667,33.8886667,8.79,2.53,"15km SSE of Malibu, CA"
nc73586236,2021-07-09 21:09:37.710,-119.5448333,38.498,2.01,3.07,"30km SE of Markleeville, CA"
nc73586231,2021-07-09 21:05:58.050,-119.4438333,38.5255,1.71,2.62,"30km SSW of Smith Valley, NV"
nc73586216,2021-07-09 20:48:25.390,-119.5195,38.5266667,4.95,2.9,"30km SE of Markleeville, CA"
nc73586201,2021-07-09 20:18:39.240,-119.5408333,38.5305,0.79,2.93,"28km SE of Markleeville, CA"
nc73586111,2021-07-09 18:05:08.600,-119.5261667,38.5461667,5.1,2.88,"28km SE of Markleeville, CA"
nc73586091,2021-07-09 17:27:42.640,-119.536,38.5178333,3.39,2.73,"30km SE of Markleeville, CA"
nc73586076,2021-07-09 17:06:28.940,-119.5221667,38.544,3.88,2.8,"29km SE of Markleeville, CA"
nc73586061,2021-07-09 16:48:47.550,-119.5515,38.5023333,-0.23,2.76,"30km SE of Markleeville, CA"
nc73586056,2021-07-09 16:38:16.230,-119.4578333,38.5493333,0.48,2.67,"28km SSW of Smith Valley, NV"
nc73586051,2021-07-09 16:35:38.040,-119.4705,38.546,1.43,2.91,"29km SSW of Smith Valley, NV"
nc73586046,2021-07-09 16:32:48.280,-119.5215,38.5078333,4.03,2.99,"31km SE of Markleeville, CA"
nc73586001,2021-07-09 15:37:57.130,-119.5006667,38.5068333,3.94,2.5,"33km SE of Markleeville, CA"
nc73585996,2021-07-09 15:20:48.660,-119.4738333,38.5385,1.38,2.68,"30km SSW of Smith Valley, NV"
nc73585971,2021-07-09 14:27:32.650,-119.4868333,38.459,4.55,2.59,"32km NW of Bridgeport, CA"
nc73585961,2021-07-09 14:12:08.060,-119.5436667,38.5405,1.26,2.81,"28km SE of Markleeville, CA"
nc73585956,2021-07-09 14:00:36.410,-119.5173333,38.551,3.92,2.93,"29km ESE of Markleeville, CA"
nc73585946,2021-07-09 13:55:43.950,-119.5165,38.504,4.21,2.72,"32km SE of Markleeville, CA"
nc73585941,2021-07-09 13:51:27.880,-119.5116667,38.5138333,6.25,2.62,"32km SE of Markleeville, CA"
nc73585926,2021-07-09 13:14:32.440,-119.5495,38.4983333,0.43,2.66,"30km SE of Markleeville, CA"
nc73585916,2021-07-09 13:09:09.060,-119.5158333,38.4855,3.87,2.68,"32km ENE of Dardanelle, CA"
nc73585876,2021-07-09 12:07:06.420,-119.5326667,38.4926667,4.6,2.57,"31km ENE of Dardanelle, CA"
nc73585856,2021-07-09 11:49:18.590,-119.4678333,38.54,1.34,3.32,"29km SSW of Smith Valley, NV"
us6000etu3,2021-07-09 11:48:56.243,-119.5271,38.4569,5.0,3.0,"7 km SW of Walker, California"
nc73585846,2021-07-09 11:30:08.950,-119.5081667,38.5178333,5.45,2.64,"32km SE of Markleeville, CA"
nc73585816,2021-07-09 09:59:15.990,-119.5466667,38.4643333,-0.69,2.57,"28km ENE of Dardanelle, CA"
nc73585796,2021-07-09 09:47:02.050,-119.5471667,38.4865,-1.11,2.58,"30km ENE of Dardanelle, CA"
nc73585791,2021-07-09 09:45:17.960,-119.5071667,38.5486667,6.09,3.39,"30km ESE of Markleeville, CA"
nc73585781,2021-07-09 09:38:17.080,-119.5228333,38.5281667,6.12,3.41,"30km SE of Markleeville, CA"
nc73585776,2021-07-09 09:16:17.590,-119.4666667,38.5456667,0.99,3.41,"29km SSW of Smith Valley, NV"
nc73585771,2021-07-09 09:13:49.050,-119.466,38.5493333,0.67,3.55,"28km SSW of Smith Valley, NV"
nc73585751,2021-07-09 08:57:10.980,-119.5363333,38.557,4.58,2.62,"27km ESE of Markleeville, CA"
nc73585746,2021-07-09 08:55:10.710,-119.531,38.5115,3.09,2.55,"30km SE of Markleeville, CA"
nc73585731,2021-07-09 08:13:35.560,-119.5251667,38.5465,4.43,2.64,"28km SE of Markleeville, CA"
nc73585726,2021-07-09 08:07:03.020,-119.511,38.511,5.08,2.6,"32km SE of Markleeville, CA"
nc73585706,2021-07-09 08:01:21.020,-119.5188333,38.5513333,4.22,2.78,"29km ESE of Markleeville, CA"
nc73585656,2021-07-09 07:15:58.990,-119.5208333,38.5291667,5.2,2.53,"30km SE of Markleeville, CA"
nc73585661,2021-07-09 07:14:08.500,-119.5326667,38.5476667,4.11,2.9,"28km SE of Markleeville, CA"
nc73585636,2021-07-09 07:03:18.580,-119.4825,38.507,4.38,2.59,"33km SSW of Smith Valley, NV"
nc73585631,2021-07-09 06:57:27.410,-119.5411667,38.474,1.75,2.81,"29km ENE of Dardanelle, CA"
nc73585626,2021-07-09 06:48:03.260,-119.509,38.5148333,6.79,2.5,"32km SE of Markleeville, CA"
nc73585621,2021-07-09 06:42:19.840,-119.5396667,38.4791667,1.73,3.12,"30km ENE of Dardanelle, CA"
nc73585616,2021-07-09 06:12:09.370,-119.5248333,38.4981667,4.46,2.56,"32km SE of Markleeville, CA"
nc73585606,2021-07-09 06:10:49.480,-119.5205,38.4753333,3.97,2.62,"31km ENE of Dardanelle, CA"
nc73585601,2021-07-09 06:05:12.610,-119.536,38.5135,3.21,2.68,"30km SE of Markleeville, CA"
nc73585576,2021-07-09 05:43:55.340,-119.5386667,38.5393333,4.64,3.57,"28km SE of Markleeville, CA"
nc73585556,2021-07-09 05:22:34.440,-119.5368333,38.5215,-0.98,2.67,"29km SE of Markleeville, CA"
nc73585546,2021-07-09 05:20:03.200,-119.5046667,38.5128333,6.63,2.51,"32km SE of Markleeville, CA"
nc73585536,2021-07-09 05:15:21.200,-119.532,38.5438333,3.15,2.57,"28km SE of Markleeville, CA"
nc73585531,2021-07-09 05:10:35.790,-119.5293333,38.5426667,3.92,4.34,"28km SE of Markleeville, CA"
nc73585526,2021-07-09 05:04:18.400,-119.512,38.5291667,5.7,4.06,"30km SE of Markleeville, CA"
nc73585521,2021-07-09 04:33:47.610,-119.51,38.4803333,5.98,2.87,"32km ENE of Dardanelle, CA"
nc73585516,2021-07-09 04:31:16.860,-119.5425,38.5071667,2.39,2.53,"30km SE of Markleeville, CA"
nc73585511,2021-07-09 04:29:54.410,-119.532,38.5353333,4.34,2.66,"29km SE of Markleeville, CA"
nc71123549,2021-07-09 04:20:33.640,-119.4825,38.5096667,6.79,3.01,"33km SSW of Smith Valley, NV"
nc73585471,2021-07-09 04:03:58.260,-119.5486667,38.514,0.85,3.19,"29km SE of Markleeville, CA"
nc73585466,2021-07-09 04:03:02.040,-119.5386667,38.5173333,-2.09,3.3,"30km SE of Markleeville, CA"
nc73585446,2021-07-09 03:48:15.400,-119.5331667,38.5385,3.34,3.0,"28km SE of Markleeville, CA"
nc73585441,2021-07-09 03:35:17.580,-119.5328333,38.492,3.01,2.91,"31km ENE of Dardanelle, CA"
nc73585436,2021-07-09 03:26:18.980,-119.474,38.4521667,4.91,2.54,"30km NW of Bridgeport, CA"
nc73585431,2021-07-09 03:10:42.680,-119.512,38.5128333,4.72,2.55,"32km SE of Markleeville, CA"
nc73585416,2021-07-09 03:09:38.810,-119.538,38.511,1.4,2.52,"30km SE of Markleeville, CA"
nc73585391,2021-07-09 02:36:17.850,-119.5391667,38.5196667,-1.17,2.67,"29km SE of Markleeville, CA"
nc73585346,2021-07-09 02:18:06.870,-119.5203333,38.4891667,4.42,2.69,"32km ENE of Dardanelle, CA"
nc73585341,2021-07-09 02:10:13.330,-119.5406667,38.451,2.77,2.6,"28km ENE of Dardanelle, CA"
nc73585331,2021-07-09 02:03:16.430,-119.521,38.5078333,5.9,2.9,"31km SE of Markleeville, CA"
nc73585326,2021-07-09 02:00:56.250,-119.5353333,38.4726667,1.1,2.88,"30km ENE of Dardanelle, CA"
nc73585321,2021-07-09 01:58:49.800,-119.539,38.5125,2.45,3.19,"30km SE of Markleeville, CA"
nc73585296,2021-07-09 01:52:26.320,-119.524,38.5303333,4.61,2.66,"30km SE of Markleeville, CA"
us6000etfs,2021-07-09 01:49:08.043,-119.5457,38.5096,5.0,2.7,"6 km W of Walker, California"
nc73585291,2021-07-09 01:46:00.400,-119.5343333,38.5086667,3.71,4.55,"30km SE of Markleeville, CA"
nc73585286,2021-07-09 01:43:18.640,-119.5193333,38.5028333,4.17,2.7,"32km SE of Markleeville, CA"
nc73585281,2021-07-09 01:42:21.480,-119.5055,38.4595,6.47,2.54,"31km ENE of Dardanelle, CA"
nc73585276,2021-07-09 01:40:58.430,-119.5268333,38.4628333,3.06,2.75,"30km ENE of Dardanelle, CA"
nc73585266,2021-07-09 01:36:04.450,-119.549,38.4621667,0.14,2.64,"28km ENE of Dardanelle, CA"
nc73585246,2021-07-09 01:26:05.560,-119.5346667,38.5066667,3.76,2.69,"30km SE of Markleeville, CA"
nc73585241,2021-07-09 01:24:18.730,-119.5145,38.4965,5.1,2.69,"33km SE of Markleeville, CA"
nc73585236,2021-07-09 01:20:41.980,-119.5366667,38.5023333,3.08,2.58,"31km SE of Markleeville, CA"
nc73585221,2021-07-09 01:08:29.020,-119.4993333,38.5538333,6.77,2.88,"29km SSW of Smith Valley, NV"
nc73585216,2021-07-09 01:07:10.770,-119.5446667,38.4543333,0.92,2.77,"28km ENE of Dardanelle, CA"
nc73585211,2021-07-09 01:04:58.080,-119.5416667,38.4968333,1.56,2.84,"31km NE of Dardanelle, CA"
nc73585206,2021-07-09 01:03:33.960,-119.5255,38.475,3.05,2.58,"31km ENE of Dardanelle, CA"
nc73585196,2021-07-09 00:59:07.850,-119.5313333,38.472,1.66,3.31,"30km ENE of Dardanelle, CA"
nc73585191,2021-07-09 00:58:01.980,-119.5213333,38.5135,3.76,2.69,"31km SE of Markleeville, CA"
nc73585186,2021-07-09 00:56:45.720,-119.5295,38.4738333,1.37,2.67,"30km ENE of Dardanelle, CA"
nc73585176,2021-07-09 00:51:17.590,-119.5258333,38.5363333,4.11,3.1,"29km SE of Markleeville, CA"
nc73585171,2021-07-09 00:48:43.860,-119.51,38.5161667,5.76,2.63,"32km SE of Markleeville, CA"
nc73585166,2021-07-09 00:42:59.410,-119.5218333,38.4885,3.38,2.69,"32km ENE of Dardanelle, CA"
nc73585161,2021-07-09 00:40:36.840,-119.5168333,38.521,4.95,2.6,"31km SE of Markleeville, CA"
nc73585151,2021-07-09 00:35:40.470,-119.473,38.4565,5.64,2.5,"31km NW of Bridgeport, CA"
nc73585146,2021-07-09 00:31:06.850,-119.5276667,38.474,3.0,2.72,"30km ENE of Dardanelle, CA"
nc73585141,2021-07-09 00:27:46.560,-119.5103333,38.4781667,4.81,4.41,"32km ENE of Dardanelle, CA"
nc73585136,2021-07-09 00:20:13.130,-119.5343333,38.4773333,1.62,2.64,"30km ENE of Dardanelle, CA"
nc73585131,2021-07-09 00:19:27.500,-119.5218333,38.4698333,3.53,2.62,"31km ENE of Dardanelle, CA"
nc73585126,2021-07-09 00:17:45.650,-119.5238333,38.512,4.52,2.9,"4km W of Walker, CA"
nc73585121,2021-07-09 00:15:07.750,-119.5178333,38.4711667,4.45,2.87,"31km ENE of Dardanelle, CA"
nc73585116,2021-07-09 00:12:29.130,-119.514,38.5253333,3.74,2.67,"31km SE of Markleeville, CA"
nc73585111,2021-07-09 00:05:21.510,-119.4825,38.4563333,4.79,3.92,"31km NW of Bridgeport, CA"
nc73585101,2021-07-09 00:03:18.520,-119.5353333,38.5365,2.81,3.64,"28km SE of Markleeville, CA"
nc73585091,2021-07-09 00:01:11.990,-119.5266667,38.5096667,3.66,2.95,"31km SE of Markleeville, CA"
nc73585086,2021-07-08 23:58:53.570,-119.524,38.537,5.83,4.24,"29km SE of Markleeville, CA"
nc73585076,2021-07-08 23:57:25.730,-119.5195,38.5058333,4.5,2.76,"32km SE of Markleeville, CA"
nc73585066,2021-07-08 23:54:12.130,-119.5131667,38.4756667,4.46,2.5,"32km ENE of Dardanelle, CA"
nc71123449,2021-07-08 23:52:18.100,-119.526,38.4841667,3.87,2.64,"31km ENE of Dardanelle, CA"
us6000etdn,2021-07-08 23:49:42.266,-119.5449,38.5117,6.45,2.5,"5 km W of Walker, California"
nc73585056,2021-07-08 23:47:43.520,-119.5335,38.536,4.55,3.76,"28km SE of Markleeville, CA"
nc73585051,2021-07-08 23:46:45.460,-119.5438333,38.4775,-0.74,2.7,"29km ENE of Dardanelle, CA"
nc73585061,2021-07-08 23:44:41.130,-119.5218333,38.5528333,4.36,3.52,"28km ESE of Markleeville, CA"
nc73585041,2021-07-08 23:43:57.670,-119.5248333,38.4768333,2.89,2.83,"31km ENE of Dardanelle, CA"
nc73585036,2021-07-08 23:41:03.400,-119.525,38.47,2.66,2.76,"30km ENE of Dardanelle, CA"
nc73585026,2021-07-08 23:38:38.780,-119.5288333,38.4831667,2.58,2.72,"31km ENE of Dardanelle, CA"
nc71123404,2021-07-08 23:36:20.640,-119.5306667,38.5225,4.71,2.81,"30km SE of Markleeville, CA"
nc71123399,2021-07-08 23:35:26.440,-119.5488333,38.4973333,1.16,2.86,"30km NE of Dardanelle, CA"
nc73585021,2021-07-08 23:33:40.900,-119.5448333,38.4796667,1.58,4.63,"29km ENE of Dardanelle, CA"
nc73585006,2021-07-08 23:28:30.900,-119.5335,38.4761667,2.41,2.65,"30km ENE of Dardanelle, CA"
nc73584991,2021-07-08 23:25:14.800,-119.5178333,38.5436667,5.48,2.97,"29km ESE of Markleeville, CA"
nc71123419,2021-07-08 23:22:18.770,-119.5183333,38.5221667,6.21,2.92,"30km SE of Markleeville, CA"
nc71123414,2021-07-08 23:22:09.400,-119.5288333,38.5181667,4.27,3.04,"30km SE of Markleeville, CA"
nc73584986,2021-07-08 23:21:45.670,-119.518,38.4938333,8.65,3.03,"32km ENE of Dardanelle, CA"
nc73584981,2021-07-08 23:19:01.270,-119.5073333,38.4945,4.83,2.57,"33km ENE of Dardanelle, CA"
nc73584976,2021-07-08 23:16:21.760,-119.5313333,38.4981667,4.99,2.96,"31km SE of Markleeville, CA"
nc71123424,2021-07-08 23:16:04.910,-119.5073333,38.524,7.8,2.57,"31km SE of Markleeville, CA"
nc73584971,2021-07-08 23:13:58.680,-119.5228333,38.5056667,5.15,3.35,"31km SE of Markleeville, CA"
nc73584966,2021-07-08 23:11:03.610,-119.5458333,38.4746667,2.91,3.38,"29km ENE of Dardanelle, CA"
nc71123479,2021-07-08 23:07:54.090,-119.5158333,38.5321667,7.31,2.55,"30km SE of Markleeville, CA"
nc73584961,2021-07-08 23:07:41.870,-119.5375,38.4735,0.6,2.8,"30km ENE of Dardanelle, CA"
nc73584956,2021-07-08 23:06:15.040,-119.5103333,38.4541667,6.04,3.08,"31km ENE of Dardanelle, CA"
nc73584951,2021-07-08 23:05:55.820,-119.539,38.4716667,0.45,2.99,"29km ENE of Dardanelle, CA"
nc73584946,2021-07-08 23:03:23.100,-119.5135,38.4838333,4.46,3.29,"32km ENE of Dardanelle, CA"
nc71123394,2021-07-08 23:01:30.200,-119.5341667,38.504,0.91,2.81,"31km SE of Markleeville, CA"
nc73584931,2021-07-08 23:01:01.350,-119.512,38.5241667,6.77,3.66,"31km SE of Markleeville, CA"
nc73584936,2021-07-08 22:59:45.260,-119.5106667,38.5128333,6.74,4.31,"32km SE of Markleeville, CA"
nc73584941,2021-07-08 22:58:53.780,-119.5271667,38.5273333,6.26,2.96,"30km SE of Markleeville, CA"
us6000etc9,2021-07-08 22:57:29.880,-119.5018,38.5228,3.77,3.2,"2 km WNW of Walker, California"
nc71123379,2021-07-08 22:50:14.370,-119.5021667,38.5126667,7.4,5.03,"32km SE of Markleeville, CA"
nc73584926,2021-07-08 22:49:48.110,-119.4998333,38.5075,7.45,6.0,"Antelope Valley, CA"
nc73584531,2021-07-08 07:36:26.100,-122.323,38.5531667,10.0,3.58,"11km ESE of Angwin, CA"
ci39731119,2021-07-06 23:30:20.700,-116.9253333,33.796,9.23,2.52,"3km ENE of San Jacinto, CA"
nc73583916,2021-07-06 20:33:29.430,-122.7928333,38.823,3.03,2.5,"6km NNW of The Geysers, CA"
ci39730303,2021-07-06 03:39:50.380,-117.5206667,35.6751667,7.26,2.79,"15km SW of Searles Valley, CA"
ci39730287,2021-07-06 02:38:01.000,-117.5335,35.6815,6.1,3.53,"14km ENE of Ridgecrest, CA"
ci39730167,2021-07-05 23:01:24.850,-116.3018333,34.7141667,3.88,2.76,"13km W of Ludlow, CA"
nc73583386,2021-07-05 14:32:14.890,-121.2093333,36.6075,5.47,2.52,"10km NW of Pinnacles, CA"
nc73582701,2021-07-03 23:23:51.380,-120.8746667,37.0516667,5.75,3.74,"2km WSW of Los Banos, CA"
nc73582536,2021-07-03 10:41:39.600,-120.4993333,35.9495,10.43,3.15,"8km NW of Parkfield, CA"
ci39727919,2021-07-03 09:47:11.730,-117.0985,34.2511667,4.14,3.01,"5km NNE of Running Springs, CA"
ci39727887,2021-07-03 08:22:25.550,-117.48,34.1333333,4.67,3.41,"4km NNW of Fontana, CA"
nc73582466,2021-07-03 06:36:18.090,-120.5,35.952,10.51,3.09,"9km NW of Parkfield, CA"
ci39727759,2021-07-03 04:58:09.560,-118.3781667,35.5178333,6.53,3.47,"13km SE of Bodfish, CA"
nc73582201,2021-07-02 16:10:13.400,-122.8325,38.8336667,1.17,2.71,"9km NW of The Geysers, CA"
ci39726439,2021-07-01 22:25:16.450,-117.864,36.105,2.7,2.5,"10km NE of Coso Junction, CA"
nc73581641,2021-07-01 03:53:12.270,-121.1828333,36.589,3.08,2.82,"7km NNW of Pinnacles, CA"
nc73581631,2021-07-01 03:35:59.490,-121.1841667,36.5886667,2.82,2.57,"7km NNW of Pinnacles, CA"
nn00810545,2021-06-30 23:13:53.413,-116.0564,40.4937,12.2,3.4,"24 km S of Carlin, Nevada"
nc73581561,2021-06-30 22:19:19.600,-122.2215,39.1353333,-0.27,3.17,"7km WSW of Williams, CA"
ci39725271,2021-06-30 22:15:56.120,-117.587,35.7791667,6.71,3.23,"17km W of Searles Valley, CA"
ci39724287,2021-06-30 12:09:21.780,-118.7131667,33.165,6.78,2.51,"18km NW of San Clemente Is. (NW tip), CA"
nc73581206,2021-06-30 08:49:46.490,-121.9923333,37.7306667,7.82,2.71,"6km SSW of San Ramon, CA"
nn00810420,2021-06-29 13:14:04.829,-117.9024,38.1527,8.8,2.9,"31 km SE of Mina, Nevada"
nc73580646,2021-06-29 01:29:48.060,-122.1223333,37.7061667,9.2,3.9,"3km N of San Lorenzo, CA"
ci39721919,2021-06-28 14:57:24.350,-117.9068333,36.2098333,2.53,2.9,"12km SE of Olancha, CA"
nc73580231,2021-06-27 23:45:56.030,-121.0368333,36.4648333,3.29,2.84,"12km SE of Pinnacles, CA"
nc73580101,2021-06-27 13:52:38.310,-118.7731667,37.5211667,5.37,2.81,"9km WSW of Toms Place, CA"
ci39720559,2021-06-27 00:59:09.750,-115.5971667,33.1528333,3.44,2.79,"8km WNW of Calipatria, CA"
ci39719335,2021-06-25 21:12:31.310,-117.5586667,34.0815,11.42,2.92,"5km SSE of Rancho Cucamonga, CA"
ci39718407,2021-06-25 08:26:58.640,-117.0758333,35.0735,3.71,3.01,"20km NNW of Barstow, CA"
ci39718135,2021-06-24 23:11:56.640,-117.612,34.36,7.85,2.78,"2km E of Wrightwood, CA"
nc73579151,2021-06-24 22:40:08.320,-121.1708333,36.5745,6.39,2.63,"5km NNW of Pinnacles, CA"
nc73578841,2021-06-24 09:17:55.050,-118.7766667,37.5191667,4.93,2.73,"10km WSW of Toms Place, CA"
nc73578836,2021-06-24 09:13:31.470,-118.7756667,37.5161667,4.76,2.72,"10km WSW of Toms Place, CA"
ci39716863,2021-06-24 00:08:35.500,-118.3946667,33.9498333,11.69,3.16,"4km NNE of El Segundo, CA"
ci39716639,2021-06-23 20:06:07.180,-116.4441667,34.1468333,5.47,3.57,"4km NNW of Yucca Valley, CA"
nc73578421,2021-06-23 08:25:36.780,-120.4626667,39.3726667,10.01,3.3,"24km WNW of Truckee, CA"
nc73578256,2021-06-22 20:47:36.470,-121.5905,37.5776667,1.07,2.76,"20km SE of Livermore, CA"
nc73578990,2021-06-19 14:11:40.260,-123.2725,39.3925,6.77,2.81,"7km ESE of Willits, CA"
nc73578975,2021-06-19 13:26:17.940,-120.0295,39.1205,5.39,2.85,"10km SE of Dollar Point, CA"
nc73578855,2021-06-19 02:43:16.900,-122.054,37.65,6.56,2.59,"2km ENE of Hayward, CA"
ci39711727,2021-06-18 18:16:41.430,-117.9215,36.138,5.63,3.09,"11km NNE of Coso Junction, CA"
ci39711719,2021-06-18 18:13:45.820,-117.9228333,36.1378333,5.85,2.91,"11km NNE of Coso Junction, CA"
ci39711711,2021-06-18 18:11:45.360,-117.9223333,36.1405,7.14,2.55,"11km NNE of Coso Junction, CA"
nc73578685,2021-06-18 17:40:09.800,-121.161,36.5716667,2.92,2.85,"5km NNW of Pinnacles, CA"
nn00809751,2021-06-18 11:26:38.035,-118.0726,38.1677,7.5,3.3,"24 km S of Mina, Nevada"
ci39711255,2021-06-18 08:22:25.800,-115.8193333,32.7073333,11.68,3.45,"17km E of Ocotillo, CA"
ci39710967,2021-06-18 04:22:35.170,-116.8476667,34.373,9.7,2.65,"12km N of Big Bear City, CA"
ci39710935,2021-06-18 03:27:31.440,-118.442,33.8498333,10.69,2.81,"4km WSW of Hermosa Beach, CA"
ci39710335,2021-06-17 17:13:17.950,-117.8868333,36.44,0.83,3.22,"20km NNE of Olancha, CA"
nc73577930,2021-06-17 01:11:14.020,-122.8061667,39.3345,7.0,2.68,"15km ESE of Lake Pillsbury, CA"
ci39709071,2021-06-16 18:17:06.530,-117.8911667,36.4428333,0.59,2.58,"21km NNE of Olancha, CA"
ci39709007,2021-06-16 17:51:59.480,-117.7748333,36.036,1.53,2.65,"16km E of Coso Junction, CA"
ci39708967,2021-06-16 17:44:55.070,-117.8888333,36.442,0.5,3.38,"21km NNE of Olancha, CA"
nc73577565,2021-06-16 07:48:39.260,-121.5613333,36.8235,5.34,2.61,"3km SW of San Juan Bautista, CA"
nc73577390,2021-06-15 23:07:59.850,-121.2823333,36.6741667,6.87,2.98,"13km SSE of Tres Pinos, CA"
nn00809550,2021-06-15 20:32:57.793,-118.0759,38.1677,6.3,3.2,"24 km S of Mina, Nevada"
nn00809542,2021-06-15 19:14:38.421,-118.0728,38.1606,6.7,3.0,"25 km S of Mina, Nevada"
nc73577175,2021-06-15 12:41:01.610,-121.7818333,37.3933333,1.38,2.51,"5km NE of Alum Rock, CA"
ci39705335,2021-06-14 12:28:12.030,-116.3121667,33.3551667,12.0,3.06,"12km NNE of Borrego Springs, CA"
ci39705263,2021-06-14 10:37:48.530,-116.9278333,33.7955,10.03,2.57,"3km ENE of San Jacinto, CA"
ci39705103,2021-06-14 08:45:20.650,-115.6216667,33.1431667,3.38,2.56,"10km W of Calipatria, CA"
nc73574186,2021-06-14 03:16:58.630,-122.8446667,38.8216667,2.04,2.96,"9km WNW of The Geysers, CA"
nc73574191,2021-06-14 03:16:24.290,-122.8278333,38.8051667,3.56,3.98,"7km WNW of The Geysers, CA"
nc73574161,2021-06-14 02:08:35.520,-123.365,41.1496667,39.31,2.5,"27km SSE of Somes Bar, CA"
ci39704359,2021-06-13 18:20:12.150,-115.6413333,33.1386667,7.61,3.15,"11km N of Westmorland, CA"
ci39704287,2021-06-13 17:43:13.850,-115.6408333,33.1361667,7.9,3.01,"11km N of Westmorland, CA"
nc73573646,2021-06-13 06:54:47.290,-122.8291667,38.8078333,2.65,3.98,"7km WNW of The Geysers, CA"
ci39702311,2021-06-12 23:15:33.350,-117.358,35.994,2.51,2.58,"26km N of Searles Valley, CA"
nc73573326,2021-06-12 17:16:16.370,-120.9676667,36.429,12.34,2.53,"19km SE of Pinnacles, CA"
ci39937512,2021-06-12 14:16:39.500,-115.6436667,33.1926667,3.5,2.88,"13km WSW of Niland, CA"
ci39937456,2021-06-12 14:04:20.530,-115.6453333,33.1908333,2.85,2.7,"13km WSW of Niland, CA"
ci39937032,2021-06-12 08:25:07.770,-115.6401667,33.2028333,1.81,3.01,"12km WSW of Niland, CA"
nn00809309,2021-06-12 05:58:35.836,-117.9457,38.1749,1.9,2.5,"27 km SSE of Mina, Nevada"
ci39936648,2021-06-12 05:55:20.790,-115.6605,33.205,2.78,3.79,"14km WSW of Niland, CA"
ci39936560,2021-06-12 05:29:03.220,-115.654,33.1986667,3.79,2.8,"13km WSW of Niland, CA"
ci39936392,2021-06-12 05:01:11.770,-115.6588333,33.1968333,3.01,2.85,"14km WSW of Niland, CA"
ci39936336,2021-06-12 04:54:37.060,-115.6498333,33.2148333,2.91,2.59,"12km WSW of Niland, CA"
ci39936328,2021-06-12 04:54:12.150,-115.6496667,33.1961667,2.9,2.85,"13km WSW of Niland, CA"
ci37476581,2021-06-12 04:52:06.230,-115.6803333,33.2181667,3.24,2.94,"15km W of Niland, CA"
ci39936312,2021-06-12 04:51:52.110,-115.6496667,33.2083333,3.23,2.63,"13km WSW of Niland, CA"
ci39936304,2021-06-12 04:51:41.020,-115.6478333,33.2001667,2.88,2.54,"13km WSW of Niland, CA"
ci39936288,2021-06-12 04:49:38.280,-115.656,33.206,2.62,4.06,"13km WSW of Niland, CA"
ci39936280,2021-06-12 04:48:44.560,-115.6555,33.2003333,2.94,3.35,"14km WSW of Niland, CA"
ew1623472898,2021-06-12 04:41:38.511,-115.6436,33.2354,8.0,4.1407,"11 km W of Niland, California"
ci39936232,2021-06-12 04:41:37.860,-115.6543333,33.1956667,3.12,3.61,"14km WSW of Niland, CA"
ci39936216,2021-06-12 04:41:20.120,-115.6575,33.2033333,2.99,3.02,"14km WSW of Niland, CA"
ci39936208,2021-06-12 04:40:23.030,-115.652,33.2033333,2.41,3.79,"13km WSW of Niland, CA"
ci39936192,2021-06-12 04:39:46.510,-115.647,33.2066667,2.47,4.32,"12km WSW of Niland, CA"
ci37347052,2021-06-12 04:38:19.760,-115.6415,33.2108333,1.44,2.91,"12km WSW of Niland, CA"
ci39936184,2021-06-12 04:38:00.820,-115.6468333,33.2165,2.28,2.84,"12km WSW of Niland, CA"
ci39936176,2021-06-12 04:36:44.850,-115.649,33.2023333,3.15,2.98,"13km WSW of Niland, CA"
ci39936152,2021-06-12 04:32:32.150,-115.6381667,33.2131667,3.08,2.56,"12km WSW of Niland, CA"
ci39936144,2021-06-12 04:31:32.730,-115.6435,33.2026667,3.16,2.58,"12km WSW of Niland, CA"
ci39936136,2021-06-12 04:30:28.490,-115.6465,33.2068333,2.77,3.85,"12km WSW of Niland, CA"
ci39936128,2021-06-12 04:27:34.880,-115.6498333,33.2081667,2.97,3.94,"13km WSW of Niland, CA"
ci39936096,2021-06-12 04:22:23.600,-115.641,33.2068333,2.99,2.73,"12km WSW of Niland, CA"
nc73572726,2021-06-11 10:45:53.300,-121.6631667,36.9255,7.04,3.25,"4km NNW of Aromas, CA"
nn00809241,2021-06-11 08:57:25.563,-117.7552,38.1861,9.7,2.8,"38 km SE of Mina, Nevada"
ci39933160,2021-06-10 17:10:19.990,-116.0925,33.2246667,8.87,3.03,"10km NNE of Ocotillo Wells, CA"
nc73572136,2021-06-10 01:38:19.100,-121.1218333,36.5373333,4.0,2.54,"2km ENE of Pinnacles, CA"
ci39931192,2021-06-09 13:51:36.260,-117.14,35.8718333,2.84,2.72,"25km ENE of Trona, CA"
nc73571931,2021-06-09 13:49:44.790,-124.2671667,40.4403333,28.42,2.52,"13km N of Petrolia, CA"
nn00809031,2021-06-08 01:44:17.232,-115.7764,40.7228,16.7,3.3,"12 km S of Elko, Nevada"
ci39929032,2021-06-07 22:41:38.000,-115.6426667,33.1825,5.46,2.65,"13km WSW of Niland, CA"
nc73571316,2021-06-07 22:22:02.870,-118.5005,37.4306667,5.14,2.73,"9km NNW of West Bishop, CA"
ci39928832,2021-06-07 21:46:43.980,-115.6413333,33.1673333,4.67,2.69,"13km WNW of Calipatria, CA"
ci39928744,2021-06-07 21:24:52.050,-115.6401667,33.1583333,5.46,3.61,"12km WNW of Calipatria, CA"
ci39928712,2021-06-07 21:19:11.490,-115.6398333,33.1566667,5.88,3.35,"12km WNW of Calipatria, CA"
ci39928704,2021-06-07 21:18:19.830,-115.6395,33.1708333,5.71,2.69,"13km WNW of Calipatria, CA"
ci39928664,2021-06-07 21:08:28.590,-115.64,33.1666667,5.34,4.08,"13km WNW of Calipatria, CA"
nc73571176,2021-06-07 18:00:58.220,-118.4978333,37.4288333,6.22,2.57,"8km NNW of West Bishop, CA"
ci39928208,2021-06-07 16:16:01.370,-115.6415,33.1746667,3.42,2.85,"13km WNW of Calipatria, CA"
nc73571146,2021-06-07 16:07:29.030,-118.5013333,37.4301667,5.61,3.35,"9km ENE of Round Valley, CA"
ci39927952,2021-06-07 14:45:22.420,-115.6373333,33.1843333,4.93,3.52,"13km WSW of Niland, CA"
ci37328020,2021-06-07 14:45:21.020,-115.6401667,33.1916667,4.02,2.78,"12km WSW of Niland, CA"
ci39927928,2021-06-07 14:43:13.400,-115.6415,33.1865,4.08,2.59,"13km WSW of Niland, CA"
ci39927264,2021-06-07 05:44:35.620,-115.6266667,33.1436667,7.51,3.56,"11km W of Calipatria, CA"
nc73570951,2021-06-07 02:21:29.870,-118.4983333,37.4306667,5.81,3.19,"9km NNW of West Bishop, CA"
ci39926696,2021-06-06 22:22:19.050,-115.6418333,33.1595,3.73,2.77,"12km WNW of Calipatria, CA"
ci39926504,2021-06-06 20:17:40.420,-115.5975,33.1525,3.49,2.61,"8km WNW of Calipatria, CA"
ci39925720,2021-06-06 15:55:33.380,-115.641,33.175,3.9,2.74,"13km WNW of Calipatria, CA"
ci39925712,2021-06-06 15:54:09.650,-115.6261667,33.1425,7.63,2.5,"11km W of Calipatria, CA"
ci39925568,2021-06-06 15:02:08.850,-115.6181667,33.1425,7.44,2.56,"10km W of Calipatria, CA"
ci39925520,2021-06-06 14:51:02.460,-115.6253333,33.1045,7.58,2.71,"8km N of Westmorland, CA"
ci39925280,2021-06-06 13:32:50.120,-115.6208333,33.1413333,3.77,2.53,"10km W of Calipatria, CA"
ci39925024,2021-06-06 11:44:30.550,-115.6421667,33.1743333,3.66,2.68,"13km WNW of Calipatria, CA"
ci39924776,2021-06-06 11:05:03.570,-115.6413333,33.185,3.32,2.65,"13km WSW of Niland, CA"
ci39924760,2021-06-06 11:03:20.960,-115.6363333,33.1865,5.61,3.06,"12km WSW of Niland, CA"
ci39924752,2021-06-06 11:03:14.790,-115.641,33.1858333,4.83,2.85,"13km WSW of Niland, CA"
ci39924744,2021-06-06 10:56:06.560,-115.6453333,33.1561667,5.85,3.08,"13km WNW of Calipatria, CA"
ci39923968,2021-06-06 08:26:56.030,-115.6373333,33.1701667,4.99,2.62,"12km WNW of Calipatria, CA"
ci39923848,2021-06-06 08:08:12.960,-115.6431667,33.1853333,3.01,2.52,"13km WSW of Niland, CA"
ci39923832,2021-06-06 08:05:36.600,-115.6395,33.1855,9.8,3.81,"13km WSW of Niland, CA"
ci39923296,2021-06-06 06:33:17.460,-115.6195,33.1511667,6.9,2.5,"10km WNW of Calipatria, CA"
ci39923240,2021-06-06 06:26:29.150,-115.6431667,33.1816667,4.72,2.53,"13km WSW of Niland, CA"
ci39923152,2021-06-06 06:05:09.560,-115.6393333,33.1586667,7.2,2.51,"12km WNW of Calipatria, CA"
ci39922872,2021-06-06 05:01:30.600,-115.6446667,33.1645,5.36,3.19,"13km WNW of Calipatria, CA"
ci39922840,2021-06-06 04:56:02.330,-115.6448333,33.1826667,3.98,2.53,"13km WSW of Niland, CA"
ci39922792,2021-06-06 04:49:59.960,-115.642,33.1835,4.69,2.63,"13km WSW of Niland, CA"
ci39922784,2021-06-06 04:47:32.800,-115.634,33.1381667,7.65,2.61,"11km W of Calipatria, CA"
ci39922424,2021-06-06 03:14:19.940,-115.6428333,33.1896667,5.07,2.71,"13km WSW of Niland, CA"
ci39922408,2021-06-06 03:08:23.210,-115.6195,33.1506667,9.28,3.61,"10km WNW of Calipatria, CA"
ci39922368,2021-06-06 02:58:54.060,-115.6383333,33.1841667,5.99,2.53,"13km WSW of Niland, CA"
ci39922216,2021-06-06 02:07:34.560,-115.6418333,33.1838333,5.04,2.75,"13km WSW of Niland, CA"
ci39921840,2021-06-06 00:15:10.450,-115.6425,33.1643333,5.78,2.79,"13km WNW of Calipatria, CA"
ci39921712,2021-06-05 23:43:33.510,-115.639,33.1591667,5.67,2.63,"12km WNW of Calipatria, CA"
ci37328484,2021-06-05 22:37:58.240,-115.5106667,32.7586667,16.7,2.62,"4km NNE of Heber, CA"
ci39921336,2021-06-05 22:25:11.960,-117.3225,35.981,3.01,2.63,"25km NNE of Trona, CA"
ci39921296,2021-06-05 22:10:19.950,-115.6048333,33.1506667,3.09,2.55,"9km WNW of Calipatria, CA"
ci39921288,2021-06-05 22:09:59.700,-115.6206667,33.1408333,3.72,2.53,"10km W of Calipatria, CA"
ci39921208,2021-06-05 21:49:39.770,-115.6216667,33.1433333,3.61,3.27,"10km W of Calipatria, CA"
ci39921088,2021-06-05 21:33:17.430,-115.6303333,33.1305,8.89,2.6,"10km N of Westmorland, CA"
ci39921064,2021-06-05 21:30:13.570,-115.6415,33.1426667,6.91,2.8,"12km N of Westmorland, CA"
ci39920416,2021-06-05 19:46:55.610,-115.6253333,33.139,7.03,2.78,"10km W of Calipatria, CA"
ci39920400,2021-06-05 19:41:04.450,-115.646,33.136,3.7,2.95,"11km NNW of Westmorland, CA"
ci39920152,2021-06-05 19:14:14.580,-115.6213333,33.1586667,5.48,2.91,"11km WNW of Calipatria, CA"
ci39920080,2021-06-05 19:07:07.680,-115.6096667,33.1486667,3.15,2.73,"9km WNW of Calipatria, CA"
ci39920072,2021-06-05 19:06:29.910,-115.6195,33.1571667,5.11,2.54,"10km WNW of Calipatria, CA"
ci39920064,2021-06-05 19:05:31.380,-115.6215,33.1615,6.36,3.34,"11km WNW of Calipatria, CA"
ci39919912,2021-06-05 18:49:54.540,-115.6306667,33.1456667,7.94,2.92,"11km WNW of Calipatria, CA"
ci39919880,2021-06-05 18:47:48.840,-115.62,33.1461667,5.74,2.73,"10km WNW of Calipatria, CA"
ci39919736,2021-06-05 18:33:37.950,-115.6433333,33.1341667,3.21,2.61,"11km N of Westmorland, CA"
ci37327332,2021-06-05 18:24:13.470,-115.6048333,33.1505,3.17,2.95,"9km WNW of Calipatria, CA"
ci39919664,2021-06-05 18:24:06.720,-115.6118333,33.156,4.33,2.74,"10km WNW of Calipatria, CA"
ci39919656,2021-06-05 18:21:48.750,-115.6186667,33.1513333,7.06,4.09,"10km WNW of Calipatria, CA"
ci39919648,2021-06-05 18:21:08.120,-115.6401667,33.1591667,5.74,2.71,"12km WNW of Calipatria, CA"
ci39919632,2021-06-05 18:20:14.620,-115.6181667,33.1483333,4.67,2.84,"10km WNW of Calipatria, CA"
ci39919616,2021-06-05 18:17:37.900,-115.6388333,33.1381667,4.76,3.09,"11km N of Westmorland, CA"
ci39919608,2021-06-05 18:16:51.370,-115.6351667,33.1353333,6.97,3.25,"11km N of Westmorland, CA"
ci39919600,2021-06-05 18:16:14.540,-115.6201667,33.1523333,5.12,2.9,"10km WNW of Calipatria, CA"
ci39919584,2021-06-05 18:13:49.500,-115.6258333,33.1431667,3.06,2.69,"11km W of Calipatria, CA"
ci39919568,2021-06-05 18:13:21.210,-115.6135,33.1461667,6.45,2.59,"10km WNW of Calipatria, CA"
ci39919576,2021-06-05 18:13:16.830,-115.6338333,33.1456667,6.55,2.53,"11km WNW of Calipatria, CA"
ci39919560,2021-06-05 18:12:53.910,-115.6263333,33.1396667,7.42,2.5,"11km W of Calipatria, CA"
ci37329204,2021-06-05 18:11:39.930,-115.6271667,33.1396667,7.31,2.83,"11km W of Calipatria, CA"
ci39919504,2021-06-05 18:08:10.750,-115.6236667,33.1475,7.28,2.53,"10km WNW of Calipatria, CA"
ci39919496,2021-06-05 18:07:47.570,-115.6326667,33.1425,5.53,2.5,"11km W of Calipatria, CA"
ci39919488,2021-06-05 18:07:20.960,-115.6213333,33.1423333,6.86,2.61,"10km W of Calipatria, CA"
ci39919472,2021-06-05 18:03:40.050,-115.6138333,33.15,5.32,3.51,"10km WNW of Calipatria, CA"
ci39919456,2021-06-05 18:03:05.990,-115.6315,33.1415,4.83,2.9,"11km W of Calipatria, CA"
ci39919448,2021-06-05 18:02:36.200,-115.61,33.1493333,3.87,2.58,"9km WNW of Calipatria, CA"
ci39919440,2021-06-05 18:01:04.460,-115.6261667,33.1498333,6.81,3.28,"11km WNW of Calipatria, CA"
ci39919432,2021-06-05 18:01:01.460,-115.6303333,33.1468333,5.76,2.85,"11km WNW of Calipatria, CA"
ci37327964,2021-06-05 18:00:51.540,-115.6381667,33.1381667,6.62,2.79,"11km N of Westmorland, CA"
ci39919424,2021-06-05 18:00:49.190,-115.6656667,33.1553333,2.92,2.87,"14km NNW of Westmorland, CA"
ci39919416,2021-06-05 17:59:06.170,-115.6333333,33.1563333,6.49,3.29,"12km WNW of Calipatria, CA"
ci39919408,2021-06-05 17:58:42.200,-115.6323333,33.1366667,7.57,3.4,"11km W of Calipatria, CA"
ci39919400,2021-06-05 17:57:21.900,-115.6155,33.145,3.69,4.29,"10km WNW of Calipatria, CA"
ci39919392,2021-06-05 17:55:58.820,-115.6348333,33.14,5.78,5.25,"11km W of Calipatria, CA"
ci39919384,2021-06-05 17:55:39.620,-115.6316667,33.136,5.49,2.9,"11km W of Calipatria, CA"
ci39919368,2021-06-05 17:53:59.120,-115.633,33.1383333,5.66,2.58,"11km W of Calipatria, CA"
ci39919360,2021-06-05 17:53:03.380,-115.6295,33.1418333,5.69,2.84,"11km W of Calipatria, CA"
nc73570296,2021-06-05 17:52:32.550,-118.8288333,37.5361667,3.95,2.55,"13km WSW of Toms Place, CA"
ci39919352,2021-06-05 17:52:29.280,-115.6288333,33.1386667,5.82,2.82,"11km W of Calipatria, CA"
ci37329188,2021-06-05 17:51:09.970,-115.6318333,33.1425,3.14,2.97,"11km W of Calipatria, CA"
ci39919336,2021-06-05 17:50:50.980,-115.639,33.142,5.91,3.88,"12km N of Westmorland, CA"
ci39919328,2021-06-05 17:50:37.540,-115.6271667,33.1395,5.21,2.68,"11km W of Calipatria, CA"
ci39919312,2021-06-05 17:49:31.650,-115.6316667,33.1271667,6.22,2.57,"10km N of Westmorland, CA"
ci39919304,2021-06-05 17:49:16.850,-115.6363333,33.1371667,5.97,2.59,"11km N of Westmorland, CA"
ci39919296,2021-06-05 17:48:58.990,-115.6378333,33.1395,7.29,3.25,"12km N of Westmorland, CA"
ci39919280,2021-06-05 17:47:53.750,-115.6305,33.1481667,4.03,3.89,"11km WNW of Calipatria, CA"
ci37327820,2021-06-05 17:47:50.730,-115.6351667,33.1375,4.46,3.0,"11km N of Westmorland, CA"
ci39919272,2021-06-05 17:47:19.810,-115.6338333,33.1448333,4.64,3.12,"11km W of Calipatria, CA"
ci39919264,2021-06-05 17:46:39.500,-115.641,33.134,4.63,3.79,"11km N of Westmorland, CA"
ci39919256,2021-06-05 17:46:26.060,-115.6343333,33.1415,5.87,3.56,"11km W of Calipatria, CA"
ci37327652,2021-06-05 17:46:21.000,-115.6371667,33.14,6.0,3.25,"12km N of Westmorland, CA"
ci39919248,2021-06-05 17:45:16.380,-115.64,33.1375,4.59,4.08,"11km N of Westmorland, CA"
ci39919216,2021-06-05 17:42:10.930,-115.6453333,33.1336667,3.84,3.21,"11km NNW of Westmorland, CA"
ci39919208,2021-06-05 17:40:51.960,-115.6408333,33.1301667,3.05,3.55,"10km N of Westmorland, CA"
ci37476517,2021-06-05 17:39:39.490,-115.6368333,33.1391667,3.46,2.93,"11km N of Westmorland, CA"
ci39919184,2021-06-05 17:39:37.560,-115.6398333,33.1363333,3.52,2.66,"11km N of Westmorland, CA"
ci39919152,2021-06-05 17:34:09.110,-115.6395,33.1363333,5.95,2.8,"11km N of Westmorland, CA"
ci39919136,2021-06-05 17:33:40.110,-115.6445,33.136,6.3,2.58,"11km N of Westmorland, CA"
ci39918632,2021-06-05 15:08:21.940,-115.6355,33.1416667,5.77,2.94,"11km W of Calipatria, CA"
ci39918280,2021-06-05 12:21:57.320,-115.64,33.1313333,3.17,2.74,"11km N of Westmorland, CA"
ci39918264,2021-06-05 12:18:58.580,-115.6378333,33.1371667,4.82,2.53,"11km N of Westmorland, CA"
ci39918256,2021-06-05 12:18:37.820,-115.6408333,33.1336667,3.74,2.62,"11km N of Westmorland, CA"
nn00808888,2021-06-05 10:16:19.378,-115.7788,36.7281,16.0,2.5,"20 km NNW of Indian Springs, Nevada"
nc73569571,2021-06-03 19:34:02.920,-123.7985,40.9776667,23.24,2.76,"15km WNW of Willow Creek, CA"
nn00808767,2021-06-03 13:32:46.700,-117.8913,38.1607,9.5,2.7,"31 km SE of Mina, Nevada"
nc73569391,2021-06-03 12:15:32.800,-121.726,37.3721667,7.07,3.59,"9km E of Alum Rock, CA"
nc73569196,2021-06-03 04:34:42.450,-121.1141667,36.5501667,9.14,3.62,"3km NE of Pinnacles, CA"
nc73569001,2021-06-02 17:56:10.880,-118.5528333,37.9013333,7.12,2.84,"39km NNE of Toms Place, CA"
nn00808672,2021-06-02 12:47:51.007,-115.7258,36.7368,11.5,2.5,"19 km NNW of Indian Springs, Nevada"
ci37325924,2021-06-01 21:29:55.500,-116.8883333,33.467,13.64,2.74,"4km NW of Aguanga, CA"
ci39913520,2021-06-01 21:29:46.490,-116.8916667,33.4596667,12.83,3.16,"3km NW of Aguanga, CA"
nn00808590,2021-06-01 12:26:47.914,-118.9229,38.3605,9.7,3.1,"29 km ENE of Bridgeport, California"
ci39911368,2021-05-31 14:03:38.900,-118.6676667,33.937,13.5,2.89,"11km S of Malibu Beach, CA"
nc73568006,2021-05-31 10:57:41.520,-118.3773333,37.4941667,3.58,2.85,"12km NNE of Dixon Lane-Meadow Creek, CA"
nc73567966,2021-05-31 09:06:14.350,-118.8263333,37.5226667,4.9,3.44,"14km WSW of Toms Place, CA"
ci39911016,2021-05-31 07:41:55.460,-117.8541667,33.8333333,5.35,2.68,"3km E of Anaheim, CA"
nc73567286,2021-05-29 20:11:35.390,-119.775,38.6525,1.71,2.91,"4km SSE of Markleeville, CA"
nc73566776,2021-05-28 17:05:34.460,-120.0301667,39.1206667,6.52,2.68,"10km SE of Dollar Point, CA"
nc73566756,2021-05-28 16:22:58.320,-120.0296667,39.1255,6.29,2.74,"9km SE of Dollar Point, CA"
nc73566751,2021-05-28 16:04:54.470,-120.0338333,39.1245,5.41,3.11,"9km SE of Dollar Point, CA"
nc73566741,2021-05-28 15:46:36.720,-120.0346667,39.1265,6.91,2.61,"9km SE of Dollar Point, CA"
nc73566711,2021-05-28 15:25:21.840,-120.0286667,39.1221667,7.02,4.15,"10km SE of Dollar Point, CA"
ci39908152,2021-05-28 14:52:18.440,-117.5105,36.4718333,-1.25,2.8,"36km WSW of Stovepipe Wells, CA"
nc73566641,2021-05-28 12:48:51.890,-121.2916667,36.668,4.26,2.97,"14km S of Tres Pinos, CA"
nc73566621,2021-05-28 11:59:10.650,-120.029,39.1221667,5.8,2.9,"10km SE of Dollar Point, CA"
ci39907816,2021-05-28 09:00:13.400,-115.6156667,33.1466667,6.58,2.58,"10km WNW of Calipatria, CA"
nc73566416,2021-05-28 03:39:08.350,-118.5533333,37.9066667,6.45,2.74,"40km NNE of Toms Place, CA"
nc73566341,2021-05-28 00:27:06.820,-120.4778333,39.8693333,3.01,2.62,"0km W of Lake Davis, CA"
ci39907352,2021-05-28 00:07:37.170,-117.8543333,33.8305,5.44,2.63,"3km E of Anaheim, CA"
nc73566146,2021-05-27 15:40:37.290,-118.9265,37.589,4.6,2.66,"7km SE of Mammoth Lakes, CA"
ci39906384,2021-05-27 15:18:26.370,-117.4118333,35.6318333,6.5,2.98,"15km SSW of Trona, CA"
ci39906312,2021-05-27 14:19:00.120,-119.2053333,35.3096667,24.5,3.11,"10km SSW of Rosedale, CA"
ci39905824,2021-05-26 21:12:12.490,-119.6486667,34.3426667,11.45,3.31,"10km SSE of Santa Barbara, CA"
nc73565651,2021-05-26 17:54:02.220,-122.7601667,38.8456667,1.3,2.78,"4km NW of Cobb, CA"
nn00808170,2021-05-26 08:31:13.401,-118.0668,38.171,6.5,2.7,"24 km S of Mina, Nevada"
nc73565351,2021-05-26 04:14:57.080,-123.1816667,39.2321667,4.57,2.9,"4km SSE of Redwood Valley, CA"
ci39904632,2021-05-25 22:42:20.880,-117.5125,36.4658333,3.45,2.56,"36km WSW of Stovepipe Wells, CA"
ci39904576,2021-05-25 22:06:00.110,-117.506,36.4678333,3.45,2.62,"35km WSW of Stovepipe Wells, CA"
nn00808087,2021-05-24 22:31:50.680,-117.7859,38.1815,11.0,2.9,"36 km SE of Mina, Nevada"
nc73564681,2021-05-24 19:26:57.330,-118.5613333,37.9123333,5.72,2.87,"40km NNE of Toms Place, CA"
nc73566495,2021-05-24 04:55:54.900,-118.5543333,37.9058333,6.35,2.55,"40km NNE of Toms Place, CA"
nc73566430,2021-05-24 01:18:28.110,-118.5536667,37.9015,6.92,2.83,"39km NNE of Toms Place, CA"
nc73566250,2021-05-23 17:20:40.030,-120.4731667,39.8735,3.88,2.77,"0km N of Lake Davis, CA"
nc71123209,2021-05-23 09:18:24.990,-120.468,39.8675,4.45,2.77,"0km ESE of Lake Davis, CA"
nc73566115,2021-05-23 09:18:07.990,-120.4733333,39.8718333,3.92,2.95,"0km NNW of Lake Davis, CA"
nc73565955,2021-05-23 02:39:12.780,-123.2448333,39.3453333,5.24,2.64,"10km NNW of Redwood Valley, CA"
nc73565810,2021-05-22 19:35:42.880,-123.253,40.881,23.27,2.52,"31km WNW of Weaverville, CA"
ci39899896,2021-05-22 16:14:23.060,-117.6843333,35.9926667,2.11,2.55,"21km ENE of Little Lake, CA"
ci39898776,2021-05-21 10:25:46.410,-117.3225,35.9826667,2.82,2.78,"25km NNE of Trona, CA"
nn00807638,2021-05-20 03:43:52.192,-117.8509,38.1634,8.9,4.0,"33 km SE of Mina, Nevada"
ci39659271,2021-05-20 01:37:22.690,-117.3245,35.9748333,3.04,3.59,"24km NNE of Trona, CA"
nn00807623,2021-05-19 23:56:13.461,-117.9516,38.8577,11.1,2.8,"2 km WSW of Gabbs, Nevada"
nn00807546,2021-05-18 22:33:34.962,-117.8914,38.1565,8.1,2.5,"32 km SE of Mina, Nevada"
nc73564200,2021-05-18 14:44:25.290,-120.2116667,36.1631667,8.98,3.63,"11km WSW of Huron, CA"
ci39656903,2021-05-18 12:51:47.370,-117.5206667,36.0728333,2.67,2.56,"36km NNW of Searles Valley, CA"
ci39656815,2021-05-18 09:31:18.770,-116.729,34.9543333,7.19,2.6,"28km ENE of Barstow, CA"
nc73564030,2021-05-18 03:15:46.390,-118.7735,37.5175,6.04,2.57,"10km WSW of Toms Place, CA"
nc73563910,2021-05-17 19:49:55.160,-120.0345,39.1273333,7.29,2.83,"9km SE of Dollar Point, CA"
nc73563895,2021-05-17 19:45:32.520,-118.7741667,37.519,5.49,3.06,"10km WSW of Toms Place, CA"
nc73563870,2021-05-17 19:37:02.470,-118.7746667,37.518,5.47,2.91,"10km WSW of Toms Place, CA"
nc73563860,2021-05-17 19:24:39.900,-120.0316667,39.127,7.17,3.35,"9km SE of Dollar Point, CA"
nc73563565,2021-05-17 06:36:10.320,-123.9213333,40.1201667,18.04,2.79,"8km W of Redway, CA"
nc73563250,2021-05-16 13:26:28.980,-123.923,40.1193333,18.77,2.9,"8km W of Redway, CA"
nn00807333,2021-05-16 08:39:55.334,-117.8646,38.1889,5.3,3.6,"30 km SE of Mina, Nevada"
ci39654679,2021-05-15 23:04:10.600,-117.4133333,35.5865,7.72,2.52,"20km S of Trona, CA"
nc73562810,2021-05-15 07:14:21.120,-118.7793333,37.5445,8.24,2.51,"9km WSW of Toms Place, CA"
nc73562750,2021-05-15 03:02:12.340,-124.183,40.7346667,5.29,2.69,"1km NNE of Humboldt Hill, CA"
nc73562615,2021-05-14 23:59:05.050,-122.7318333,38.7718333,2.62,2.97,"2km ESE of The Geysers, CA"
nc73562600,2021-05-14 22:11:14.900,-118.553,37.9018333,6.89,2.61,"39km NNE of Toms Place, CA"
nc73561695,2021-05-12 17:44:45.920,-122.371,40.9061667,20.04,2.94,"25km N of Shasta Lake, CA"
ci39649375,2021-05-12 10:14:26.010,-118.3843333,35.504,6.92,2.78,"14km SE of Bodfish, CA"
us7000e27i,2021-05-11 21:35:10.690,-116.3441,40.8471,0.0,2.6,"25 km NW of Carlin, Nevada"
nn00806929,2021-05-10 12:32:52.498,-117.8626,38.1913,10.8,2.5,"30 km SE of Mina, Nevada"
nn00806865,2021-05-09 19:26:12.021,-117.9699,38.1706,1.9,3.6,"27 km SSE of Mina, Nevada"
nc73560190,2021-05-09 13:16:14.950,-118.7495,38.0823333,7.66,2.96,"27km ESE of Bodie, CA"
ci39645791,2021-05-09 09:37:57.430,-118.4511667,33.8425,12.64,2.5,"5km WSW of Hermosa Beach, CA"
ci39645767,2021-05-09 09:09:33.800,-117.2335,34.0265,16.29,3.03,"4km SE of Loma Linda, CA"
ci39645599,2021-05-09 01:55:40.450,-118.449,33.8453333,11.84,3.45,"5km WSW of Hermosa Beach, CA"
nc73559835,2021-05-08 08:29:11.020,-124.3438333,40.4071667,28.87,2.5,"10km NNW of Petrolia, CA"
nn00806762,2021-05-08 08:13:52.766,-117.8644,38.192,5.2,4.4,"30 km SE of Mina, Nevada"
nc73559705,2021-05-07 23:59:43.950,-120.0276667,39.1275,6.1,2.64,"9km SE of Dollar Point, CA"
nc73559310,2021-05-07 07:27:01.830,-120.699,36.1218333,5.67,2.55,"22km ENE of San Ardo, CA"
nc71126849,2021-05-07 04:37:38.190,-120.3195,39.467,10.8,3.0,"19km NW of Truckee, CA"
nc73559265,2021-05-07 04:35:14.150,-120.3145,39.461,10.12,4.65,"19km NW of Truckee, CA"
nc71123164,2021-05-07 04:26:54.470,-120.3223333,39.4668333,12.39,2.74,"20km NW of Truckee, CA"
nc73559260,2021-05-07 04:26:31.770,-120.3168333,39.4648333,9.41,3.14,"19km NW of Truckee, CA"
nc73559120,2021-05-06 21:52:24.570,-122.8025,38.8366667,2.42,2.53,"7km WNW of Cobb, CA"
ci39643455,2021-05-06 21:39:07.050,-118.6066667,32.9128333,5.86,3.04,"13km S of San Clemente Is. (NW tip), CA"
ci39643303,2021-05-06 20:04:47.010,-117.6955,35.8765,7.98,2.51,"20km ESE of Little Lake, CA"
ci39643023,2021-05-06 17:32:59.060,-117.4543333,35.6428333,6.87,2.74,"15km SSW of Searles Valley, CA"
nc73558875,2021-05-06 13:18:34.070,-120.0328333,39.1263333,7.85,2.52,"9km SE of Dollar Point, CA"
ci39642223,2021-05-05 22:14:56.980,-116.6355,34.0363333,10.04,2.78,"5km WSW of Morongo Valley, CA"
nn00806578,2021-05-05 18:33:16.033,-117.9813,38.1275,5.9,2.7,"31 km SSE of Mina, Nevada"
nc73558495,2021-05-05 14:58:49.970,-120.3106667,36.197,10.51,2.65,"8km NE of Coalinga, CA"
nn00806566,2021-05-05 14:17:45.194,-117.7233,38.1999,6.2,2.5,"39 km ESE of Mina, Nevada"
nc73558425,2021-05-05 13:06:28.850,-123.2616667,39.3763333,4.3,2.82,"9km ESE of Willits, CA"
ci39641143,2021-05-05 09:55:21.870,-117.9991667,36.5573333,7.37,2.76,"7km ESE of Lone Pine, CA"
ci39640575,2021-05-04 19:23:52.850,-118.4671667,33.8366667,12.93,2.57,"7km WSW of Hermosa Beach, CA"
nn00806459,2021-05-04 17:36:03.486,-117.7317,38.1919,6.7,2.6,"39 km SE of Mina, Nevada"
ci39640111,2021-05-04 13:31:45.100,-116.6118333,35.732,1.12,2.55,"37km WSW of Tecopa, CA"
nc73557990,2021-05-04 12:36:14.150,-120.9441667,36.735,7.28,3.18,"29km NE of Pinnacles, CA"
nc73557950,2021-05-04 07:37:40.380,-124.2635,40.852,24.22,2.84,"11km NW of Eureka, CA"
nc73557800,2021-05-03 21:52:08.580,-119.3746667,37.4921667,11.21,2.63,"30km NE of Oakhurst, CA"
nn00806372,2021-05-03 16:34:59.745,-117.7303,38.1937,6.9,2.6,"39 km ESE of Mina, Nevada"
nc73556930,2021-05-01 18:26:24.170,-121.8401667,39.7535,14.43,2.73,"2km NNW of Chico, CA"
ci39637183,2021-04-30 21:35:43.520,-117.0455,34.0446667,11.48,2.64,"1km N of Yucaipa, CA"
nc73556500,2021-04-30 14:59:35.170,-122.7971667,38.8113333,3.67,2.76,"5km NW of The Geysers, CA"
nc73556330,2021-04-30 03:00:55.410,-121.189,36.5873333,4.67,2.52,"7km NNW of Pinnacles, CA"
nc73556175,2021-04-29 19:51:35.300,-118.8548333,37.5145,1.56,2.59,"16km WSW of Toms Place, CA"
ci39634983,2021-04-29 17:12:19.480,-117.4393333,35.653,6.69,3.14,"13km SSW of Searles Valley, CA"
nc73556060,2021-04-29 14:08:39.830,-122.7908333,38.8075,3.21,2.69,"4km NW of The Geysers, CA"
nn00806061,2021-04-28 22:09:00.341,-116.7267,38.1747,11.0,2.9,"45 km ENE of Tonopah, Nevada"
nn00806025,2021-04-28 11:57:24.950,-116.7295,38.1672,8.3,4.1,"45 km ENE of Tonopah, Nevada"
ci39632647,2021-04-28 10:50:21.900,-116.3816667,33.1628333,7.33,3.45,"10km S of Borrego Springs, CA"
nc73555550,2021-04-28 07:18:37.290,-122.235,37.8456667,5.53,2.76,"2km N of Piedmont, CA"
nn00805995,2021-04-28 01:30:27.606,-117.8373,38.1675,8.3,3.2,"34 km SE of Mina, Nevada"
nc73555290,2021-04-27 17:47:22.280,-120.5278333,35.9741667,10.45,2.81,"12km NW of Parkfield, CA"
nc73554845,2021-04-26 12:37:11.860,-120.031,39.1235,6.39,3.23,"9km SE of Dollar Point, CA"
nc73554840,2021-04-26 12:18:34.790,-123.4526667,39.7013333,8.06,2.61,"3km ENE of Laytonville, CA"
nc73554815,2021-04-26 11:44:33.700,-122.2365,37.8461667,5.69,2.55,"2km N of Piedmont, CA"
ci39629223,2021-04-26 08:20:09.010,-117.4691667,35.6608333,10.83,2.53,"13km SSW of Searles Valley, CA"
nc73554700,2021-04-26 04:05:56.810,-122.7,38.7536667,0.33,3.1,"2km SSW of Anderson Springs, CA"
nc73554405,2021-04-25 15:54:52.140,-120.0288333,39.1266667,6.62,2.51,"9km SE of Dollar Point, CA"
nc73554400,2021-04-25 15:44:58.930,-120.032,39.1293333,5.2,2.92,"9km SE of Dollar Point, CA"
nc73554390,2021-04-25 15:35:48.970,-120.0295,39.1268333,6.56,2.77,"9km SE of Dollar Point, CA"
nc73554385,2021-04-25 15:33:23.610,-120.0433333,39.1283333,7.51,3.7,"8km SE of Dollar Point, CA"
ci39628175,2021-04-25 05:31:58.580,-116.0778333,33.8053333,2.02,2.55,"16km NE of Indio, CA"
nc73554210,2021-04-25 05:00:39.860,-121.6381667,37.2668333,7.07,2.55,"15km N of Morgan Hill, CA"
nc73554215,2021-04-25 04:59:28.510,-121.6395,37.267,7.66,3.61,"15km N of Morgan Hill, CA"
nc73554015,2021-04-24 21:16:53.330,-120.1911667,36.0425,8.66,2.51,"7km NW of Avenal, CA"
nc73553930,2021-04-24 18:02:11.700,-121.4945,36.7716667,7.58,2.8,"9km SSE of San Juan Bautista, CA"
nc73553895,2021-04-24 15:54:42.640,-120.8643333,36.2805,9.96,2.53,"22km NE of San Lucas, CA"
nn00805686,2021-04-24 08:32:07.730,-118.254,38.0857,13.5,2.5,California-Nevada border region
nc73553705,2021-04-24 05:34:48.490,-118.694664,38.0696678,-1.46,2.7,"30km SSW of Qualeys Camp, NV"
nc73553685,2021-04-24 04:21:42.730,-122.724,38.768,1.5,2.62,"3km WSW of Anderson Springs, CA"
nn00805669,2021-04-24 03:35:22.290,-117.8668,38.1797,13.8,2.8,"31 km SE of Mina, Nevada"
nc73553370,2021-04-23 11:18:40.530,-123.0365,39.5256667,7.42,3.91,"15km NNW of Lake Pillsbury, CA"
ci39625767,2021-04-23 06:51:07.920,-116.6198333,35.0608333,1.97,3.01,"23km SSE of Fort Irwin, CA"
nn00805580,2021-04-23 05:00:38.386,-117.8909,38.1536,8.8,3.2,"32 km SE of Mina, Nevada"
nc73553180,2021-04-23 00:08:08.160,-122.707,38.7745,2.57,2.81,"1km W of Anderson Springs, CA"
nc73552920,2021-04-22 07:00:10.340,-118.78,37.5453333,8.23,3.09,"9km WSW of Toms Place, CA"
nc73552870,2021-04-22 04:55:18.620,-119.4183333,37.6901667,17.6,2.63,"15km ESE of Yosemite Valley, CA"
nn00805453,2021-04-21 05:16:01.461,-117.9537,38.168,4.8,2.6,"28 km SSE of Mina, Nevada"
nc73552510,2021-04-21 03:55:27.800,-121.566,36.8303333,5.55,2.97,"3km SW of San Juan Bautista, CA"
nc73552000,2021-04-20 09:48:34.270,-123.5988333,40.188,33.89,4.03,"20km ENE of Redway, CA"
ci39857008,2021-04-20 07:03:37.550,-117.21,34.045,15.93,2.69,"3km WSW of Redlands, CA"
nc73551905,2021-04-20 05:07:51.620,-118.7781667,37.5481667,7.98,2.87,"9km W of Toms Place, CA"
nc73551895,2021-04-20 04:25:20.820,-122.0193333,39.5111667,22.52,2.81,"15km E of Willows, CA"
nc73551855,2021-04-20 02:39:04.860,-122.017,39.5165,23.07,3.82,"15km E of Willows, CA"
nc73551560,2021-04-19 18:50:58.790,-122.7228333,38.757,2.88,3.98,"3km SW of Anderson Springs, CA"
nc73551205,2021-04-19 02:21:39.530,-122.8046667,38.8276667,1.72,2.75,"7km NW of The Geysers, CA"
nn00805275,2021-04-18 04:53:57.160,-117.8738,38.152,10.5,2.9,"33 km SE of Mina, Nevada"
nc73550725,2021-04-17 19:35:08.280,-123.0433333,40.113,45.98,2.85,"40km NNE of Covelo, CA"
nn00805261,2021-04-17 18:00:20.440,-116.2682,36.6642,9.6,2.6,"51 km ESE of Beatty, Nevada"
nc73550650,2021-04-17 16:29:21.230,-123.0365,40.1228333,44.97,2.71,"41km NNE of Covelo, CA"
nn00805234,2021-04-17 11:48:50.775,-116.2676,36.655,8.4,3.5,"52 km ESE of Beatty, Nevada"
nc73550145,2021-04-16 09:35:58.710,-122.7203333,38.7711667,1.92,2.74,"2km W of Anderson Springs, CA"
ci39851592,2021-04-15 23:16:19.070,-117.5191667,36.477,-0.65,2.61,"36km WSW of Stovepipe Wells, CA"
ci39851144,2021-04-15 18:05:03.520,-117.5368333,35.6786667,6.81,3.06,"14km ENE of Ridgecrest, CA"
nn00805087,2021-04-15 15:05:09.184,-118.2634,38.0707,6.8,2.5,"33 km NE of Benton, California"
nc73549690,2021-04-15 13:39:27.830,-122.8113333,38.8298333,1.93,2.55,"8km NW of The Geysers, CA"
ci39849168,2021-04-13 22:05:32.100,-116.0885,33.8078333,3.54,2.61,"15km NE of Indio, CA"
ci39849144,2021-04-13 21:35:03.940,-116.0878333,33.8063333,3.03,3.54,"15km NE of Indio, CA"
nc73548930,2021-04-13 14:25:52.650,-118.824,37.569,4.04,2.76,"13km W of Toms Place, CA"
nc73548225,2021-04-11 22:03:29.160,-122.8135,38.8256667,1.96,2.63,"7km NW of The Geysers, CA"
ci39846664,2021-04-11 09:45:36.990,-117.603,35.7846667,6.61,3.13,"18km W of Searles Valley, CA"
nn00804805,2021-04-10 23:57:22.072,-114.2838,36.3017,7.2,2.7,"35 km SSE of Moapa Valley, Nevada"
nc73547705,2021-04-10 19:08:08.800,-121.6328333,35.7253333,16.93,2.55,"33km S of Lopez Point, CA"
nc73547645,2021-04-10 14:13:21.940,-122.5848333,38.5226667,9.14,3.26,"6km S of Calistoga, CA"
ci39845832,2021-04-10 13:22:06.120,-115.4393333,32.7705,15.63,3.44,"7km SW of Holtville, CA"
nc73547590,2021-04-10 11:50:14.080,-121.6751667,37.582,3.95,2.93,"14km SE of Livermore, CA"
ci39845512,2021-04-10 03:57:58.440,-116.4451667,34.1475,5.88,3.0,"4km NNW of Yucca Valley, CA"
nn00804674,2021-04-09 05:19:50.527,-116.1724,41.3251,12.0,3.4,"61 km NW of Osino, Nevada"
ci39844272,2021-04-09 03:57:58.930,-115.4328333,32.7803333,11.58,2.75,"6km SW of Holtville, CA"
ci39844264,2021-04-09 03:57:13.020,-115.4381667,32.7825,12.58,2.87,"6km WSW of Holtville, CA"
ci39844232,2021-04-09 03:31:46.760,-115.4355,32.776,13.84,2.84,"6km SW of Holtville, CA"
ci39844112,2021-04-09 00:33:47.080,-116.7873333,33.9323333,14.76,3.11,"2km N of Cabazon, CA"
ci39843952,2021-04-08 20:51:15.140,-117.5496667,35.6538333,8.34,3.62,"12km ENE of Ridgecrest, CA"
ci39843544,2021-04-08 16:20:30.480,-117.433,36.7885,0.83,2.58,"33km NW of Stovepipe Wells, CA"
nn00804591,2021-04-08 14:07:41.377,-117.8388,38.165,9.2,2.5,"34 km SE of Mina, Nevada"
ci39843240,2021-04-08 11:19:38.820,-116.9946667,33.8243333,12.41,2.79,"6km NW of San Jacinto, CA"
nn00804575,2021-04-08 06:38:57.932,-117.9386,38.169,4.9,2.8,"28 km SSE of Mina, Nevada"
ci39842904,2021-04-08 03:57:47.630,-115.4366667,32.7751667,15.82,2.65,"7km SW of Holtville, CA"
ci39842896,2021-04-08 03:52:08.190,-115.4328333,32.7753333,16.19,3.73,"6km SW of Holtville, CA"
ci39842872,2021-04-08 03:28:51.230,-115.4376667,32.7776667,15.85,3.2,"6km SW of Holtville, CA"
ci39842792,2021-04-08 02:08:32.930,-115.4381667,32.786,15.25,2.86,"6km WSW of Holtville, CA"
ci39842512,2021-04-07 20:41:59.790,-116.9626667,35.093,1.92,2.91,"22km NNE of Barstow, CA"
nc73546475,2021-04-07 20:18:17.420,-120.701,36.7646667,3.53,3.31,"23km S of South Dos Palos, CA"
ci39841832,2021-04-07 13:42:05.870,-117.4105,35.6096667,8.97,3.64,"17km S of Trona, CA"
nn00804505,2021-04-07 13:17:30.553,-117.2229,40.86,7.0,3.2,"11 km NW of Valmy, Nevada"
nc73546285,2021-04-07 12:56:14.820,-122.7986667,38.7898333,3.59,2.85,"4km WNW of The Geysers, CA"
nn00804416,2021-04-06 08:24:14.249,-114.551,37.2391,12.0,2.9,"41 km S of Caliente, Nevada"
nc73545795,2021-04-05 16:42:01.510,-122.7368333,38.8053333,2.07,2.53,"2km SSW of Cobb, CA"
ci39838928,2021-04-05 11:44:01.950,-118.3333333,33.9405,19.34,4.0,"2km E of Lennox, CA"
ci39838888,2021-04-05 11:15:37.460,-118.3348333,33.9421667,19.76,3.03,"2km ENE of Lennox, CA"
ci39838568,2021-04-04 21:14:44.870,-116.978,33.9661667,13.13,3.29,"4km N of Beaumont, CA"
nc73545210,2021-04-03 07:17:26.030,-121.527,36.7968333,6.67,2.75,"6km S of San Juan Bautista, CA"
nc73545135,2021-04-02 19:10:53.260,-121.2425,35.749,5.54,2.59,"13km NNW of San Simeon, CA"
nn00804187,2021-04-02 19:08:02.666,-117.8718,38.1774,8.3,4.3,"31 km SE of Mina, Nevada"
nn00804169,2021-04-02 17:10:09.021,-117.8875,38.1942,7.2,3.9,"29 km SE of Mina, Nevada"
nn00804118,2021-04-02 06:01:59.853,-117.9381,38.1621,5.5,2.5,"29 km SSE of Mina, Nevada"
nc73544965,2021-04-02 03:24:00.730,-120.1001667,39.2355,4.92,2.62,"4km W of Tahoe Vista, CA"
ci39835112,2021-04-01 20:45:22.030,-116.0835,32.824,7.74,2.88,"13km NW of Ocotillo, CA"
ci39597271,2021-04-01 12:52:52.740,-118.2136667,33.9841667,13.49,2.95,"1km ENE of Huntington Park, CA"
nc73544675,2021-04-01 06:03:39.440,-122.0406667,40.4723333,19.32,3.0,"13km W of Shingletown, CA"
nn00803931,2021-03-31 20:24:26.388,-117.9004,38.1837,4.7,3.7,"29 km SE of Mina, Nevada"
nn00803919,2021-03-31 18:30:49.933,-117.8575,38.1806,10.2,2.5,"32 km SE of Mina, Nevada"
nc73544470,2021-03-31 13:44:03.800,-121.5231667,36.797,6.7,3.28,"6km SSE of San Juan Bautista, CA"
nc73544430,2021-03-31 12:14:47.890,-123.857,41.3485,33.42,2.83,"22km NW of Weitchpec, CA"
nc73544305,2021-03-30 23:33:52.090,-120.89,36.0023333,10.95,2.5,"2km SE of San Ardo, CA"
nn00803794,2021-03-30 23:06:52.154,-118.0778,38.1718,4.1,2.7,"24 km S of Mina, Nevada"
nn00803738,2021-03-30 18:35:52.231,-118.0777,38.1726,4.2,2.8,"24 km S of Mina, Nevada"
nc73541836,2021-03-30 17:05:34.140,-122.7781667,38.8276667,1.37,3.13,"5km W of Cobb, CA"
nn00803693,2021-03-30 16:22:02.479,-118.0745,38.1787,2.9,2.6,"23 km S of Mina, Nevada"
nn00803678,2021-03-30 16:04:05.925,-118.07,38.1718,3.8,4.4,"24 km S of Mina, Nevada"
nc73541601,2021-03-30 05:43:48.010,-121.7513333,37.367,8.0,2.6,"7km E of Alum Rock, CA"
nn00803599,2021-03-29 10:38:28.133,-117.9666,38.1483,12.0,3.7,"29 km SSE of Mina, Nevada"
nc73540541,2021-03-27 08:49:36.720,-121.224,36.6195,5.07,2.6,"12km NW of Pinnacles, CA"
ci39591895,2021-03-27 08:17:09.900,-115.7296667,32.6356667,5.81,2.63,"15km WNW of Progreso, B.C., MX"
nn00803461,2021-03-27 07:10:51.074,-117.8857,38.1573,9.3,2.9,"32 km SE of Mina, Nevada"
nc73540376,2021-03-26 22:14:30.950,-123.0766667,39.0403333,-0.57,2.77,"13km SE of Talmage, CA"
nc73540371,2021-03-26 22:12:05.450,-123.0773333,39.0385,1.76,2.76,"13km SE of Talmage, CA"
nn00803403,2021-03-26 13:34:20.651,-117.8439,38.1614,8.0,3.5,"34 km SE of Mina, Nevada"
nn00803381,2021-03-26 03:42:53.081,-117.6759,39.0946,7.0,3.1,"32 km NE of Gabbs, Nevada"
ci39590215,2021-03-25 19:35:19.910,-117.5358333,35.7211667,7.22,2.8,"13km WSW of Searles Valley, CA"
nn00803336,2021-03-25 10:00:22.635,-117.8435,38.1669,7.9,3.1,"33 km SE of Mina, Nevada"
ci39589855,2021-03-25 09:15:16.540,-117.6128333,36.1715,2.12,2.66,"33km ENE of Coso Junction, CA"
nc73539561,2021-03-24 23:29:46.680,-121.3035,36.8706667,7.25,2.81,"8km NE of Ridgemark, CA"
nc73539551,2021-03-24 23:07:08.590,-121.4615,37.0035,8.29,3.22,"10km E of Gilroy, CA"
nc73539421,2021-03-24 16:45:34.270,-123.4771667,39.2498333,7.29,2.77,"21km SSW of Willits, CA"
nc73539406,2021-03-24 15:41:13.980,-123.4743333,39.2448333,8.2,3.98,"21km SSW of Willits, CA"
nc73539356,2021-03-24 10:36:48.590,-121.6695,37.4228333,5.17,2.5,"15km ENE of Alum Rock, CA"
nc73539331,2021-03-24 09:38:38.780,-121.6563333,40.6306667,8.49,2.51,"13km N of Viola, CA"
nc73539181,2021-03-24 03:06:24.830,-118.5533333,37.8951667,6.41,2.79,"39km NNE of Toms Place, CA"
ci39588623,2021-03-24 00:08:38.010,-117.4485,35.6511667,2.8,3.09,"14km SSW of Searles Valley, CA"
nc73539061,2021-03-23 21:15:47.290,-122.2556667,38.4261667,10.51,2.81,"10km ENE of Yountville, CA"
nc73538866,2021-03-23 13:54:39.500,-120.7475,36.7376667,4.25,2.7,"27km SSW of South Dos Palos, CA"
nn00803219,2021-03-23 09:39:10.733,-118.2281,38.1525,6.5,2.8,"28 km SSW of Mina, Nevada"
nn00803211,2021-03-23 09:00:38.006,-118.0094,38.1511,9.1,2.7,"27 km SSE of Mina, Nevada"
nn00803201,2021-03-23 07:04:00.967,-117.7578,38.2021,8.5,2.8,"37 km SE of Mina, Nevada"
ci39587799,2021-03-23 00:49:47.550,-117.3093333,32.649,17.55,2.53,"12km WSW of Coronado, CA"
nc73538636,2021-03-22 23:55:15.040,-120.5233333,35.9715,10.56,2.72,"12km NW of Parkfield, CA"
nc73540810,2021-03-22 22:39:53.100,-122.7083333,38.7481667,1.77,2.72,"3km SSW of Anderson Springs, CA"
nc73540280,2021-03-21 22:33:08.610,-118.5543333,37.8966667,6.15,3.08,"39km NNE of Toms Place, CA"
ci39586591,2021-03-21 19:04:50.930,-117.2516667,34.0441667,16.23,2.65,"1km ESE of Loma Linda, CA"
ci39586383,2021-03-21 12:03:02.680,-117.5911667,35.7666667,6.65,2.8,"17km W of Searles Valley, CA"
ci39586079,2021-03-20 22:49:23.210,-117.6045,34.0411667,4.52,3.05,"2km ESE of Ontario, CA"
nc73539660,2021-03-20 17:55:19.830,-118.8451667,37.4583333,11.08,2.77,"19km SW of Toms Place, CA"
nn00802966,2021-03-20 01:16:30.234,-117.9493,38.174,6.0,3.1,"27 km SSE of Mina, Nevada"
ci39585143,2021-03-19 18:24:36.600,-116.442,33.0316667,6.61,3.07,"16km ESE of Julian, CA"
ci39585127,2021-03-19 18:17:53.050,-118.0021667,36.5605,7.65,2.51,"7km ESE of Lone Pine, CA"
nn00802935,2021-03-19 12:56:39.189,-117.9025,38.1648,8.9,2.8,"30 km SE of Mina, Nevada"
nc73539070,2021-03-19 00:52:16.750,-123.1075,39.4246667,1.08,2.72,"13km W of Lake Pillsbury, CA"
nc73538955,2021-03-18 18:56:45.650,-121.2086667,36.6045,6.74,3.37,"10km NW of Pinnacles, CA"
nn00802868,2021-03-18 17:39:00.491,-117.9648,38.1492,11.3,2.7,"29 km SSE of Mina, Nevada"
nc73538830,2021-03-18 14:01:18.800,-122.3588333,38.2141667,8.66,2.68,"10km WNW of American Canyon, CA"
ci37319988,2021-03-16 13:39:37.090,-115.63,33.1651667,5.06,2.66,"12km WNW of Calipatria, CA"
ci39581455,2021-03-16 13:39:29.490,-115.6361667,33.1576667,5.14,2.55,"12km WNW of Calipatria, CA"
nc73535821,2021-03-16 11:42:43.130,-118.8426667,37.4748333,5.69,2.68,"17km SW of Toms Place, CA"
nc73535286,2021-03-15 07:14:47.320,-121.1495,36.5658333,5.44,2.65,"4km N of Pinnacles, CA"
nc73534971,2021-03-14 05:57:13.630,-122.4303333,40.903,17.71,2.75,"25km NNW of Shasta Lake, CA"
nc73534956,2021-03-14 05:27:28.320,-124.3576667,40.3343333,16.24,2.54,"6km W of Petrolia, CA"
nn00802560,2021-03-13 06:00:39.578,-117.9079,38.1564,7.6,2.8,"31 km SE of Mina, Nevada"
nc73534526,2021-03-13 03:22:18.730,-121.1898333,36.5898333,5.43,2.52,"8km NNW of Pinnacles, CA"
ci39578047,2021-03-12 14:23:57.610,-117.3173333,34.1098333,16.68,2.5,"3km SW of San Bernardino, CA"
ci39577999,2021-03-12 13:57:57.620,-116.2611667,32.9211667,10.5,2.51,"27km ENE of Pine Valley, CA"
nc73534196,2021-03-12 10:28:31.430,-118.5558333,37.918,7.21,2.5,"41km NNE of Toms Place, CA"
ci39577879,2021-03-12 07:26:06.930,-116.2615,32.9218333,9.94,2.86,"27km ENE of Pine Valley, CA"
nn00802319,2021-03-10 09:51:22.345,-114.9487,37.3327,9.5,2.6,"19 km E of Alamo, Nevada"
nc73533391,2021-03-10 07:08:42.290,-120.6995,36.7603333,4.18,2.78,"23km S of South Dos Palos, CA"
nc73533196,2021-03-09 16:22:31.780,-120.074,41.8265,10.28,2.53,"29km W of Wimer Place, NV"
ci39575335,2021-03-09 00:14:59.180,-117.4903333,37.1223333,-1.36,3.21,"65km NNW of Stovepipe Wells, CA"
ci39575255,2021-03-08 21:30:18.420,-116.3351667,35.1558333,1.68,2.53,"27km WSW of Baker, CA"
nc73532721,2021-03-08 05:31:40.420,-118.5535,37.5161667,10.47,3.15,"12km NNE of Round Valley, CA"
nc73532516,2021-03-07 17:11:45.450,-121.1618333,40.2538333,9.34,2.58,"4km NNE of Almanor, CA"
nc73532491,2021-03-07 16:03:42.130,-123.2496667,39.3586667,7.41,2.64,"11km ESE of Willits, CA"
nn00802037,2021-03-06 12:47:25.350,-116.2727,36.6592,8.2,2.6,California-Nevada border region
nc73531751,2021-03-06 01:52:42.940,-122.7785,38.805,0.96,2.69,"4km NNW of The Geysers, CA"
ci39572823,2021-03-05 18:33:11.710,-117.7023333,35.9123333,6.77,3.26,"19km E of Little Lake, CA"
ci39572543,2021-03-05 13:22:02.080,-118.0176667,35.7703333,2.61,2.86,"21km SSW of Little Lake, CA"
nn00801943,2021-03-05 09:22:26.534,-117.892,38.1541,9.8,2.7,"32 km SE of Mina, Nevada"
ci39572231,2021-03-05 05:32:46.040,-118.0693333,36.1628333,1.69,2.98,"14km SSW of Olancha, CA"
nn00801926,2021-03-05 05:30:55.111,-117.9499,38.1554,10.5,2.6,"29 km SSE of Mina, Nevada"
nc73531396,2021-03-05 02:11:48.320,-119.9916667,37.3653333,19.33,2.61,"14km S of Mariposa, CA"
nc73531186,2021-03-04 15:53:28.550,-122.533,38.4801667,10.6,3.09,"6km WSW of St. Helena, CA"
nn00801756,2021-03-04 02:49:56.490,-118.1337,38.8024,10.4,2.6,"19 km WSW of Gabbs, Nevada"
nn00801665,2021-03-03 02:34:12.456,-117.817,38.1699,8.3,3.1,"35 km SE of Mina, Nevada"
us7000dezy,2021-03-02 23:14:02.295,-116.4141,40.8479,0.0,2.8,"30 km WNW of Carlin, Nevada"
ci39807144,2021-03-02 17:44:30.500,-117.9656667,34.4611667,8.17,2.65,"7km SSE of Littlerock, CA"
ci39806928,2021-03-02 15:07:29.500,-116.9625,35.093,2.62,2.69,"22km NNE of Barstow, CA"
nc73530011,2021-03-01 22:26:44.820,-122.729,38.7581667,1.24,2.88,"3km SE of The Geysers, CA"
ci39806272,2021-03-01 22:13:48.390,-117.3601667,35.9478333,3.08,2.69,"20km N of Searles Valley, CA"
ci39805504,2021-03-01 15:17:18.830,-115.8271667,32.7523333,11.26,2.77,"16km E of Ocotillo, CA"
ci39805264,2021-03-01 06:17:09.090,-117.559,34.1803333,9.23,2.86,"7km NNE of Rancho Cucamonga, CA"
nn00801482,2021-02-28 23:32:57.854,-117.8986,38.1694,11.6,2.8,"30 km SE of Mina, Nevada"
ci39805008,2021-02-28 20:12:49.320,-116.9235,34.3261667,5.51,2.94,"9km N of Big Bear Lake, CA"
nc73529321,2021-02-28 14:18:56.540,-121.4541667,35.8476667,9.2,2.88,"22km SSE of Lopez Point, CA"
ci39804712,2021-02-28 13:46:45.800,-117.9995,36.5573333,7.85,3.49,"7km ESE of Lone Pine, CA"
nn00801429,2021-02-28 10:51:27.957,-115.5139,37.4291,0.0,3.4,"31 km SE of Rachel, Nevada"
nc73529256,2021-02-28 10:37:08.300,-121.4558333,35.8385,8.2,3.16,"22km SSE of Lopez Point, CA"
nc73529201,2021-02-28 08:48:19.190,-121.4495,35.849,6.44,2.97,"22km SSE of Lopez Point, CA"
nc73529196,2021-02-28 08:45:39.170,-121.4531667,35.8421667,8.85,3.73,"22km SSE of Lopez Point, CA"
nc73529186,2021-02-28 08:24:37.350,-118.8941667,38.095,11.82,3.24,"17km SE of Bodie, CA"
nc73529096,2021-02-28 04:43:40.840,-122.7665,38.7873333,1.5,2.58,"1km NW of The Geysers, CA"
ci39804392,2021-02-28 02:56:22.490,-117.6923333,35.906,2.56,2.66,"20km E of Little Lake, CA"
nc73528961,2021-02-27 17:46:05.340,-119.2741667,36.9413333,33.45,2.76,"18km SSE of Shaver Lake, CA"
ci39803792,2021-02-27 14:57:40.830,-117.8985,36.4995,8.53,2.55,"18km ESE of Lone Pine, CA"
ci39803680,2021-02-27 08:17:26.860,-117.4776667,35.6845,7.7,3.1,"11km SW of Searles Valley, CA"
ci39803176,2021-02-26 20:51:50.230,-118.7046667,34.2698333,10.93,3.02,"3km E of Simi Valley, CA"
nn00801324,2021-02-26 19:27:15.113,-117.9687,38.1484,10.5,3.7,"29 km SSE of Mina, Nevada"
nc73528376,2021-02-26 11:54:57.860,-121.076,36.4965,4.83,2.52,"7km ESE of Pinnacles, CA"
nn00801264,2021-02-26 06:03:35.892,-118.0903,38.169,3.6,2.8,"24 km S of Mina, Nevada"
nn00801310,2021-02-26 06:03:30.605,-118.0884,38.1634,4.8,2.8,"25 km S of Mina, Nevada"
us7000dds7,2021-02-26 02:21:05.942,-118.8088,41.2802,5.0,2.7,"66 km NNE of Black Rock City, Nevada"
ci39802112,2021-02-26 01:58:14.710,-117.3288333,35.9721667,3.68,2.52,"24km N of Trona, CA"
nn00801225,2021-02-25 22:21:21.812,-117.9344,38.1574,11.2,3.3,"30 km SSE of Mina, Nevada"
nc73528006,2021-02-25 20:19:05.460,-118.9941667,37.5131667,2.35,2.86,"14km S of Mammoth Lakes, CA"
nc73527826,2021-02-25 19:30:19.630,-122.8206667,38.8178333,2.63,3.81,"7km NW of The Geysers, CA"
nn00801186,2021-02-25 08:41:09.515,-117.8015,38.1771,8.5,2.6,"35 km SE of Mina, Nevada"
nc73527601,2021-02-25 08:11:51.610,-121.3466667,36.7086667,3.64,2.89,"9km SSW of Tres Pinos, CA"
nn00801176,2021-02-25 03:05:43.012,-117.8839,38.1803,8.0,2.6,"30 km SE of Mina, Nevada"
ci39801096,2021-02-25 01:28:46.830,-118.0656667,36.1566667,2.0,2.85,"15km SSW of Olancha, CA"
ci39800640,2021-02-24 18:34:13.740,-115.2316667,32.5348333,16.14,2.56,"12km ESE of Puebla, B.C., MX"
ci39800544,2021-02-24 16:55:36.910,-115.4616667,32.8135,13.54,3.05,"8km W of Holtville, CA"
ci39800312,2021-02-24 12:00:03.660,-118.0,36.5601667,6.89,2.83,"7km ESE of Lone Pine, CA"
nc73527026,2021-02-24 07:23:50.530,-118.5451667,37.9078333,7.88,2.5,"40km NNE of Toms Place, CA"
ci39798888,2021-02-23 12:21:48.400,-115.7988333,32.696,11.1,2.64,"19km ESE of Ocotillo, CA"
nn00800964,2021-02-22 18:02:13.671,-117.9892,38.1669,2.1,3.1,"26 km SSE of Mina, Nevada"
nc73526151,2021-02-22 01:38:13.840,-121.4781667,37.0456667,6.22,3.76,"9km ENE of Gilroy, CA"
ci39797144,2021-02-22 00:28:10.410,-116.8083333,33.9976667,9.83,3.19,"9km NNW of Cabazon, CA"
nn00800885,2021-02-21 21:22:21.184,-118.4984,38.2481,9.8,3.1,"32 km SSE of Hawthorne, Nevada"
nn00800878,2021-02-21 17:52:12.171,-117.8944,38.1704,4.5,2.6,"30 km SE of Mina, Nevada"
nn00800862,2021-02-21 15:02:10.044,-118.3645,38.5714,5.5,3.0,"23 km ENE of Hawthorne, Nevada"
ci39796672,2021-02-21 13:44:40.590,-117.3206667,35.9698333,3.05,2.54,"24km NNE of Trona, CA"
nn00800820,2021-02-21 02:23:01.430,-118.0833,38.1675,4.2,2.9,"24 km S of Mina, Nevada"
ci39796248,2021-02-21 01:24:49.210,-118.0698333,36.1588333,2.37,2.5,"15km SSW of Olancha, CA"
ci39796240,2021-02-21 01:19:59.740,-118.071,36.1575,1.67,3.47,"15km SSW of Olancha, CA"
nn00800790,2021-02-20 14:31:35.584,-117.8525,38.1698,11.7,3.2,"33 km SE of Mina, Nevada"
ci39795640,2021-02-20 02:33:52.010,-117.5488333,35.7105,2.93,2.78,"14km WSW of Searles Valley, CA"
ci39794648,2021-02-19 08:52:39.160,-117.3208333,35.9746667,2.61,3.03,"24km NNE of Trona, CA"
nn00800734,2021-02-19 08:44:36.491,-118.2344,38.5651,11.2,2.5,"22 km NNW of Mina, Nevada"
nc73524821,2021-02-19 00:13:20.320,-118.1611667,37.2335,8.75,3.37,"14km NE of Big Pine, CA"
nc73524686,2021-02-18 16:07:14.790,-120.339,39.7496667,9.59,2.72,"10km SSE of Beckwourth, CA"
nc73524356,2021-02-17 16:50:37.330,-119.266,38.3031667,2.69,2.99,"6km NNW of Bridgeport, CA"
nc73524311,2021-02-17 14:36:32.140,-120.5561667,35.8336667,8.81,2.74,"13km WSW of Parkfield, CA"
nc73524246,2021-02-17 09:13:36.920,-122.0043333,37.6001667,4.64,2.56,"1km ENE of Union City, CA"
nc73523661,2021-02-15 20:53:53.860,-118.8296667,37.5063333,4.89,2.5,"15km WSW of Toms Place, CA"
ci39552143,2021-02-14 23:42:34.470,-117.3201667,35.9725,3.07,3.6,"24km NNE of Trona, CA"
nn00800380,2021-02-14 18:08:59.176,-118.4684,38.6126,4.2,3.1,"16 km NE of Hawthorne, Nevada"
nc73523021,2021-02-14 11:57:50.380,-118.3201667,37.2631667,12.19,3.69,"6km ESE of Wilkerson, CA"
ci39551247,2021-02-13 12:08:30.850,-118.293,33.5851667,1.91,2.62,"17km S of San Pedro, CA"
ci39550831,2021-02-13 03:55:22.900,-117.933,36.2145,2.33,2.64,"10km SE of Olancha, CA"
ci39550623,2021-02-13 00:23:35.840,-117.3508333,35.5741667,5.48,2.52,"21km S of Trona, CA"
ci39550583,2021-02-13 00:11:51.870,-117.9306667,36.218,3.09,2.84,"10km SE of Olancha, CA"
ci39550567,2021-02-12 23:57:13.500,-117.9266667,36.2183333,3.11,4.03,"10km SE of Olancha, CA"
nc73522106,2021-02-12 17:07:13.500,-121.1731667,36.5748333,7.92,2.98,"6km NNW of Pinnacles, CA"
nc73521646,2021-02-11 17:20:19.190,-122.054,40.3276667,14.96,2.8,"19km WSW of Manton, CA"
nn00800068,2021-02-11 00:07:14.424,-117.3961,41.104,8.6,3.7,"18 km NNE of Golconda, Nevada"
nn00799975,2021-02-10 10:04:07.817,-117.9866,38.1438,10.4,2.5,"29 km SSE of Mina, Nevada"
ci39547407,2021-02-10 07:57:14.760,-115.6075,33.1828333,3.2,2.72,"10km SW of Niland, CA"
ci39547391,2021-02-10 07:55:23.350,-115.8285,32.739,10.75,2.8,"15km E of Ocotillo, CA"
ci39547135,2021-02-10 03:45:05.610,-115.6115,33.1616667,2.83,2.79,"10km WNW of Calipatria, CA"
ci39547031,2021-02-10 01:45:44.230,-115.614,33.1696667,3.95,2.69,"10km WNW of Calipatria, CA"
ci39546975,2021-02-10 01:27:09.840,-115.6113333,33.1751667,3.68,3.76,"11km WNW of Calipatria, CA"
ci39546951,2021-02-10 01:25:07.940,-115.609,33.1715,2.85,2.72,"10km WNW of Calipatria, CA"
ci39546943,2021-02-10 01:24:32.480,-115.6128333,33.1703333,4.38,2.94,"10km WNW of Calipatria, CA"
ci39546855,2021-02-10 01:01:41.460,-115.5998333,33.172,3.6,3.2,"10km WNW of Calipatria, CA"
ci39546863,2021-02-10 01:01:15.790,-115.6136667,33.1753333,3.77,3.82,"11km WNW of Calipatria, CA"
nc73520831,2021-02-09 18:58:31.960,-121.8953333,37.5268333,6.9,2.68,"8km ESE of Fremont, CA"
ci39546087,2021-02-09 11:51:26.490,-115.6331667,33.1581667,7.86,2.95,"12km WNW of Calipatria, CA"
nn00799820,2021-02-08 15:15:42.767,-118.0398,38.125,10.1,3.8,"30 km SSE of Mina, Nevada"
nc73520291,2021-02-08 14:11:55.410,-122.195,41.635,15.5,2.62,"23km SW of Mount Hebron, CA"
ci39544847,2021-02-08 13:03:34.630,-115.8233333,32.7483333,11.43,2.59,"16km E of Ocotillo, CA"
ci39544719,2021-02-08 08:00:12.430,-115.8288333,32.7456667,11.43,3.45,"15km E of Ocotillo, CA"
nn00799833,2021-02-08 06:57:19.871,-119.5306,40.2529,9.4,2.5,"34 km N of Sutcliffe, Nevada"
nc73519946,2021-02-08 01:01:40.730,-123.0973333,39.246,6.35,2.64,"10km ESE of Redwood Valley, CA"
nc73519926,2021-02-08 00:45:33.050,-121.8266667,37.4978333,5.13,3.22,"10km NE of Milpitas, CA"
nc73519916,2021-02-08 00:15:24.370,-118.5576667,37.4463333,12.59,2.77,"5km NE of Round Valley, CA"
nn00799754,2021-02-07 20:52:25.081,-117.846,38.1578,10.1,3.7,"34 km SE of Mina, Nevada"
ci39543967,2021-02-07 18:57:51.030,-117.3241667,35.9771667,2.6,3.41,"24km NNE of Trona, CA"
nn00799696,2021-02-07 01:57:20.081,-118.0628,38.1634,7.1,3.3,"25 km S of Mina, Nevada"
ci39543391,2021-02-07 00:25:47.300,-115.9766667,33.216,10.04,2.56,"9km SSW of Salton City, CA"
nn00799680,2021-02-06 23:23:04.728,-118.0636,38.1708,7.3,2.8,"24 km S of Mina, Nevada"
nn00799676,2021-02-06 23:10:17.227,-118.0747,38.169,7.9,3.7,"24 km S of Mina, Nevada"
nc73519516,2021-02-06 23:04:52.700,-120.5775,36.0066667,4.69,2.62,"18km NW of Parkfield, CA"
nn00799546,2021-02-04 14:22:51.969,-117.8406,38.1702,10.9,2.9,"33 km SE of Mina, Nevada"
nn00799537,2021-02-04 06:39:29.480,-118.0717,38.1703,6.2,2.8,"24 km S of Mina, Nevada"
nn00799504,2021-02-03 12:51:02.328,-118.1049,38.1516,7.9,2.8,"26 km S of Mina, Nevada"
ci39539495,2021-02-03 09:42:45.980,-115.8221667,32.7421667,9.15,2.75,"16km E of Ocotillo, CA"
ci39539487,2021-02-03 09:36:55.210,-115.8255,32.7431667,10.75,2.86,"16km E of Ocotillo, CA"
ci39539439,2021-02-03 09:23:36.290,-115.8261667,32.7516667,11.24,3.74,"16km E of Ocotillo, CA"
nc73517801,2021-02-03 05:12:40.410,-122.2435,37.8631667,9.85,2.63,"3km ESE of Berkeley, CA"
us6000de2r,2021-02-03 03:20:42.388,-114.9148,39.2266,5.0,2.5,"3 km SW of Ely, Nevada"
nn00799422,2021-02-02 10:35:26.537,-117.7357,38.1939,9.9,2.9,"39 km SE of Mina, Nevada"
ci39537399,2021-02-01 04:18:48.290,-115.8283333,32.7506667,11.28,3.53,"16km E of Ocotillo, CA"
ci39537223,2021-02-01 00:12:40.220,-115.6446667,33.1683333,5.49,2.59,"13km WNW of Calipatria, CA"
ci39537047,2021-01-31 20:42:01.060,-115.649,33.171,5.12,2.57,"14km WNW of Calipatria, CA"
nn00799311,2021-01-31 16:26:21.060,-117.9552,38.172,0.0,2.5,"27 km SSE of Mina, Nevada"
nc73518845,2021-01-31 09:20:24.130,-122.1296667,39.4115,26.11,2.56,"14km SSE of Willows, CA"
ci39536127,2021-01-30 16:10:51.310,-115.8276667,32.7525,10.12,2.67,"16km E of Ocotillo, CA"
nn00799222,2021-01-30 11:17:29.930,-118.0353,38.123,0.8,2.5,"30 km SSE of Mina, Nevada"
ci39535487,2021-01-29 23:46:29.460,-117.6955,35.8973333,2.48,2.51,"20km ESE of Little Lake, CA"
nc73518005,2021-01-29 14:00:02.500,-122.8808333,38.9151667,4.46,2.52,"8km SSW of Kelseyville, CA"
nc73517925,2021-01-29 13:00:08.740,-122.8808333,38.914,4.95,2.97,"8km SSW of Kelseyville, CA"
nn00799122,2021-01-29 04:07:18.034,-117.8927,38.1693,9.2,2.9,"30 km SE of Mina, Nevada"
ci39534943,2021-01-29 02:25:04.310,-117.5426667,35.6716667,8.25,3.2,"13km ENE of Ridgecrest, CA"
ci39534271,2021-01-28 06:26:58.680,-115.607,33.1835,4.89,2.55,"10km SW of Niland, CA"
nc73517370,2021-01-28 06:00:06.560,-122.8085,38.8248333,1.79,2.84,"7km NW of The Geysers, CA"
ci39534111,2021-01-28 05:40:34.350,-115.612,33.1816667,3.65,2.66,"11km SW of Niland, CA"
nn00799016,2021-01-27 16:53:18.944,-117.9548,38.1519,10.0,3.0,"29 km SSE of Mina, Nevada"
nn00798971,2021-01-27 02:00:13.353,-118.1969,38.3588,10.1,2.6,California-Nevada border region
ci39768296,2021-01-26 07:48:47.420,-117.6228333,33.0896667,13.77,3.14,"26km WSW of Carlsbad, CA"
nn00798859,2021-01-25 21:16:02.198,-117.6642,38.6702,16.7,2.5,"31 km SE of Gabbs, Nevada"
ci39768064,2021-01-25 20:52:28.360,-115.8236667,32.7383333,10.72,3.01,"16km E of Ocotillo, CA"
nc73515985,2021-01-24 23:27:23.130,-118.8675,37.5028333,4.96,2.63,"18km WSW of Toms Place, CA"
nc73515940,2021-01-24 22:16:08.040,-118.8673333,37.5058333,5.45,2.54,"18km SE of Mammoth Lakes, CA"
nn00798666,2021-01-24 04:12:14.695,-117.8344,38.1667,8.4,3.1,"34 km SE of Mina, Nevada"
nn00798650,2021-01-24 01:20:51.813,-117.9893,38.1428,10.5,2.6,"29 km SSE of Mina, Nevada"
ci39766936,2021-01-24 00:54:18.880,-115.736,32.6051667,4.3,2.65,"14km W of Progreso, B.C., MX"
ci39766848,2021-01-23 22:26:35.580,-115.8268333,32.7473333,10.31,2.58,"16km E of Ocotillo, CA"
ci39766168,2021-01-23 04:13:13.950,-117.5761667,35.7096667,7.59,2.69,"13km NE of Ridgecrest, CA"
nn00798451,2021-01-22 16:31:32.206,-117.8372,38.1611,9.6,2.7,"34 km SE of Mina, Nevada"
ci39765640,2021-01-22 15:45:20.530,-115.9985,33.2698333,3.29,2.92,"5km SW of Salton City, CA"
nn00798419,2021-01-22 13:15:29.683,-117.8736,38.1817,8.7,3.0,"30 km SE of Mina, Nevada"
nc73514715,2021-01-22 00:48:11.350,-122.027,37.9686667,15.44,3.01,"1km W of Concord, CA"
nc73514515,2021-01-21 20:34:09.760,-118.9278333,37.6365,5.67,2.6,"4km E of Mammoth Lakes, CA"
nc73514395,2021-01-21 15:19:34.140,-120.8116667,35.554,3.87,2.67,"10km W of Templeton, CA"
nn00798270,2021-01-21 10:52:16.661,-117.7412,38.1907,10.4,2.8,"39 km SE of Mina, Nevada"
nn00798243,2021-01-21 07:17:56.416,-117.939,38.154,11.6,3.0,"30 km SSE of Mina, Nevada"
nn00798224,2021-01-21 05:18:49.475,-117.7666,38.192,3.6,2.5,"37 km SE of Mina, Nevada"
ci39763488,2021-01-21 01:23:55.130,-117.9121667,35.9668333,3.23,3.29,"3km N of Little Lake, CA"
ci39763472,2021-01-21 01:22:24.920,-117.9123333,35.9658333,3.0,3.54,"3km N of Little Lake, CA"
ci39762912,2021-01-20 16:31:58.950,-118.2716667,33.9186667,19.76,3.52,"2km W of Willowbrook, CA"
ci39762272,2021-01-20 00:18:51.360,-117.6241667,35.7998333,6.67,2.63,"20km W of Searles Valley, CA"
nc73513200,2021-01-19 04:22:20.290,-122.7175,38.4765,4.79,2.68,"3km NNW of Santa Rosa, CA"
nn00797981,2021-01-18 18:03:28.614,-117.7437,38.1899,10.2,2.5,"38 km SE of Mina, Nevada"
nn00797946,2021-01-18 13:30:51.067,-117.7393,38.1859,9.8,2.6,"39 km SE of Mina, Nevada"
ci39760416,2021-01-18 07:29:46.520,-117.4663333,35.9515,2.82,3.27,"21km NNW of Searles Valley, CA"
nn00797866,2021-01-18 05:00:53.692,-118.0699,38.1655,7.7,3.5,"25 km S of Mina, Nevada"
nc73512770,2021-01-18 01:12:47.830,-123.0815,39.0193333,1.38,2.8,"15km W of Lakeport, CA"
nn00797763,2021-01-17 09:20:10.196,-118.0672,38.1646,7.8,2.5,"25 km S of Mina, Nevada"
nc73512365,2021-01-17 04:06:03.950,-121.6086667,36.8658333,8.01,2.98,"4km SE of Aromas, CA"
nc71121489,2021-01-17 04:02:30.610,-122.735,38.7941667,1.57,2.69,"3km NE of The Geysers, CA"
nc73512355,2021-01-17 04:01:27.110,-121.6105,36.8673333,8.32,4.2,"4km SE of Aromas, CA"
ci39759456,2021-01-17 03:30:32.420,-118.0908333,36.1911667,0.96,3.36,"13km SW of Olancha, CA"
ci39759432,2021-01-17 03:14:49.720,-118.0923333,36.1875,1.52,3.75,"13km SW of Olancha, CA"
ci39759376,2021-01-17 02:49:08.800,-118.0938333,36.1876667,1.11,4.02,"13km SW of Olancha, CA"
nc73512235,2021-01-17 01:51:42.810,-121.6735,40.6106667,-1.59,2.79,"10km N of Viola, CA"
nn00797681,2021-01-16 23:28:04.441,-117.7779,39.4632,1.4,2.6,"61 km W of Austin, Nevada"
nc73511975,2021-01-16 10:38:27.030,-118.5443333,37.9088333,6.44,2.52,"40km NNE of Toms Place, CA"
nn00797581,2021-01-16 10:32:38.465,-118.0807,38.1744,3.4,2.5,"24 km S of Mina, Nevada"
nc73511870,2021-01-16 07:28:16.350,-118.5501667,37.9088333,7.47,2.68,"40km NNE of Toms Place, CA"
nc73511860,2021-01-16 07:16:02.120,-118.549,37.9091667,4.72,3.3,"40km NNE of Toms Place, CA"
nc73511825,2021-01-16 06:56:34.230,-118.5508333,37.9066667,8.05,2.76,"40km NNE of Toms Place, CA"
nc73511815,2021-01-16 06:55:28.100,-118.5516667,37.9086667,4.63,2.55,"40km NNE of Toms Place, CA"
nc73511800,2021-01-16 06:52:19.220,-118.5488333,37.9118333,6.27,2.96,"41km NNE of Toms Place, CA"
nc73511805,2021-01-16 06:52:00.740,-118.5475,37.9085,6.11,3.0,"40km NNE of Toms Place, CA"
nc73511755,2021-01-16 06:32:15.470,-118.5505,37.908,6.55,2.85,"40km NNE of Toms Place, CA"
nc73511750,2021-01-16 06:31:26.630,-118.5536667,37.9091667,4.89,2.55,"40km NNE of Toms Place, CA"
nc73511495,2021-01-15 22:50:15.560,-118.5456667,37.9103333,7.96,2.92,"40km NNE of Toms Place, CA"
nc73511455,2021-01-15 22:11:07.870,-118.5385,37.9106667,7.68,3.9,"41km NNE of Toms Place, CA"
nc73511395,2021-01-15 20:38:11.710,-118.5445,37.9103333,5.78,2.92,"41km NNE of Toms Place, CA"
nc73511365,2021-01-15 20:02:03.460,-118.541,37.9133333,8.71,2.87,"41km NNE of Toms Place, CA"
nc73511370,2021-01-15 20:01:47.380,-118.5448333,37.9095,6.12,2.86,"40km NNE of Toms Place, CA"
nn00797318,2021-01-15 15:45:45.458,-117.7391,38.1864,10.2,3.9,"39 km SE of Mina, Nevada"
nn00797299,2021-01-15 13:22:15.732,-118.0402,38.1385,3.3,2.7,"28 km SSE of Mina, Nevada"
nc73510910,2021-01-14 19:18:10.680,-122.0406667,37.9708333,15.24,3.63,"2km W of Concord, CA"
nc73510400,2021-01-13 10:00:18.040,-124.3805,40.2858333,20.2,2.56,"9km WSW of Petrolia, CA"
nc73510370,2021-01-13 08:26:31.150,-121.4776667,36.7693333,4.76,2.82,"10km SSE of San Juan Bautista, CA"
ci39755760,2021-01-13 08:21:30.830,-117.476,35.6588333,6.45,2.54,"14km SSW of Searles Valley, CA"
nc73509880,2021-01-12 03:25:08.460,-124.4038333,40.272,20.64,3.23,"12km WSW of Petrolia, CA"
nc73509325,2021-01-11 02:20:52.310,-120.172,39.4016667,9.81,2.63,"8km N of Truckee, CA"
nn00796759,2021-01-10 18:14:56.655,-118.5918,38.3814,5.4,2.6,"16 km S of Hawthorne, Nevada"
nn00796750,2021-01-10 17:47:52.729,-117.8995,38.1423,8.4,3.9,"33 km SSE of Mina, Nevada"
nn00796704,2021-01-10 09:55:21.028,-117.8623,38.1644,7.2,2.5,"33 km SE of Mina, Nevada"
ci39752864,2021-01-10 08:21:03.920,-115.6095,33.1778333,3.18,3.34,"11km WNW of Calipatria, CA"
ci39752760,2021-01-10 07:01:48.420,-115.6075,33.1763333,2.94,2.9,"10km WNW of Calipatria, CA"
nc73508780,2021-01-09 22:41:51.810,-121.2283333,36.6196667,5.42,2.51,"12km NW of Pinnacles, CA"
nc73508755,2021-01-09 21:26:05.970,-124.3585,40.356,19.18,2.85,"7km WNW of Petrolia, CA"
nn00796628,2021-01-09 17:30:54.408,-117.9724,38.1377,10.8,2.7,"30 km SSE of Mina, Nevada"
nn00796594,2021-01-09 09:34:06.234,-119.6581,40.0345,11.2,2.8,"10 km NNW of Sutcliffe, Nevada"
nn00796561,2021-01-09 04:12:49.054,-119.6386,40.03,8.9,2.6,"9 km NNW of Sutcliffe, Nevada"
nc73508380,2021-01-09 00:00:09.330,-119.7653333,36.3548333,24.67,2.75,"6km NNE of Lemoore, CA"
nn00796433,2021-01-08 03:39:31.690,-117.8513,38.1696,10.4,2.9,"33 km SE of Mina, Nevada"
nc73507880,2021-01-07 11:44:06.930,-121.7715,37.428,9.74,2.99,"8km NE of Alum Rock, CA"
ci39512023,2021-01-06 10:35:54.770,-117.8938333,35.3645,6.61,2.81,"24km W of Johannesburg, CA"
nc73507450,2021-01-06 07:43:43.170,-122.0395,37.9803333,15.98,2.64,"3km WNW of Concord, CA"
ci39511567,2021-01-05 17:19:40.530,-117.6126667,35.7871667,6.19,2.68,"19km W of Searles Valley, CA"
nc73507165,2021-01-05 10:15:42.830,-121.2338333,36.6221667,5.7,2.77,"13km NW of Pinnacles, CA"
nc73507050,2021-01-05 00:57:14.690,-122.5878333,38.3413333,7.13,2.58,"6km WSW of Glen Ellen, CA"
ci39510783,2021-01-04 18:16:26.440,-115.6018333,33.1808333,2.23,3.41,"10km SW of Niland, CA"
ci37463485,2021-01-04 18:05:30.460,-115.5928333,33.1935,2.68,3.45,"9km SW of Niland, CA"
ci39510719,2021-01-04 18:04:59.600,-115.595,33.1851667,2.24,3.95,"9km SW of Niland, CA"
ci37463493,2021-01-04 18:04:54.680,-115.5908333,33.185,2.2,3.07,"9km SW of Niland, CA"
ci39510663,2021-01-04 17:30:23.690,-117.4721667,35.6683333,7.71,2.8,"13km SSW of Searles Valley, CA"
nc73506865,2021-01-04 10:08:47.320,-121.0868333,35.7205,4.76,2.67,"13km NE of San Simeon, CA"
nc73506495,2021-01-03 09:16:50.450,-121.2321667,36.6188333,6.01,2.65,"12km NW of Pinnacles, CA"
nc73506425,2021-01-03 06:05:32.870,-121.219,36.6126667,7.56,2.6,"11km NW of Pinnacles, CA"
nc73506410,2021-01-03 05:21:59.970,-121.2076667,36.6005,5.98,3.36,"10km NW of Pinnacles, CA"
nc73506395,2021-01-03 04:33:15.280,-121.231,36.6201667,6.01,2.54,"13km NW of Pinnacles, CA"
ci39509727,2021-01-03 03:59:28.130,-117.607,35.6776667,4.24,2.63,"9km NE of Ridgecrest, CA"
ci39509719,2021-01-03 03:58:47.380,-117.606,35.679,4.52,2.78,"9km NE of Ridgecrest, CA"
nc73506355,2021-01-03 03:51:09.190,-121.2308333,36.6215,6.3,3.02,"13km NW of Pinnacles, CA"
nc73506345,2021-01-03 03:39:51.320,-120.0551667,39.5761667,2.56,2.69,"11km NW of Verdi-Mogul, NV"
nc73506320,2021-01-03 02:45:39.050,-121.2296667,36.6188333,6.17,2.54,"12km NW of Pinnacles, CA"
nc73506235,2021-01-02 23:34:32.000,-121.2245,36.6148333,6.43,2.63,"12km NW of Pinnacles, CA"
nc73506185,2021-01-02 21:31:41.310,-121.2285,36.6213333,6.37,2.62,"12km NW of Pinnacles, CA"
ci39509463,2021-01-02 18:56:55.640,-117.8951667,36.4998333,8.83,2.97,"18km ESE of Lone Pine, CA"
nn00795749,2021-01-02 17:07:03.048,-117.9631,38.1379,10.3,2.5,"30 km SSE of Mina, Nevada"
nc73506095,2021-01-02 15:41:29.750,-121.2096667,36.6058333,4.94,2.54,"10km NW of Pinnacles, CA"
nc73506045,2021-01-02 14:42:23.790,-121.2125,36.6085,6.32,4.32,"10km NW of Pinnacles, CA"
nc73506040,2021-01-02 14:36:36.420,-121.2156667,36.6083333,6.16,3.09,"11km NW of Pinnacles, CA"
ci39509183,2021-01-02 12:10:04.370,-117.8978333,36.5005,8.08,3.29,"18km ESE of Lone Pine, CA"
ci39508687,2021-01-01 15:58:03.260,-117.8431667,36.1305,2.65,2.71,"13km NE of Coso Junction, CA"
nc73505505,2021-01-01 12:10:18.770,-118.8736667,37.5533333,6.54,2.72,"13km SE of Mammoth Lakes, CA"
ci39508463,2021-01-01 06:01:02.000,-115.9246667,33.7446667,3.67,2.81,"23km ENE of Thermal, CA"
nn00795482,2020-12-31 22:37:30.850,-117.7702,38.1826,9.0,2.7,"37 km SE of Mina, Nevada"
nc73505195,2020-12-31 15:20:58.020,-118.8443333,37.6118333,5.85,2.91,"12km ESE of Mammoth Lakes, CA"
nc73505175,2020-12-31 13:41:59.040,-122.5936667,37.7995,12.99,3.33,"7km S of Muir Beach, CA"
nc73505115,2020-12-31 09:44:58.010,-122.3431667,37.9625,4.88,2.6,"0km E of San Pablo, CA"
nn00795433,2020-12-31 07:45:08.633,-115.311,37.5353,10.5,2.5,"10 km SW of Hiko, Nevada"
nc73504795,2020-12-31 04:22:03.380,-122.8231667,38.8388333,2.27,3.63,"9km WNW of Cobb, CA"
nc73504600,2020-12-30 17:45:57.540,-118.5513333,37.9055,2.34,2.65,"40km NNE of Toms Place, CA"
ci39507071,2020-12-30 14:58:56.130,-115.4491667,32.7845,13.68,2.56,"7km WSW of Holtville, CA"
nc73504435,2020-12-30 08:44:48.960,-121.2063333,36.603,6.18,2.64,"10km NW of Pinnacles, CA"
nc73504420,2020-12-30 08:30:22.090,-121.2088333,36.605,5.98,3.1,"10km NW of Pinnacles, CA"
nc73504360,2020-12-30 04:26:30.420,-122.1411667,37.3543333,6.48,2.8,"3km S of Los Altos Hills, CA"
nc73504280,2020-12-30 00:14:50.960,-121.2086667,36.6066667,6.37,2.73,"10km NW of Pinnacles, CA"
nc73504275,2020-12-30 00:14:35.140,-122.7683333,38.7868333,1.46,2.69,"2km NW of The Geysers, CA"
nc73504005,2020-12-29 02:39:19.910,-123.3123333,40.7973333,25.97,2.5,"29km NNW of Hayfork, CA"
nc73503950,2020-12-28 22:10:53.800,-120.8745,39.9711667,3.26,2.51,"5km NNE of East Quincy, CA"
ci39505847,2020-12-28 12:40:01.940,-118.632,35.1838333,6.91,2.52,"18km WNW of Tehachapi, CA"
nc73503625,2020-12-28 02:13:44.070,-118.8768333,37.5191667,4.92,2.66,"16km SE of Mammoth Lakes, CA"
nc73503535,2020-12-27 19:05:47.530,-121.5748333,36.8441667,3.98,3.19,"3km W of San Juan Bautista, CA"
nc73503450,2020-12-27 14:44:40.090,-122.0176667,39.5058333,26.35,3.86,"15km E of Willows, CA"
nn00794908,2020-12-27 07:36:17.645,-117.8781,38.1485,9.4,2.6,"33 km SE of Mina, Nevada"
nc73503305,2020-12-27 05:50:31.260,-118.7363333,38.0408333,4.62,3.45,"31km SE of Bodie, CA"
nn00794869,2020-12-27 04:37:33.061,-116.3043,37.1333,9.5,2.5,"47 km ENE of Beatty, Nevada"
nn00794857,2020-12-27 04:17:10.681,-117.7351,37.5355,11.3,3.4,"25 km SSW of Silver Peak, Nevada"
ci39505103,2020-12-27 04:05:37.240,-118.2883333,35.4886667,2.7,3.5,"22km ESE of Bodfish, CA"
nn00794835,2020-12-26 22:57:42.054,-118.0066,38.1305,1.8,2.5,"30 km SSE of Mina, Nevada"
nc73503145,2020-12-26 22:07:30.860,-121.9726667,38.0335,8.33,2.62,"1km WNW of Bay Point, CA"
nn00794812,2020-12-26 20:27:46.601,-118.0883,38.1512,7.6,2.8,"26 km S of Mina, Nevada"
nc73503020,2020-12-26 10:57:57.450,-121.6583333,37.2863333,6.35,2.58,"16km E of Seven Trees, CA"
nc73502965,2020-12-26 08:47:00.670,-118.8855,37.6375,3.21,2.64,"8km E of Mammoth Lakes, CA"
nc73502910,2020-12-26 05:54:55.850,-120.1753333,39.2513333,-2.3,3.0,"9km S of Truckee, CA"
ci39504023,2020-12-25 20:25:59.070,-115.9211667,33.7473333,3.68,3.64,"23km ENE of Thermal, CA"
ci39503855,2020-12-25 16:42:04.600,-117.8598333,33.851,6.82,2.71,"2km SSE of Placentia, CA"
ci39503791,2020-12-25 15:22:04.470,-116.7301667,33.6501667,15.32,2.59,"10km S of Idyllwild, CA"
nc73502605,2020-12-25 11:55:34.180,-124.4058333,40.2606667,20.03,2.91,"12km SW of Petrolia, CA"
nc73502585,2020-12-25 10:48:47.130,-122.766,38.7976667,1.27,2.78,"2km NNW of The Geysers, CA"
nc73502035,2020-12-24 00:22:04.800,-121.5741667,36.844,3.71,2.74,"3km W of San Juan Bautista, CA"
ci39501911,2020-12-23 12:52:49.480,-117.464,35.607,6.48,2.73,"19km SSW of Searles Valley, CA"
nn00794212,2020-12-22 16:37:28.468,-118.1047,38.1449,1.2,2.6,"27 km S of Mina, Nevada"
nc73501535,2020-12-22 12:26:28.980,-118.9393333,37.5106667,6.94,2.89,"14km SSE of Mammoth Lakes, CA"
ci39500703,2020-12-22 07:38:15.460,-117.9221667,34.4573333,7.83,2.76,"6km SSW of Pearblossom, CA"
nc73501420,2020-12-22 06:12:53.050,-118.773,37.4785,13.27,2.85,"12km SW of Toms Place, CA"
nc73500900,2020-12-20 23:18:42.840,-119.8003333,36.7328333,27.47,2.63,"5km ENE of West Park, CA"
nn00793883,2020-12-20 22:24:16.793,-119.0761,39.5776,6.2,2.5,"15 km ESE of Fernley, Nevada"
nn00793828,2020-12-20 18:41:43.267,-118.1021,38.1539,5.4,2.7,"26 km S of Mina, Nevada"
nn00793757,2020-12-20 10:26:54.771,-117.8822,38.1856,7.6,2.9,"30 km SE of Mina, Nevada"
nc73500430,2020-12-19 18:40:10.630,-120.7705,36.1935,7.73,2.9,"23km NNE of San Ardo, CA"
nn00793590,2020-12-19 17:45:54.652,-118.0977,38.1577,4.8,2.6,"25 km S of Mina, Nevada"
nn00793585,2020-12-19 17:43:19.155,-118.1007,38.1563,4.8,3.0,"26 km S of Mina, Nevada"
nn00793499,2020-12-19 07:38:03.158,-117.8593,38.1652,7.5,2.5,"33 km SE of Mina, Nevada"
ci39497079,2020-12-18 18:57:12.620,-117.8928333,36.2081667,1.93,2.85,"13km SE of Olancha, CA"
nc73499875,2020-12-18 16:13:42.360,-124.2291667,40.4311667,25.76,3.97,"13km NNE of Petrolia, CA"
nn00793362,2020-12-18 15:01:21.884,-117.8607,38.1635,7.8,2.6,"33 km SE of Mina, Nevada"
us7000cs28,2020-12-18 07:26:44.744,-117.4674,41.099,10.0,2.5,"16 km N of Golconda, Nevada"
ci39496207,2020-12-17 16:34:59.380,-117.8958333,36.2058333,2.16,2.57,"13km SE of Olancha, CA"
nn00793161,2020-12-17 09:31:01.088,-118.0947,38.1517,6.7,3.1,"26 km S of Mina, Nevada"
ci39495743,2020-12-17 05:41:02.510,-117.8933333,36.2068333,2.11,2.75,"13km SE of Olancha, CA"
nn00793096,2020-12-17 01:50:12.143,-118.0877,38.1536,7.5,2.5,"26 km S of Mina, Nevada"
nn00793018,2020-12-16 19:19:45.212,-118.0742,38.1478,5.2,2.8,"27 km S of Mina, Nevada"
nc73498630,2020-12-16 07:33:44.340,-118.8796667,37.6348333,5.43,2.53,"9km E of Mammoth Lakes, CA"
nn00792777,2020-12-16 00:51:44.758,-118.0831,38.1556,8.3,2.6,"26 km S of Mina, Nevada"
nc73498140,2020-12-15 14:59:41.220,-121.5483333,37.1608333,3.85,3.54,"10km ENE of Morgan Hill, CA"
nc73498145,2020-12-15 14:58:40.020,-121.5493333,37.1605,4.34,3.68,"10km ENE of Morgan Hill, CA"
nn00792602,2020-12-15 13:43:45.059,-118.0767,38.1449,5.0,2.5,"27 km S of Mina, Nevada"
nn00792567,2020-12-15 11:55:35.606,-118.0534,38.1744,4.9,2.6,"24 km SSE of Mina, Nevada"
nn00792496,2020-12-15 07:37:33.189,-118.1018,38.1627,4.7,3.3,"25 km S of Mina, Nevada"
nn00792442,2020-12-15 05:54:42.533,-118.0907,38.1673,4.7,3.3,California-Nevada border region
nn00792430,2020-12-15 05:41:36.358,-118.0754,38.1478,5.1,3.6,"27 km S of Mina, Nevada"
nn00792265,2020-12-15 00:35:22.346,-117.942,38.1598,10.8,4.3,"29 km SSE of Mina, Nevada"
nn00792258,2020-12-15 00:29:22.083,-118.1006,38.1594,4.7,2.7,"25 km S of Mina, Nevada"
nn00792238,2020-12-14 23:23:50.032,-118.0682,38.1743,6.8,3.1,"24 km S of Mina, Nevada"
nn00792248,2020-12-14 23:23:44.259,-118.0927,38.1654,3.5,2.9,"25 km S of Mina, Nevada"
nn00792206,2020-12-14 22:24:23.292,-118.1087,38.1518,4.6,2.8,"26 km S of Mina, Nevada"
nn00792158,2020-12-14 21:20:10.831,-118.1231,38.1554,5.2,4.7,"26 km S of Mina, Nevada"
nc73497720,2020-12-14 20:33:18.090,-120.7151667,39.928,0.11,2.55,"4km NE of Greenhorn, CA"
ci37308332,2020-12-14 18:01:55.300,-118.894,34.548,21.18,2.83,"17km N of Fillmore, CA"
ci39729840,2020-12-14 18:01:42.440,-118.8973333,34.5443333,19.42,2.81,"16km N of Fillmore, CA"
nn00792012,2020-12-14 04:36:42.994,-117.8824,38.1499,10.4,2.5,"33 km SE of Mina, Nevada"
nn00791882,2020-12-13 12:10:52.623,-117.8848,38.147,9.5,2.5,"33 km SE of Mina, Nevada"
nc73497300,2020-12-13 10:37:24.410,-118.846,37.4721667,5.54,2.83,"18km SW of Toms Place, CA"
nc73497120,2020-12-13 01:11:51.490,-122.799,38.8045,2.77,2.72,"5km NW of The Geysers, CA"
nc73497020,2020-12-12 19:20:12.790,-123.7551667,39.9101667,5.74,3.02,"20km NNE of Rockport, CA"
nn00791523,2020-12-12 09:56:10.066,-118.0855,38.1526,7.8,3.1,"26 km S of Mina, Nevada"
nn00791517,2020-12-12 08:56:41.841,-118.0891,38.1545,6.6,3.1,"26 km S of Mina, Nevada"
nn00792111,2020-12-12 08:33:11.651,-118.1007,38.1398,6.8,2.6,"27 km S of Mina, Nevada"
nn00791462,2020-12-12 08:25:01.979,-118.1032,38.145,6.8,3.9,"27 km S of Mina, Nevada"
nn00791440,2020-12-12 07:52:59.110,-118.0928,38.1604,5.0,3.7,"25 km S of Mina, Nevada"
nn00791435,2020-12-12 07:50:52.930,-118.1008,38.1497,6.4,4.9,"26 km S of Mina, Nevada"
nn00791411,2020-12-12 04:06:43.693,-118.0894,38.1633,3.9,2.6,"25 km S of Mina, Nevada"
nn00791335,2020-12-11 18:36:43.906,-117.7587,38.1859,10.6,2.7,"38 km SE of Mina, Nevada"
nc73496370,2020-12-11 07:24:34.300,-123.253,39.3706667,6.84,2.76,"10km ESE of Willits, CA"
nn00791186,2020-12-11 03:09:03.181,-118.0732,38.1283,3.7,2.8,"29 km S of Mina, Nevada"
nn00791153,2020-12-11 00:50:44.391,-118.0712,38.1643,7.7,2.7,"25 km S of Mina, Nevada"
nn00791125,2020-12-10 22:23:56.159,-118.0825,38.1708,4.1,2.6,"24 km S of Mina, Nevada"
nn00791087,2020-12-10 16:28:01.460,-117.7888,38.1826,10.5,3.0,"36 km SE of Mina, Nevada"
nc73496000,2020-12-10 10:07:39.660,-122.2646667,41.9726667,11.81,2.63,"25km ENE of Hornbrook, CA"
nc73495525,2020-12-09 10:14:47.120,-123.0615,39.028,3.08,2.62,"13km W of Lakeport, CA"
ci39488695,2020-12-08 22:37:42.200,-117.9991667,36.437,4.37,2.62,"17km N of Olancha, CA"
ci39488679,2020-12-08 22:31:13.340,-117.998,36.43,2.53,2.74,"16km N of Olancha, CA"
nn00790725,2020-12-08 18:38:37.413,-118.0845,38.1688,3.5,2.5,"24 km S of Mina, Nevada"
nn00790706,2020-12-08 17:48:21.835,-118.0854,38.157,7.1,3.1,"25 km S of Mina, Nevada"
nc73495190,2020-12-08 13:00:06.930,-120.843,35.5056667,4.1,2.52,"8km NNE of Cayucos, CA"
nc73495050,2020-12-08 03:38:41.660,-120.8455,35.5058333,4.0,2.6,"8km NNE of Cayucos, CA"
nn00790525,2020-12-07 19:21:15.475,-117.8612,38.1628,5.7,2.5,"33 km SE of Mina, Nevada"
nn00790459,2020-12-07 11:05:06.296,-118.0855,38.167,4.6,2.6,"24 km S of Mina, Nevada"
nn00790418,2020-12-07 08:31:17.123,-117.8765,38.178,8.7,3.5,"31 km SE of Mina, Nevada"
ci39487231,2020-12-07 03:58:09.560,-115.5841667,33.0455,12.9,3.33,"4km ENE of Westmorland, CA"
ci39487087,2020-12-07 00:24:47.200,-117.7008333,35.8835,2.62,3.07,"20km ESE of Little Lake, CA"
nn00790309,2020-12-06 21:19:16.230,-118.0663,38.1658,6.0,2.6,"25 km S of Mina, Nevada"
nn00790301,2020-12-06 20:40:21.115,-117.7469,38.1848,10.7,3.0,"39 km SE of Mina, Nevada"
nc73494460,2020-12-06 16:34:15.100,-124.3683333,40.2833333,19.93,2.74,"8km WSW of Petrolia, CA"
ci39486671,2020-12-06 15:17:53.130,-116.6693333,33.237,9.2,3.62,"6km SSW of Warner Springs, CA"
nn00790273,2020-12-06 15:14:18.230,-117.8379,38.168,3.1,2.6,"34 km SE of Mina, Nevada"
nc73494405,2020-12-06 15:03:33.260,-123.0671667,39.0376667,4.95,4.39,"13km W of Lakeport, CA"
nn00790190,2020-12-06 12:12:21.403,-118.0569,38.1789,3.4,2.6,"23 km S of Mina, Nevada"
ci39486375,2020-12-06 06:21:34.000,-118.192,33.9826667,13.6,2.52,"1km NW of Bell, CA"
nn00790075,2020-12-06 01:35:46.906,-118.0904,38.1609,4.7,2.7,"25 km S of Mina, Nevada"
nn00790036,2020-12-05 23:46:51.638,-118.0525,38.1681,6.8,2.8,"25 km SSE of Mina, Nevada"
ci39486175,2020-12-05 23:44:24.740,-116.7116667,34.9645,9.22,2.65,"29km ENE of Barstow, CA"
nn00789921,2020-12-05 16:06:49.676,-118.1052,38.1449,5.6,3.2,"27 km S of Mina, Nevada"
ci39485839,2020-12-05 13:48:12.370,-117.29,32.5916667,15.71,3.25,"14km SW of Coronado, CA"
nn00789874,2020-12-05 13:18:27.732,-118.0544,38.1623,6.4,2.6,California-Nevada border region
nn00789846,2020-12-05 11:25:44.280,-117.7536,38.1904,9.6,2.5,"38 km SE of Mina, Nevada"
ci39485527,2020-12-05 05:41:29.460,-116.9311667,33.4211667,8.08,3.55,"7km WSW of Aguanga, CA"
nn00789715,2020-12-05 04:16:15.535,-117.8578,38.1632,5.4,2.6,Nevada
nc73493750,2020-12-05 02:37:11.400,-124.1733333,40.6308333,23.81,2.86,"4km NNW of Fortuna, CA"
nn00789615,2020-12-04 22:41:15.891,-117.9923,38.1485,7.9,3.1,"28 km SSE of Mina, Nevada"
nn00789493,2020-12-04 18:10:27.454,-118.0616,38.1744,3.8,3.2,"24 km S of Mina, Nevada"
nn00789450,2020-12-04 16:09:50.072,-117.8843,38.1685,8.9,2.7,"31 km SE of Mina, Nevada"
nn00789385,2020-12-04 13:50:48.223,-118.08,38.1593,7.2,3.0,"25 km S of Mina, Nevada"
ci39484863,2020-12-04 11:54:22.740,-116.8011667,33.4791667,3.9,2.85,"7km NE of Aguanga, CA"
nc73493085,2020-12-04 10:48:50.160,-122.8108333,38.8135,3.76,2.99,"6km NW of The Geysers, CA"
nc73493050,2020-12-04 10:45:06.480,-122.8088333,38.82,2.59,3.71,"7km NW of The Geysers, CA"
nn00789310,2020-12-04 09:32:22.880,-117.9424,38.1541,11.7,2.7,"30 km SSE of Mina, Nevada"
nn00789267,2020-12-04 08:27:03.657,-117.8608,38.167,8.4,2.9,"32 km SE of Mina, Nevada"
nc73492895,2020-12-04 03:18:25.150,-121.4511667,36.7416667,7.58,3.17,"11km SW of Ridgemark, CA"
nn00789093,2020-12-04 00:15:37.783,-118.081,38.1662,4.9,2.9,"25 km S of Mina, Nevada"
nn00789036,2020-12-03 21:56:39.629,-118.0711,38.1676,4.1,2.9,"24 km S of Mina, Nevada"
nn00789033,2020-12-03 21:55:54.935,-118.0608,38.1731,5.0,2.6,"24 km S of Mina, Nevada"
ci39484199,2020-12-03 19:11:50.420,-116.8525,34.087,2.57,2.55,"18km N of Banning, CA"
nn00788834,2020-12-03 13:45:49.176,-118.0825,38.1725,3.8,3.2,"24 km S of Mina, Nevada"
nn00788827,2020-12-03 13:41:30.727,-118.0797,38.17,4.5,3.2,"24 km S of Mina, Nevada"
nn00788771,2020-12-03 12:27:13.367,-117.9438,38.1529,10.7,2.5,"30 km SSE of Mina, Nevada"
nn00788710,2020-12-03 10:12:41.210,-118.0835,38.168,4.7,2.8,"24 km S of Mina, Nevada"
nn00788703,2020-12-03 10:10:02.367,-118.0568,38.1716,5.2,3.0,"24 km S of Mina, Nevada"
nn00789631,2020-12-03 07:45:39.425,-118.0802,38.1599,6.9,2.5,"25 km S of Mina, Nevada"
nn00790910,2020-12-03 07:17:22.179,-117.852,38.1639,7.4,2.5,"33 km SE of Mina, Nevada"
nn00789064,2020-12-03 07:17:13.800,-117.8517,38.1656,7.9,2.5,"33 km SE of Mina, Nevada"
nn00788538,2020-12-03 06:42:20.173,-118.0886,38.1664,4.5,2.6,"24 km S of Mina, Nevada"
nc73492440,2020-12-03 06:31:45.470,-123.069,39.035,4.25,2.83,"13km W of Lakeport, CA"
nn00788513,2020-12-03 06:22:55.013,-118.0828,38.1681,5.3,2.7,"24 km S of Mina, Nevada"
nn00788491,2020-12-03 05:54:23.525,-118.0527,38.1721,6.6,2.8,"24 km SSE of Mina, Nevada"
nn00788462,2020-12-03 05:30:33.234,-118.091,38.1631,5.5,2.5,"25 km S of Mina, Nevada"
nn00788457,2020-12-03 05:23:49.773,-118.0906,38.1523,7.0,3.2,"26 km S of Mina, Nevada"
nn00788443,2020-12-03 05:15:29.993,-118.0654,38.175,5.0,4.9,"24 km S of Mina, Nevada"
nn00788382,2020-12-03 03:19:42.963,-117.8554,38.1641,6.5,3.0,"33 km SE of Mina, Nevada"
nn00788378,2020-12-03 03:18:10.464,-117.858,38.1654,4.6,4.0,"33 km SE of Mina, Nevada"
nn00788166,2020-12-02 19:22:22.845,-118.0852,38.1677,4.3,2.5,"24 km S of Mina, Nevada"
nn00788098,2020-12-02 17:27:50.824,-118.0667,38.17,6.1,2.9,"24 km S of Mina, Nevada"
nn00788096,2020-12-02 17:27:21.096,-118.0525,38.1391,2.4,2.5,"28 km S of Mina, Nevada"
nn00788046,2020-12-02 16:08:29.013,-118.0826,38.1653,4.2,3.9,"25 km S of Mina, Nevada"
nn00787962,2020-12-02 14:07:12.292,-118.0758,38.1761,4.4,3.3,"23 km S of Mina, Nevada"
nn00787895,2020-12-02 12:53:13.966,-118.0923,38.1646,4.5,2.6,"25 km S of Mina, Nevada"
nn00787796,2020-12-02 10:42:39.198,-118.0616,38.1693,6.5,2.6,"24 km S of Mina, Nevada"
nn00787789,2020-12-02 10:41:01.738,-118.0796,38.1722,4.1,3.7,"24 km S of Mina, Nevada"
nn00787783,2020-12-02 10:36:53.513,-118.0838,38.1707,3.4,3.2,"24 km S of Mina, Nevada"
nn00787744,2020-12-02 09:55:00.132,-118.0838,38.1662,4.2,3.0,"24 km S of Mina, Nevada"
nn00787721,2020-12-02 09:35:01.151,-118.0787,38.1708,4.6,3.0,"24 km S of Mina, Nevada"
nn00787644,2020-12-02 07:53:08.208,-118.0699,38.1714,4.2,2.5,"24 km S of Mina, Nevada"
nn00787636,2020-12-02 07:44:32.648,-118.0789,38.1714,4.3,3.2,"24 km S of Mina, Nevada"
nn00787613,2020-12-02 07:00:18.892,-118.0826,38.1693,3.6,2.5,"24 km S of Mina, Nevada"
ci39482631,2020-12-02 06:42:46.700,-115.7328333,33.1856667,3.3,2.51,"18km S of Bombay Beach, CA"
nn00787562,2020-12-02 06:08:22.402,-118.0902,38.1653,4.5,3.6,"25 km S of Mina, Nevada"
nn00787546,2020-12-02 05:59:29.478,-118.0772,38.1642,8.0,2.7,"25 km S of Mina, Nevada"
nn00787532,2020-12-02 05:46:50.420,-118.0816,38.1727,4.7,2.8,"24 km S of Mina, Nevada"
nn00787522,2020-12-02 05:35:35.479,-118.0903,38.1698,3.8,2.7,"24 km S of Mina, Nevada"
nn00787479,2020-12-02 04:49:28.774,-118.0711,38.1692,4.1,4.4,"24 km S of Mina, Nevada"
nn00787419,2020-12-02 03:49:15.026,-118.0901,38.167,4.2,3.6,"24 km S of Mina, Nevada"
nn00787407,2020-12-02 03:40:25.399,-118.0599,38.1744,4.2,2.8,"24 km S of Mina, Nevada"
nn00787392,2020-12-02 03:24:27.767,-118.0611,38.1756,4.5,2.6,"24 km S of Mina, Nevada"
nn00787389,2020-12-02 03:22:40.129,-118.0658,38.1668,6.6,2.5,"25 km S of Mina, Nevada"
nn00787357,2020-12-02 02:56:03.445,-118.0731,38.1711,4.0,2.9,California-Nevada border region
nn00787355,2020-12-02 02:55:54.748,-118.0733,38.1711,4.3,2.5,"24 km S of Mina, Nevada"
nn00787350,2020-12-02 02:52:40.201,-118.0987,38.1589,4.2,3.3,"25 km S of Mina, Nevada"
us7000clw7,2020-12-02 02:42:04.127,-118.0729,38.1657,9.85,2.6,"25 km S of Mina, Nevada"
nn00787319,2020-12-02 02:28:30.081,-118.0962,38.1632,3.8,2.7,"25 km S of Mina, Nevada"
nn00787317,2020-12-02 02:27:29.587,-118.082,38.1697,3.8,2.5,"24 km S of Mina, Nevada"
us7000clvy,2020-12-02 02:24:00.000,-118.0867,38.1674,4.76,4.3,California-Nevada border region
nn00787309,2020-12-02 02:23:45.029,-118.0725,38.1754,4.3,4.4,"24 km S of Mina, Nevada"
nn00787219,2020-12-02 01:05:18.935,-118.067,38.1677,7.5,2.8,"24 km S of Mina, Nevada"
nn00787206,2020-12-02 00:46:15.840,-118.0611,38.1695,7.0,3.0,"24 km S of Mina, Nevada"
nn00787182,2020-12-02 00:29:33.499,-118.0519,38.1742,7.8,3.2,"24 km SSE of Mina, Nevada"
nn00787133,2020-12-01 23:47:05.591,-118.0813,38.1675,5.6,4.3,"24 km S of Mina, Nevada"
nn00787124,2020-12-01 23:43:08.516,-118.0703,38.1727,4.8,4.3,"24 km S of Mina, Nevada"
nn00787121,2020-12-01 23:41:01.881,-118.0632,38.1629,7.3,2.7,"25 km S of Mina, Nevada"
nn00787116,2020-12-01 23:39:55.064,-118.0504,38.1722,8.0,3.2,"24 km SSE of Mina, Nevada"
nn00787110,2020-12-01 23:35:42.457,-118.0844,38.1638,4.7,3.1,"25 km S of Mina, Nevada"
nn00787105,2020-12-01 23:32:56.573,-118.0837,38.1637,5.0,5.1,"25 km S of Mina, Nevada"
nn00787095,2020-12-01 23:12:08.016,-118.0705,38.1697,5.6,2.5,"24 km S of Mina, Nevada"
nn00787091,2020-12-01 23:10:47.074,-119.3708,39.4724,13.1,3.8,"10 km N of Stagecoach, Nevada"
nn00787057,2020-12-01 17:53:27.894,-118.0711,38.168,5.7,2.5,"24 km S of Mina, Nevada"
ci39481535,2020-12-01 05:13:05.200,-118.8325,35.0788333,2.99,2.55,"14km S of Arvin, CA"
nc73491170,2020-12-01 04:15:12.630,-118.7523333,38.0508333,8.11,3.06,"29km SE of Bodie, CA"
ci39481463,2020-12-01 01:54:49.480,-117.4676667,35.6508333,8.57,3.2,"14km SSW of Searles Valley, CA"
nc73491090,2020-12-01 01:06:20.530,-123.3905,39.1626667,4.56,2.92,"16km W of Ukiah, CA"
nn00786871,2020-11-30 19:28:56.667,-117.887,38.1424,9.0,2.6,Nevada
nn00786862,2020-11-30 19:04:48.635,-118.2711,38.0737,5.3,2.9,"33 km NNE of Benton, California"
nn00786813,2020-11-30 11:51:23.914,-117.9888,38.1497,10.6,3.0,"28 km SSE of Mina, Nevada"
nn00786798,2020-11-30 11:03:32.030,-118.2593,38.0709,7.2,2.6,"33 km NE of Benton, California"
nn00786787,2020-11-30 10:25:26.573,-118.2607,38.0726,8.0,3.0,"33 km NE of Benton, California"
nc73489061,2020-11-30 04:54:06.860,-118.7781667,37.4986667,5.02,2.7,"11km SW of Toms Place, CA"
ci39480223,2020-11-29 22:29:48.320,-117.5533333,35.7128333,7.23,3.09,"15km WSW of Searles Valley, CA"
nn00786504,2020-11-28 11:05:47.023,-117.8866,38.1459,7.9,2.5,"33 km SE of Mina, Nevada"
ci39478847,2020-11-28 03:15:07.260,-116.3401667,34.8595,5.24,2.56,"22km NW of Ludlow, CA"
ci39478751,2020-11-28 00:56:56.550,-117.2418333,34.0465,14.98,2.91,"2km E of Loma Linda, CA"
ci39478599,2020-11-27 21:57:03.270,-116.4943333,33.046,6.7,2.78,"11km ESE of Julian, CA"
ci39477815,2020-11-26 22:59:57.630,-115.605,33.174,10.03,3.56,"10km WNW of Calipatria, CA"
ci39477743,2020-11-26 20:53:05.760,-118.8323333,35.0813333,3.12,2.93,"14km S of Arvin, CA"
ci39477655,2020-11-26 16:52:39.070,-117.9625,34.4638333,7.16,3.1,"7km SSE of Littlerock, CA"
nc73487351,2020-11-26 09:50:30.460,-118.741,38.0511667,-0.74,3.37,"30km SE of Bodie, CA"
nn00786230,2020-11-25 21:25:56.864,-117.8651,38.163,4.6,2.6,"33 km SE of Mina, Nevada"
ci39476919,2020-11-25 19:05:11.180,-116.7998333,33.4791667,3.43,2.8,"7km NE of Aguanga, CA"
nn00786014,2020-11-24 09:23:59.347,-117.8219,38.1728,6.3,3.0,"34 km SE of Mina, Nevada"
nn00786004,2020-11-24 07:56:22.501,-117.8433,38.1724,6.6,3.1,"33 km SE of Mina, Nevada"
nn00785936,2020-11-23 20:09:25.121,-118.0723,38.1667,4.7,2.7,"25 km S of Mina, Nevada"
nc73486216,2020-11-23 14:09:06.030,-118.7403333,37.7245,13.28,2.9,"19km NNW of Toms Place, CA"
nc73485976,2020-11-23 03:25:37.330,-118.7495,38.0528333,1.99,2.83,"29km SE of Bodie, CA"
nn00785639,2020-11-22 01:35:02.172,-117.8895,38.1759,10.5,3.8,"30 km SE of Mina, Nevada"
nc73485241,2020-11-21 12:49:37.040,-119.4056667,37.631,13.61,2.55,"20km SE of Yosemite Valley, CA"
nn00785492,2020-11-21 05:12:23.152,-117.8315,38.1603,9.0,2.6,"35 km SE of Mina, Nevada"
nn00785488,2020-11-21 05:01:19.194,-117.7975,38.1745,7.0,2.9,"36 km SE of Mina, Nevada"
ci39472135,2020-11-20 23:35:08.130,-117.1668333,33.9965,9.39,2.62,"7km SSE of Redlands, CA"
nc73484926,2020-11-20 19:50:37.700,-122.7235,38.7896667,1.9,2.9,"3km ENE of The Geysers, CA"
nn00785349,2020-11-20 10:10:05.966,-117.8015,38.1746,7.4,4.0,"36 km SE of Mina, Nevada"
ci39471319,2020-11-20 06:55:29.580,-116.3825,33.4173333,14.04,2.52,"18km N of Borrego Springs, CA"
nn00785309,2020-11-20 05:22:38.323,-117.9602,38.1511,10.7,2.6,"29 km SSE of Mina, Nevada"
nc73484551,2020-11-20 01:20:52.840,-124.0076667,40.5925,22.94,2.65,"9km ENE of Hydesville, CA"
ci39470639,2020-11-19 18:22:23.790,-118.8268333,35.081,2.71,3.06,"14km S of Arvin, CA"
nc73484346,2020-11-19 15:46:49.230,-118.931,37.638,5.79,2.93,"4km E of Mammoth Lakes, CA"
nn00785110,2020-11-19 10:35:14.149,-117.868,38.1593,5.2,2.5,"33 km SE of Mina, Nevada"
nn00785058,2020-11-19 04:10:29.148,-118.0031,38.141,10.5,2.6,"29 km SSE of Mina, Nevada"
nn00785009,2020-11-18 21:42:16.894,-117.8499,38.1661,8.3,2.6,"34 km SE of Mina, NV"
nn00784961,2020-11-18 12:53:43.147,-117.8315,38.1781,6.8,2.7,"34 km SE of Mina, NV"
ci39469159,2020-11-18 12:09:07.490,-115.5956667,33.0736667,11.2,2.95,"5km NNE of Westmorland, CA"
nn00784999,2020-11-18 04:02:22.931,-116.3082,41.0032,3.1,2.7,"36 km NNW of Carlin, NV"
ci39468407,2020-11-17 17:32:32.690,-116.3401667,34.8618333,5.26,3.51,"23km NW of Ludlow, CA"
nc73483376,2020-11-17 16:22:57.820,-122.8066667,38.798,2.3,2.79,"5km WNW of The Geysers, CA"
ci39467983,2020-11-17 07:19:21.210,-116.7215,34.0711667,5.33,3.47,"13km WNW of Morongo Valley, CA"
nc73483136,2020-11-17 00:30:28.970,-119.3903333,37.6401667,11.65,2.54,"20km SE of Yosemite Valley, CA"
nn00784716,2020-11-16 22:44:07.717,-118.2234,38.1088,6.4,2.9,"33 km SSW of Mina, NV"
nn00784615,2020-11-16 13:52:23.067,-117.7507,38.1873,10.8,3.2,"39 km SE of Mina, NV"
ci39466903,2020-11-16 10:56:22.320,-117.7236667,35.8881667,7.67,3.59,"17km ESE of Little Lake, CA"
ci39466855,2020-11-16 09:28:01.580,-117.2331667,34.0433333,15.06,3.41,"3km ESE of Loma Linda, CA"
nn00784475,2020-11-16 04:43:08.432,-117.7482,38.1894,10.6,3.6,"39 km SE of Mina, NV"
nn00784390,2020-11-16 00:46:39.276,-117.8617,38.1669,4.4,3.0,"33 km SE of Mina, NV"
nc73482516,2020-11-15 15:20:58.850,-118.8283333,37.5345,9.46,2.88,"13km WSW of Toms Place, CA"
nn00784171,2020-11-15 09:17:28.136,-117.8508,38.1649,6.3,2.9,"34 km SE of Mina, NV"
nn00784132,2020-11-15 07:51:01.088,-117.7347,38.1938,9.6,2.5,"39 km SE of Mina, NV"
nn00784125,2020-11-15 07:30:32.280,-117.8675,38.1639,4.6,2.9,"33 km SE of Mina, NV"
nn00783990,2020-11-15 00:06:02.138,-117.8624,38.1604,6.3,2.7,"33 km SE of Mina, NV"
nn00783927,2020-11-14 19:57:36.930,-117.8485,38.1661,8.1,2.9,"33 km SE of Mina, Nevada"
nn00783856,2020-11-14 15:07:33.127,-117.7505,38.1849,10.7,3.0,"38 km SE of Mina, Nevada"
nn00783788,2020-11-14 12:42:37.140,-117.8673,38.1626,5.2,3.4,"32 km SE of Mina, Nevada"
nn00783776,2020-11-14 12:09:15.898,-117.7337,38.1947,8.6,2.5,"39 km ESE of Mina, Nevada"
nn00783735,2020-11-14 11:07:06.323,-117.8641,38.1658,5.3,2.8,"32 km SE of Mina, Nevada"
nn00783680,2020-11-14 08:59:33.621,-117.7809,38.1755,9.8,2.9,"37 km SE of Mina, Nevada"
nn00783651,2020-11-14 07:10:01.958,-117.8213,38.1694,6.1,2.8,"35 km SE of Mina, Nevada"
nn00783599,2020-11-14 04:46:26.713,-117.7449,38.1975,10.6,2.5,"38 km SE of Mina, Nevada"
nn00783549,2020-11-14 02:33:04.260,-117.8679,38.1621,4.8,2.7,"32 km SE of Mina, Nevada"
nn00783439,2020-11-13 22:08:02.644,-117.8558,38.1662,5.6,3.2,"33 km SE of Mina, Nevada"
nn00783410,2020-11-13 21:10:05.346,-117.749,38.1853,10.3,2.5,"38 km SE of Mina, Nevada"
nn00783399,2020-11-13 21:01:44.990,-117.8615,38.1623,5.4,3.5,"33 km SE of Mina, Nevada"
nn00783320,2020-11-13 17:43:23.664,-117.8419,38.1707,6.7,3.3,"33 km SE of Mina, Nevada"
nn00783254,2020-11-13 15:47:20.767,-117.8582,38.1704,6.4,2.6,"32 km SE of Mina, Nevada"
nc73481386,2020-11-13 14:21:10.820,-122.8,38.822,3.11,2.82,"6km NW of The Geysers, CA"
nn00783167,2020-11-13 13:39:38.168,-117.8655,38.1622,5.0,3.3,"33 km SE of Mina, Nevada"
nn00783140,2020-11-13 12:54:29.577,-117.8524,38.1665,8.1,2.5,"33 km SE of Mina, NV"
nn00783119,2020-11-13 12:30:45.078,-117.864,38.1659,5.1,3.0,"32 km SE of Mina, Nevada"
nn00783078,2020-11-13 11:32:48.171,-117.7536,38.1894,10.5,3.1,"38 km SE of Mina, Nevada"
nn00783058,2020-11-13 11:18:41.112,-117.8627,38.1631,5.9,2.8,Nevada
nn00783023,2020-11-13 10:42:54.575,-117.8657,38.1666,5.2,2.7,"32 km SE of Mina, Nevada"
nn00783011,2020-11-13 10:30:17.047,-117.8634,38.1592,4.5,2.8,"33 km SE of Mina, Nevada"
nn00782967,2020-11-13 09:41:12.809,-117.8694,38.1574,4.7,2.8,"33 km SE of Mina, Nevada"
nn00782963,2020-11-13 09:39:58.669,-117.8305,38.1661,7.3,2.5,"34 km SE of Mina, Nevada"
nn00783280,2020-11-13 09:32:54.763,-117.8385,38.1666,5.3,3.4,"34 km SE of Mina, Nevada"
nn00782956,2020-11-13 09:32:50.167,-117.867,38.1568,4.7,3.4,"33 km SE of Mina, Nevada"
nn00782950,2020-11-13 09:29:24.412,-117.7965,38.1718,10.1,4.3,"36 km SE of Mina, Nevada"
us7000cefr,2020-11-13 09:15:31.744,-117.8544,38.1787,9.03,4.0,"32 km SE of Mina, Nevada"
nn00782942,2020-11-13 09:13:51.862,-117.8533,38.1693,4.8,5.3,"33 km SE of Mina, Nevada"
ci39464071,2020-11-13 05:56:53.180,-115.6296667,33.1598333,5.21,2.64,"11km WNW of Calipatria, CA"
nc73481116,2020-11-13 01:07:20.090,-121.5171667,36.7896667,6.79,2.78,"6km SSE of San Juan Bautista, CA"
nn00782850,2020-11-12 17:11:47.880,-118.1066,38.1638,4.7,2.8,"25 km S of Mina, Nevada"
ci39463231,2020-11-12 14:55:31.990,-116.3078333,34.685,4.75,2.65,"14km WSW of Ludlow, CA"
nn00782794,2020-11-12 07:28:23.096,-118.1086,38.1627,4.6,2.9,"25 km S of Mina, Nevada"
nn00782757,2020-11-11 22:02:55.411,-118.8007,39.0034,0.0,2.8,"5 km N of Schurz, Nevada"
nc73480556,2020-11-11 20:48:33.020,-121.5313333,36.8035,6.47,2.97,"5km S of San Juan Bautista, CA"
nc73480551,2020-11-11 20:26:59.420,-121.536,36.8055,6.9,3.3,"4km S of San Juan Bautista, CA"
nc73480236,2020-11-10 21:17:16.340,-119.3993333,37.6395,6.74,2.72,"19km SE of Yosemite Valley, CA"
nc71114014,2020-11-10 18:34:24.740,-119.4,37.6293333,3.85,2.6,"20km SE of Yosemite Valley, CA"
nc73480151,2020-11-10 18:09:58.840,-119.4063333,37.639,9.54,2.8,"19km SE of Yosemite Valley, CA"
ci39461591,2020-11-10 16:15:12.940,-120.0048333,34.4075,0.9,3.25,"13km W of Isla Vista, CA"
nc73480086,2020-11-10 15:28:29.950,-123.8636667,40.413,31.04,2.94,"23km ESE of Rio Dell, CA"
nn00782477,2020-11-10 03:17:37.588,-118.0783,38.1246,5.0,2.5,"29 km S of Mina, Nevada"
nn00782464,2020-11-10 01:44:21.223,-117.8968,38.1561,5.5,2.7,"31 km SE of Mina, Nevada"
nn00782438,2020-11-09 22:24:51.147,-117.8933,38.1537,8.3,2.8,"32 km SE of Mina, Nevada"
ci39460711,2020-11-09 15:25:42.200,-117.6835,35.9788333,2.0,2.81,"21km ENE of Little Lake, CA"
ci39460703,2020-11-09 15:22:10.350,-117.682,35.9793333,1.81,3.1,"21km ENE of Little Lake, CA"
nn00782364,2020-11-09 08:13:22.984,-117.8858,38.1601,8.3,2.7,"32 km SE of Mina, Nevada"
nc73479561,2020-11-08 21:49:23.350,-121.2791667,36.6578333,4.4,2.7,"15km SSE of Tres Pinos, CA"
nc73479546,2020-11-08 20:48:41.600,-119.4033333,37.6315,11.79,2.61,"20km SE of Yosemite Valley, CA"
nc73479541,2020-11-08 20:36:34.480,-119.403,37.6388333,10.07,2.5,"19km SE of Yosemite Valley, CA"
nn00782277,2020-11-08 10:04:47.117,-117.8036,38.18,10.0,3.1,"35 km SE of Mina, Nevada"
nc73479336,2020-11-08 08:07:12.930,-121.1851667,36.5858333,4.36,2.84,"7km NNW of Pinnacles, CA"
nc73479271,2020-11-08 07:05:05.000,-121.1666667,35.7371667,5.65,2.63,"11km NNE of San Simeon, CA"
nc73479071,2020-11-07 19:52:57.300,-122.8063333,38.8345,2.62,2.53,"7km W of Cobb, CA"
nc73478891,2020-11-07 05:39:50.330,-122.1088333,40.3095,15.81,2.68,"18km NE of Red Bluff, CA"
ci39459383,2020-11-06 20:27:37.040,-115.9423333,32.967,10.84,2.58,"26km N of Ocotillo, CA"
nn00782112,2020-11-06 14:19:30.737,-117.895,38.1663,8.8,2.6,"31 km SE of Mina, Nevada"
nn00782062,2020-11-06 08:37:00.249,-117.827,38.1639,7.1,2.5,"35 km SE of Mina, Nevada"
ci39458103,2020-11-05 18:14:30.970,-117.7263333,35.7338333,6.77,2.7,"12km NE of Inyokern, CA"
ci39457871,2020-11-05 16:11:34.540,-117.4506667,35.6376667,7.97,2.57,"15km SSW of Searles Valley, CA"
ci39457519,2020-11-05 11:53:44.760,-117.7773333,36.0291667,1.61,2.61,"16km E of Coso Junction, CA"
nn00781864,2020-11-05 01:02:06.503,-118.2662,38.0681,7.5,2.5,"33 km NE of Benton, California"
ci39457071,2020-11-05 00:35:48.010,-119.0285,34.9791667,11.44,2.7,"10km WNW of Grapevine, CA"
nc73477746,2020-11-04 07:19:50.590,-121.479,35.5356667,9.19,2.62,"29km WSW of San Simeon, CA"
nn00781738,2020-11-04 02:47:30.594,-117.8911,38.1721,9.5,2.6,"30 km SE of Mina, Nevada"
nc73477631,2020-11-04 00:20:24.770,-119.3898333,37.6391667,11.81,3.4,"20km SE of Yosemite Valley, CA"
nc73477526,2020-11-03 17:41:19.160,-123.2448333,39.367,7.0,3.34,"11km ESE of Willits, CA"
nc73477356,2020-11-02 22:22:14.470,-123.2433333,39.3638333,7.08,2.89,"11km ESE of Willits, CA"
nc73477306,2020-11-02 19:25:15.310,-124.3891667,40.2936667,7.78,2.93,"10km WSW of Petrolia, CA"
ci39454303,2020-11-02 16:26:29.780,-116.3381667,34.8598333,5.31,2.64,"22km NW of Ludlow, CA"
nc73477136,2020-11-02 02:20:34.280,-120.5875,36.0271667,4.48,2.83,"20km NW of Parkfield, CA"
ci39452551,2020-10-31 20:57:23.850,-118.5076667,35.339,3.64,3.02,"24km NNW of Tehachapi, CA"
ci39452471,2020-10-31 19:49:37.810,-116.6948333,34.1128333,2.44,2.88,"13km NW of Morongo Valley, CA"
nn00781237,2020-10-31 14:41:09.785,-117.937,38.1572,10.5,3.1,"29 km SSE of Mina, Nevada"
nc73476376,2020-10-30 08:52:01.130,-121.4576667,35.8695,8.57,2.56,"19km SSE of Lopez Point, CA"
nc73476341,2020-10-30 08:02:46.090,-119.3846667,37.638,6.44,2.61,"20km SE of Yosemite Valley, CA"
nc73476346,2020-10-30 08:02:03.830,-119.396,37.6336667,8.39,3.1,"20km SE of Yosemite Valley, CA"
ci39448471,2020-10-29 06:45:43.310,-117.5996667,35.5918333,4.4,2.58,"8km ESE of Ridgecrest, CA"
ci39448263,2020-10-29 00:36:23.070,-115.9453333,32.8331667,11.23,2.6,"12km NNE of Ocotillo, CA"
ci39447775,2020-10-28 18:14:30.080,-116.46,33.5041667,5.72,2.61,"21km ESE of Anza, CA"
ci39446927,2020-10-27 23:18:51.850,-117.9613333,36.4528333,7.04,2.82,"18km SSE of Lone Pine, CA"
nc73475701,2020-10-27 19:22:43.900,-121.0576667,36.6015,12.69,3.29,"11km NE of Pinnacles, CA"
nn00780537,2020-10-27 05:45:59.765,-117.8677,38.1833,9.9,3.1,"31 km SE of Mina, Nevada"
ci39445839,2020-10-27 01:26:16.840,-116.339,34.8598333,5.11,3.3,"22km NW of Ludlow, CA"
nn00780454,2020-10-26 17:04:57.041,-118.1524,38.1112,1.8,2.6,"31 km S of Mina, Nevada"
nc73475311,2020-10-26 13:38:36.600,-122.306,38.5575,9.35,3.46,"13km E of Angwin, CA"
nn00780428,2020-10-26 10:41:32.598,-117.8779,38.1566,8.3,2.7,"32 km SE of Mina, Nevada"
ci39445087,2020-10-26 07:24:21.030,-116.3396667,34.8645,5.08,2.63,"23km NW of Ludlow, CA"
nn00780365,2020-10-25 13:13:43.755,-117.9507,38.1567,9.8,2.7,"29 km SSE of Mina, Nevada"
ci39444559,2020-10-25 12:55:53.270,-117.6743333,32.9216667,17.85,2.58,"38km WSW of Encinitas, CA"
ci39444167,2020-10-25 00:32:20.620,-117.5735,35.6216667,8.59,2.71,"9km E of Ridgecrest, CA"
nc73474766,2020-10-24 23:06:50.570,-120.5983333,36.0358333,4.42,2.51,"21km NW of Parkfield, CA"
nn00780270,2020-10-24 22:44:02.333,-118.0696,38.1671,5.8,2.9,"25 km S of Mina, Nevada"
ci39443703,2020-10-24 12:27:35.140,-117.6201667,33.9045,3.66,2.56,"6km NW of Corona, CA"
nc73474556,2020-10-24 10:17:55.840,-122.6953333,38.7685,2.46,2.8,"1km SSW of Anderson Springs, CA"
nc73474511,2020-10-24 06:53:39.950,-123.2425,39.366,7.53,2.51,"11km ESE of Willits, CA"
nn00780182,2020-10-24 06:13:38.684,-117.7672,38.1827,9.0,2.8,"37 km SE of Mina, Nevada"
ci39442679,2020-10-23 06:32:09.970,-115.5825,33.1881667,3.94,2.91,"8km SW of Niland, CA"
nn00780060,2020-10-23 06:11:36.805,-117.4077,41.1539,0.0,2.7,"23 km NNE of Golconda, Nevada"
ci39442343,2020-10-22 23:03:03.220,-116.34,34.8608333,5.1,2.96,"23km NW of Ludlow, CA"
ci39442191,2020-10-22 21:22:03.390,-115.5796667,33.1981667,2.65,2.83,"7km SW of Niland, CA"
ci39442143,2020-10-22 21:07:39.830,-115.5806667,33.201,3.44,2.5,"7km SW of Niland, CA"
ci39442119,2020-10-22 21:02:16.190,-115.59,33.2065,2.18,2.73,"8km WSW of Niland, CA"
ci39442127,2020-10-22 21:01:40.640,-115.5858333,33.202,2.25,2.74,"8km SW of Niland, CA"
ci39442103,2020-10-22 20:59:26.460,-115.5845,33.2,3.03,3.91,"8km SW of Niland, CA"
ci39442031,2020-10-22 20:45:28.390,-115.58,33.192,3.21,2.52,"8km SW of Niland, CA"
ci39441879,2020-10-22 18:17:59.510,-116.3418333,34.8608333,5.26,2.58,"23km NW of Ludlow, CA"
nc73474001,2020-10-22 18:08:58.300,-118.5201667,37.4058333,7.32,2.67,"7km E of Round Valley, CA"
nc73473896,2020-10-22 12:53:30.280,-123.2475,39.3661667,7.43,2.84,"10km ESE of Willits, CA"
ci39441199,2020-10-22 09:19:35.090,-116.3423333,34.863,5.24,3.3,"23km NW of Ludlow, CA"
nn00779913,2020-10-22 06:49:24.376,-117.8866,38.1468,9.8,2.7,"33 km SE of Mina, Nevada"
ci39441087,2020-10-22 06:10:15.050,-118.4028333,35.5008333,2.94,3.27,"13km SE of Bodfish, CA"
nn00779626,2020-10-20 11:51:55.636,-117.7476,38.1929,9.7,3.3,"38 km SE of Mina, Nevada"
ci39669176,2020-10-20 10:30:46.070,-116.2895,33.0053333,7.14,3.44,"21km SW of Ocotillo Wells, CA"
nc73472956,2020-10-20 04:01:06.180,-123.2435,39.3663333,7.63,2.74,"11km ESE of Willits, CA"
nc73472891,2020-10-20 01:59:46.410,-123.2518333,39.3638333,7.02,3.43,"10km ESE of Willits, CA"
nc73472896,2020-10-20 01:58:50.210,-123.2443333,39.3658333,7.5,3.79,"11km ESE of Willits, CA"
us6000c9lh,2020-10-19 21:47:47.484,-116.3222,34.863,5.0,2.5,"49 km SSW of Baker, California"
ci39668384,2020-10-19 17:21:37.810,-116.3368333,34.8663333,5.06,3.11,"23km NW of Ludlow, CA"
nn00779417,2020-10-19 11:44:49.773,-117.9942,38.1495,7.8,3.1,"28 km SSE of Mina, Nevada"
nc73472606,2020-10-19 10:14:39.210,-122.0343323,38.6066666,9.47,2.59,"10km S of Esparto, CA"
nc73472601,2020-10-19 10:00:43.760,-122.0333328,38.6110001,10.56,2.87,"9km S of Esparto, CA"
ci39667864,2020-10-19 09:45:33.550,-117.3943333,35.9733333,2.61,2.64,"23km N of Searles Valley, CA"
nn00779473,2020-10-19 08:43:41.479,-117.9632,38.1515,10.5,2.5,"29 km SSE of Mina, Nevada"
ci39667688,2020-10-19 03:34:43.950,-116.3395,34.8621667,4.84,3.47,"23km NW of Ludlow, CA"
nc73472461,2020-10-19 02:34:19.710,-118.4615,37.574,7.37,2.62,"19km E of Toms Place, CA"
nc73472226,2020-10-18 07:01:57.140,-124.2145,40.3536667,28.38,3.25,"7km ENE of Petrolia, CA"
nn00779125,2020-10-17 13:25:55.631,-117.9448,38.1491,12.0,2.5,"30 km SSE of Mina, Nevada"
nc73471866,2020-10-17 11:15:45.170,-121.2636667,36.6446667,6.52,2.51,"16km NW of Pinnacles, CA"
nc73471826,2020-10-17 09:58:34.030,-120.3743333,35.6135,5.7,2.98,"5km S of Shandon, CA"
nn00778922,2020-10-16 06:35:22.231,-119.5979,39.197,7.7,2.7,"4 km S of Dayton, Nevada"
nc73471131,2020-10-15 15:17:03.670,-121.6345,36.977,3.75,2.52,"7km WSW of Gilroy, CA"
nc73470916,2020-10-15 00:25:55.480,-124.0898333,40.9405,27.98,2.65,"1km SE of McKinleyville, CA"
nn00778770,2020-10-15 00:24:00.869,-117.8757,38.1622,8.0,2.7,"32 km SE of Mina, Nevada"
nc73470861,2020-10-14 21:43:55.940,-121.5366667,36.0293333,8.01,2.98,"3km ENE of Lopez Point, CA"
nc73470856,2020-10-14 21:42:41.170,-121.5443333,36.0263333,8.71,3.47,"2km ENE of Lopez Point, CA"
nc73470851,2020-10-14 21:40:06.550,-121.5396667,36.0271667,9.44,2.95,"3km ENE of Lopez Point, CA"
ci39663320,2020-10-14 21:11:50.700,-117.5643333,35.6688333,5.84,2.62,"11km ENE of Ridgecrest, CA"
ci39663192,2020-10-14 18:37:56.080,-117.9518333,36.4388333,7.45,2.88,"18km NNE of Olancha, CA"
nc73470691,2020-10-14 12:18:05.360,-120.624,36.4318333,9.38,2.62,"5km ENE of New Idria, CA"
nc73470291,2020-10-13 12:46:10.170,-121.3366667,36.6993333,4.37,2.52,"10km S of Tres Pinos, CA"
ci39661560,2020-10-13 12:27:54.740,-115.8718333,32.8978333,11.68,2.63,"21km NNE of Ocotillo, CA"
ci39660472,2020-10-12 11:52:01.730,-117.5446667,35.6636667,3.25,2.59,"13km ENE of Ridgecrest, CA"
nn00778242,2020-10-11 17:30:24.060,-117.7353,38.1886,9.9,2.5,"39 km SE of Mina, Nevada"
ci39659992,2020-10-11 16:55:38.090,-117.5215,35.7183333,6.34,2.52,"12km WSW of Searles Valley, CA"
nc73469561,2020-10-11 16:36:46.660,-122.1196667,37.1866667,9.4,2.72,"7km N of Boulder Creek, CA"
nn00778222,2020-10-11 14:59:36.333,-118.0337,38.1409,10.4,3.1,"28 km SSE of Mina, Nevada"
nn00778145,2020-10-11 04:47:27.811,-117.9738,38.1773,2.0,2.8,"26 km SSE of Mina, Nevada"
nc73468941,2020-10-10 01:24:11.430,-123.7326667,40.3761667,28.6,3.73,"30km NNE of Redway, CA"
nn00777926,2020-10-09 11:40:16.697,-117.9471,38.1735,6.4,2.5,"27 km SSE of Mina, Nevada"
ci39657488,2020-10-09 01:24:19.410,-115.583,33.0236667,11.95,2.89,"4km ESE of Westmorland, CA"
ci39656712,2020-10-08 17:30:48.830,-116.816,33.583,5.73,2.57,"14km WNW of Anza, CA"
nn00777795,2020-10-08 10:25:01.719,-117.95,38.1569,10.2,2.5,"29 km SSE of Mina, Nevada"
nn00777784,2020-10-08 08:27:07.265,-117.8038,38.1775,7.4,2.5,"35 km SE of Mina, Nevada"
nn00777709,2020-10-08 00:30:21.300,-118.0357,38.1432,3.1,2.6,"28 km SSE of Mina, Nevada"
nn00777678,2020-10-07 20:16:21.529,-118.0373,38.148,2.0,2.6,"27 km SSE of Mina, Nevada"
nn00777670,2020-10-07 19:08:12.899,-117.8375,38.1702,8.6,2.9,"34 km SE of Mina, Nevada"
nc73467886,2020-10-07 17:29:44.960,-123.256,39.3646667,5.85,2.92,"10km ESE of Willits, CA"
nc73467781,2020-10-07 11:47:35.490,-122.136,37.7306667,4.51,2.54,"2km ENE of San Leandro, CA"
nc73467641,2020-10-07 04:21:13.830,-118.7445,38.0708333,8.16,2.91,"28km SE of Bodie, CA"
nc73467606,2020-10-07 02:28:54.020,-120.4883333,36.4788333,13.0,2.53,"16km W of Cantua Creek, CA"
ci39654952,2020-10-07 01:44:04.730,-116.8266667,34.3541667,7.82,3.42,"10km N of Big Bear City, CA"
nc73467571,2020-10-07 00:54:54.780,-123.253,39.365,6.13,2.69,"10km ESE of Willits, CA"
ci39654856,2020-10-06 23:29:17.780,-116.6553333,33.7885,14.91,2.92,"8km NE of Idyllwild, CA"
nc73467491,2020-10-06 20:41:26.780,-123.7406667,39.9221667,4.76,2.79,"21km NNE of Rockport, CA"
nc73467496,2020-10-06 20:40:58.050,-123.7476667,39.9178333,4.8,2.79,"21km NNE of Rockport, CA"
ci39653920,2020-10-06 08:50:55.200,-115.5778333,33.0406667,11.03,3.02,"4km E of Westmorland, CA"
nc73467176,2020-10-06 05:24:14.550,-123.9113333,41.437,31.85,3.07,"14km SE of Klamath, CA"
nc73466751,2020-10-05 04:06:36.920,-118.8156667,37.4838333,3.96,3.46,"15km SW of Toms Place, CA"
nc73466356,2020-10-04 05:22:52.140,-123.2456667,39.3615,6.5,2.68,"11km ESE of Willits, CA"
nc73466321,2020-10-04 04:49:17.490,-123.2521667,39.3573333,6.62,3.47,"11km ESE of Willits, CA"
nc73466316,2020-10-04 04:44:12.350,-122.0385,37.9585,11.59,2.58,"2km ENE of Pleasant Hill, CA"
ci39651784,2020-10-03 23:26:59.940,-115.5861667,33.0223333,12.8,3.62,"4km ESE of Westmorland, CA"
ci39651720,2020-10-03 20:21:00.460,-115.5871667,33.0201667,11.26,2.94,"4km ESE of Westmorland, CA"
ci39651712,2020-10-03 20:16:27.150,-117.4285,35.66,7.01,3.35,"12km S of Searles Valley, CA"
nc73466101,2020-10-03 14:13:57.990,-118.8523333,37.441,4.49,2.79,"20km SW of Toms Place, CA"
nn00776831,2020-10-03 03:51:33.360,-117.886,38.1691,5.8,2.9,"31 km SE of Mina, Nevada"
ci39650672,2020-10-03 01:31:00.020,-115.5855,33.0215,14.43,2.8,"4km ESE of Westmorland, CA"
nc73465746,2020-10-02 15:39:59.320,-121.8271667,37.4945,4.95,2.91,"10km NE of Milpitas, CA"
ci39649856,2020-10-02 14:36:43.020,-115.5786667,33.0246667,6.58,2.52,"4km ESE of Westmorland, CA"
ci39649656,2020-10-02 12:32:47.240,-117.5481667,35.643,6.13,3.4,"12km ENE of Ridgecrest, CA"
ci39649608,2020-10-02 12:13:43.600,-115.5911667,33.039,2.67,2.62,"3km E of Westmorland, CA"
nc73465571,2020-10-02 07:53:53.290,-123.361,39.8505,5.71,2.66,"12km WNW of Covelo, CA"
ci39649056,2020-10-02 06:08:50.640,-115.5716667,33.0601667,3.92,3.66,"5km ENE of Westmorland, CA"
ci39649048,2020-10-02 06:08:28.090,-115.5726667,33.0691667,5.63,3.71,"6km NE of Westmorland, CA"
ci39649040,2020-10-02 06:08:19.880,-115.5708333,33.0681667,11.17,3.4,"6km NE of Westmorland, CA"
ci39648936,2020-10-02 05:37:29.260,-115.566,33.0683333,9.19,2.86,"6km NE of Westmorland, CA"
ci39648776,2020-10-02 03:31:52.510,-115.5725,33.0666667,5.95,2.51,"6km NE of Westmorland, CA"
ci39648576,2020-10-02 02:23:51.650,-115.5751667,33.0678333,5.21,2.69,"6km NE of Westmorland, CA"
ci39648528,2020-10-02 02:15:04.800,-115.5806667,33.0641667,5.73,2.5,"5km NE of Westmorland, CA"
ci39648480,2020-10-02 02:10:44.830,-115.5753333,33.0658333,10.79,3.22,"5km NE of Westmorland, CA"
ci39648432,2020-10-02 01:52:30.470,-115.5776667,33.0606667,7.42,2.61,"5km ENE of Westmorland, CA"
ci39648408,2020-10-02 01:40:34.080,-115.5791667,33.0603333,3.89,2.66,"5km ENE of Westmorland, CA"
ci39648352,2020-10-02 01:12:30.150,-115.579,33.0613333,5.96,2.67,"5km NE of Westmorland, CA"
ci39648168,2020-10-01 23:58:10.400,-115.5888333,33.049,7.95,2.53,"3km ENE of Westmorland, CA"
ci39648016,2020-10-01 23:15:07.320,-115.5855,33.0341667,8.29,2.54,"3km E of Westmorland, CA"
ci39647952,2020-10-01 23:03:58.730,-115.5805,33.064,7.2,2.81,"5km NE of Westmorland, CA"
ci39647912,2020-10-01 22:54:34.730,-115.5926667,33.0698333,7.58,2.65,"4km NE of Westmorland, CA"
ci39647880,2020-10-01 22:50:38.880,-115.5865,33.0545,2.09,2.51,"4km ENE of Westmorland, CA"
ci39647872,2020-10-01 22:50:00.150,-115.5988333,33.1068333,3.99,2.57,"8km NNE of Westmorland, CA"
ci39647856,2020-10-01 22:47:30.980,-115.5815,33.0595,10.86,3.87,"4km ENE of Westmorland, CA"
ci39647632,2020-10-01 21:42:37.850,-115.5981667,33.1031667,5.77,2.99,"8km NNE of Westmorland, CA"
ci39647624,2020-10-01 21:42:24.320,-115.5971667,33.105,7.28,2.55,"8km NNE of Westmorland, CA"
ci39647584,2020-10-01 21:26:08.300,-115.5805,33.0563333,7.16,2.61,"4km ENE of Westmorland, CA"
ci39647568,2020-10-01 21:22:42.500,-115.5791667,33.0653333,6.74,3.03,"5km NE of Westmorland, CA"
ci39647488,2020-10-01 20:53:37.460,-115.6003333,33.0731667,8.64,2.63,"4km NNE of Westmorland, CA"
ci39647256,2020-10-01 19:38:53.080,-115.6006667,33.1066667,7.9,2.81,"8km NNE of Westmorland, CA"
ci39647128,2020-10-01 18:49:37.000,-115.5805,33.024,6.94,2.5,"4km ESE of Westmorland, CA"
ci39646792,2020-10-01 16:42:43.540,-115.5781667,33.0665,3.51,2.68,"5km NE of Westmorland, CA"
ci39646616,2020-10-01 15:55:20.640,-115.5685,33.0766667,3.32,2.54,"7km NE of Westmorland, CA"
ci39646552,2020-10-01 15:28:09.640,-115.5658333,33.0743333,3.19,2.63,"7km NE of Westmorland, CA"
ci39646520,2020-10-01 15:21:41.510,-115.5693333,33.0743333,4.77,3.17,"6km NE of Westmorland, CA"
ci37457525,2020-10-01 15:00:50.320,-115.5773333,33.0633333,4.02,3.03,"5km NE of Westmorland, CA"
ci39646432,2020-10-01 15:00:48.280,-115.5725,33.0605,5.59,2.61,"5km ENE of Westmorland, CA"
ci39646376,2020-10-01 14:46:42.020,-115.577,33.0626667,10.06,3.62,"5km NE of Westmorland, CA"
ci39646224,2020-10-01 13:35:39.460,-115.5781667,33.067,9.22,3.42,"5km NE of Westmorland, CA"
ci39646168,2020-10-01 13:23:13.960,-115.572,33.0628333,10.07,3.22,"5km ENE of Westmorland, CA"
ci39646056,2020-10-01 12:54:41.040,-115.5803333,33.0621667,3.07,2.72,"5km NE of Westmorland, CA"
ci39646040,2020-10-01 12:47:26.350,-115.5683333,33.067,2.32,2.76,"6km ENE of Westmorland, CA"
ci39646032,2020-10-01 12:46:38.210,-115.5765,33.0648333,10.72,3.5,"5km NE of Westmorland, CA"
ci39646016,2020-10-01 12:37:33.910,-115.5901667,33.0685,10.0,2.55,"4km NE of Westmorland, CA"
ci39645888,2020-10-01 11:55:13.170,-115.5758333,33.064,5.37,2.8,"5km NE of Westmorland, CA"
ci39645752,2020-10-01 11:13:58.100,-115.5996667,33.066,3.73,2.51,"4km NNE of Westmorland, CA"
ci39645744,2020-10-01 11:13:21.390,-115.5943333,33.0666667,5.1,2.95,"4km NE of Westmorland, CA"
ci37457205,2020-10-01 11:13:20.450,-115.5906667,33.0645,5.57,2.69,"4km NE of Westmorland, CA"
ci39645504,2020-10-01 10:15:29.230,-115.599,33.1083333,7.5,2.85,"8km WSW of Calipatria, CA"
ci39645456,2020-10-01 10:08:13.540,-115.5953333,33.1046667,5.39,2.54,"8km NNE of Westmorland, CA"
ci39645448,2020-10-01 10:07:17.210,-115.5921667,33.0416667,5.1,2.83,"3km E of Westmorland, CA"
ci39645440,2020-10-01 10:07:14.760,-115.5955,33.1035,5.68,2.63,"8km NNE of Westmorland, CA"
ci39645264,2020-10-01 09:28:50.620,-115.5806667,33.0591667,3.41,2.76,"4km ENE of Westmorland, CA"
ci39645032,2020-10-01 08:39:39.680,-115.6053333,33.0733333,5.34,2.62,"4km NNE of Westmorland, CA"
ci39644912,2020-10-01 08:03:09.350,-115.5826667,33.0638333,4.42,2.6,"5km NE of Westmorland, CA"
nn00776516,2020-10-01 07:39:28.053,-118.2234,38.1112,6.4,2.8,"32 km SSW of Mina, Nevada"
ci39644712,2020-10-01 07:15:51.460,-115.5988333,33.0748333,8.36,2.73,"5km NNE of Westmorland, CA"
ci39644672,2020-10-01 07:10:24.250,-115.6,33.0713333,10.4,3.01,"4km NNE of Westmorland, CA"
ci37456541,2020-10-01 06:58:14.090,-115.5955,33.0566667,3.45,2.75,"3km NE of Westmorland, CA"
ci39644616,2020-10-01 06:57:58.240,-115.5931667,33.0613333,10.42,3.46,"4km NE of Westmorland, CA"
ci39644432,2020-10-01 06:29:32.690,-115.6003333,33.0746667,7.54,2.73,"5km NNE of Westmorland, CA"
ci39644384,2020-10-01 06:16:15.230,-115.5835,33.0545,8.82,2.5,"4km ENE of Westmorland, CA"
ci39643920,2020-10-01 04:54:23.740,-115.588,33.0371667,5.43,2.71,"3km E of Westmorland, CA"
ci39643720,2020-10-01 04:21:04.270,-115.5926667,33.0776667,5.43,2.74,"5km NNE of Westmorland, CA"
ci39643656,2020-10-01 04:12:04.380,-115.5703333,33.0628333,3.23,2.58,"6km ENE of Westmorland, CA"
ci39643464,2020-10-01 03:50:14.240,-115.5858333,33.0581667,9.82,2.76,"4km NE of Westmorland, CA"
ci39643424,2020-10-01 03:45:54.210,-115.594,33.068,5.94,2.57,"4km NE of Westmorland, CA"
ci39643368,2020-10-01 03:40:49.390,-115.5881667,33.0766667,8.19,3.17,"5km NE of Westmorland, CA"
ci39643360,2020-10-01 03:40:16.270,-115.5976667,33.0725,4.9,3.57,"4km NNE of Westmorland, CA"
ci37481669,2020-10-01 03:39:59.180,-115.58,33.0243333,3.33,2.66,"4km ESE of Westmorland, CA"
ci39643352,2020-10-01 03:39:49.980,-115.5981667,33.0761667,7.02,2.5,"5km NNE of Westmorland, CA"
ci37456597,2020-10-01 03:38:53.290,-115.5981667,33.0283333,1.94,2.78,"2km ESE of Westmorland, CA"
ci37456581,2020-10-01 03:38:39.060,-115.6003333,33.0598333,3.66,2.67,"3km NE of Westmorland, CA"
ci39643344,2020-10-01 03:38:28.620,-115.5915,33.0646667,4.62,3.43,"4km NE of Westmorland, CA"
ci37456573,2020-10-01 03:38:12.840,-115.6215,33.0541667,0.63,2.91,"2km N of Westmorland, CA"
ci37456565,2020-10-01 03:38:03.840,-115.6073333,33.048,3.02,3.18,"2km NE of Westmorland, CA"
ci39643336,2020-10-01 03:37:54.500,-115.5938333,33.0408333,3.54,3.45,"3km E of Westmorland, CA"
ci37456405,2020-10-01 03:37:04.380,-115.575,33.0518333,8.65,4.02,"5km ENE of Westmorland, CA"
ci39643328,2020-10-01 03:36:34.130,-115.5971667,33.0661667,5.68,4.45,"4km NE of Westmorland, CA"
ci39643288,2020-10-01 03:32:57.950,-115.5986667,33.0711667,11.29,3.43,"4km NNE of Westmorland, CA"
ci39643280,2020-10-01 03:32:12.680,-115.5926667,33.074,5.43,2.55,"5km NNE of Westmorland, CA"
ci39643256,2020-10-01 03:31:00.900,-115.5898333,33.084,11.14,3.5,"6km NNE of Westmorland, CA"
ci39643040,2020-10-01 03:05:28.740,-115.6001667,33.0751667,9.44,2.7,"5km NNE of Westmorland, CA"
ci39642904,2020-10-01 02:51:07.260,-115.6061667,33.0715,7.11,2.51,"4km NNE of Westmorland, CA"
nn00776479,2020-10-01 02:48:47.671,-117.9175,38.1475,9.0,3.0,"31 km SSE of Mina, Nevada"
ci39642608,2020-10-01 02:15:22.620,-115.5925,33.0441667,5.77,2.73,"3km ENE of Westmorland, CA"
ci37456549,2020-10-01 01:47:11.160,-115.6121667,33.015,16.46,3.2,"3km SSE of Westmorland, CA"
ci39642320,2020-10-01 01:46:52.040,-115.5868333,33.067,14.08,3.45,"5km NE of Westmorland, CA"
ci39642328,2020-10-01 01:46:44.100,-115.5943333,33.0531667,5.53,2.66,"3km NE of Westmorland, CA"
ci39642256,2020-10-01 01:43:51.170,-115.5978333,33.0678333,5.65,2.57,"4km NNE of Westmorland, CA"
ci37319492,2020-10-01 01:30:21.290,-115.5945,33.0308333,1.71,2.53,"3km ESE of Westmorland, CA"
ci39642096,2020-10-01 01:30:01.680,-115.5936667,33.044,2.99,2.73,"3km ENE of Westmorland, CA"
ci39642048,2020-10-01 01:27:15.610,-115.5571667,33.0456667,8.95,2.72,"6km E of Westmorland, CA"
ci39642056,2020-10-01 01:26:56.480,-115.5863333,33.0613333,11.29,2.99,"4km NE of Westmorland, CA"
ci39642040,2020-10-01 01:25:21.030,-115.5916667,33.064,5.73,2.57,"4km NE of Westmorland, CA"
ci37456629,2020-10-01 01:24:07.210,-115.6033333,33.0393333,4.65,2.59,"2km E of Westmorland, CA"
ci39642016,2020-10-01 01:22:37.400,-115.592,33.0636667,8.19,2.65,"4km NE of Westmorland, CA"
ci39642000,2020-10-01 01:21:09.920,-115.5968333,33.0593333,7.36,2.81,"3km NE of Westmorland, CA"
ci39641976,2020-10-01 01:20:12.270,-115.5841667,33.0531667,10.28,2.55,"4km ENE of Westmorland, CA"
ci37480861,2020-10-01 01:18:04.480,-115.672,32.9963333,9.19,2.83,"7km SW of Westmorland, CA"
ci39641968,2020-10-01 01:17:36.690,-115.5885,33.0625,10.9,3.46,"4km NE of Westmorland, CA"
us6000c664,2020-10-01 01:16:03.183,-115.6419,32.869,12.79,2.9,"7 km WNW of Imperial, California"
ci39641952,2020-10-01 01:15:53.680,-115.6028333,33.0688333,7.67,3.15,"4km NNE of Westmorland, CA"
ci39641936,2020-10-01 01:14:11.260,-115.5845,33.0618333,9.57,2.69,"4km NE of Westmorland, CA"
ci37319332,2020-10-01 01:13:33.170,-115.5928333,33.0441667,7.84,2.79,"3km ENE of Westmorland, CA"
ci39641928,2020-10-01 01:13:23.180,-115.5676667,33.0545,10.88,2.79,"5km ENE of Westmorland, CA"
ci39641904,2020-10-01 01:11:57.530,-115.5923333,33.059,5.14,2.75,"4km NE of Westmorland, CA"
ci37470253,2020-10-01 01:11:30.370,-115.5863333,33.042,4.87,3.09,"3km E of Westmorland, CA"
ci39641896,2020-10-01 01:11:30.310,-115.5841667,33.0488333,7.18,3.12,"4km ENE of Westmorland, CA"
ci39641888,2020-10-01 01:11:05.530,-115.5835,33.0413333,8.74,3.51,"4km E of Westmorland, CA"
ci37456509,2020-10-01 01:10:44.840,-115.5931667,33.0473333,8.25,3.65,"3km ENE of Westmorland, CA"
ci37347844,2020-10-01 01:10:33.800,-115.6603333,33.0346667,10.68,3.75,"4km W of Westmorland, CA"
ci39641880,2020-10-01 01:10:25.750,-115.5928333,33.0443333,11.39,4.12,"3km ENE of Westmorland, CA"
ci39641864,2020-10-01 01:07:53.880,-115.591,33.0416667,6.2,2.67,"3km E of Westmorland, CA"
ci39641856,2020-10-01 01:07:34.420,-115.5786667,33.0463333,9.16,2.59,"4km ENE of Westmorland, CA"
ci39641848,2020-10-01 01:06:23.010,-115.5991667,33.056,9.63,3.3,"3km NE of Westmorland, CA"
ci37470205,2020-10-01 01:05:24.390,-115.585,33.0426667,6.99,3.23,"3km E of Westmorland, CA"
ci39641840,2020-10-01 01:05:05.340,-115.6003333,33.0555,3.46,3.41,"3km NE of Westmorland, CA"
ci39641784,2020-10-01 01:00:14.490,-115.5915,33.0503333,7.23,3.09,"3km ENE of Westmorland, CA"
ci37470173,2020-10-01 01:00:09.830,-115.5998333,33.0698333,2.82,2.7,"4km NNE of Westmorland, CA"
ci37456485,2020-10-01 00:59:21.450,-115.5833333,33.0525,8.9,2.75,"4km ENE of Westmorland, CA"
ci39641768,2020-10-01 00:58:13.850,-115.5931667,33.065,11.07,4.09,"4km NE of Westmorland, CA"
ci39641776,2020-10-01 00:58:07.110,-115.5871667,33.0563333,2.86,2.5,"4km ENE of Westmorland, CA"
ci37457189,2020-10-01 00:53:29.390,-115.5841667,33.054,2.91,2.66,"4km ENE of Westmorland, CA"
ci37457181,2020-10-01 00:53:22.420,-115.6171667,33.0466667,2.99,2.77,"1km NNE of Westmorland, CA"
ci39641736,2020-10-01 00:53:13.080,-115.5846667,33.0528333,10.08,2.95,"4km ENE of Westmorland, CA"
ci39641720,2020-10-01 00:51:20.910,-115.5841667,33.0595,6.95,2.53,"4km NE of Westmorland, CA"
ci37456429,2020-10-01 00:51:11.520,-115.5835,33.0335,4.56,2.63,"4km E of Westmorland, CA"
ci39641712,2020-10-01 00:50:55.360,-115.5866667,33.0433333,8.22,3.4,"3km ENE of Westmorland, CA"
ci39641704,2020-10-01 00:50:48.970,-115.5845,33.0355,3.34,2.85,"3km E of Westmorland, CA"
ci39641696,2020-10-01 00:50:21.420,-115.5891667,33.0556667,4.9,3.22,"4km NE of Westmorland, CA"
ci39641688,2020-10-01 00:49:54.860,-115.5798333,33.0335,5.49,2.59,"4km E of Westmorland, CA"
ci37480853,2020-10-01 00:48:16.890,-115.7111667,33.0461667,17.53,2.6,"8km W of Westmorland, CA"
ci39641672,2020-10-01 00:48:06.060,-115.577,33.0461667,10.14,3.12,"4km ENE of Westmorland, CA"
ci39641664,2020-10-01 00:47:57.620,-115.5926667,33.0396667,3.99,2.5,"3km E of Westmorland, CA"
ci39641656,2020-10-01 00:47:18.930,-115.5895,33.0478333,5.06,3.35,"3km ENE of Westmorland, CA"
ci39641648,2020-10-01 00:46:05.700,-115.5851667,33.0506667,11.02,2.91,"4km ENE of Westmorland, CA"
us6000c8w1,2020-10-01 00:45:02.014,-115.6202,33.0683,4.99,2.6,"3 km N of Westmorland, California"
ci37457365,2020-10-01 00:44:00.640,-115.5838333,33.0536667,2.91,2.68,"4km ENE of Westmorland, CA"
ci39641632,2020-10-01 00:43:40.350,-115.5931667,33.059,6.03,3.01,"4km NE of Westmorland, CA"
ci39641624,2020-10-01 00:43:11.470,-115.581,33.0516667,6.21,2.64,"4km ENE of Westmorland, CA"
ci37456517,2020-10-01 00:41:34.960,-115.5776667,33.0236667,5.65,3.58,"4km ESE of Westmorland, CA"
ci39641616,2020-10-01 00:41:18.390,-115.5983333,33.0713333,11.22,4.18,"4km NNE of Westmorland, CA"
ci37470133,2020-10-01 00:40:08.730,-115.5688333,33.0333333,4.86,2.6,"5km E of Westmorland, CA"
ci37457509,2020-10-01 00:39:28.360,-115.6161667,33.0566667,2.51,2.78,"2km NNE of Westmorland, CA"
ci37457501,2020-10-01 00:39:15.700,-115.5908333,33.041,7.46,3.07,"3km E of Westmorland, CA"
ci39641600,2020-10-01 00:39:01.240,-115.6051667,33.0555,2.86,2.79,"2km NE of Westmorland, CA"
ci39641592,2020-10-01 00:38:43.910,-115.5941667,33.0378333,3.03,3.33,"2km E of Westmorland, CA"
ci39641584,2020-10-01 00:38:37.000,-115.5891667,33.0583333,3.15,2.72,"4km NE of Westmorland, CA"
ci37479541,2020-10-01 00:37:34.650,-115.5495,33.0501667,11.19,2.97,"7km ENE of Westmorland, CA"
ci39641576,2020-10-01 00:36:51.750,-115.5863333,33.0498333,5.53,3.01,"4km ENE of Westmorland, CA"
ci39641568,2020-10-01 00:36:30.510,-115.587,33.0331667,3.74,3.45,"3km E of Westmorland, CA"
ci39641560,2020-10-01 00:36:15.970,-115.582,33.0335,4.5,2.8,"4km E of Westmorland, CA"
ci39641552,2020-10-01 00:35:43.900,-115.5888333,33.0443333,5.73,3.0,"3km ENE of Westmorland, CA"
ci37456501,2020-10-01 00:34:00.750,-115.5998333,33.0283333,1.71,3.7,"2km ESE of Westmorland, CA"
ci39641544,2020-10-01 00:33:48.650,-115.591,33.048,5.95,3.89,"3km ENE of Westmorland, CA"
ci37479509,2020-10-01 00:33:45.970,-115.5525,33.041,9.1,3.62,"6km E of Westmorland, CA"
ci39641528,2020-10-01 00:31:27.280,-115.5906667,33.0546667,14.19,4.93,"4km NE of Westmorland, CA"
ci39641520,2020-10-01 00:28:11.240,-115.5888333,33.0435,5.61,2.59,"3km ENE of Westmorland, CA"
ci39641288,2020-09-30 23:58:02.300,-115.5848333,33.0493333,9.54,3.69,"4km ENE of Westmorland, CA"
ci39641280,2020-09-30 23:57:07.490,-115.5895,33.0495,5.25,2.66,"3km ENE of Westmorland, CA"
ci39641184,2020-09-30 23:46:50.700,-115.5888333,33.0466667,3.4,2.51,"3km ENE of Westmorland, CA"
ci39641176,2020-09-30 23:45:03.310,-115.5933333,33.0458333,3.3,2.92,"3km ENE of Westmorland, CA"
ci39641136,2020-09-30 23:39:39.910,-115.5703333,33.0395,5.45,2.8,"5km E of Westmorland, CA"
ci39641112,2020-09-30 23:38:06.380,-115.5855,33.042,5.27,3.22,"3km E of Westmorland, CA"
ci39641096,2020-09-30 23:35:19.330,-115.5826667,33.041,3.25,2.58,"4km E of Westmorland, CA"
ci37457093,2020-09-30 23:34:45.070,-115.5811667,33.0466667,3.19,2.92,"4km ENE of Westmorland, CA"
ci39641088,2020-09-30 23:34:26.010,-115.593,33.0538333,2.76,3.09,"3km NE of Westmorland, CA"
ci37457117,2020-09-30 23:34:18.140,-115.5975,33.0576667,2.94,2.98,"3km NE of Westmorland, CA"
ci39641080,2020-09-30 23:34:08.200,-115.5866667,33.0443333,3.84,2.88,"3km ENE of Westmorland, CA"
ci39641072,2020-09-30 23:33:34.010,-115.5905,33.0515,3.25,3.24,"3km ENE of Westmorland, CA"
ci39641064,2020-09-30 23:31:51.790,-115.5955,33.053,4.78,4.35,"3km NE of Westmorland, CA"
ci39641056,2020-09-30 23:31:11.260,-115.5871667,33.0433333,3.23,2.88,"3km ENE of Westmorland, CA"
ci39641048,2020-09-30 23:30:43.720,-115.5915,33.039,3.18,2.82,"3km E of Westmorland, CA"
ci39641008,2020-09-30 23:24:41.610,-115.5853333,33.0375,3.65,2.55,"3km E of Westmorland, CA"
ci39640864,2020-09-30 23:21:09.080,-115.5948333,33.0421667,2.82,2.65,"2km ENE of Westmorland, CA"
ci39640856,2020-09-30 23:20:16.370,-115.5876667,33.047,3.1,2.51,"3km ENE of Westmorland, CA"
ci39640848,2020-09-30 23:19:48.390,-115.5911667,33.0478333,5.37,3.02,"3km ENE of Westmorland, CA"
ci39640688,2020-09-30 23:15:30.950,-115.5966667,33.0476667,2.84,3.53,"3km ENE of Westmorland, CA"
ci39640680,2020-09-30 23:15:24.530,-115.5878333,33.0483333,3.36,2.84,"3km ENE of Westmorland, CA"
ci39640584,2020-09-30 23:14:22.050,-115.5925,33.025,1.67,2.86,"3km ESE of Westmorland, CA"
ci37317148,2020-09-30 23:14:17.220,-115.5878333,33.0433333,2.94,2.79,"3km ENE of Westmorland, CA"
ci37457149,2020-09-30 23:13:52.840,-115.5931667,33.0376667,3.19,2.6,"3km E of Westmorland, CA"
ci39640568,2020-09-30 23:13:37.480,-115.5801667,33.0423333,3.88,2.9,"4km E of Westmorland, CA"
ci39640560,2020-09-30 23:12:46.590,-115.5913333,33.052,5.57,2.86,"3km ENE of Westmorland, CA"
us6000c3eu,2020-09-30 23:12:46.149,-115.6148,33.0517,5.0,2.9,"1 km NNE of Westmorland, California"
ci37317124,2020-09-30 23:09:54.460,-115.5943333,33.046,5.24,2.68,"3km ENE of Westmorland, CA"
ci39640536,2020-09-30 23:08:25.660,-115.5895,33.0443333,3.12,3.12,"3km ENE of Westmorland, CA"
ci37466493,2020-09-30 23:06:50.820,-115.5736667,33.0336667,5.83,2.73,"4km E of Westmorland, CA"
ci39640528,2020-09-30 23:06:02.600,-115.5901667,33.045,3.38,3.65,"3km ENE of Westmorland, CA"
ci39640520,2020-09-30 23:05:39.930,-115.5861667,33.0376667,3.3,2.67,"3km E of Westmorland, CA"
ci39640480,2020-09-30 23:00:28.430,-115.5885,33.044,5.12,3.0,"3km ENE of Westmorland, CA"
ci39640176,2020-09-30 20:08:54.800,-117.504,36.468,-1.5,2.51,"35km WSW of Stovepipe Wells, CA"
nc73464701,2020-09-30 12:51:39.760,-122.2371667,37.8578333,5.91,2.65,"4km ESE of Berkeley, CA"
nn00776364,2020-09-30 10:10:49.719,-117.8362,38.1693,9.5,2.7,"34 km SE of Mina, Nevada"
nc73464626,2020-09-30 08:38:37.740,-121.8698333,37.514,9.31,2.62,"10km NNE of Milpitas, CA"
nn00776306,2020-09-30 01:41:50.098,-117.9717,38.145,10.8,2.8,"29 km SSE of Mina, Nevada"
nc73464301,2020-09-29 16:02:30.880,-121.8296667,37.4943333,4.63,3.26,"10km NE of Milpitas, CA"
nc73464281,2020-09-29 15:36:09.460,-121.8281667,37.4965,4.85,2.9,"10km NE of Milpitas, CA"
nc73464261,2020-09-29 15:16:27.310,-121.826,37.4951667,4.58,2.71,"10km NE of Milpitas, CA"
nn00776206,2020-09-29 11:36:11.888,-117.7766,38.1847,10.1,3.9,"36 km SE of Mina, Nevada"
nc73464146,2020-09-29 06:39:15.550,-121.1828333,36.585,4.91,2.65,"7km NNW of Pinnacles, CA"
nc73464086,2020-09-29 02:22:20.750,-121.3375,36.7005,4.93,3.23,"10km S of Tres Pinos, CA"
nn00776130,2020-09-29 01:51:38.625,-117.8404,38.164,8.7,2.8,"34 km SE of Mina, Nevada"
nc73463936,2020-09-28 12:27:55.370,-121.6055,36.8716667,5.48,2.53,"4km ESE of Aromas, CA"
nc73463746,2020-09-28 05:16:36.610,-121.8295,37.4921667,4.8,3.48,"10km NE of Milpitas, CA"
nc73463646,2020-09-27 22:54:06.510,-121.8246667,37.4916667,5.25,3.42,"10km NE of Milpitas, CA"
ci38705338,2020-09-27 11:57:00.530,-117.2683333,34.0575,16.73,2.61,"1km NNW of Loma Linda, CA"
ci38704866,2020-09-26 22:19:21.510,-117.607,34.1876667,6.87,2.52,"8km NNW of Rancho Cucamonga, CA"
nn00775722,2020-09-26 03:41:14.116,-117.9485,38.156,10.5,3.3,"29 km SSE of Mina, Nevada"
ci38703802,2020-09-25 17:10:11.370,-116.3955,33.947,3.29,3.65,"10km E of Desert Hot Springs, CA"
ci38703786,2020-09-25 17:07:48.830,-116.3938333,33.9491667,3.42,3.02,"10km E of Desert Hot Springs, CA"
nn00775525,2020-09-25 03:22:10.897,-117.8395,38.1797,9.2,2.6,"33 km SE of Mina, Nevada"
ci38702858,2020-09-24 17:23:18.130,-117.6898333,35.8556667,4.99,2.52,"22km ESE of Little Lake, CA"
nc73462331,2020-09-24 14:42:27.270,-122.765,38.7861667,1.63,2.83,"1km NW of The Geysers, CA"
nc73462221,2020-09-24 10:11:15.970,-122.7778333,38.804,1.41,2.8,"4km NNW of The Geysers, CA"
ci38701098,2020-09-23 14:17:44.690,-117.487,35.6528333,7.27,3.2,"15km SSW of Searles Valley, CA"
nn00775253,2020-09-23 14:08:05.673,-117.9679,38.155,11.6,2.9,"28 km SSE of Mina, Nevada"
ci38700978,2020-09-23 12:24:27.850,-117.6536667,34.2033333,2.35,3.2,"11km NW of Rancho Cucamonga, CA"
us6000bzzn,2020-09-23 08:23:56.927,-117.8437,38.1893,4.12,2.6,"32 km SE of Mina, Nevada"
nn00775128,2020-09-22 19:43:42.615,-117.8962,38.1638,9.8,3.6,"31 km SE of Mina, Nevada"
nn00775061,2020-09-22 06:15:23.729,-117.7707,38.1697,6.0,2.5,"38 km SE of Mina, Nevada"
nc73461146,2020-09-22 01:14:55.210,-118.9231667,37.6353333,5.5,2.99,"5km E of Mammoth Lakes, CA"
nc73461141,2020-09-22 01:13:40.720,-118.923,37.634,5.63,2.64,"5km E of Mammoth Lakes, CA"
nc73461031,2020-09-21 18:31:58.800,-118.643,37.4735,5.75,2.84,"8km NNW of Round Valley, CA"
ci38697738,2020-09-21 13:20:38.360,-117.4355,33.701,9.12,3.28,"11km WNW of Lake Elsinore, CA"
nn00774972,2020-09-21 10:10:19.091,-117.8019,38.1739,6.5,2.7,"36 km SE of Mina, Nevada"
nn00774930,2020-09-21 04:56:21.946,-118.0629,38.1553,6.9,3.3,"26 km S of Mina, Nevada"
nc73460811,2020-09-21 04:53:54.720,-120.6498333,36.0748333,3.11,2.69,"24km ENE of San Ardo, CA"
nn00774835,2020-09-20 18:23:23.871,-117.9035,38.1833,4.7,2.5,"29 km SE of Mina, Nevada"
ci38696362,2020-09-20 02:51:09.680,-116.241,34.5651667,2.94,2.84,"19km SSW of Ludlow, CA"
ci38695802,2020-09-19 11:38:24.290,-116.4461667,33.4425,9.66,2.57,"22km NNW of Borrego Springs, CA"
ci38695658,2020-09-19 06:38:46.930,-118.08,34.038,16.87,4.54,"3km WSW of South El Monte, CA"
nn00774584,2020-09-18 23:05:24.144,-117.8848,38.1442,8.1,3.3,"33 km SE of Mina, Nevada"
nn00774579,2020-09-18 22:39:27.602,-117.9568,38.1484,11.3,2.5,"29 km SSE of Mina, Nevada"
nn00774492,2020-09-18 14:00:00.688,-117.8317,38.1713,4.8,3.3,"34 km SE of Mina, Nevada"
ci38694042,2020-09-17 23:29:29.460,-117.9933333,36.443,5.92,2.56,"17km SSE of Lone Pine, CA"
ci38693810,2020-09-17 20:57:23.150,-117.994,36.4396667,4.49,2.55,"18km N of Olancha, CA"
nc73459266,2020-09-17 18:36:25.310,-122.7416667,38.7921667,1.08,2.89,"2km NE of The Geysers, CA"
nn00774333,2020-09-17 17:17:05.029,-117.8863,38.1847,4.9,2.5,"30 km SE of Mina, Nevada"
ci38693130,2020-09-17 15:20:07.330,-117.9921667,36.4421667,3.73,3.07,"18km SSE of Lone Pine, CA"
nc73459081,2020-09-17 08:21:08.360,-121.2751667,36.6536667,3.92,2.84,"16km SSE of Tres Pinos, CA"
nc73459071,2020-09-17 08:15:32.270,-121.2766667,36.6548333,3.81,2.66,"16km SSE of Tres Pinos, CA"
nc73459026,2020-09-17 06:25:03.270,-123.3651667,39.8548333,6.95,2.62,"12km NW of Covelo, CA"
nc73458966,2020-09-17 01:39:19.590,-123.457,39.1841667,5.93,2.95,"21km NNW of Boonville, CA"
nc73458711,2020-09-16 13:25:51.420,-123.3611667,39.8505,7.56,2.68,"12km WNW of Covelo, CA"
nn00774041,2020-09-16 03:49:26.250,-117.9682,38.1553,9.8,2.8,"28 km SSE of Mina, Nevada"
nn00773931,2020-09-15 16:33:36.485,-117.9623,38.1597,11.6,4.2,"28 km SSE of Mina, Nevada"
ci38689882,2020-09-15 15:09:21.480,-116.6868333,33.9853333,16.32,2.91,"12km SW of Morongo Valley, CA"
ci38689202,2020-09-15 00:22:39.300,-117.187,34.0591667,13.72,2.69,"1km NW of Redlands, CA"
nc73457811,2020-09-14 15:36:59.690,-123.3663333,39.8583333,6.51,3.06,"12km NW of Covelo, CA"
nc73457786,2020-09-14 14:15:16.720,-123.368,39.8616667,6.19,3.0,"13km NW of Covelo, CA"
us7000bmwe,2020-09-14 04:21:29.356,-115.7101,40.1611,8.33,2.5,"63 km S of Spring Creek, Nevada"
nc73457261,2020-09-13 09:16:57.110,-119.852,35.8821667,13.79,2.96,"17km SE of Kettleman City, CA"
ci38686058,2020-09-12 19:22:02.600,-117.9926667,36.4405,3.73,2.69,"18km SSE of Lone Pine, CA"
nc73456656,2020-09-12 08:05:58.490,-118.7658333,37.4775,6.35,2.78,"12km SW of Toms Place, CA"
nn00773316,2020-09-12 05:56:08.720,-117.9648,38.1698,6.9,2.5,"27 km SSE of Mina, Nevada"
ci38683938,2020-09-11 08:14:10.210,-117.9933333,36.4376667,3.7,3.6,"17km N of Olancha, CA"
ci38683930,2020-09-11 08:11:05.310,-117.9916667,36.4338333,2.34,3.32,"17km N of Olancha, CA"
ci38683914,2020-09-11 07:55:45.450,-117.9945,36.4406667,3.93,4.22,"18km SSE of Lone Pine, CA"
nc73455736,2020-09-10 04:00:57.620,-123.2441667,39.3618333,6.98,2.63,"11km ESE of Willits, CA"
nn00772709,2020-09-09 10:07:28.389,-117.8719,38.1769,10.4,3.6,"31 km SE of Mina, Nevada"
nn00772633,2020-09-09 01:47:45.705,-118.0435,38.1317,3.7,2.7,"29 km S of Mina, Nevada"
nn00772541,2020-09-08 12:35:17.384,-118.0383,38.1497,1.8,3.5,"27 km SSE of Mina, Nevada"
ci38680154,2020-09-08 09:34:39.570,-117.4296667,35.6381667,4.7,2.7,"15km S of Searles Valley, CA"
nc73455056,2020-09-08 08:56:50.280,-122.718,38.4916667,6.75,2.57,"4km SE of Larkfield-Wikiup, CA"
nc73455026,2020-09-08 07:24:02.000,-118.7676667,38.0385,6.83,2.98,"29km SE of Bodie, CA"
nn00772477,2020-09-08 03:33:16.937,-118.0008,38.1269,10.0,2.8,"30 km SSE of Mina, Nevada"
nc73454601,2020-09-07 03:57:43.120,-120.4921667,35.9456667,9.93,2.58,"8km NW of Parkfield, CA"
nn00772311,2020-09-07 00:47:06.884,-117.948,38.1544,10.1,3.5,"29 km SSE of Mina, Nevada"
nc73454476,2020-09-06 18:43:57.660,-122.1271667,37.7155,8.92,3.21,"3km ESE of San Leandro, CA"
nc73454471,2020-09-06 18:36:03.240,-122.124,37.7146667,8.91,2.56,"3km ESE of San Leandro, CA"
ci38678586,2020-09-06 11:59:43.570,-117.358,35.9506667,3.03,2.54,"21km NNE of Searles Valley, CA"
ci38678266,2020-09-06 01:48:36.530,-120.062,34.564,12.76,3.9,"6km SSE of Santa Ynez, CA"
nc73453886,2020-09-05 07:17:12.160,-122.2046667,38.0395,10.35,2.74,"2km SSE of Crockett, CA"
ci38676562,2020-09-05 03:14:58.250,-117.4646667,35.6733333,8.82,3.04,"12km SSW of Searles Valley, CA"
nn00771877,2020-09-04 20:26:44.399,-117.8776,38.1571,5.6,2.8,"32 km SE of Mina, Nevada"
ci38675450,2020-09-04 14:24:44.100,-116.8536667,34.0878333,1.9,3.14,"18km SSE of Big Bear Lake, CA"
ci38675290,2020-09-04 11:39:18.200,-117.9616667,36.4661667,7.02,3.0,"16km SE of Lone Pine, CA"
nc73453426,2020-09-04 10:13:01.820,-121.4958333,36.8936667,6.54,2.87,"6km NE of San Juan Bautista, CA"
nn00771531,2020-09-03 01:55:38.616,-117.8736,38.1873,9.8,3.3,"30 km SE of Mina, Nevada"
ci39368535,2020-09-02 16:18:31.660,-117.7731667,36.0378333,1.88,3.45,"16km E of Coso Junction, CA"
nn00771382,2020-09-02 08:46:49.586,-118.0104,38.1368,2.2,2.6,"29 km SSE of Mina, Nevada"
nn00771348,2020-09-02 07:05:39.544,-117.8018,38.1769,6.1,3.1,"35 km SE of Mina, Nevada"
nn00771241,2020-09-01 16:56:23.593,-117.7724,38.2002,10.0,2.5,"36 km SE of Mina, Nevada"
nn00771153,2020-09-01 08:51:26.458,-117.8014,38.1759,5.8,2.8,"35 km SE of Mina, Nevada"
nn00771114,2020-09-01 05:51:36.757,-117.8634,38.1798,9.2,3.3,"31 km SE of Mina, Nevada"
nc73451996,2020-09-01 01:39:34.960,-120.437,36.3943333,9.19,2.87,"16km SW of Cantua Creek, CA"
nn00771068,2020-09-01 00:36:59.811,-118.2358,38.0039,6.6,3.4,"29 km NE of Benton, California"
nn00771061,2020-09-01 00:30:52.227,-117.8019,38.1765,6.7,3.5,"35 km SE of Mina, Nevada"
nn00771051,2020-08-31 23:09:24.403,-117.8032,38.172,6.6,3.1,"36 km SE of Mina, Nevada"
ci39366623,2020-08-31 22:20:41.090,-116.6455,33.391,12.93,2.59,"12km N of Warner Springs, CA"
nn00770962,2020-08-31 11:47:14.436,-117.7998,38.1786,7.4,2.7,"35 km SE of Mina, Nevada"
ci39365527,2020-08-30 19:43:06.190,-117.5203333,34.0491667,6.47,2.91,"5km NW of Glen Avon, CA"
ci39365455,2020-08-30 19:14:51.370,-115.6361667,33.1626667,4.83,2.77,"12km WNW of Calipatria, CA"
nn00770792,2020-08-30 08:44:20.086,-118.0007,38.1383,12.0,2.7,"29 km SSE of Mina, Nevada"
nn00770704,2020-08-29 22:41:11.183,-117.7834,38.2066,5.9,2.7,"35 km SE of Mina, Nevada"
nn00770680,2020-08-29 18:17:34.178,-118.0061,38.1504,7.7,3.3,"28 km SSE of Mina, Nevada"
ci39364319,2020-08-29 08:06:06.410,-117.775,36.0348333,1.91,2.93,"16km E of Coso Junction, CA"
ci39363095,2020-08-28 11:26:03.310,-115.6891667,32.5673333,15.01,3.65,"10km W of Progreso, B.C., MX"
nn00770415,2020-08-28 10:18:51.070,-117.8451,38.1675,8.0,2.6,"33 km SE of Mina, Nevada"
nn00770346,2020-08-28 00:30:30.333,-118.0696,38.1382,4.4,3.0,"28 km S of Mina, Nevada"
ci39362087,2020-08-27 15:04:06.490,-117.6415,35.8213333,0.83,3.16,"22km WNW of Searles Valley, CA"
nn00770246,2020-08-27 11:56:07.733,-117.9681,38.151,11.5,2.6,"29 km SSE of Mina, Nevada"
nc73450161,2020-08-27 08:48:31.810,-123.2433333,39.3533333,8.26,3.52,"10km NNW of Redwood Valley, CA"
nc73450156,2020-08-27 07:17:38.800,-123.2458333,39.3575,7.09,2.59,"11km NNW of Redwood Valley, CA"
nc73450126,2020-08-27 04:39:09.400,-121.6216667,36.8941667,4.95,2.55,"2km ENE of Aromas, CA"
ci39361103,2020-08-26 20:40:58.820,-117.305,33.0186667,13.31,2.52,"2km SSW of Encinitas, CA"
ci39360327,2020-08-26 12:49:23.720,-119.321,34.3151667,4.51,2.59,"10km WNW of Ventura, CA"
nc73449406,2020-08-25 12:00:46.550,-124.3301667,40.3335,16.44,2.71,"4km WNW of Petrolia, CA"
nn00769717,2020-08-24 22:47:42.161,-118.0113,38.1445,10.3,2.8,"28 km SSE of Mina, Nevada"
nn00769713,2020-08-24 22:28:58.540,-118.0091,38.1399,10.7,2.9,"29 km SSE of Mina, Nevada"
nn00769687,2020-08-24 20:09:36.139,-117.9488,38.1531,10.4,2.6,"29 km SSE of Mina, Nevada"
nc73448896,2020-08-24 09:23:23.370,-120.0336667,36.1688333,2.59,2.74,"7km ESE of Huron, CA"
nn00769590,2020-08-24 09:21:26.334,-117.8383,38.1798,9.1,3.0,"33 km SE of Mina, Nevada"
nn00769492,2020-08-23 18:49:37.682,-117.944,38.1558,10.2,2.6,"29 km SSE of Mina, Nevada"
nn00769427,2020-08-23 11:01:10.710,-117.8619,38.1803,5.4,3.2,"31 km SE of Mina, Nevada"
ci39355943,2020-08-22 14:30:10.220,-117.7001667,35.8716667,9.09,2.83,"20km ESE of Little Lake, CA"
nn00769282,2020-08-22 12:41:03.258,-117.8366,38.1656,9.9,2.5,"34 km SE of Mina, Nevada"
ci39355647,2020-08-22 06:19:15.260,-118.0303333,33.7253333,14.59,2.64,"4km SSW of Westminster, CA"
nn00769218,2020-08-22 05:25:59.971,-116.35,38.2735,0.9,2.8,"80 km ENE of Tonopah, Nevada"
ci39587168,2020-08-21 08:20:08.360,-117.4598333,35.6441667,6.22,3.6,"15km SSW of Searles Valley, CA"
nc73447706,2020-08-21 06:35:11.590,-123.7471667,38.6291667,9.23,3.05,"27km WSW of Sea Ranch, CA"
nc73447691,2020-08-21 06:05:19.890,-123.7348333,38.6188333,6.29,2.76,"27km WSW of Sea Ranch, CA"
nc73447646,2020-08-21 04:33:05.570,-120.7375,36.168,8.51,3.12,"22km NE of San Ardo, CA"
nn00768972,2020-08-21 01:29:31.926,-117.8362,38.172,7.5,3.0,"34 km SE of Mina, Nevada"
ci39586640,2020-08-20 22:56:36.110,-119.106,34.441,7.16,2.9,"11km NNW of Santa Paula, CA"
ci39586600,2020-08-20 22:40:45.320,-119.114,34.4516667,3.35,2.57,"12km E of Ojai, CA"
nc73447261,2020-08-20 11:25:49.060,-121.0568333,36.4678333,6.8,2.63,"10km SE of Pinnacles, CA"
ci39585200,2020-08-19 23:22:36.070,-117.5095,36.4701667,-1.0,2.92,"36km WSW of Stovepipe Wells, CA"
ci39584696,2020-08-19 17:50:53.090,-117.5146667,36.4725,-0.41,2.82,"36km WSW of Stovepipe Wells, CA"
ci39584688,2020-08-19 17:50:22.890,-117.4346667,34.1116667,14.18,2.98,"3km NE of Fontana, CA"
ci39584648,2020-08-19 17:32:11.070,-117.5141667,36.4786667,-0.57,4.72,"36km WSW of Stovepipe Wells, CA"
nn00768686,2020-08-19 17:13:46.209,-117.9378,38.153,10.4,2.5,"30 km SSE of Mina, Nevada"
ci39584256,2020-08-19 12:57:32.430,-119.1043333,34.4395,6.93,2.55,"10km NNW of Santa Paula, CA"
nc73446641,2020-08-19 06:14:46.320,-120.5153333,35.9641667,10.56,2.77,"10km NW of Parkfield, CA"
nc73446611,2020-08-19 05:51:28.120,-118.9136667,37.6305,2.84,2.5,"6km E of Mammoth Lakes, CA"
nn00768539,2020-08-19 04:31:04.995,-117.8112,38.1758,8.8,3.8,"35 km SE of Mina, Nevada"
nc73446496,2020-08-19 02:55:05.970,-123.249,39.3648333,6.75,2.58,"10km ESE of Willits, CA"
nc73446401,2020-08-19 02:00:39.000,-123.251,39.3646667,7.4,2.93,"10km ESE of Willits, CA"
nc73446411,2020-08-19 01:59:33.370,-123.2478333,39.3631667,7.63,3.9,"11km ESE of Willits, CA"
nc73446381,2020-08-19 01:43:42.500,-123.2471667,39.3573333,8.43,3.25,"11km NNW of Redwood Valley, CA"
nc73446356,2020-08-19 00:55:23.190,-123.2458333,39.3605,8.19,4.22,"11km ESE of Willits, CA"
nc73446341,2020-08-19 00:46:16.630,-123.2493333,39.3626667,7.17,2.9,"10km ESE of Willits, CA"
nn00768443,2020-08-18 18:20:45.720,-118.0827,38.1399,4.9,2.5,"27 km S of Mina, Nevada"
nn00768351,2020-08-18 06:56:22.599,-117.7319,38.1945,9.5,2.5,"39 km ESE of Mina, Nevada"
nc73447165,2020-08-17 20:43:36.830,-122.1065,37.2308333,13.83,2.64,"8km WSW of Saratoga, CA"
nc73447135,2020-08-17 20:29:06.440,-121.8293333,37.4925,4.56,2.88,"10km NE of Milpitas, CA"
nc73447140,2020-08-17 20:27:49.560,-121.829,37.491,4.88,3.45,"10km NE of Milpitas, CA"
nc73446570,2020-08-17 13:23:42.360,-122.8116667,38.8165,2.94,2.91,"6km NW of The Geysers, CA"
nc73446405,2020-08-17 04:59:51.070,-121.9808333,37.8968333,14.65,2.61,"6km SW of Clayton, CA"
ci39346799,2020-08-16 17:00:53.240,-117.0245,35.9575,2.32,2.6,"38km NE of Trona, CA"
ci39346743,2020-08-16 15:13:28.100,-117.875,36.2185,3.43,2.86,"14km ESE of Olancha, CA"
ci39346591,2020-08-16 12:08:31.080,-117.025,35.9585,2.14,3.13,"39km NE of Trona, CA"
nn00768043,2020-08-16 11:52:22.278,-117.2736,37.2,8.3,2.5,"56 km NW of Beatty, Nevada"
nn00768006,2020-08-16 08:39:17.681,-117.8898,38.1414,9.6,2.7,"33 km SE of Mina, Nevada"
ci39346495,2020-08-16 08:33:54.950,-117.4218333,35.6246667,8.76,2.86,"16km S of Searles Valley, CA"
ci39346487,2020-08-16 08:30:17.790,-118.4543333,34.677,10.43,2.73,"1km W of Lake Hughes, CA"
nc73444820,2020-08-15 08:10:37.500,-122.8135,38.8263333,2.17,2.75,"7km NW of The Geysers, CA"
nn00767765,2020-08-15 01:38:17.805,-117.9473,38.1595,10.1,3.7,"29 km SSE of Mina, Nevada"
nn00767645,2020-08-14 10:32:36.709,-117.9464,38.1548,10.3,3.5,"29 km SSE of Mina, Nevada"
ci39344127,2020-08-14 09:05:09.510,-115.9936667,33.2693333,6.97,3.2,"5km SW of Salton City, CA"
nn00767470,2020-08-13 13:36:09.211,-117.878,38.183,7.4,3.0,"30 km SE of Mina, Nevada"
nn00767400,2020-08-13 07:31:25.839,-117.8018,38.2302,6.4,2.7,"32 km ESE of Mina, Nevada"
nc73443710,2020-08-13 00:50:31.090,-120.8288333,35.5275,5.33,2.85,"11km NNE of Cayucos, CA"
ci39342007,2020-08-12 13:00:22.350,-117.475,34.2331667,7.8,2.54,"4km SE of Lytle Creek, CA"
nc73443335,2020-08-12 11:46:26.480,-122.7543333,38.7876667,3.27,2.5,"1km N of The Geysers, CA"
nc73443355,2020-08-12 11:45:43.450,-122.7491667,38.7866667,4.11,3.9,"1km NNE of The Geysers, CA"
ci39341815,2020-08-12 08:57:59.060,-117.9791667,36.4423333,4.12,2.56,"18km SSE of Lone Pine, CA"
nn00767157,2020-08-12 04:16:56.778,-117.8384,38.1709,6.1,2.5,"33 km SE of Mina, Nevada"
nn00767099,2020-08-11 19:53:54.152,-118.1634,38.0975,5.0,2.6,"32 km S of Mina, Nevada"
ci37452165,2020-08-11 11:20:30.600,-115.7051667,33.2291667,2.94,2.73,"14km S of Bombay Beach, CA"
ci39340599,2020-08-11 11:19:57.690,-115.7018333,33.2271667,3.16,3.55,"14km SSE of Bombay Beach, CA"
ci39340151,2020-08-11 01:53:09.620,-115.6878333,33.2661667,2.27,2.55,"10km SSE of Bombay Beach, CA"
ci39339887,2020-08-10 23:18:43.500,-115.633,33.1473333,7.61,2.59,"11km WNW of Calipatria, CA"
ci39339879,2020-08-10 23:17:08.620,-115.692,33.2598333,2.78,2.58,"11km SSE of Bombay Beach, CA"
ci39339791,2020-08-10 22:44:52.270,-115.64,33.1451667,7.65,3.33,"12km W of Calipatria, CA"
ci39339479,2020-08-10 20:45:09.660,-115.6836667,33.2673333,2.54,2.83,"10km SSE of Bombay Beach, CA"
ci39339199,2020-08-10 19:31:31.100,-115.685,33.2678333,2.66,2.99,"10km SSE of Bombay Beach, CA"
ci39339191,2020-08-10 19:29:29.720,-115.6841667,33.2653333,2.87,4.03,"10km SSE of Bombay Beach, CA"
ci39339183,2020-08-10 19:22:25.270,-115.6868333,33.2606667,2.98,2.61,"11km SSE of Bombay Beach, CA"
nc73441126,2020-08-10 19:02:00.370,-121.6116667,36.8745,6.06,2.79,"3km ESE of Aromas, CA"
ci39339095,2020-08-10 18:58:53.030,-115.6755,33.2513333,3.02,3.24,"12km SSE of Bombay Beach, CA"
ci39339079,2020-08-10 18:53:21.450,-115.6896667,33.2653333,4.42,3.21,"10km SSE of Bombay Beach, CA"
ci37452101,2020-08-10 18:30:05.830,-115.6925,33.2298333,3.67,3.49,"14km SSE of Bombay Beach, CA"
ci39339015,2020-08-10 18:29:59.890,-115.6955,33.228,2.85,3.06,"14km SSE of Bombay Beach, CA"
ci39338855,2020-08-10 17:46:10.510,-115.685,33.2678333,3.05,2.75,"10km SSE of Bombay Beach, CA"
ci39338839,2020-08-10 17:39:15.940,-115.6991667,33.227,3.26,3.51,"14km SSE of Bombay Beach, CA"
ci39338767,2020-08-10 17:22:20.840,-115.6873333,33.2683333,2.66,2.82,"10km SSE of Bombay Beach, CA"
ci39338487,2020-08-10 16:13:56.000,-115.6935,33.232,3.27,3.73,"14km SSE of Bombay Beach, CA"
ci37452061,2020-08-10 16:04:49.380,-115.6733333,33.2421667,2.66,2.87,"13km SSE of Bombay Beach, CA"
ci37452069,2020-08-10 16:03:59.830,-115.6853333,33.2445,4.51,2.83,"12km SSE of Bombay Beach, CA"
ci39338447,2020-08-10 16:03:39.160,-115.688,33.2503333,2.31,3.95,"12km SSE of Bombay Beach, CA"
ci39338439,2020-08-10 16:02:23.620,-115.683,33.2473333,3.11,2.57,"12km SSE of Bombay Beach, CA"
ci39338431,2020-08-10 16:01:34.260,-115.6841667,33.2458333,2.98,2.94,"12km SSE of Bombay Beach, CA"
ci39338423,2020-08-10 16:00:13.640,-115.6846667,33.255,1.91,3.12,"12km SSE of Bombay Beach, CA"
ci39338415,2020-08-10 15:58:16.660,-115.6858333,33.2436667,2.4,3.01,"13km SSE of Bombay Beach, CA"
ci39338407,2020-08-10 15:56:14.330,-115.69,33.2468333,2.07,4.59,"12km SSE of Bombay Beach, CA"
ci39338399,2020-08-10 15:55:48.220,-115.6953333,33.2506667,2.52,3.54,"12km SSE of Bombay Beach, CA"
ci39338375,2020-08-10 15:39:28.740,-115.6923333,33.2456667,2.6,2.64,"12km SSE of Bombay Beach, CA"
ci39338199,2020-08-10 13:33:56.670,-115.6373333,33.1458333,7.25,3.15,"12km W of Calipatria, CA"
nn00766593,2020-08-09 11:48:40.740,-117.9903,38.1475,10.6,2.5,"28 km SSE of Mina, Nevada"
ci39336903,2020-08-09 02:45:11.890,-115.9236667,33.043,2.95,2.83,"22km ESE of Ocotillo Wells, CA"
nn00766482,2020-08-08 20:01:12.373,-117.8518,38.1669,6.9,2.6,"33 km SE of Mina, Nevada"
nn00766458,2020-08-08 19:38:47.321,-117.8581,38.1728,9.4,3.0,"32 km SE of Mina, Nevada"
ci39336295,2020-08-08 13:26:51.960,-117.715,35.8726667,8.25,2.63,"19km ESE of Little Lake, CA"
nn00766185,2020-08-07 14:13:02.133,-118.0041,38.1429,5.6,3.0,"28 km SSE of Mina, Nevada"
nn00766170,2020-08-07 12:10:57.387,-117.8876,38.1863,11.1,2.5,"29 km SE of Mina, Nevada"
nc73439146,2020-08-06 16:00:27.860,-122.3891667,37.0745,8.75,3.01,"22km W of Bonny Doon, CA"
nn00765949,2020-08-06 13:01:57.699,-118.0389,38.1346,9.5,3.8,"29 km SSE of Mina, Nevada"
nc73438896,2020-08-06 02:46:13.140,-124.3671667,40.6381667,26.28,2.78,"11km NW of Ferndale, CA"
nn00765819,2020-08-05 16:44:54.340,-117.763,38.2266,11.2,2.6,"35 km ESE of Mina, Nevada"
ci39331047,2020-08-05 05:00:55.420,-117.6571667,34.2018333,9.21,2.61,"11km NW of Rancho Cucamonga, CA"
nc73438321,2020-08-04 21:28:37.230,-120.3443333,36.3428333,7.06,2.97,"18km S of Cantua Creek, CA"
nn00765611,2020-08-04 16:22:19.410,-117.8992,38.1638,5.9,2.6,Nevada
ci39329719,2020-08-04 11:54:39.750,-118.1895,35.6416667,7.6,2.53,"25km ESE of Kernville, CA"
ci39329127,2020-08-04 00:17:29.940,-117.9916667,36.4451667,4.04,2.72,"17km SSE of Lone Pine, CA"
nn00765478,2020-08-03 23:50:01.716,-115.9582,40.4615,14.9,2.8,"30 km SSE of Carlin, Nevada"
ci39328911,2020-08-03 22:18:51.810,-117.8336667,33.8656667,8.8,3.5,"3km SW of Yorba Linda, CA"
ci39327959,2020-08-03 08:25:22.740,-116.9986667,33.8725,14.09,2.67,"7km SSW of Beaumont, CA"
nn00765196,2020-08-02 18:18:27.735,-117.9523,38.1531,7.4,2.7,"29 km SSE of Mina, Nevada"
nn00765184,2020-08-02 16:42:26.948,-119.6324,40.034,11.4,2.8,"9 km NNW of Sutcliffe, Nevada"
nc73437281,2020-08-02 12:40:24.270,-121.755,37.408,8.97,2.96,"8km NE of Alum Rock, CA"
nn00765137,2020-08-02 11:00:12.139,-117.884,38.1658,11.6,2.6,"31 km SE of Mina, Nevada"
nc73437016,2020-08-01 19:32:30.170,-118.74,38.048,5.7,3.33,"30km SE of Bodie, CA"
nc73436996,2020-08-01 18:27:07.980,-118.7325,38.0456667,4.5,2.5,"31km SE of Bodie, CA"
nc73436876,2020-08-01 11:36:21.320,-118.7361667,38.0511667,5.4,2.78,"30km SE of Bodie, CA"
nn00765475,2020-08-01 04:55:48.644,-117.4443,37.5257,0.0,2.7,"27 km SW of Goldfield, Nevada"
nn00764600,2020-07-31 09:12:33.935,-117.8108,38.1751,11.0,3.4,"35 km SE of Mina, Nevada"
nn00764529,2020-07-30 20:47:35.433,-117.954,38.1613,7.6,2.6,"28 km SSE of Mina, Nevada"
ci39322839,2020-07-30 13:59:16.660,-118.4375,34.3058333,8.98,2.57,"1km ESE of Sylmar, CA"
ci39322775,2020-07-30 13:49:17.200,-118.4443333,34.2975,9.67,2.68,"1km SSE of Sylmar, CA"
ci39322767,2020-07-30 13:48:19.180,-118.4355,34.2936667,7.24,3.73,"1km NNE of San Fernando, CA"
ci39322383,2020-07-30 11:38:39.500,-118.4366667,34.2996667,9.19,3.07,"1km N of San Fernando, CA"
ci39322295,2020-07-30 11:30:34.420,-118.4606667,34.3041667,11.19,2.54,"1km WSW of Sylmar, CA"
ci39322287,2020-07-30 11:29:29.050,-118.4383333,34.3016667,8.85,4.17,"1km SE of Sylmar, CA"
nn00764413,2020-07-30 08:11:18.448,-117.9878,38.1564,7.8,2.5,"28 km SSE of Mina, Nevada"
nc73435571,2020-07-30 03:23:01.850,-120.7653333,36.1873333,8.7,3.87,"22km NE of San Ardo, CA"
nc73435536,2020-07-30 01:34:21.130,-121.9926667,39.7785,20.02,2.55,"4km NNE of Hamilton City, CA"
nc73435346,2020-07-29 16:10:11.860,-122.0016667,39.7875,13.77,2.5,"5km NNE of Hamilton City, CA"
nn00764172,2020-07-29 09:23:40.483,-117.7511,38.1827,11.5,2.5,"38 km SE of Mina, Nevada"
nn00764164,2020-07-29 09:00:12.332,-117.7909,38.1833,7.5,2.7,"36 km SE of Mina, Nevada"
nn00764141,2020-07-29 06:43:58.370,-117.8147,38.1681,9.2,2.7,"35 km SE of Mina, Nevada"
nn00764023,2020-07-28 18:18:13.470,-118.0622,38.1582,6.1,3.3,"26 km S of Mina, Nevada"
nc73434561,2020-07-28 00:29:53.240,-123.772,39.4891667,3.74,2.55,"6km NNE of Fort Bragg, CA"
nn00763796,2020-07-27 16:08:56.265,-117.8831,38.1613,5.4,2.5,"32 km SE of Mina, Nevada"
nc73434111,2020-07-27 12:15:37.110,-121.9898333,39.7836667,14.96,2.64,"5km NNE of Hamilton City, CA"
nc73434031,2020-07-27 07:27:48.270,-121.7708333,37.8316667,14.06,2.54,"11km SSW of Brentwood, CA"
nn00763675,2020-07-27 05:26:32.671,-117.7948,38.1774,4.7,2.5,"36 km SE of Mina, Nevada"
nn00763547,2020-07-26 17:32:04.134,-118.0693,38.1671,5.8,2.6,"25 km S of Mina, Nevada"
nn00763453,2020-07-26 10:46:22.678,-117.7533,38.193,12.2,2.5,"38 km SE of Mina, Nevada"
nn00763446,2020-07-26 10:31:07.448,-117.7546,38.1871,12.5,3.2,"38 km SE of Mina, Nevada"
nc73433371,2020-07-26 07:25:21.920,-118.734,38.0463333,4.77,2.5,"30km SE of Bodie, CA"
nc73433351,2020-07-26 06:53:28.170,-121.8035,37.4818333,8.63,2.63,"11km ENE of Milpitas, CA"
ci38609418,2020-07-26 03:29:55.250,-117.091,36.4031667,5.11,2.56,"22km WSW of Furnace Creek, CA"
nn00763220,2020-07-26 02:06:28.540,-117.7546,38.1836,12.6,4.4,"38 km SE of Mina, Nevada"
nn00763210,2020-07-26 01:34:48.967,-118.0399,38.1488,1.9,2.5,"27 km SSE of Mina, Nevada"
nc73433146,2020-07-25 21:15:10.410,-121.2828333,36.6833333,4.73,2.92,"12km SSE of Tres Pinos, CA"
nn00763107,2020-07-25 18:32:16.121,-117.9694,38.1759,2.2,3.1,"26 km SSE of Mina, Nevada"
ci38608026,2020-07-25 07:49:40.340,-117.9913333,36.4436667,3.85,2.57,"17km SSE of Lone Pine, CA"
nn00762911,2020-07-25 02:46:17.318,-117.941,38.153,11.9,3.1,"30 km SSE of Mina, Nevada"
nc73432571,2020-07-25 02:36:46.680,-121.6225,36.877,7.4,3.03,"2km SE of Aromas, CA"
ci38607450,2020-07-24 23:04:01.310,-117.993,36.4401667,3.97,2.69,"18km N of Olancha, CA"
nc73432466,2020-07-24 21:20:43.480,-122.756,39.2628333,13.31,2.63,"17km NE of Upper Lake, CA"
nn00762849,2020-07-24 19:40:56.895,-118.0397,38.1438,2.6,2.7,"28 km SSE of Mina, Nevada"
nc73432386,2020-07-24 19:03:38.340,-121.6176667,36.8783333,6.79,2.87,"2km ESE of Aromas, CA"
ci38606898,2020-07-24 18:11:12.100,-116.3943333,34.8418333,6.38,2.65,"25km WNW of Ludlow, CA"
nn00762781,2020-07-24 14:53:35.587,-118.0401,38.1505,2.1,2.7,"27 km SSE of Mina, Nevada"
ci38605954,2020-07-24 07:05:13.560,-117.9595,36.4451667,7.59,3.74,"19km SSE of Lone Pine, CA"
nn00762581,2020-07-24 05:36:27.114,-118.0352,38.1454,4.0,3.3,"27 km SSE of Mina, Nevada"
nn00762576,2020-07-24 05:35:24.838,-118.0407,38.1415,3.5,3.3,"28 km SSE of Mina, Nevada"
ci38605594,2020-07-24 01:28:27.940,-117.9588333,36.4666667,7.71,2.68,"17km SE of Lone Pine, CA"
nn00762506,2020-07-23 21:57:14.488,-118.0989,38.1304,3.1,2.8,"28 km S of Mina, Nevada"
nn00762498,2020-07-23 21:28:52.295,-117.8139,38.222,7.7,3.2,"31 km SE of Mina, Nevada"
nn00762457,2020-07-23 17:10:35.216,-117.9224,38.1053,11.3,4.2,"35 km SSE of Mina, Nevada"
ci38604154,2020-07-23 10:17:02.360,-116.032,32.8691667,7.14,2.53,"15km NNW of Ocotillo, CA"
ci38604050,2020-07-23 05:19:52.830,-117.988,36.4445,2.75,2.96,"17km SSE of Lone Pine, CA"
nc73430631,2020-07-23 02:54:45.950,-121.1926667,35.7428333,5.37,2.56,"11km N of San Simeon, CA"
ci38603874,2020-07-23 02:29:02.450,-117.9903333,36.4463333,3.85,2.79,"17km SSE of Lone Pine, CA"
ci38603762,2020-07-23 00:29:26.230,-117.9891667,36.4476667,4.09,3.67,"17km SSE of Lone Pine, CA"
nc73430191,2020-07-22 18:21:19.140,-118.8355,37.6393333,5.87,2.72,"13km E of Mammoth Lakes, CA"
nc73429416,2020-07-22 06:22:16.260,-121.3135,36.6768333,6.04,2.83,"13km S of Tres Pinos, CA"
nc73429346,2020-07-22 04:57:09.030,-121.3118333,36.6791667,4.83,3.3,"12km S of Tres Pinos, CA"
nc73428961,2020-07-21 11:42:54.520,-120.2933333,39.4328333,6.79,2.62,"15km NW of Truckee, CA"
nc73428831,2020-07-21 00:16:09.590,-123.836,40.1475,22.68,2.56,"3km NNW of Redway, CA"
nc73428826,2020-07-21 00:13:58.530,-123.8375,40.145,23.41,2.65,"3km NNW of Redway, CA"
ci38599882,2020-07-20 22:01:53.080,-119.0378333,34.9318333,13.57,3.6,"10km W of Grapevine, CA"
nc73428571,2020-07-20 09:23:31.690,-118.7518333,38.0436667,4.81,2.98,"29km SE of Bodie, CA"
nn00761421,2020-07-19 16:57:45.354,-117.7313,38.1957,10.8,2.6,"39 km ESE of Mina, Nevada"
nc73428141,2020-07-19 10:07:44.550,-118.7341667,38.0463333,6.2,3.54,"30km SE of Bodie, CA"
nn00761307,2020-07-19 08:03:31.941,-117.8404,38.1685,6.4,3.2,"34 km SE of Mina, Nevada"
nn00761157,2020-07-18 16:05:54.296,-117.8791,38.178,7.4,3.3,"30 km SE of Mina, Nevada"
nn00761116,2020-07-18 14:33:56.356,-117.6556,38.1623,3.0,2.6,"38 km WNW of Tonopah, Nevada"
ci38595986,2020-07-17 22:13:39.620,-117.5841667,35.703,3.37,2.93,"12km NE of Ridgecrest, CA"
nn00760804,2020-07-17 09:15:51.124,-117.653,38.1668,3.6,2.8,"38 km WNW of Tonopah, Nevada"
nn00760569,2020-07-16 14:53:45.104,-117.8199,38.171,7.8,2.9,"35 km SE of Mina, Nevada"
nn00760538,2020-07-16 12:35:45.537,-117.8596,38.1679,8.0,2.8,"32 km SE of Mina, Nevada"
nn00760475,2020-07-16 06:16:08.270,-117.9554,38.1696,5.8,2.7,"27 km SSE of Mina, Nevada"
ci38592522,2020-07-16 04:50:30.830,-116.8518333,33.7135,15.14,2.59,"5km SE of Valle Vista, CA"
ci38592114,2020-07-15 22:46:18.400,-116.008,33.0191667,10.49,3.04,"18km SE of Ocotillo Wells, CA"
ci38590570,2020-07-15 02:41:32.490,-117.7056667,35.8885,5.61,2.73,"19km ESE of Little Lake, CA"
nn00760150,2020-07-15 02:37:58.074,-117.4344,37.532,5.6,2.9,"26 km SW of Goldfield, Nevada"
nn00760148,2020-07-15 02:36:50.647,-117.438,37.5287,6.7,3.0,"26 km SW of Goldfield, Nevada"
ci38590066,2020-07-14 18:51:44.890,-117.4916667,35.6855,4.93,2.53,"12km SW of Searles Valley, CA"
nc73426211,2020-07-14 15:00:38.180,-121.2878333,36.6698333,1.74,2.76,"14km SSE of Tres Pinos, CA"
nc73426146,2020-07-14 13:15:53.140,-118.7986667,38.0303333,8.3,2.78,"28km SE of Bodie, CA"
ci39292639,2020-07-14 12:15:18.870,-117.987,36.4538333,3.7,3.58,"16km SSE of Lone Pine, CA"
nc73425991,2020-07-14 05:59:28.830,-118.7393333,38.045,8.2,3.62,"30km SE of Bodie, CA"
nn00759846,2020-07-13 23:33:36.207,-118.0325,38.1554,1.7,3.4,"26 km SSE of Mina, Nevada"
nn00759807,2020-07-13 19:00:56.246,-117.7356,38.1939,10.0,2.8,"39 km SE of Mina, Nevada"
nn00759766,2020-07-13 14:42:15.402,-117.657,38.1632,3.2,2.9,"38 km WNW of Tonopah, Nevada"
nn00759625,2020-07-13 02:56:39.647,-119.0967,39.582,11.2,2.6,"13 km ESE of Fernley, Nevada"
nn00759605,2020-07-13 01:33:16.466,-117.8248,38.1744,10.2,3.5,"34 km SE of Mina, Nevada"
ci39291087,2020-07-13 01:18:28.330,-119.4746667,34.3791667,5.92,2.92,"5km ESE of Carpinteria, CA"
nn00759507,2020-07-12 18:10:14.217,-118.0405,38.1526,1.5,3.4,"27 km SSE of Mina, Nevada"
nn00759427,2020-07-12 12:04:58.576,-117.9316,38.1547,12.4,3.0,"30 km SSE of Mina, Nevada"
nn00758996,2020-07-11 01:44:32.675,-118.0013,38.1437,3.5,2.6,"28 km SSE of Mina, Nevada"
nn00758868,2020-07-10 15:43:10.436,-117.4341,37.5334,7.3,2.9,"26 km SW of Goldfield, Nevada"
nn00758843,2020-07-10 14:22:35.329,-117.848,38.1633,7.9,3.0,"34 km SE of Mina, Nevada"
ci39285575,2020-07-09 10:03:43.600,-117.4623333,33.9233333,5.32,2.77,"6km SSE of Pedley, CA"
nn00758492,2020-07-09 09:22:20.954,-117.3869,39.2873,6.5,2.8,"28 km WNW of Kingston, Nevada"
nn00758477,2020-07-09 08:27:52.734,-117.436,37.5248,6.4,2.6,"26 km SW of Goldfield, Nevada"
nn00758443,2020-07-09 06:47:41.534,-118.0242,38.1357,6.4,2.5,"29 km SSE of Mina, Nevada"
nc73423631,2020-07-09 02:46:21.960,-123.1305,39.2536667,5.15,2.58,"6km ESE of Redwood Valley, CA"
nn00758356,2020-07-09 00:43:10.026,-117.9496,38.1565,7.5,2.6,"29 km SSE of Mina, Nevada"
nn00758306,2020-07-08 21:39:13.130,-117.4389,37.5312,7.8,2.6,"26 km SW of Goldfield, Nevada"
nn00758301,2020-07-08 21:34:15.521,-117.4398,37.5287,5.6,2.6,"26 km SW of Goldfield, Nevada"
nn00758288,2020-07-08 21:27:44.887,-117.4392,37.5281,9.1,3.7,"26 km SW of Goldfield, Nevada"
nn00758285,2020-07-08 21:23:34.591,-117.4357,37.5281,5.5,3.0,"26 km SW of Goldfield, Nevada"
nn00758264,2020-07-08 19:18:50.815,-117.8855,38.1766,9.9,2.5,"30 km SE of Mina, Nevada"
nc73423441,2020-07-08 17:30:46.900,-121.5348333,36.8143333,4.25,2.6,"4km S of San Juan Bautista, CA"
nn00758209,2020-07-08 14:23:09.242,-118.0317,38.1309,7.5,2.6,"29 km SSE of Mina, Nevada"
nc73423006,2020-07-07 14:06:41.980,-118.7436667,38.0688333,2.44,2.56,"28km SE of Bodie, CA"
us7000ajf7,2020-07-07 12:29:39.793,-117.9484,38.1448,10.0,2.5,"30 km SSE of Mina, Nevada"
nn00757753,2020-07-07 08:15:29.980,-117.8876,38.1434,10.7,2.7,"33 km SE of Mina, Nevada"
nn00757723,2020-07-07 06:22:39.635,-118.0459,38.1281,3.3,2.6,"29 km S of Mina, Nevada"
nn00757683,2020-07-07 03:39:50.971,-117.4389,37.527,6.8,3.0,"26 km SW of Goldfield, Nevada"
nc73422801,2020-07-07 03:02:01.650,-123.3636667,40.2971667,32.95,2.94,"32km SSW of Hayfork, CA"
ci39282359,2020-07-07 02:34:01.690,-116.3713333,33.3456667,11.36,3.15,"10km N of Borrego Springs, CA"
nn00757652,2020-07-07 01:05:58.963,-117.4412,37.5243,7.3,3.2,"27 km SW of Goldfield, Nevada"
nc73422696,2020-07-06 22:55:09.200,-121.4556667,36.7478333,7.02,2.88,"11km SW of Ridgemark, CA"
nn00757599,2020-07-06 21:40:47.360,-118.011,38.1326,6.0,2.5,"29 km SSE of Mina, Nevada"
nn00757538,2020-07-06 18:12:45.578,-118.5515,38.0755,0.8,2.7,"29 km NNW of Benton, California"
nn00757488,2020-07-06 14:42:24.985,-117.8506,38.1653,8.3,2.8,"33 km SE of Mina, Nevada"
nn00757472,2020-07-06 13:46:15.677,-117.8933,38.1834,6.1,2.5,"29 km SE of Mina, Nevada"
ci39281447,2020-07-06 13:41:59.800,-117.9616667,36.4518333,5.07,2.96,"18km SSE of Lone Pine, CA"
ci39281423,2020-07-06 13:25:05.710,-117.993,36.453,5.08,2.6,"16km SSE of Lone Pine, CA"
nn00757373,2020-07-06 09:11:49.271,-117.891,38.1814,5.4,2.8,"30 km SE of Mina, Nevada"
nn00757359,2020-07-06 08:22:17.575,-118.0267,38.1361,7.7,3.0,"29 km SSE of Mina, Nevada"
ci39281183,2020-07-06 07:53:40.480,-117.996,36.4516667,5.95,2.6,"16km SSE of Lone Pine, CA"
nn00757297,2020-07-06 06:12:54.847,-117.8907,38.1856,5.6,4.5,"29 km SE of Mina, Nevada"
nn00757294,2020-07-06 06:10:37.043,-117.884,38.1758,6.5,3.4,"30 km SE of Mina, Nevada"
ci39281039,2020-07-06 03:05:16.320,-116.6376667,34.6063333,7.35,3.03,"35km ENE of Lucerne Valley, CA"
nn00757130,2020-07-05 18:01:04.984,-118.0094,38.1218,1.7,2.6,"31 km SSE of Mina, Nevada"
nc73422076,2020-07-05 17:20:09.520,-124.155,40.2268333,11.24,2.7,"16km SE of Petrolia, CA"
nc73421981,2020-07-05 16:14:07.710,-122.7663333,38.788,0.92,3.97,"2km NW of The Geysers, CA"
ci39280319,2020-07-05 12:17:01.200,-116.2268333,32.8655,10.16,3.42,"26km WNW of Ocotillo, CA"
ci39280095,2020-07-05 05:56:11.230,-117.982,36.4536667,4.41,2.77,"17km SSE of Lone Pine, CA"
ci39279935,2020-07-05 03:16:27.830,-117.4855,35.6511667,9.5,2.57,"15km SSW of Searles Valley, CA"
nc73421471,2020-07-04 20:09:37.960,-118.7341667,38.054,6.99,3.18,"30km SE of Bodie, CA"
nn00756756,2020-07-04 15:45:19.368,-117.8628,38.1754,4.7,3.0,"32 km SE of Mina, Nevada"
nc73421341,2020-07-04 13:12:53.180,-121.1438333,40.2211667,4.98,3.09,"2km NE of Prattville, CA"
nn00756704,2020-07-04 12:58:11.955,-117.4439,37.5209,9.5,3.3,"27 km SW of Goldfield, Nevada"
nn00756684,2020-07-04 12:28:43.217,-117.9933,38.1434,9.8,2.6,"29 km SSE of Mina, Nevada"
nn00756661,2020-07-04 11:55:22.318,-117.8883,38.1457,10.3,2.7,"33 km SE of Mina, Nevada"
nc73420996,2020-07-03 22:22:53.670,-118.8163333,38.0436667,2.7,2.9,"25km SE of Bodie, CA"
nn00756404,2020-07-03 19:09:24.675,-117.4368,37.5251,6.4,2.5,"27 km SW of Goldfield, Nevada"
nn00756389,2020-07-03 18:43:58.699,-117.4354,37.5253,6.0,3.4,"26 km SW of Goldfield, Nevada"
nn00756380,2020-07-03 18:32:09.146,-118.0034,38.1265,9.8,2.5,"30 km SSE of Mina, Nevada"
nc73420911,2020-07-03 18:22:48.200,-118.8151667,38.0416667,2.74,2.54,"26km SE of Bodie, CA"
nn00756375,2020-07-03 18:21:24.890,-117.8837,38.1436,9.2,2.5,"33 km SE of Mina, Nevada"
ci39278103,2020-07-03 18:16:36.630,-116.0556667,32.726,10.2,2.58,"6km W of Ocotillo, CA"
nc73420871,2020-07-03 16:13:48.940,-118.7678333,38.039,6.11,2.7,"29km SE of Bodie, CA"
ci39277879,2020-07-03 15:40:03.070,-116.7223333,33.6705,16.23,2.72,"8km S of Idyllwild, CA"
nn00756303,2020-07-03 14:50:35.608,-117.7627,38.185,6.8,2.5,"37 km SE of Mina, Nevada"
nc73420646,2020-07-03 04:57:12.830,-121.2718333,36.6525,4.43,2.6,"16km SSE of Tres Pinos, CA"
nn00756095,2020-07-03 03:02:22.683,-117.9477,38.1545,7.5,2.5,"29 km SSE of Mina, Nevada"
nn00756064,2020-07-03 00:59:25.676,-117.7735,38.1754,11.7,2.8,"37 km SE of Mina, Nevada"
nn00756056,2020-07-02 23:52:43.288,-117.4371,37.5269,7.0,2.7,"26 km SW of Goldfield, Nevada"
nn00755991,2020-07-02 19:34:04.195,-117.8956,38.1716,10.1,2.8,"30 km SE of Mina, Nevada"
nc73420366,2020-07-02 18:49:41.090,-118.7313333,37.4646667,5.11,3.42,"12km SSW of Toms Place, CA"
nc73420296,2020-07-02 16:12:49.130,-118.7315,37.4626667,4.23,2.72,"12km SSW of Toms Place, CA"
nn00755850,2020-07-02 10:53:09.335,-117.806,38.171,9.8,3.0,"35 km SE of Mina, Nevada"
nn00755806,2020-07-02 08:17:52.121,-117.4307,37.5278,7.9,2.5,"26 km SW of Goldfield, Nevada"
nn00755777,2020-07-02 06:10:20.487,-117.4485,37.5224,4.4,2.9,"27 km SW of Goldfield, Nevada"
nn00755754,2020-07-02 06:10:03.667,-117.4372,37.5268,6.8,2.9,"26 km SW of Goldfield, Nevada"
nc73420031,2020-07-02 04:02:44.790,-121.3785,36.8001667,5.56,2.63,"2km SW of Ridgemark, CA"
nn00755652,2020-07-01 22:48:50.941,-117.4405,37.5265,6.6,2.9,"27 km SW of Goldfield, Nevada"
ci39275615,2020-07-01 17:06:09.530,-115.6228333,33.071,10.51,2.51,"4km N of Westmorland, CA"
ci39275351,2020-07-01 13:55:32.640,-118.442,34.2955,8.57,2.51,"1km NNW of San Fernando, CA"
nn00755462,2020-07-01 06:23:40.677,-117.9278,38.1578,9.1,2.6,"30 km SSE of Mina, Nevada"
nn00755457,2020-07-01 06:04:31.771,-117.7892,38.1869,6.9,2.5,"35 km SE of Mina, Nevada"
nn00755378,2020-06-30 20:11:26.940,-117.9729,38.147,11.3,2.6,"29 km SSE of Mina, Nevada"
nn00755316,2020-06-30 15:48:10.932,-117.9967,38.1445,3.8,2.7,"29 km SSE of Mina, Nevada"
nn00755304,2020-06-30 15:23:47.288,-117.6966,37.7019,6.8,3.2,"8 km SW of Silver Peak, Nevada"
nn00755259,2020-06-30 11:27:05.406,-117.9594,38.1779,3.2,2.5,"26 km SSE of Mina, Nevada"
nn00755257,2020-06-30 11:24:20.453,-117.9622,38.1767,2.9,2.9,"26 km SSE of Mina, Nevada"
nn00755237,2020-06-30 10:20:27.570,-117.9551,38.1596,7.9,2.5,"28 km SSE of Mina, Nevada"
nn00755231,2020-06-30 10:04:28.208,-117.9966,38.1435,4.0,2.9,"29 km SSE of Mina, Nevada"
nn00755218,2020-06-30 09:24:23.549,-117.9583,38.1539,8.3,5.0,"29 km SSE of Mina, Nevada"
nn00755187,2020-06-30 06:59:24.901,-118.0826,38.1194,7.6,2.7,"30 km S of Mina, Nevada"
ci39273391,2020-06-30 06:26:59.060,-115.9,33.0471667,7.74,2.53,"24km ESE of Ocotillo Wells, CA"
nn00755130,2020-06-30 00:07:56.853,-117.9656,38.1492,8.8,2.5,"29 km SSE of Mina, Nevada"
nn00755123,2020-06-29 23:11:21.375,-117.9464,38.1664,4.6,2.5,"28 km SSE of Mina, Nevada"
ci39271943,2020-06-29 07:07:56.440,-118.0006667,36.4608333,6.09,2.56,"15km SSE of Lone Pine, CA"
ci39271919,2020-06-29 06:53:34.870,-117.98,36.4413333,3.75,2.5,"18km N of Olancha, CA"
ci39271783,2020-06-29 01:55:49.010,-117.9756667,36.4833333,7.16,3.55,"14km SE of Lone Pine, CA"
ci39271647,2020-06-28 22:13:58.510,-115.6945,33.2341667,2.72,3.7,"13km SSE of Bombay Beach, CA"
nn00754920,2020-06-28 17:20:41.860,-118.0912,38.1145,3.1,2.5,"30 km S of Mina, Nevada"
nc73418371,2020-06-28 10:59:26.180,-122.8091667,38.8263333,1.53,2.56,"7km NW of The Geysers, CA"
nc73418291,2020-06-28 09:59:07.110,-122.8118333,38.8305,2.53,2.57,"8km NW of The Geysers, CA"
nn00754718,2020-06-28 01:40:36.505,-117.8384,38.1734,7.6,3.2,"33 km SE of Mina, Nevada"
nn00754672,2020-06-27 23:10:55.994,-117.8914,38.1644,6.9,2.8,"31 km SE of Mina, Nevada"
nc73417896,2020-06-27 20:06:34.910,-119.5561667,38.6736667,-0.99,2.68,"21km E of Markleeville, CA"
nn00754551,2020-06-27 16:21:48.096,-117.9756,38.1412,8.3,2.6,"30 km SSE of Mina, Nevada"
nn00754501,2020-06-27 13:37:57.521,-117.9478,38.1491,10.6,2.6,"30 km SSE of Mina, Nevada"
nn00754403,2020-06-27 08:38:54.953,-117.9793,38.1434,11.8,2.6,"29 km SSE of Mina, Nevada"
nn00754278,2020-06-27 03:06:44.845,-117.8735,38.1743,11.3,2.5,"31 km SE of Mina, Nevada"
ci39268871,2020-06-27 02:05:28.460,-117.7063333,35.9133333,9.02,2.88,"18km E of Little Lake, CA"
nc73417416,2020-06-27 01:37:34.260,-118.7321667,38.061,11.39,2.71,"30km SE of Bodie, CA"
nn00754216,2020-06-27 01:32:35.125,-117.7242,38.196,3.1,3.6,"39 km ESE of Mina, Nevada"
nc73417336,2020-06-26 23:41:02.010,-118.7455,38.0633333,-0.78,2.54,"28km SE of Bodie, CA"
nn00754167,2020-06-26 23:03:40.075,-118.0344,38.1568,1.8,2.8,"26 km SSE of Mina, Nevada"
nn00754097,2020-06-26 20:12:07.390,-117.9071,38.2618,9.5,2.5,"22 km SE of Mina, Nevada"
nn00754075,2020-06-26 19:14:30.178,-118.039,38.1541,1.8,2.5,"26 km SSE of Mina, Nevada"
ci37448893,2020-06-26 18:55:39.000,-117.9888333,36.4451667,3.5,2.55,"17km SSE of Lone Pine, CA"
ci39268303,2020-06-26 18:55:08.110,-117.9836667,36.442,4.03,3.21,"18km SSE of Lone Pine, CA"
ci39268095,2020-06-26 17:23:10.200,-117.9666667,36.4783333,6.78,2.84,"15km SE of Lone Pine, CA"
ci39268087,2020-06-26 17:14:13.810,-117.9631667,36.4358333,5.04,2.85,"18km NNE of Olancha, CA"
ci39268023,2020-06-26 16:57:05.330,-117.9783333,36.4453333,4.0,3.09,"18km SSE of Lone Pine, CA"
nn00753849,2020-06-26 07:39:32.742,-117.865,38.1767,5.3,2.5,"31 km SE of Mina, Nevada"
ci39267255,2020-06-26 07:38:48.330,-117.9818333,36.4453333,4.85,2.57,"18km SSE of Lone Pine, CA"
ci39266839,2020-06-26 02:23:26.190,-117.992,36.4451667,3.94,3.33,"17km SSE of Lone Pine, CA"
ci39266607,2020-06-25 22:21:44.100,-117.9748333,36.4438333,5.43,3.12,"18km SSE of Lone Pine, CA"
ci39266591,2020-06-25 22:17:08.640,-117.9746667,36.4428333,5.52,2.85,"18km N of Olancha, CA"
nn00753654,2020-06-25 21:22:49.018,-117.965,38.1406,1.6,2.6,"30 km SSE of Mina, Nevada"
nn00753626,2020-06-25 20:09:04.627,-117.9726,38.1472,11.4,2.5,"29 km SSE of Mina, Nevada"
ci39266287,2020-06-25 19:48:06.100,-116.4313333,33.4465,10.7,3.03,"22km NNW of Borrego Springs, CA"
ci39266159,2020-06-25 19:06:44.890,-117.9895,36.4478333,3.75,3.15,"17km SSE of Lone Pine, CA"
ci39266039,2020-06-25 18:16:59.210,-117.9765,36.4508333,7.08,2.8,"17km SSE of Lone Pine, CA"
ci39266015,2020-06-25 18:12:01.050,-117.9718333,36.4491667,4.34,2.85,"18 km SSE of Lone Pine, CA"
ci39496912,2020-06-25 16:25:11.770,-117.9633333,36.4453333,8.32,2.78,"18km SSE of Lone Pine, CA"
ci39496744,2020-06-25 15:13:33.000,-117.971,36.4763333,6.73,2.8,"15km SE of Lone Pine, CA"
ci39496504,2020-06-25 13:58:38.830,-117.9603333,36.4395,6.89,3.05,"18km NNE of Olancha, CA"
ci39496160,2020-06-25 10:34:27.730,-117.9705,36.4841667,6.53,3.47,"14km SE of Lone Pine, CA"
ci39496144,2020-06-25 10:27:03.940,-116.2926667,33.3626667,12.59,2.84,"14km NNE of Borrego Springs, CA"
ci39496120,2020-06-25 10:17:10.600,-117.968,36.4441667,6.86,2.95,"18km SSE of Lone Pine, CA"
ci39495976,2020-06-25 08:18:30.850,-117.964,36.4435,6.71,2.67,"18km NNE of Olancha, CA"
ci39495808,2020-06-25 06:38:56.330,-117.9535,36.467,8.01,2.64,"17km SE of Lone Pine, CA"
ci39495592,2020-06-25 04:42:35.670,-117.9625,36.4366667,6.79,2.74,"18km NNE of Olancha, CA"
nc73415886,2020-06-25 04:09:07.470,-122.743,38.7751667,0.52,3.23,"1km ESE of The Geysers, CA"
ci39495312,2020-06-25 01:50:21.060,-117.9716667,36.4431667,6.44,2.67,"18km N of Olancha, CA"
ci39495288,2020-06-25 01:33:11.160,-117.9475,36.4676667,11.36,2.81,"17km SE of Lone Pine, CA"
ci39495280,2020-06-25 01:32:50.070,-118.0003333,36.4671667,6.35,2.59,"15km SSE of Lone Pine, CA"
ci39495264,2020-06-25 01:25:55.200,-117.9621667,36.4668333,6.63,2.61,"16km SE of Lone Pine, CA"
nn00753083,2020-06-25 01:22:33.365,-117.7912,38.1746,5.7,2.5,"36 km SE of Mina, Nevada"
nn00753055,2020-06-25 00:25:12.921,-118.0051,38.1578,3.4,2.5,"27 km SSE of Mina, Nevada"
nn00753048,2020-06-25 00:15:01.228,-118.0043,38.1575,3.5,2.8,"27 km SSE of Mina, Nevada"
ci39495128,2020-06-25 00:09:30.790,-117.9736667,36.481,7.23,3.43,"15km SE of Lone Pine, CA"
nn00752967,2020-06-24 21:43:52.481,-117.7625,38.1909,7.4,3.0,"37 km SE of Mina, Nevada"
ci39494672,2020-06-24 21:12:48.730,-117.9716667,36.4795,6.86,3.73,"15km SE of Lone Pine, CA"
nn00752944,2020-06-24 21:02:28.087,-117.9929,38.1698,1.9,2.5,"26 km SSE of Mina, Nevada"
ci39494608,2020-06-24 20:49:41.720,-119.1785,35.271,21.42,2.91,"13km SSW of Rosedale, CA"
ci37447973,2020-06-24 20:07:21.620,-117.9528333,36.4285,2.05,2.5,"17km NNE of Olancha, CA"
ci39494336,2020-06-24 19:21:39.860,-117.968,36.4433333,6.57,2.67,"18km N of Olancha, CA"
ci39494264,2020-06-24 19:02:17.850,-117.933,36.4375,8.32,3.3,"18km NNE of Olancha, CA"
ci39494240,2020-06-24 18:55:53.990,-117.9403333,36.4495,8.23,2.67,"19km SE of Lone Pine, CA"
ci39494144,2020-06-24 18:27:57.700,-118.0006667,36.4668333,6.65,2.6,"15km SSE of Lone Pine, CA"
ci39494136,2020-06-24 18:26:38.480,-117.9646667,36.4783333,10.22,2.71,"15km SE of Lone Pine, CA"
ci39494128,2020-06-24 18:25:39.550,-117.9735,36.4845,9.45,3.25,"14km SE of Lone Pine, CA"
ci39494120,2020-06-24 18:20:38.300,-117.9681667,36.4806667,10.23,3.77,"15km SE of Lone Pine, CA"
ci39494088,2020-06-24 18:14:18.060,-117.9518333,36.439,7.33,3.06,"18km NNE of Olancha, CA"
ci39494056,2020-06-24 18:10:20.530,-117.989,36.4618333,6.13,2.6,"16km SSE of Lone Pine, CA"
nc73415191,2020-06-24 18:08:35.130,-118.849,37.579,2.82,2.8,"13km ESE of Mammoth Lakes, CA"
ci39494024,2020-06-24 18:05:07.880,-117.967,36.4576667,6.69,2.65,"17km SSE of Lone Pine, CA"
us7000aa96,2020-06-24 18:05:07.355,-117.9695,36.4599,9.25,2.6,"9 km WSW of Keeler, California"
ci39494008,2020-06-24 17:59:19.960,-117.9311667,36.456,9.62,4.59,"19km SE of Lone Pine, CA"
ci37280444,2020-06-24 17:56:58.910,-117.9906667,36.4673333,16.36,2.67,"15km SSE of Lone Pine, CA"
ci39493976,2020-06-24 17:47:04.850,-117.9381667,36.4366667,8.47,2.92,"18km NNE of Olancha, CA"
ci39493968,2020-06-24 17:45:00.530,-117.9385,36.4568333,10.88,3.49,"19km SE of Lone Pine, CA"
ci39493944,2020-06-24 17:40:49.240,-117.9751667,36.4468333,4.66,5.8,"18km SSE of Lone Pine, CA"
ci39493832,2020-06-24 17:11:28.390,-117.9753333,36.4431667,4.9,2.51,"18km SSE of Lone Pine, CA"
nn00752645,2020-06-24 08:50:26.482,-118.0371,38.1496,2.0,2.6,"27 km SSE of Mina, Nevada"
nn00752567,2020-06-24 03:20:36.018,-117.7423,38.1834,9.7,2.9,"39 km SE of Mina, Nevada"
ci39492720,2020-06-24 00:56:48.020,-117.5436667,35.7353333,2.55,2.95,"13km WSW of Searles Valley, CA"
nn00752501,2020-06-23 23:22:13.507,-117.9585,38.1526,9.3,2.6,"29 km SSE of Mina, Nevada"
ci39492120,2020-06-23 16:56:15.240,-117.9771667,36.4468333,4.72,2.81,"18km SSE of Lone Pine, CA"
nn00752366,2020-06-23 15:47:55.235,-118.0185,38.1302,6.2,3.0,"29 km SSE of Mina, Nevada"
nn00752405,2020-06-23 15:44:50.162,-118.0022,38.1481,7.5,2.9,"28 km SSE of Mina, Nevada"
ci37447629,2020-06-23 06:48:25.290,-117.9933333,36.4623333,6.51,2.88,"15km SSE of Lone Pine, CA"
ci39491464,2020-06-23 06:48:10.430,-117.9808333,36.4585,5.03,3.15,"16km SSE of Lone Pine, CA"
nc73414356,2020-06-23 04:46:33.380,-118.7413333,38.0665,6.88,3.31,"29km SE of Bodie, CA"
nc73414321,2020-06-23 03:09:19.980,-122.267,37.3841667,10.32,2.74,"3km W of Portola Valley, CA"
ci37447621,2020-06-23 02:52:06.440,-117.9833333,36.445,0.19,3.66,"18km SSE of Lone Pine, CA"
ci39491208,2020-06-23 02:51:58.480,-117.983,36.4465,4.35,3.79,"17km SSE of Lone Pine, CA"
nc73414291,2020-06-23 02:38:54.760,-118.7615,38.0461667,6.56,2.88,"29km SE of Bodie, CA"
ci39491112,2020-06-23 01:46:08.430,-117.9756667,36.4465,6.64,2.83,"18km SSE of Lone Pine, CA"
ci39491104,2020-06-23 01:39:49.740,-117.988,36.4471667,4.82,2.69,"17km SSE of Lone Pine, CA"
nn00752030,2020-06-23 01:26:07.997,-117.9703,38.1533,7.1,2.5,"28 km SSE of Mina, Nevada"
nn00752026,2020-06-23 01:25:20.105,-117.8773,38.1761,6.7,2.8,"31 km SE of Mina, Nevada"
ci39491000,2020-06-23 00:44:42.450,-117.9865,36.4448333,5.75,2.88,"17km SSE of Lone Pine, CA"
ci39490976,2020-06-23 00:33:57.560,-117.9751667,36.446,6.73,2.95,"18km SSE of Lone Pine, CA"
ci39490968,2020-06-23 00:30:52.730,-117.9776667,36.4503333,3.77,3.82,"17km SSE of Lone Pine, CA"
ci37447541,2020-06-23 00:26:46.470,-117.99,36.4545,7.4,3.26,"16km SSE of Lone Pine, CA"
ci39490952,2020-06-23 00:25:46.390,-117.984,36.4466667,2.26,4.65,"17km SSE of Lone Pine, CA"
nn00751902,2020-06-22 19:30:37.937,-117.9513,38.1549,9.1,3.3,"29 km SSE of Mina, Nevada"
nc73413951,2020-06-22 16:29:14.470,-118.769,38.0386667,5.05,2.6,"29km SE of Bodie, CA"
nn00751850,2020-06-22 16:19:06.746,-117.9826,38.1412,11.1,2.5,"29 km SSE of Mina, Nevada"
nn00751788,2020-06-22 12:18:43.786,-117.853,38.1799,4.3,2.7,"32 km SE of Mina, Nevada"
nn00751726,2020-06-22 09:18:58.193,-117.8852,38.1942,8.1,3.6,"29 km SE of Mina, Nevada"
nn00751714,2020-06-22 08:51:25.535,-118.2086,38.0851,2.4,2.5,"35 km SSW of Mina, Nevada"
nn00751671,2020-06-22 06:56:02.283,-117.8384,38.1755,7.5,3.0,"33 km SE of Mina, Nevada"
nn00751649,2020-06-22 05:52:17.986,-117.73,38.182,3.1,2.9,"40 km SE of Mina, Nevada"
ci39489432,2020-06-22 04:27:29.420,-119.3555,33.895,0.87,2.51,"21km SE of Santa Cruz Is. (E end), CA"
nn00751597,2020-06-22 04:04:28.060,-118.0395,38.1293,6.2,3.0,"29 km SSE of Mina, Nevada"
nn00751574,2020-06-22 03:16:06.915,-118.0739,38.1438,4.2,2.5,"27 km S of Mina, Nevada"
nn00751549,2020-06-22 01:39:32.514,-117.9501,38.1513,7.7,2.8,"29 km SSE of Mina, Nevada"
nn00751514,2020-06-21 23:51:15.945,-117.9731,38.1376,11.7,2.6,"30 km SSE of Mina, Nevada"
nn00751490,2020-06-21 21:59:50.034,-119.0916,39.6054,6.3,2.5,"13 km E of Fernley, Nevada"
nn00751474,2020-06-21 21:01:14.506,-119.0825,39.599,9.1,2.6,"14 km E of Fernley, Nevada"
nn00751469,2020-06-21 20:51:08.848,-119.0895,39.6011,12.1,2.8,"13 km E of Fernley, Nevada"
nc73413296,2020-06-21 19:53:50.310,-122.8193333,38.8023333,2.32,2.76,"6km WNW of The Geysers, CA"
nn00751484,2020-06-21 19:09:33.120,-119.0876,39.6011,13.8,2.7,"14 km E of Fernley, Nevada"
nc73413186,2020-06-21 17:13:28.280,-118.5888333,37.4545,10.59,2.8,"4km N of Round Valley, CA"
nn00751340,2020-06-21 14:37:38.298,-117.7408,38.1868,10.1,3.1,"39 km SE of Mina, Nevada"
ci39488496,2020-06-21 09:11:21.980,-116.4298333,34.2543333,2.17,3.0,"16km N of Yucca Valley, CA"
nn00751117,2020-06-21 03:37:19.513,-117.9686,38.145,11.8,2.5,"29 km SSE of Mina, Nevada"
nn00751099,2020-06-21 02:59:57.081,-117.8824,38.174,5.9,3.3,"31 km SE of Mina, Nevada"
nn00751071,2020-06-21 02:01:21.674,-117.8862,38.174,4.6,3.5,"30 km SE of Mina, Nevada"
nc73412801,2020-06-21 01:57:20.980,-123.7411667,40.092,21.97,2.7,"8km ESE of Redway, CA"
nc73412716,2020-06-20 21:51:24.300,-118.7491667,38.0436667,-0.3,2.78,"30km SE of Bodie, CA"
nc73412661,2020-06-20 19:39:27.490,-120.5671667,36.0015,4.45,2.73,"17km NW of Parkfield, CA"
nn00750883,2020-06-20 16:39:56.650,-117.8556,38.1651,6.1,2.6,"33 km SE of Mina, Nevada"
nn00750879,2020-06-20 16:38:28.851,-117.9689,38.1467,11.2,3.2,"29 km SSE of Mina, Nevada"
nn00750760,2020-06-20 12:28:41.719,-117.7979,38.1743,6.3,3.3,"36 km SE of Mina, Nevada"
nn00750711,2020-06-20 11:24:27.447,-117.7965,38.1778,5.6,4.1,"36 km SE of Mina, Nevada"
ci39487112,2020-06-20 09:02:29.220,-115.769,33.3533333,4.83,2.93,"3km W of Bombay Beach, CA"
nn00750521,2020-06-20 03:55:27.590,-117.8151,38.176,10.0,3.2,"35 km SE of Mina, Nevada"
nn00750512,2020-06-20 03:49:55.963,-117.8174,38.1748,10.1,4.2,"34 km SE of Mina, Nevada"
nn00750384,2020-06-19 23:25:07.381,-117.8125,38.1733,9.7,4.0,"35 km SE of Mina, Nevada"
nn00750337,2020-06-19 21:28:00.162,-117.8137,38.1742,10.2,2.8,"35 km SE of Mina, Nevada"
nn00750312,2020-06-19 20:42:21.454,-117.8345,38.1698,6.5,4.9,"34 km SE of Mina, Nevada"
nn00750239,2020-06-19 16:07:08.661,-117.9925,38.1442,7.7,3.0,"29 km SSE of Mina, Nevada"
ci39485616,2020-06-19 12:54:16.570,-117.4378333,35.6466667,2.71,2.54,"14km SSW of Searles Valley, CA"
nn00750141,2020-06-19 10:43:38.768,-117.8094,38.1696,11.0,3.3,"35 km SE of Mina, Nevada"
nn00750130,2020-06-19 10:26:43.704,-117.8182,38.1716,11.3,4.3,"35 km SE of Mina, Nevada"
nn00750066,2020-06-19 07:40:59.270,-117.9595,38.1476,8.0,2.7,"29 km SSE of Mina, Nevada"
nc73411671,2020-06-19 03:05:38.600,-118.8888333,37.5525,5.54,2.94,"12km SE of Mammoth Lakes, CA"
nn00749985,2020-06-19 00:25:00.523,-117.875,38.1745,7.8,2.7,"31 km SE of Mina, Nevada"
ci39484672,2020-06-18 21:37:17.640,-117.6543333,35.8293333,7.06,2.76,"23km N of Ridgecrest, CA"
nc73411451,2020-06-18 19:14:27.630,-122.7055,38.7541667,1.39,2.61,"3km SSW of Anderson Springs, CA"
ci39484352,2020-06-18 18:14:25.200,-117.4376667,35.6458333,2.85,2.9,"14km SSW of Searles Valley, CA"
nn00749916,2020-06-18 15:07:51.947,-118.0007,38.1504,5.0,2.7,"28 km SSE of Mina, Nevada"
nn00749852,2020-06-18 11:23:14.606,-117.8349,38.172,7.8,2.5,"34 km SE of Mina, Nevada"
ci39483912,2020-06-18 09:32:35.170,-119.3761667,33.8796667,5.98,2.57,"21km SE of Santa Cruz Is. (E end), CA"
nn00749754,2020-06-18 03:45:47.642,-117.8362,38.165,8.2,2.6,"34 km SE of Mina, Nevada"
nn00749736,2020-06-18 03:44:59.331,-117.8383,38.1751,9.7,3.3,"33 km SE of Mina, Nevada"
ci39483592,2020-06-18 00:35:11.810,-119.3893333,34.5803333,0.59,3.18,"20km NW of Ojai, CA"
nn00749668,2020-06-17 20:38:45.994,-117.8486,38.1657,8.0,2.9,"33 km SE of Mina, Nevada"
us6000adr4,2020-06-17 20:38:45.730,-117.7935,38.1926,8.44,2.6,"35 km SE of Mina, Nevada"
ci39483392,2020-06-17 20:32:03.570,-118.48,35.3635,1.84,2.91,"25km S of Bodfish, CA"
nc73410846,2020-06-17 17:35:02.600,-121.7625,37.414,8.23,3.36,"8km NE of Alum Rock, CA"
nn00749523,2020-06-17 10:22:24.910,-117.964,38.1595,9.7,2.8,"28 km SSE of Mina, Nevada"
nn00749438,2020-06-17 04:55:59.944,-117.9805,38.1456,11.5,2.6,"29 km SSE of Mina, Nevada"
nn00749421,2020-06-17 03:31:14.002,-117.8491,38.1641,7.8,2.5,"33 km SE of Mina, Nevada"
nn00749411,2020-06-17 02:49:36.491,-117.9927,38.13,1.8,2.8,"30 km SSE of Mina, Nevada"
nn00749397,2020-06-17 01:48:48.862,-117.8475,38.1672,7.5,2.5,"33 km SE of Mina, Nevada"
nc73410171,2020-06-16 16:58:26.060,-122.8091667,38.8375,0.94,2.64,"8km WNW of Cobb, CA"
nc73410131,2020-06-16 16:57:53.630,-122.8116667,38.8353333,0.54,2.59,"8km W of Cobb, CA"
ci39481640,2020-06-16 11:17:31.440,-120.564,34.5076667,5.86,2.57,"18km SSW of Lompoc, CA"
nc73409931,2020-06-16 07:59:54.540,-121.6843333,36.1968333,13.41,2.78,"22km NNW of Lopez Point, CA"
ci39481424,2020-06-16 05:58:22.780,-117.8073333,36.0433333,1.34,3.8,"13km E of Coso Junction, CA"
nn00749126,2020-06-16 05:55:20.473,-117.915,38.1493,9.3,2.7,"31 km SSE of Mina, Nevada"
nn00749012,2020-06-15 19:37:53.220,-117.8955,38.1842,11.6,3.0,"29 km SE of Mina, Nevada"
nn00748970,2020-06-15 16:57:37.366,-118.032,38.1223,1.8,2.9,"30 km SSE of Mina, Nevada"
nn00748874,2020-06-15 11:00:28.428,-118.0429,38.1506,1.8,2.5,California-Nevada border region
nc73409341,2020-06-15 10:32:38.980,-118.8031667,38.0223333,4.82,2.93,"28km SE of Bodie, CA"
nn00748811,2020-06-15 09:12:36.718,-118.0544,38.1249,2.7,3.5,"29 km S of Mina, Nevada"
nn00748659,2020-06-15 01:32:35.662,-117.9788,38.1434,12.0,3.0,"29 km SSE of Mina, Nevada"
nn00748633,2020-06-15 00:27:56.985,-117.9597,38.1496,9.0,3.2,"29 km SSE of Mina, Nevada"
nn00748598,2020-06-14 22:52:49.059,-117.9325,38.1985,4.2,2.5,"26 km SE of Mina, Nevada"
nn00748074,2020-06-13 18:22:30.671,-118.0189,38.1241,9.4,2.6,"30 km SSE of Mina, Nevada"
nc73408456,2020-06-13 18:16:22.970,-119.5353333,38.664,4.77,2.95,"21km SW of Smith Valley, NV"
nn00747938,2020-06-13 13:03:02.579,-117.8866,38.1453,9.9,3.1,"33 km SE of Mina, Nevada"
nn00747919,2020-06-13 11:59:13.193,-118.2332,38.0799,6.6,3.0,"35 km NE of Benton, California"
nn00747912,2020-06-13 11:48:26.708,-118.2321,38.0849,6.0,3.0,"35 km SSW of Mina, Nevada"
nn00747897,2020-06-13 11:33:19.821,-118.2335,38.0843,7.1,3.6,"35 km SSW of Mina, Nevada"
nn00747858,2020-06-13 10:38:29.061,-118.003,38.1468,7.8,2.6,"28 km SSE of Mina, Nevada"
ci39477608,2020-06-13 06:45:06.930,-117.705,35.9026667,2.66,3.14,"19km ESE of Little Lake, CA"
nn00747765,2020-06-13 06:38:04.776,-117.93,38.197,2.9,2.7,"26 km SE of Mina, Nevada"
nn00747748,2020-06-13 05:57:11.827,-117.7352,38.1922,9.0,3.4,"39 km SE of Mina, Nevada"
nn00747692,2020-06-13 00:31:55.781,-117.8838,38.1717,7.4,2.6,"31 km SE of Mina, Nevada"
nn00747590,2020-06-12 15:34:34.144,-117.8018,38.2318,7.7,2.6,"32 km ESE of Mina, Nevada"
nn00747543,2020-06-12 13:35:52.079,-117.8116,38.2241,8.6,2.5,"31 km SE of Mina, Nevada"
ci39475936,2020-06-12 06:19:39.040,-119.7331667,35.5298333,5.26,2.62,"28km WNW of Buttonwillow, CA"
nn00747331,2020-06-12 04:21:26.183,-118.0267,38.1253,8.2,3.1,"30 km SSE of Mina, Nevada"
nn00747164,2020-06-11 17:08:39.791,-117.9653,38.158,2.1,3.3,"28 km SSE of Mina, Nevada"
nc73407201,2020-06-11 17:05:04.510,-120.2928333,39.434,6.59,2.75,"15km NW of Truckee, CA"
nn00747072,2020-06-11 12:42:42.646,-117.8959,38.1626,8.0,2.6,"31 km SE of Mina, Nevada"
nn00747050,2020-06-11 11:56:07.437,-117.8464,38.164,7.9,2.6,"34 km SE of Mina, Nevada"
nn00747047,2020-06-11 11:53:39.530,-117.7903,38.1768,9.9,2.9,"36 km SE of Mina, Nevada"
nn00747016,2020-06-11 10:31:35.477,-117.9602,38.1525,10.9,2.5,"29 km SSE of Mina, Nevada"
nn00746995,2020-06-11 09:23:18.916,-118.0846,38.1236,4.7,2.8,"29 km S of Mina, Nevada"
nn00746974,2020-06-11 08:36:56.277,-117.9939,38.147,7.8,2.7,"28 km SSE of Mina, Nevada"
nn00746961,2020-06-11 08:22:57.067,-117.796,38.1727,4.7,3.3,"36 km SE of Mina, Nevada"
nn00747151,2020-06-11 08:22:53.440,-117.7979,38.1771,5.1,3.3,"36 km SE of Mina, Nevada"
ci39474184,2020-06-11 06:27:02.580,-119.1975,33.9613333,10.92,2.68,"21km S of Port Hueneme, CA"
nn00746898,2020-06-11 06:06:38.026,-117.8989,38.1613,7.9,3.2,"31 km SE of Mina, Nevada"
nn00746900,2020-06-11 06:06:24.117,-117.7259,38.1922,9.8,2.8,"40 km ESE of Mina, Nevada"
nn00746883,2020-06-11 05:32:52.205,-118.0372,38.1486,2.0,2.5,"27 km SSE of Mina, Nevada"
nn00746871,2020-06-11 05:10:46.837,-118.0341,38.1504,1.8,2.7,"27 km SSE of Mina, Nevada"
ci39473968,2020-06-11 04:14:12.590,-117.6818333,35.8353333,7.81,3.62,"23km ESE of Little Lake, CA"
nc73406791,2020-06-11 03:39:31.330,-122.7138333,38.7695,1.86,2.59,"2km WSW of Anderson Springs, CA"
ci39473904,2020-06-11 03:11:05.400,-116.8023333,33.8576667,13.82,2.76,"7km SSW of Cabazon, CA"
nn00746745,2020-06-11 00:04:12.050,-117.9521,38.1527,8.8,3.4,"29 km SSE of Mina, Nevada"
nn00746728,2020-06-10 23:03:18.268,-117.8878,38.172,7.6,3.4,"31 km SE of Mina, Nevada"
nn00746699,2020-06-10 22:09:05.752,-117.8721,38.1803,10.4,3.1,"31 km SE of Mina, Nevada"
nn00746615,2020-06-10 16:48:56.165,-118.0704,38.1377,2.3,2.5,"28 km S of Mina, Nevada"
nc73406336,2020-06-10 13:25:46.400,-121.3758333,36.728,2.26,3.27,"8km SW of Tres Pinos, CA"
ci39472648,2020-06-10 08:40:19.110,-115.7788333,32.7125,7.56,2.62,"20km E of Ocotillo, CA"
nn00746288,2020-06-10 04:34:49.628,-117.7553,38.201,8.3,3.2,"37 km SE of Mina, Nevada"
nn00746090,2020-06-09 22:40:13.916,-117.8888,38.1821,5.3,3.4,"30 km SE of Mina, Nevada"
nn00745878,2020-06-09 15:08:01.283,-118.0404,38.1536,1.7,2.5,"26 km SSE of Mina, Nevada"
nn00745837,2020-06-09 13:38:54.522,-117.7726,38.1775,11.5,4.2,"37 km SE of Mina, Nevada"
nc73405671,2020-06-09 13:32:02.500,-122.2486667,37.8695,8.96,2.65,"2km E of Berkeley, CA"
nn00745729,2020-06-09 10:03:27.853,-117.879,38.1659,4.6,2.7,"32 km SE of Mina, Nevada"
nn00745473,2020-06-08 22:57:54.785,-118.0901,38.1171,4.9,2.9,"30 km S of Mina, Nevada"
nn00745446,2020-06-08 21:58:18.910,-117.9838,38.1521,11.6,2.9,"28 km SSE of Mina, Nevada"
nn00745348,2020-06-08 18:17:31.976,-118.0323,38.1465,3.4,2.8,"27 km SSE of Mina, Nevada"
nn00745257,2020-06-08 14:58:25.102,-117.7818,38.1791,5.1,2.6,"36 km SE of Mina, Nevada"
nn00745201,2020-06-08 12:19:12.521,-117.7443,38.1833,9.1,2.6,"39 km SE of Mina, Nevada"
nc73405026,2020-06-08 09:00:45.990,-118.7325,38.0583333,11.89,2.89,"30km SE of Bodie, CA"
nn00745076,2020-06-08 08:22:49.986,-117.9781,38.1463,10.8,3.6,"29 km SSE of Mina, Nevada"
ci39469960,2020-06-08 07:50:13.610,-116.7513333,33.2886667,11.9,2.5,"5km NNE of Lake Henshaw, CA"
ci39469848,2020-06-08 04:15:05.770,-117.4175,35.6376667,3.64,4.29,"14km S of Searles Valley, CA"
nn00744974,2020-06-08 03:41:05.039,-117.8039,38.2248,7.2,2.9,"32 km SE of Mina, Nevada"
nn00744970,2020-06-08 03:35:17.358,-117.7968,38.2133,4.3,2.8,"33 km SE of Mina, Nevada"
nn00744961,2020-06-08 03:24:05.884,-117.7912,38.2059,5.2,4.8,"34 km SE of Mina, Nevada"
nn00744942,2020-06-08 02:23:05.444,-117.9184,38.1428,9.1,2.5,"32 km SSE of Mina, Nevada"
nn00744904,2020-06-08 00:39:27.118,-117.7908,38.1769,6.8,2.5,"36 km SE of Mina, Nevada"
nn00744897,2020-06-08 00:20:35.601,-118.0044,38.1418,8.4,2.8,"29 km SSE of Mina, Nevada"
nn00744884,2020-06-07 23:52:21.650,-117.7444,38.1837,9.6,2.8,"39 km SE of Mina, Nevada"
nn00744870,2020-06-07 23:05:26.345,-117.7569,38.1978,7.8,2.5,"37 km SE of Mina, Nevada"
nn00744819,2020-06-07 20:18:56.176,-117.8885,38.1568,3.4,3.2,"32 km SE of Mina, Nevada"
nn00744812,2020-06-07 20:07:15.047,-118.0065,38.1432,5.5,2.5,"28 km SSE of Mina, Nevada"
ci39469304,2020-06-07 17:22:21.950,-116.7448333,33.2295,9.43,2.59,"2km SE of Lake Henshaw, CA"
nn00744695,2020-06-07 13:39:22.046,-117.793,38.1759,5.8,2.5,"36 km SE of Mina, Nevada"
nc73404456,2020-06-07 13:13:24.570,-118.7708333,38.0381667,6.77,3.4,"29km SE of Bodie, CA"
nn00744680,2020-06-07 12:58:04.212,-117.9947,38.1446,10.2,2.6,"29 km SSE of Mina, Nevada"
nn00744632,2020-06-07 11:10:29.156,-117.8778,38.1789,10.7,2.6,"30 km SE of Mina, Nevada"
nn00744554,2020-06-07 09:23:25.517,-118.0214,38.1245,7.9,3.5,"30 km SSE of Mina, Nevada"
nn00744542,2020-06-07 08:56:17.368,-115.9676,41.2028,11.1,3.8,"39 km NW of Osino, Nevada"
nn00744462,2020-06-07 06:16:57.272,-117.8868,38.158,3.7,2.9,"32 km SE of Mina, Nevada"
nn00744458,2020-06-07 06:12:12.860,-118.095,38.1444,4.5,2.5,California-Nevada border region
ci39468648,2020-06-07 03:42:04.120,-117.9843333,36.1478333,2.73,3.49,"12km NNW of Coso Junction, CA"
nc73404071,2020-06-07 02:22:55.640,-118.9913333,37.5155,3.7,2.68,"14km S of Mammoth Lakes, CA"
ci39468576,2020-06-07 01:50:59.320,-116.0031667,33.1616667,7.09,3.26,"12km E of Ocotillo Wells, CA"
nn00744304,2020-06-07 01:47:07.530,-117.9773,38.1485,12.9,3.2,"29 km SSE of Mina, Nevada"
nn00744224,2020-06-06 19:34:36.258,-117.9353,38.1517,9.5,2.7,"30 km SSE of Mina, Nevada"
us6000a763,2020-06-06 15:24:42.075,-117.8725,38.2052,10.0,2.5,"29 km SE of Mina, Nevada"
nn00744115,2020-06-06 15:24:26.500,-117.9345,38.1738,6.3,2.5,"28 km SSE of Mina, Nevada"
nn00744074,2020-06-06 13:40:03.367,-117.9634,38.1439,11.5,2.8,"30 km SSE of Mina, Nevada"
nn00744053,2020-06-06 12:56:41.570,-118.0668,38.1373,5.6,2.6,"28 km S of Mina, Nevada"
nc73403746,2020-06-06 12:21:03.220,-123.6206667,39.7698333,-0.77,2.78,"15km NW of Laytonville, CA"
nn00744033,2020-06-06 12:08:11.140,-117.7517,38.182,15.0,2.6,"38 km SE of Mina, Nevada"
nn00744019,2020-06-06 11:20:12.330,-118.0253,38.1508,5.8,2.5,"27 km SSE of Mina, Nevada"
nn00743974,2020-06-06 10:13:04.385,-117.7984,38.1747,10.1,3.8,"36 km SE of Mina, Nevada"
nn00743938,2020-06-06 09:01:08.970,-117.8108,38.1702,10.4,2.5,"35 km SE of Mina, Nevada"
nn00743900,2020-06-06 07:35:58.380,-118.0311,38.1505,3.1,2.8,"27 km SSE of Mina, Nevada"
ci39467768,2020-06-06 05:44:33.720,-116.3055,33.0035,4.4,2.71,"22km SW of Ocotillo Wells, CA"
nn00743844,2020-06-06 05:41:19.645,-117.9731,38.1505,10.2,3.5,"29 km SSE of Mina, Nevada"
nn00743758,2020-06-06 02:28:14.899,-117.8007,38.1678,8.9,4.1,"36 km SE of Mina, Nevada"
nc73403421,2020-06-05 23:09:19.630,-121.671,36.9438333,6.53,3.16,"6km E of Interlaken, CA"
nn00743672,2020-06-05 22:30:11.542,-117.7879,38.1754,5.4,2.8,"36 km SE of Mina, Nevada"
ci39467392,2020-06-05 22:20:02.690,-117.9828333,36.1513333,2.67,2.71,"12km NNW of Coso Junction, CA"
nc73403261,2020-06-05 20:35:44.170,-122.8245,38.8028333,2.11,2.5,"6km WNW of The Geysers, CA"
nn00743624,2020-06-05 19:31:47.778,-117.896,38.1576,5.1,2.6,"31 km SE of Mina, Nevada"
nn00743563,2020-06-05 17:48:03.862,-118.0951,38.1255,2.3,3.3,"29 km S of Mina, Nevada"
nn00743528,2020-06-05 16:39:07.227,-117.7625,38.1774,3.3,3.5,"38 km SE of Mina, Nevada"
nn00743513,2020-06-05 15:56:02.691,-118.0939,38.1213,6.4,2.8,California-Nevada border region
nn00743480,2020-06-05 14:55:37.081,-117.8739,38.1694,4.7,2.6,"32 km SE of Mina, Nevada"
nn00743421,2020-06-05 13:13:11.495,-118.0745,38.1444,2.3,2.7,"27 km S of Mina, Nevada"
ci39466504,2020-06-05 11:07:58.590,-117.9873333,36.1458333,2.28,2.5,"12km NNW of Coso Junction, CA"
nc73402681,2020-06-04 19:23:16.350,-122.9146667,39.8028333,10.08,2.63,"23km NW of Alder Springs, CA"
nn00742924,2020-06-04 17:56:04.839,-117.9666,38.1791,3.5,3.2,"26 km SSE of Mina, Nevada"
ci39465080,2020-06-04 16:23:49.670,-115.763,32.7113333,10.1,2.56,"21km WSW of El Centro, CA"
nn00742795,2020-06-04 13:55:22.708,-118.0184,38.1269,8.1,2.5,"30 km SSE of Mina, Nevada"
ci39464360,2020-06-04 10:27:28.650,-117.4233333,35.6458333,6.01,3.64,"14km S of Searles Valley, CA"
ci39464208,2020-06-04 08:47:16.440,-117.4206667,35.6148333,9.93,2.68,"17km SSW of Trona, CA"
nn00742540,2020-06-04 06:57:32.406,-118.0661,38.1455,7.0,2.6,"27 km S of Mina, Nevada"
ci39463528,2020-06-04 04:37:46.510,-117.4083333,35.6061667,6.34,3.54,"18km S of Trona, CA"
ci39463336,2020-06-04 03:47:35.700,-117.421,35.6313333,8.75,3.1,"15km S of Searles Valley, CA"
ci39463304,2020-06-04 03:39:11.440,-117.4016667,35.5966667,8.84,2.95,"19km S of Trona, CA"
ci39463272,2020-06-04 03:32:45.750,-117.4501667,35.6506667,2.81,2.53,"14km SSW of Searles Valley, CA"
ci39463040,2020-06-04 02:43:57.790,-117.4118333,35.6216667,9.29,3.26,"16km S of Trona, CA"
ci39462920,2020-06-04 02:27:54.610,-117.9796667,36.1498333,2.01,4.16,"12km NNW of Coso Junction, CA"
ci39462832,2020-06-04 02:15:27.910,-117.4093333,35.6108333,9.11,2.57,"17km S of Trona, CA"
ci39462768,2020-06-04 02:07:26.600,-117.4098333,35.6068333,8.21,3.22,"18km S of Trona, CA"
ci39462744,2020-06-04 02:04:00.090,-117.4205,35.625,9.61,3.01,"16km S of Searles Valley, CA"
ci39462672,2020-06-04 01:52:45.900,-117.4243333,35.6245,10.06,3.28,"16km S of Searles Valley, CA"
ci39462600,2020-06-04 01:42:35.760,-117.4123333,35.6396667,9.26,2.56,"14km SSW of Trona, CA"
ci39462592,2020-06-04 01:42:17.350,-117.415,35.6121667,9.01,2.71,"17km S of Trona, CA"
ci39462552,2020-06-04 01:35:57.640,-117.4005,35.5998333,10.18,2.67,"18km S of Trona, CA"
ci39462536,2020-06-04 01:32:11.140,-117.4281667,35.6148333,8.44,5.51,"17km S of Searles Valley, CA"
nc73401996,2020-06-04 00:51:23.350,-118.75,38.0446667,4.35,2.99,"30km SE of Bodie, CA"
nn00742312,2020-06-04 00:49:05.739,-118.0282,38.1352,7.9,3.6,"29 km SSE of Mina, Nevada"
nn00742290,2020-06-04 00:04:02.841,-117.8448,38.1615,7.7,2.6,"34 km SE of Mina, Nevada"
nn00742269,2020-06-03 23:41:12.005,-117.8085,38.1752,10.1,2.5,"35 km SE of Mina, Nevada"
ci39462368,2020-06-03 23:13:45.070,-117.9826667,36.1468333,1.81,3.44,"12km NNW of Coso Junction, CA"
nn00742248,2020-06-03 23:02:49.816,-117.9706,38.1492,11.0,2.5,"29 km SSE of Mina, NV"
nn00742174,2020-06-03 20:03:07.470,-117.8299,38.1726,5.7,2.5,"34 km SE of Mina, Nevada"
nn00742121,2020-06-03 17:28:58.668,-117.8933,38.1736,11.8,3.1,"30 km SE of Mina, Nevada"
nn00742102,2020-06-03 16:35:22.211,-118.0744,38.1233,2.4,2.9,"29 km S of Mina, Nevada"
nn00742097,2020-06-03 16:32:46.872,-117.9832,38.1466,12.7,2.6,"29 km SSE of Mina, Nevada"
ci39228639,2020-06-03 15:34:37.640,-117.9841667,36.1456667,2.7,2.54,"12km NNW of Coso Junction, CA"
ci39228631,2020-06-03 15:33:36.840,-117.9841667,36.1446667,2.03,3.11,"12km NNW of Coso Junction, CA"
nn00741879,2020-06-03 09:12:08.654,-117.9163,38.1768,8.4,2.7,"29 km SE of Mina, Nevada"
nc73401476,2020-06-03 06:07:33.250,-122.7601667,38.8201667,2.15,2.53,"3km W of Cobb, CA"
ci39227895,2020-06-03 04:36:23.390,-117.1843333,35.2301667,1.47,3.9,"40km NNW of Barstow, CA"
nn00741638,2020-06-03 00:55:18.430,-117.8581,38.1691,8.6,2.7,"32 km SE of Mina, Nevada"
nc73401346,2020-06-03 00:42:42.880,-118.7561667,38.0413333,2.7,2.52,"29km SE of Bodie, CA"
ci39227655,2020-06-02 23:28:55.020,-120.2656667,34.7931667,1.83,2.67,"6km NNE of Los Alamos, CA"
nn00741560,2020-06-02 22:06:33.672,-117.9508,38.1564,8.3,2.7,"29 km SSE of Mina, Nevada"
nc73401216,2020-06-02 21:19:25.040,-121.2806667,36.6575,5.89,2.94,"15km SSE of Tres Pinos, CA"
nn00741516,2020-06-02 20:34:49.263,-117.7513,38.1852,11.7,2.5,"38 km SE of Mina, Nevada"
nn00741426,2020-06-02 16:15:10.170,-117.8752,38.183,7.8,2.5,"30 km SE of Mina, Nevada"
ci39227191,2020-06-02 15:14:47.760,-117.7258333,35.8948333,7.08,2.64,"17km ESE of Little Lake, CA"
nn00741362,2020-06-02 14:07:53.027,-117.9438,38.175,6.5,2.5,"27 km SSE of Mina, Nevada"
nn00741338,2020-06-02 13:07:48.307,-118.0065,38.1485,7.7,3.0,"28 km SSE of Mina, Nevada"
nn00741206,2020-06-02 08:36:23.168,-118.0048,38.147,3.6,3.0,"28 km SSE of Mina, Nevada"
ci39226575,2020-06-02 05:39:31.450,-115.6558333,33.1576667,3.55,2.81,"14km WNW of Calipatria, CA"
nn00740956,2020-06-02 02:01:27.927,-118.0874,38.1219,2.2,3.4,"29 km S of Mina, Nevada"
nn00740951,2020-06-02 02:00:58.300,-118.0869,38.1214,2.0,2.7,"29 km S of Mina, Nevada"
nn00740880,2020-06-02 00:47:34.149,-117.8324,38.1773,9.0,3.0,"33 km SE of Mina, Nevada"
nn00740829,2020-06-01 22:56:32.787,-118.0193,38.1369,5.7,2.6,"29 km SSE of Mina, Nevada"
nn00740815,2020-06-01 22:39:26.703,-118.077,38.141,4.5,2.6,"27 km S of Mina, Nevada"
nn00740454,2020-06-01 11:48:58.717,-117.8779,38.1756,6.4,2.9,"31 km SE of Mina, Nevada"
nn00740380,2020-06-01 09:38:49.134,-117.8708,38.1739,8.2,3.5,"31 km SE of Mina, Nevada"
nn00740215,2020-06-01 04:47:12.362,-117.8303,38.1737,5.5,2.7,"34 km SE of Mina, Nevada"
nn00740083,2020-06-01 01:33:39.146,-118.0103,38.1264,1.8,2.7,"30 km SSE of Mina, Nevada"
nn00740054,2020-06-01 00:57:46.354,-117.8332,38.1606,8.2,3.1,"35 km SE of Mina, Nevada"
nn00740047,2020-06-01 00:54:24.675,-117.8454,38.1666,7.3,3.6,"33 km SE of Mina, Nevada"
nn00739980,2020-05-31 22:25:18.246,-117.8942,38.1769,6.7,2.9,"30 km SE of Mina, Nevada"
nn00739873,2020-05-31 19:25:29.083,-117.78,38.1819,4.5,3.6,"36 km SE of Mina, Nevada"
nn00739918,2020-05-31 19:25:22.536,-118.0091,38.1465,7.2,2.7,"28 km SSE of Mina, Nevada"
nn00739863,2020-05-31 19:10:29.464,-117.9622,38.1556,7.7,2.6,"29 km SSE of Mina, Nevada"
ci39224439,2020-05-31 16:56:58.970,-115.5121667,32.8901667,5.46,2.56,"7km NE of Imperial, CA"
nn00739778,2020-05-31 16:42:52.602,-117.7464,38.1944,11.1,2.9,"38 km SE of Mina, Nevada"
nn00739410,2020-05-31 07:45:52.042,-117.8423,38.1628,7.7,3.2,"34 km SE of Mina, Nevada"
nn00739349,2020-05-31 05:59:46.706,-117.7469,38.1897,9.1,2.8,"38 km SE of Mina, Nevada"
ci39223895,2020-05-31 05:26:33.460,-119.733,35.5186667,9.26,2.6,"27km WNW of Buttonwillow, CA"
nn00739326,2020-05-31 05:26:03.432,-117.849,38.1565,9.9,2.8,"34 km SE of Mina, Nevada"
nn00739304,2020-05-31 05:03:15.193,-118.0655,38.1468,7.7,3.5,"27 km S of Mina, Nevada"
nn00739239,2020-05-31 03:11:12.470,-117.8119,38.1733,8.1,2.5,"35 km SE of Mina, Nevada"
nn00739226,2020-05-31 02:36:38.832,-117.955,38.1699,4.7,2.8,"27 km SSE of Mina, Nevada"
nn00739209,2020-05-31 01:58:42.691,-117.8807,38.1693,6.1,2.9,"31 km SE of Mina, Nevada"
nc73399461,2020-05-31 01:37:18.460,-118.7591667,38.0431667,6.46,2.98,"29km SE of Bodie, CA"
nc73399446,2020-05-31 01:07:15.780,-118.7618333,38.0448333,8.11,4.34,"29km SE of Bodie, CA"
nn00739088,2020-05-30 19:37:28.257,-117.9893,38.1411,3.3,2.5,"29 km SSE of Mina, Nevada"
nn00739069,2020-05-30 18:30:31.737,-117.8613,38.1791,5.2,2.5,"31 km SE of Mina, Nevada"
nn00739052,2020-05-30 17:48:27.199,-117.9761,38.1422,7.3,2.7,"29 km SSE of Mina, Nevada"
nc73399286,2020-05-30 17:17:04.760,-118.7623333,38.0451667,-1.67,2.8,"29km SE of Bodie, CA"
nn00738996,2020-05-30 16:07:33.908,-117.8428,38.1725,4.1,2.6,"33 km SE of Mina, Nevada"
nn00738988,2020-05-30 16:02:11.737,-118.0115,38.1223,2.4,3.0,"30 km SSE of Mina, Nevada"
nn00738979,2020-05-30 15:55:02.403,-117.8493,38.1677,4.6,3.7,"33 km SE of Mina, Nevada"
ci39223271,2020-05-30 14:33:04.560,-119.7601667,35.5066667,10.46,2.62,"28km NE of Simmler, CA"
nn00738930,2020-05-30 13:29:41.884,-117.8819,38.1698,8.5,2.9,"31 km SE of Mina, Nevada"
nn00738857,2020-05-30 11:35:06.497,-118.0888,38.1297,2.8,2.5,"28 km S of Mina, Nevada"
nn00738829,2020-05-30 11:10:21.335,-118.0884,38.1244,4.8,2.7,"29 km S of Mina, Nevada"
nn00738821,2020-05-30 11:05:24.318,-118.0871,38.1286,4.5,3.0,"29 km S of Mina, Nevada"
nn00738811,2020-05-30 10:51:48.314,-117.8577,38.1819,5.3,2.5,"31 km SE of Mina, Nevada"
nc73399001,2020-05-30 09:22:57.480,-118.7496667,38.0481667,8.83,3.61,"29km SE of Bodie, CA"
nc73398981,2020-05-30 09:07:32.460,-118.75,38.0446667,6.99,3.49,"30km SE of Bodie, CA"
nn00738519,2020-05-30 02:48:38.524,-117.7921,38.2115,7.2,2.9,"34 km SE of Mina, Nevada"
nn00738498,2020-05-30 01:40:40.438,-118.0651,38.1375,3.5,2.7,"28 km S of Mina, Nevada"
nn00738444,2020-05-29 23:43:43.155,-117.9934,38.1508,8.9,4.0,"28 km SSE of Mina, Nevada"
nn00738421,2020-05-29 23:03:30.040,-118.0399,38.156,8.6,2.6,"26 km SSE of Mina, Nevada"
nn00738388,2020-05-29 21:47:54.652,-117.9413,38.159,8.1,2.5,"29 km SSE of Mina, Nevada"
nn00738359,2020-05-29 20:45:39.482,-117.7428,38.1878,9.3,3.9,"39 km SE of Mina, Nevada"
nn00738331,2020-05-29 19:36:28.330,-118.0114,38.153,2.6,3.1,"27 km SSE of Mina, Nevada"
nn00738320,2020-05-29 19:22:22.874,-118.0105,38.1516,2.6,3.1,"27 km SSE of Mina, Nevada"
nn00738311,2020-05-29 19:07:16.953,-117.9859,38.1513,10.4,2.5,"28 km SSE of Mina, Nevada"
nn00738303,2020-05-29 18:22:53.897,-117.7713,38.1859,5.1,2.5,"37 km SE of Mina, Nevada"
nn00738295,2020-05-29 17:57:30.440,-117.7602,38.1941,5.0,2.6,"37 km SE of Mina, Nevada"
nn00738266,2020-05-29 17:01:15.209,-117.805,38.241,8.3,2.5,"31 km ESE of Mina, Nevada"
nn00738221,2020-05-29 15:22:56.956,-117.7848,38.1802,11.6,2.9,"36 km SE of Mina, Nevada"
nn00738210,2020-05-29 15:03:40.646,-117.8924,38.1587,5.0,3.1,"31 km SE of Mina, Nevada"
nn00738178,2020-05-29 13:55:25.613,-117.7913,38.1779,4.8,2.6,"36 km SE of Mina, Nevada"
nn00738275,2020-05-29 13:25:32.485,-117.7435,38.1777,8.7,3.1,"39 km SE of Mina, Nevada"
nn00738160,2020-05-29 13:25:19.544,-117.7407,38.183,8.5,3.0,"39 km SE of Mina, Nevada"
nn00738139,2020-05-29 12:37:35.696,-117.7373,38.183,9.2,2.5,"39 km SE of Mina, Nevada"
nn00738070,2020-05-29 10:45:52.131,-117.9625,38.1724,2.4,2.7,"27 km SSE of Mina, Nevada"
nn00738019,2020-05-29 09:15:06.218,-117.9901,38.149,11.1,2.7,"28 km SSE of Mina, Nevada"
nn00737995,2020-05-29 08:54:24.797,-117.7281,38.1928,9.5,2.7,"39 km ESE of Mina, Nevada"
nn00737939,2020-05-29 07:02:18.699,-117.948,38.1597,9.8,2.5,"29 km SSE of Mina, Nevada"
nn00737933,2020-05-29 06:45:15.307,-117.8121,38.173,8.2,2.5,"35 km SE of Mina, Nevada"
nn00737922,2020-05-29 06:26:36.186,-117.8043,38.2278,8.2,3.0,"32 km SE of Mina, Nevada"
nn00737903,2020-05-29 05:55:19.965,-118.0029,38.1617,3.5,2.7,"27 km SSE of Mina, Nevada"
nn00737893,2020-05-29 05:40:57.680,-117.9893,38.131,2.8,2.9,Nevada
nn00737879,2020-05-29 05:25:09.152,-118.0331,38.123,5.9,2.7,"30 km SSE of Mina, Nevada"
nn00737844,2020-05-29 04:41:27.810,-117.9231,38.1576,10.3,2.7,"30 km SSE of Mina, Nevada"
nn00737699,2020-05-29 01:16:56.197,-118.1903,38.1098,5.7,2.6,"31 km SSW of Mina, Nevada"
nn00737555,2020-05-28 20:44:31.810,-118.0644,38.1345,3.5,3.0,"28 km S of Mina, Nevada"
nn00737537,2020-05-28 19:51:48.737,-117.7615,38.2267,10.1,2.5,"35 km ESE of Mina, Nevada"
nc73397916,2020-05-28 19:19:13.100,-121.2631667,36.6403333,9.19,3.47,"16km NW of Pinnacles, CA"
nn00737490,2020-05-28 18:45:35.343,-117.8445,38.1837,9.0,3.2,"32 km SE of Mina, Nevada"
nn00737421,2020-05-28 17:33:08.758,-117.7257,38.2082,8.1,2.9,"39 km ESE of Mina, Nevada"
nn00737402,2020-05-28 17:08:54.159,-117.7709,38.1666,6.2,2.9,"38 km SE of Mina, Nevada"
nn00737375,2020-05-28 16:14:24.085,-117.967,38.1754,2.8,2.5,"26 km SSE of Mina, Nevada"
nn00737361,2020-05-28 15:58:02.806,-117.8828,38.1797,6.1,2.8,"30 km SE of Mina, Nevada"
nn00737209,2020-05-28 12:03:21.515,-117.7262,38.2057,8.0,3.4,"39 km ESE of Mina, Nevada"
nn00737138,2020-05-28 09:34:59.473,-117.9595,38.1803,2.9,2.6,"26 km SSE of Mina, Nevada"
nn00737110,2020-05-28 08:54:17.417,-117.9659,38.1761,2.2,2.5,"26 km SSE of Mina, Nevada"
nn00737094,2020-05-28 08:32:52.185,-118.0396,38.1461,2.5,2.7,"27 km SSE of Mina, Nevada"
nn00737089,2020-05-28 08:29:46.174,-118.026,38.1517,2.7,3.8,"27 km SSE of Mina, Nevada"
nn00737063,2020-05-28 08:00:06.849,-118.1803,38.1167,6.5,2.9,"31 km SSW of Mina, Nevada"
nn00737065,2020-05-28 07:59:29.000,-118.2575,38.0452,0.1,2.7,"31 km NE of Benton, California"
nn00737004,2020-05-28 06:52:17.735,-117.9633,38.1861,1.9,2.5,"26 km SSE of Mina, Nevada"
nn00736986,2020-05-28 06:28:46.479,-118.177,38.1146,6.7,3.0,"31 km S of Mina, Nevada"
nn00736976,2020-05-28 06:19:22.293,-117.8823,38.1417,9.4,2.7,"33 km SE of Mina, Nevada"
nn00736971,2020-05-28 06:17:19.397,-118.1771,38.118,5.4,2.9,"30 km S of Mina, Nevada"
nc73397451,2020-05-28 04:39:23.180,-118.761,38.0438333,2.7,2.52,"29km SE of Bodie, CA"
nc73397436,2020-05-28 04:19:09.920,-118.7628333,38.0446667,6.26,3.27,"29km SE of Bodie, CA"
nc73397431,2020-05-28 04:18:09.310,-118.7581667,38.0435,7.55,3.01,"29km SE of Bodie, CA"
nn00736789,2020-05-28 01:57:45.287,-118.1766,38.1152,7.0,2.5,"31 km S of Mina, Nevada"
nn00736740,2020-05-28 00:47:58.070,-117.9859,38.144,12.9,2.7,"29 km SSE of Mina, Nevada"
nn00736695,2020-05-27 23:31:59.786,-117.7443,38.183,10.7,2.5,"39 km SE of Mina, Nevada"
nn00736648,2020-05-27 21:45:03.408,-118.0696,38.1351,2.9,3.3,"28 km S of Mina, Nevada"
nn00736562,2020-05-27 19:13:18.751,-117.9738,38.1523,8.2,2.7,"28 km SSE of Mina, Nevada"
nn00736530,2020-05-27 18:16:35.089,-118.0843,38.1225,4.5,2.6,"29 km S of Mina, Nevada"
nn00736500,2020-05-27 17:43:11.864,-117.8483,38.1669,7.4,3.3,"33 km SE of Mina, Nevada"
nn00736496,2020-05-27 17:41:26.851,-117.9891,38.1666,2.1,2.7,"26 km SSE of Mina, Nevada"
nc73397161,2020-05-27 17:02:01.810,-121.6213333,36.8876667,6.8,3.23,"2km E of Aromas, CA"
nn00736420,2020-05-27 16:03:23.888,-117.8019,38.1752,9.5,4.2,"35 km SE of Mina, Nevada"
nn00775152,2020-05-27 12:44:48.577,-117.8964,38.1774,4.2,2.5,"30 km SE of Mina, Nevada"
nn00736275,2020-05-27 12:42:06.696,-117.8972,38.1748,4.9,2.9,"30 km SE of Mina, Nevada"
nn00736253,2020-05-27 11:57:21.183,-117.9692,38.1527,8.3,2.9,"29 km SSE of Mina, Nevada"
nn00736217,2020-05-27 10:43:33.205,-117.8005,38.1806,5.4,2.6,"35 km SE of Mina, Nevada"
nn00736188,2020-05-27 09:41:50.499,-117.7257,38.2029,7.9,2.7,"39 km ESE of Mina, Nevada"
nn00736161,2020-05-27 08:45:49.401,-117.8784,38.164,7.0,2.9,"32 km SE of Mina, Nevada"
nn00736126,2020-05-27 07:59:15.612,-117.7894,38.206,7.4,2.9,"34 km SE of Mina, Nevada"
nn00736032,2020-05-27 06:20:10.226,-117.7305,38.2031,7.5,2.9,"39 km ESE of Mina, Nevada"
ci39218863,2020-05-27 04:52:31.080,-118.9645,35.385,15.96,3.66,"6km SE of Oildale, CA"
nn00735933,2020-05-27 03:16:09.938,-117.8445,38.1696,9.1,3.4,"33 km SE of Mina, Nevada"
nn00735891,2020-05-27 01:51:26.452,-117.9825,38.145,10.5,2.7,"29 km SSE of Mina, Nevada"
nn00735859,2020-05-27 00:57:02.389,-118.0492,38.1394,2.2,3.8,"28 km S of Mina, Nevada"
nn00735741,2020-05-26 22:14:30.301,-117.8186,38.1707,7.9,3.6,"35 km SE of Mina, Nevada"
ci39218391,2020-05-26 19:53:46.400,-115.7691667,32.7123333,10.2,3.59,"21km E of Ocotillo, CA"
nn00735579,2020-05-26 17:53:46.050,-117.937,38.1485,15.8,2.5,"30 km SSE of Mina, Nevada"
nn00735549,2020-05-26 16:53:07.560,-117.8368,38.1867,10.9,2.6,"32 km SE of Mina, Nevada"
nn00735530,2020-05-26 16:31:53.595,-117.8783,38.1608,6.6,3.1,"32 km SE of Mina, Nevada"
nn00735482,2020-05-26 15:31:39.820,-117.9377,38.1567,10.3,2.7,"29 km SSE of Mina, Nevada"
nn00735465,2020-05-26 15:12:14.690,-118.0902,38.1043,1.9,2.5,"31 km S of Mina, Nevada"
nn00735382,2020-05-26 13:04:35.497,-117.9541,38.1544,8.0,2.8,"29 km SSE of Mina, Nevada"
nn00735360,2020-05-26 12:32:08.020,-117.7927,38.2388,5.6,2.6,"32 km ESE of Mina, Nevada"
nn00735311,2020-05-26 11:34:00.040,-117.7897,38.2208,5.9,2.5,"33 km SE of Mina, Nevada"
nn00735287,2020-05-26 11:15:23.770,-117.8802,38.1683,6.0,2.7,"31 km SE of Mina, Nevada"
nn00735203,2020-05-26 09:30:42.023,-117.9636,38.1212,9.6,3.3,"32 km SSE of Mina, Nevada"
nn00735183,2020-05-26 09:04:08.571,-117.831,38.2367,0.0,2.6,"29 km SE of Mina, Nevada"
nn00735081,2020-05-26 06:53:27.240,-117.9508,38.148,10.6,2.7,"30 km SSE of Mina, Nevada"
nn00735067,2020-05-26 06:40:46.557,-118.0831,38.1392,5.1,3.2,"27 km S of Mina, Nevada"
nn00735052,2020-05-26 06:24:53.950,-118.0288,38.147,6.0,2.6,"27 km SSE of Mina, Nevada"
nn00734874,2020-05-26 03:04:55.560,-118.0497,38.138,6.7,2.6,"28 km S of Mina, Nevada"
nn00734848,2020-05-26 02:38:57.060,-117.8335,38.1687,11.0,2.8,"34 km SE of Mina, Nevada"
nn00734833,2020-05-26 02:15:13.840,-117.86,38.1653,7.7,2.6,"33 km SE of Mina, Nevada"
nn00734769,2020-05-26 00:47:52.096,-117.7274,38.1987,7.9,3.0,"39 km ESE of Mina, Nevada"
nn00734740,2020-05-26 00:12:22.290,-117.8232,38.1802,5.8,2.7,"34 km SE of Mina, Nevada"
nc73396131,2020-05-25 23:20:01.290,-124.2525,40.3593333,29.58,2.61,"5km NE of Petrolia, CA"
nn00734692,2020-05-25 22:52:29.943,-117.7447,38.1852,9.5,3.2,"39 km SE of Mina, Nevada"
nn00734638,2020-05-25 21:40:52.279,-117.8548,38.1705,6.4,3.5,"33 km SE of Mina, Nevada"
nn00734500,2020-05-25 19:23:10.137,-117.9497,38.1595,7.9,2.8,"29 km SSE of Mina, Nevada"
nn00734476,2020-05-25 18:50:50.789,-117.8058,38.2237,8.1,2.6,"32 km SE of Mina, Nevada"
nn00734455,2020-05-25 18:23:01.508,-117.8899,38.1853,5.8,2.8,"29 km SE of Mina, Nevada"
nn00734433,2020-05-25 18:02:37.708,-118.0716,38.1312,3.1,2.9,"28 km S of Mina, Nevada"
nn00734365,2020-05-25 16:10:51.683,-117.9853,38.1497,11.0,2.5,"28 km SSE of Mina, Nevada"
nn00734328,2020-05-25 15:40:26.264,-117.7925,38.2098,6.8,2.9,"34 km SE of Mina, Nevada"
nn00734320,2020-05-25 15:34:52.811,-118.0711,38.1276,3.0,3.3,"29 km S of Mina, Nevada"
nn00734317,2020-05-25 15:33:58.370,-118.0734,38.1266,3.2,2.7,"29 km S of Mina, Nevada"
nc73395891,2020-05-25 15:27:23.760,-121.2883333,36.8243333,8.91,3.06,"5km NE of Tres Pinos, CA"
nn00734272,2020-05-25 14:36:55.130,-117.9846,38.1529,11.5,2.7,"28 km SSE of Mina, Nevada"
nn00734239,2020-05-25 13:34:28.907,-117.8607,38.1595,4.7,3.2,"33 km SE of Mina, Nevada"
nn00734143,2020-05-25 11:48:24.123,-117.9526,38.17,6.5,2.6,"28 km SSE of Mina, Nevada"
nn00734038,2020-05-25 09:33:20.090,-117.9571,38.1392,7.9,2.6,"30 km SSE of Mina, Nevada"
nn00733785,2020-05-25 04:44:25.019,-118.0047,38.1481,3.3,3.4,"28 km SSE of Mina, Nevada"
nn00733777,2020-05-25 04:34:35.333,-118.0061,38.1456,3.4,2.8,"28 km SSE of Mina, Nevada"
nn00733773,2020-05-25 04:32:20.823,-117.964,38.1533,9.4,3.1,"29 km SSE of Mina, Nevada"
nn00733754,2020-05-25 04:03:16.391,-117.9804,38.1515,11.7,3.4,"28 km SSE of Mina, Nevada"
nn00733701,2020-05-25 03:01:08.611,-117.9837,38.1468,12.2,3.1,"29 km SSE of Mina, Nevada"
nn00733694,2020-05-25 02:55:49.945,-117.9892,38.1442,12.4,3.8,"29 km SSE of Mina, Nevada"
nn00733691,2020-05-25 02:54:52.566,-117.9845,38.1475,11.4,3.0,"29 km SSE of Mina, Nevada"
nn00733661,2020-05-25 02:24:38.973,-118.3242,38.0487,7.6,2.6,"28 km NNE of Benton, California"
nn00733594,2020-05-25 00:41:26.711,-117.7384,38.1935,8.2,3.5,"39 km SE of Mina, Nevada"
nn00733558,2020-05-24 23:48:30.326,-117.9833,38.1434,8.3,2.8,"29 km SSE of Mina, Nevada"
nn00733527,2020-05-24 22:32:00.756,-117.8843,38.1846,7.2,3.6,"30 km SE of Mina, Nevada"
nn00733501,2020-05-24 21:40:46.699,-117.7501,38.2066,0.1,2.5,"37 km ESE of Mina, Nevada"
nn00733488,2020-05-24 21:18:06.972,-117.9763,38.1578,6.8,2.7,"28 km SSE of Mina, Nevada"
nn00733480,2020-05-24 20:52:24.750,-117.5654,38.2772,3.5,2.5,"37 km NW of Tonopah, Nevada"
nn00733399,2020-05-24 18:54:07.385,-117.8939,38.1665,7.8,2.6,"31 km SE of Mina, Nevada"
nn00733296,2020-05-24 15:49:30.863,-117.9575,38.1532,12.9,2.9,"29 km SSE of Mina, Nevada"
nn00733272,2020-05-24 15:19:54.855,-117.8652,38.1764,7.1,2.6,"31 km SE of Mina, Nevada"
nn00733258,2020-05-24 15:02:54.032,-117.8794,38.1744,5.9,3.3,"31 km SE of Mina, Nevada"
us70009php,2020-05-24 14:43:21.606,-117.7131,38.2141,8.53,3.2,"39 km ESE of Mina, Nevada"
nn00733404,2020-05-24 13:29:13.967,-117.8112,38.222,8.9,2.9,"32 km SE of Mina, Nevada"
ci39214247,2020-05-24 12:55:09.240,-117.7163333,35.8708333,7.11,3.78,"19km ESE of Little Lake, CA"
ci39214127,2020-05-24 11:30:37.120,-117.7166667,35.871,7.02,3.53,"19km ESE of Little Lake, CA"
nn00733035,2020-05-24 09:57:52.260,-117.9779,38.138,9.7,3.9,"30 km SSE of Mina, Nevada"
nn00732813,2020-05-24 05:58:29.479,-117.9608,38.1565,3.5,3.1,"29 km SSE of Mina, Nevada"
nn00732809,2020-05-24 05:53:30.262,-117.9604,38.1574,3.0,3.1,"28 km SSE of Mina, Nevada"
nn00732766,2020-05-24 05:10:51.883,-117.8298,38.1637,10.6,2.6,"35 km SE of Mina, Nevada"
nn00732602,2020-05-24 01:47:58.382,-118.0675,38.1494,6.9,2.5,"27 km S of Mina, Nevada"
nc73394496,2020-05-23 19:58:02.380,-118.9906667,37.5171667,3.31,2.5,"13km S of Mammoth Lakes, CA"
nn00732366,2020-05-23 19:08:56.528,-117.9335,38.1583,9.9,2.9,"29 km SSE of Mina, Nevada"
nn00732358,2020-05-23 18:57:00.690,-117.7842,38.2267,0.0,2.5,"33 km ESE of Mina, Nevada"
nn00732354,2020-05-23 18:53:49.367,-117.8415,38.1652,7.2,3.0,"34 km SE of Mina, Nevada"
nn00732328,2020-05-23 18:14:00.190,-117.9858,38.1505,13.0,2.6,"28 km SSE of Mina, Nevada"
nn00732265,2020-05-23 16:13:32.860,-118.0085,38.1377,4.8,2.5,"29 km SSE of Mina, Nevada"
nc73394316,2020-05-23 15:08:24.320,-118.9906667,37.5161667,3.07,2.55,"14km S of Mammoth Lakes, CA"
nn00732194,2020-05-23 14:15:46.472,-117.8805,38.3816,6.7,3.1,"19 km E of Mina, Nevada"
nn00732170,2020-05-23 13:15:32.800,-118.0216,38.1537,3.1,2.6,California-Nevada border region
nn00732164,2020-05-23 13:07:08.774,-117.9914,38.1473,9.3,3.5,"28 km SSE of Mina, Nevada"
nn00732078,2020-05-23 11:27:25.027,-117.8812,38.1427,7.9,2.8,"33 km SE of Mina, Nevada"
nn00731990,2020-05-23 09:19:17.810,-118.0087,38.1361,7.8,3.6,"29 km SSE of Mina, Nevada"
nn00731891,2020-05-23 07:03:21.820,-117.9928,38.1497,7.0,2.5,"28 km SSE of Mina, Nevada"
nn00731875,2020-05-23 06:34:45.150,-117.8058,38.1918,1.3,2.5,"34 km SE of Mina, Nevada"
nn00731853,2020-05-23 05:44:28.426,-118.0097,38.1456,6.7,2.5,"28 km SSE of Mina, Nevada"
nn00731765,2020-05-23 03:46:58.858,-117.9524,38.1368,7.9,3.3,"31 km SSE of Mina, Nevada"
nc73393851,2020-05-23 03:29:30.760,-118.9915,37.5153333,2.93,3.14,"14km S of Mammoth Lakes, CA"
us70009nxb,2020-05-23 02:20:53.063,-117.907,38.1762,10.0,2.7,"29 km SE of Mina, Nevada"
nn00731687,2020-05-23 01:38:52.515,-117.9239,38.1701,7.4,2.6,"29 km SSE of Mina, Nevada"
nn00732273,2020-05-23 01:30:27.039,-117.9589,38.1597,3.4,2.6,"28 km SSE of Mina, Nevada"
nn00731649,2020-05-23 00:02:55.189,-117.7531,38.1867,10.2,2.5,"38 km SE of Mina, Nevada"
nn00731623,2020-05-22 23:09:56.143,-117.7823,38.1816,5.7,2.8,"36 km SE of Mina, Nevada"
nn00731617,2020-05-22 22:51:35.120,-117.964,38.1736,0.0,2.5,"27 km SSE of Mina, Nevada"
nn00731592,2020-05-22 22:17:06.109,-118.0591,38.1354,0.0,2.6,"28 km S of Mina, Nevada"
nn00731572,2020-05-22 21:47:22.527,-117.8807,38.1471,6.3,2.6,"33 km SE of Mina, Nevada"
nn00731545,2020-05-22 20:20:20.887,-118.1011,38.1608,7.7,2.7,"25 km S of Mina, Nevada"
nn00731491,2020-05-22 17:54:34.524,-117.7731,38.2001,5.7,2.6,"36 km SE of Mina, Nevada"
nn00731464,2020-05-22 17:54:13.628,-117.7312,38.2051,1.4,2.5,"38 km ESE of Mina, Nevada"
nn00731458,2020-05-22 17:50:45.768,-117.9644,38.1473,8.2,3.1,"29 km SSE of Mina, Nevada"
nn00731424,2020-05-22 16:45:04.656,-117.8686,38.1735,7.5,2.5,"31 km SE of Mina, Nevada"
nn00731629,2020-05-22 16:34:48.963,-118.0549,38.1246,4.7,2.8,"29 km S of Mina, Nevada"
nn00731403,2020-05-22 16:19:42.150,-117.8571,38.1603,4.6,3.1,"33 km SE of Mina, Nevada"
nn00731384,2020-05-22 15:54:46.425,-117.8581,38.1641,5.8,3.3,"33 km SE of Mina, Nevada"
nn00731365,2020-05-22 15:20:50.935,-117.9338,38.1579,10.0,2.5,"30 km SSE of Mina, Nevada"
nn00731337,2020-05-22 14:46:03.194,-117.9971,38.1508,5.0,2.8,"28 km SSE of Mina, Nevada"
nc73393256,2020-05-22 13:58:05.930,-119.2688333,37.0831667,44.62,3.16,"5km ESE of Shaver Lake, CA"
nn00731291,2020-05-22 13:31:05.636,-118.0631,38.1442,3.2,2.6,"27 km S of Mina, Nevada"
nn00731265,2020-05-22 13:01:06.439,-118.0615,38.1286,6.1,4.2,"29 km S of Mina, Nevada"
nn00731306,2020-05-22 13:00:43.663,-118.0631,38.1321,6.2,3.3,"28 km S of Mina, Nevada"
nn00731604,2020-05-22 12:12:24.305,-117.9737,38.1501,11.4,2.9,"29 km SSE of Mina, Nevada"
nn00731214,2020-05-22 12:12:15.482,-117.9806,38.1475,11.8,2.7,"29 km SSE of Mina, Nevada"
nn00731201,2020-05-22 11:58:53.719,-117.8479,38.1655,4.9,3.0,"33 km SE of Mina, Nevada"
nc73393171,2020-05-22 11:46:21.230,-121.1781667,36.581,5.75,2.71,"6km NNW of Pinnacles, CA"
nn00731170,2020-05-22 11:02:00.357,-117.909,38.1709,7.7,2.5,"29 km SE of Mina, Nevada"
nn00731147,2020-05-22 10:29:26.475,-117.9841,38.1364,9.0,3.1,"30 km SSE of Mina, Nevada"
nn00731104,2020-05-22 09:27:03.771,-117.7298,38.1979,6.8,2.6,"39 km ESE of Mina, Nevada"
nn00731031,2020-05-22 07:38:01.504,-117.9938,38.1419,6.3,2.8,"29 km SSE of Mina, Nevada"
nn00731021,2020-05-22 07:28:15.791,-117.8024,38.2414,0.0,2.5,"31 km ESE of Mina, Nevada"
nn00731001,2020-05-22 07:00:08.348,-118.0033,38.1362,6.0,3.0,"29 km SSE of Mina, Nevada"
nn00730902,2020-05-22 04:30:00.609,-117.9637,38.1518,10.6,3.2,"29 km SSE of Mina, Nevada"
nn00731564,2020-05-22 02:02:20.186,-117.7795,38.1914,6.9,2.8,"36 km SE of Mina, Nevada"
nn00730792,2020-05-22 02:01:45.789,-118.0712,38.1297,6.7,2.7,"29 km S of Mina, Nevada"
nn00730774,2020-05-22 01:37:05.658,-118.0572,38.1279,4.3,2.5,"29 km S of Mina, Nevada"
nn00730721,2020-05-22 00:22:00.588,-117.7939,38.2309,7.2,5.1,"32 km ESE of Mina, Nevada"
nn00730707,2020-05-21 23:44:53.228,-117.7429,38.1903,8.8,3.0,Nevada
nn00730705,2020-05-21 23:43:48.959,-117.7417,38.1859,9.4,2.7,"39 km SE of Mina, Nevada"
nn00730580,2020-05-21 19:34:08.283,-117.8659,38.1796,5.6,2.5,"31 km SE of Mina, Nevada"
nn00730551,2020-05-21 18:37:51.488,-117.9706,38.1422,13.4,2.5,"30 km SSE of Mina, Nevada"
nn00730516,2020-05-21 17:49:00.520,-118.0662,38.1284,6.6,2.9,"29 km S of Mina, Nevada"
nn00730510,2020-05-21 17:45:57.912,-117.8824,38.191,5.0,2.7,"29 km SE of Mina, Nevada"
nn00730483,2020-05-21 17:03:26.493,-117.9364,38.1579,11.1,2.5,"29 km SSE of Mina, Nevada"
nn00730461,2020-05-21 16:33:10.568,-118.0016,38.1472,4.8,3.2,"28 km SSE of Mina, Nevada"
nn00730463,2020-05-21 16:33:00.317,-117.8837,38.1612,7.9,3.2,"32 km SE of Mina, Nevada"
nn00730398,2020-05-21 15:00:09.145,-117.9222,38.1852,3.0,2.5,"28 km SE of Mina, Nevada"
nn00730384,2020-05-21 14:35:47.808,-117.7811,38.203,9.5,2.7,"35 km SE of Mina, Nevada"
nn00730380,2020-05-21 14:32:15.018,-117.8374,38.1726,7.1,3.0,"33 km SE of Mina, Nevada"
nn00730362,2020-05-21 14:11:18.518,-117.9507,38.1481,9.0,2.5,"30 km SSE of Mina, Nevada"
nn00730302,2020-05-21 12:40:01.161,-117.8773,38.1856,7.5,2.6,"30 km SE of Mina, Nevada"
nn00730278,2020-05-21 12:08:08.070,-117.8448,38.173,6.7,3.1,"33 km SE of Mina, Nevada"
nn00730246,2020-05-21 11:30:39.570,-117.973,38.1513,9.8,2.9,"29 km SSE of Mina, Nevada"
nn00730178,2020-05-21 09:39:26.304,-118.0089,38.1385,6.4,2.6,"29 km SSE of Mina, Nevada"
nn00730080,2020-05-21 07:06:19.937,-117.7835,38.2188,8.3,2.8,"34 km SE of Mina, Nevada"
nn00730072,2020-05-21 06:55:34.234,-117.9665,38.1592,10.9,2.5,"28 km SSE of Mina, Nevada"
nn00730063,2020-05-21 06:39:26.715,-117.7646,38.1716,5.7,2.7,"38 km SE of Mina, Nevada"
nn00730059,2020-05-21 06:37:18.905,-117.7262,38.1972,6.4,3.2,"39 km ESE of Mina, Nevada"
nn00730022,2020-05-21 05:50:21.001,-117.7864,38.2127,7.3,2.6,"34 km SE of Mina, Nevada"
nn00730012,2020-05-21 05:27:35.203,-117.7388,38.2052,6.0,2.5,"38 km ESE of Mina, Nevada"
nn00729996,2020-05-21 05:00:56.886,-117.8896,38.1848,6.6,3.1,"29 km SE of Mina, Nevada"
nn00729972,2020-05-21 04:21:24.862,-117.893,38.1628,10.6,2.6,"31 km SE of Mina, Nevada"
nn00729898,2020-05-21 02:37:42.486,-117.7402,38.1942,5.5,2.6,"38 km SE of Mina, Nevada"
nn00729875,2020-05-21 01:48:58.956,-117.91,38.1753,12.4,2.7,"29 km SE of Mina, Nevada"
nn00729860,2020-05-21 01:27:19.222,-117.9656,38.1627,6.7,2.6,"28 km SSE of Mina, Nevada"
nn00729852,2020-05-21 01:18:58.182,-117.7252,38.2014,9.8,2.6,"39 km ESE of Mina, Nevada"
nn00729837,2020-05-21 00:53:52.710,-117.7842,38.2145,7.2,3.0,"34 km SE of Mina, Nevada"
nn00729812,2020-05-21 00:11:46.583,-117.8601,38.1531,5.6,3.0,"34 km SE of Mina, Nevada"
nn00729788,2020-05-20 23:29:00.921,-118.0637,38.1305,6.9,3.0,"29 km S of Mina, Nevada"
nn00729773,2020-05-20 23:02:59.341,-118.0761,38.1628,6.7,2.5,"25 km S of Mina, Nevada"
nn00729755,2020-05-20 22:30:17.437,-117.9343,38.1648,7.7,2.8,"29 km SSE of Mina, Nevada"
us70009m1t,2020-05-20 21:17:32.827,-117.754,38.2163,2.41,2.8,"36 km ESE of Mina, Nevada"
nn00729693,2020-05-20 21:07:00.694,-117.7344,38.1925,7.5,3.4,"39 km SE of Mina, Nevada"
nn00729687,2020-05-20 21:01:52.278,-118.0785,38.1173,6.3,2.5,"30 km S of Mina, Nevada"
nn00729662,2020-05-20 20:33:09.124,-117.7867,38.2333,7.0,2.9,"33 km ESE of Mina, Nevada"
nn00729653,2020-05-20 20:19:14.648,-117.7417,38.1855,8.0,3.4,"39 km SE of Mina, Nevada"
nn00729650,2020-05-20 20:17:43.046,-117.732,38.2041,8.2,2.6,"38 km ESE of Mina, Nevada"
nn00729641,2020-05-20 20:01:40.549,-118.009,38.1441,8.9,2.6,"28 km SSE of Mina, Nevada"
nn00729592,2020-05-20 18:38:06.936,-117.7314,38.207,9.7,3.5,"38 km ESE of Mina, Nevada"
nn00729576,2020-05-20 18:11:58.116,-117.955,38.1559,3.3,2.6,"29 km SSE of Mina, Nevada"
nn00729570,2020-05-20 17:57:30.285,-117.9552,38.1432,4.8,3.0,"30 km SSE of Mina, Nevada"
nn00729560,2020-05-20 17:35:17.940,-117.7329,38.2029,4.4,2.6,"38 km ESE of Mina, Nevada"
nn00729544,2020-05-20 16:58:17.754,-118.048,38.1266,7.9,2.5,California-Nevada border region
nn00729538,2020-05-20 16:47:10.854,-117.9665,38.1858,3.3,2.9,"25 km SSE of Mina, Nevada"
ci39208391,2020-05-20 16:40:56.400,-117.497,35.7031667,8.96,3.58,"11km SW of Searles Valley, CA"
nn00729530,2020-05-20 16:37:37.556,-117.9639,38.1622,2.1,2.9,"28 km SSE of Mina, Nevada"
nn00729525,2020-05-20 16:35:25.175,-117.9786,38.1511,11.7,3.1,"28 km SSE of Mina, Nevada"
nn00729514,2020-05-20 16:23:20.031,-117.7397,38.1927,6.4,2.6,"39 km SE of Mina, Nevada"
nn00729511,2020-05-20 16:19:37.333,-117.7349,38.1873,7.7,3.4,"39 km SE of Mina, Nevada"
nn00729488,2020-05-20 15:49:49.279,-117.9569,38.1599,6.2,3.6,"28 km SSE of Mina, Nevada"
nn00729480,2020-05-20 15:45:05.349,-117.8569,38.1758,4.8,2.5,"32 km SE of Mina, Nevada"
nn00729475,2020-05-20 15:39:36.261,-117.9558,38.1588,5.7,3.4,"28 km SSE of Mina, Nevada"
nn00729463,2020-05-20 15:19:16.755,-117.7936,38.1729,12.1,3.3,"36 km SE of Mina, Nevada"
nn00729441,2020-05-20 14:44:29.420,-117.7515,38.1992,11.0,3.4,"37 km SE of Mina, Nevada"
nn00729412,2020-05-20 13:57:21.863,-117.7536,38.1958,11.0,3.3,"37 km SE of Mina, Nevada"
nn00729408,2020-05-20 13:56:34.850,-117.7518,38.2123,5.3,2.5,"36 km ESE of Mina, Nevada"
nn00729404,2020-05-20 13:54:34.020,-117.932,38.1688,3.9,2.8,"29 km SSE of Mina, Nevada"
nn00729392,2020-05-20 13:39:54.479,-118.0607,38.159,6.9,2.9,"26 km S of Mina, Nevada"
nn00729383,2020-05-20 13:34:55.234,-117.7504,38.1978,9.3,3.3,"37 km SE of Mina, Nevada"
nn00729366,2020-05-20 13:12:29.226,-117.744,38.2041,11.1,2.5,"38 km ESE of Mina, Nevada"
nn00729354,2020-05-20 12:59:28.104,-117.7898,38.2204,6.5,2.7,"33 km SE of Mina, Nevada"
nn00729347,2020-05-20 12:52:07.923,-117.7394,38.209,8.0,3.3,"38 km ESE of Mina, Nevada"
nn00729339,2020-05-20 12:41:59.837,-117.7442,38.2047,7.7,3.2,"37 km ESE of Mina, Nevada"
nn00729337,2020-05-20 12:40:37.017,-117.7431,38.2092,3.5,2.7,"37 km ESE of Mina, Nevada"
us6000a0ze,2020-05-20 12:38:37.405,-117.7592,38.2073,5.71,4.3,"36 km ESE of Mina, Nevada"
nn00729332,2020-05-20 12:36:53.447,-117.7453,38.2012,11.7,5.0,"38 km ESE of Mina, Nevada"
nn00729288,2020-05-20 11:22:37.466,-117.7888,38.2125,7.6,2.6,"34 km SE of Mina, Nevada"
nn00729376,2020-05-20 10:41:31.892,-117.8352,38.1791,5.4,3.4,"33 km SE of Mina, Nevada"
nn00729254,2020-05-20 10:36:24.386,-118.0597,38.1362,6.5,2.5,"28 km S of Mina, Nevada"
nn00729231,2020-05-20 10:00:26.857,-118.0649,38.1559,4.1,2.6,"26 km S of Mina, Nevada"
nn00729220,2020-05-20 09:47:49.570,-118.0806,38.1336,5.7,3.1,"28 km S of Mina, Nevada"
nn00729215,2020-05-20 09:46:16.713,-118.0676,38.1351,7.1,4.1,"28 km S of Mina, Nevada"
nn00729217,2020-05-20 09:45:46.555,-118.0724,38.1257,4.2,3.6,"29 km S of Mina, Nevada"
nn00729187,2020-05-20 09:07:31.570,-117.8484,38.1641,5.2,2.8,"33 km SE of Mina, Nevada"
nn00729141,2020-05-20 07:45:21.998,-117.9922,38.1449,5.2,3.1,"29 km SSE of Mina, Nevada"
nn00729098,2020-05-20 06:44:27.905,-118.0709,38.1376,6.1,2.5,"28 km S of Mina, Nevada"
nn00729093,2020-05-20 06:35:50.063,-117.9558,38.1586,7.3,2.5,"29 km SSE of Mina, Nevada"
nn00729088,2020-05-20 06:28:59.989,-117.7489,38.191,6.6,2.5,"38 km SE of Mina, Nevada"
nn00764537,2020-05-20 06:21:53.848,-117.9838,38.1786,3.3,2.9,"25 km SSE of Mina, Nevada"
nn00729080,2020-05-20 06:21:37.558,-117.987,38.1706,4.2,2.6,"26 km SSE of Mina, Nevada"
nn00729077,2020-05-20 06:11:40.402,-117.8793,38.1403,7.4,3.1,"34 km SE of Mina, Nevada"
nn00729041,2020-05-20 05:25:39.914,-117.9627,38.159,8.1,3.3,"28 km SSE of Mina, Nevada"
nn00729040,2020-05-20 05:25:02.170,-117.927,38.1795,12.0,2.6,"28 km SE of Mina, Nevada"
nn00729027,2020-05-20 04:56:06.703,-118.0665,38.1306,5.8,2.8,"29 km S of Mina, Nevada"
nn00729025,2020-05-20 04:55:28.405,-118.0539,38.1585,6.6,2.5,"26 km S of Mina, Nevada"
nn00729015,2020-05-20 04:29:56.840,-117.8702,38.1635,6.6,2.5,"32 km SE of Mina, Nevada"
nn00728983,2020-05-20 03:49:57.905,-118.0627,38.1255,5.5,3.9,"29 km S of Mina, Nevada"
nn00728979,2020-05-20 03:49:21.308,-118.0632,38.1348,7.3,2.9,"28 km S of Mina, Nevada"
us70009lcf,2020-05-20 03:35:08.918,-118.0955,38.1293,10.0,2.7,"29 km S of Mina, Nevada"
nn00728954,2020-05-20 03:13:49.191,-118.0667,38.1373,7.1,4.0,"28 km S of Mina, Nevada"
nn00728955,2020-05-20 03:13:22.662,-118.0066,38.1564,4.5,2.9,"27 km SSE of Mina, Nevada"
nn00728945,2020-05-20 03:04:24.162,-117.8561,38.1657,5.7,3.3,"33 km SE of Mina, Nevada"
nn00728938,2020-05-20 02:42:09.197,-118.0655,38.1303,6.9,2.5,"29 km S of Mina, Nevada"
nn00728924,2020-05-20 02:21:31.200,-117.9842,38.1483,6.3,2.6,"29 km SSE of Mina, Nevada"
nn00728914,2020-05-20 02:04:04.652,-117.961,38.1934,4.1,2.6,"25 km SSE of Mina, Nevada"
nn00728905,2020-05-20 01:54:46.945,-117.9859,38.1642,5.0,2.6,"27 km SSE of Mina, Nevada"
nn00728896,2020-05-20 01:44:34.677,-117.8669,38.1906,7.8,3.4,"30 km SE of Mina, Nevada"
us70009l7x,2020-05-19 22:54:00.222,-117.0394,41.2687,6.83,3.1,"48 km ESE of Paradise Valley, Nevada"
nn00728819,2020-05-19 22:12:45.639,-117.8535,38.1755,8.1,4.6,"32 km SE of Mina, Nevada"
nn00735487,2020-05-19 21:56:51.402,-117.8767,38.1954,7.7,2.5,"29 km SE of Mina, Nevada"
nn00735484,2020-05-19 21:48:54.278,-117.8774,38.152,7.2,3.4,"33 km SE of Mina, Nevada"
nn00733288,2020-05-19 20:29:32.055,-117.8618,38.1644,6.6,2.6,Nevada
nn00731652,2020-05-19 19:59:19.152,-118.0315,38.1429,5.4,2.5,"28 km SSE of Mina, Nevada"
nn00731639,2020-05-19 19:42:45.984,-117.9898,38.1551,5.4,2.6,"28 km SSE of Mina, Nevada"
nn00728804,2020-05-19 18:01:59.200,-117.9033,38.1755,5.5,3.1,"29 km SE of Mina, Nevada"
nn00728764,2020-05-19 16:16:55.152,-117.8396,38.1679,6.4,2.5,"34 km SE of Mina, Nevada"
nn00728759,2020-05-19 16:13:09.880,-117.8467,38.1764,5.3,2.7,"33 km SE of Mina, Nevada"
nn00728754,2020-05-19 16:11:09.062,-117.985,38.1518,11.9,2.5,"28 km SSE of Mina, Nevada"
nn00728750,2020-05-19 16:02:56.211,-117.7433,38.1843,10.1,2.5,"39 km SE of Mina, Nevada"
nn00728719,2020-05-19 14:50:23.562,-117.84,38.1853,8.7,2.6,"32 km SE of Mina, Nevada"
nn00728682,2020-05-19 13:21:34.610,-117.9551,38.1681,4.8,3.3,"28 km SSE of Mina, Nevada"
nn00728661,2020-05-19 12:29:37.198,-117.7974,38.1794,10.2,2.7,"35 km SE of Mina, Nevada"
nn00728633,2020-05-19 10:58:43.114,-117.7921,38.1776,8.4,4.0,"36 km SE of Mina, Nevada"
nn00728620,2020-05-19 10:42:17.839,-117.7966,38.2098,10.1,3.1,"33 km SE of Mina, Nevada"
nn00728614,2020-05-19 10:36:37.706,-117.859,38.1591,6.8,3.7,"33 km SE of Mina, Nevada"
nc73390081,2020-05-19 10:19:26.770,-124.0283333,40.3033333,28.95,2.6,"22km E of Petrolia, CA"
nn00728581,2020-05-19 09:48:50.239,-118.0631,38.1368,6.3,3.9,"28 km S of Mina, Nevada"
nn00728557,2020-05-19 09:20:11.675,-118.0659,38.1299,7.6,3.0,"29 km S of Mina, Nevada"
nn00728552,2020-05-19 09:11:56.249,-118.0676,38.1313,6.4,2.9,"28 km S of Mina, Nevada"
nn00728546,2020-05-19 09:08:33.875,-117.8017,38.1782,10.5,4.3,"35 km SE of Mina, Nevada"
nn00728540,2020-05-19 08:59:27.585,-117.9933,38.1594,5.0,2.8,"27 km SSE of Mina, Nevada"
nn00728520,2020-05-19 08:24:52.530,-117.9882,38.1469,11.5,2.9,"29 km SSE of Mina, Nevada"
nn00728470,2020-05-19 07:03:20.263,-117.7819,38.2267,6.1,2.8,"33 km ESE of Mina, Nevada"
nc73389911,2020-05-19 07:02:01.760,-118.7273333,38.0541667,6.99,3.28,"30km SE of Bodie, CA"
nc73389906,2020-05-19 06:53:56.140,-119.4155,37.6385,9.97,2.82,"18km SE of Yosemite Valley, CA"
nn00728416,2020-05-19 05:32:18.078,-117.9305,38.1609,6.7,2.8,"29 km SSE of Mina, Nevada"
nn00728403,2020-05-19 05:01:33.673,-117.8545,38.1726,4.7,2.5,"32 km SE of Mina, Nevada"
nn00728359,2020-05-19 03:43:22.820,-117.8902,38.1443,8.2,3.5,"33 km SE of Mina, Nevada"
nn00728346,2020-05-19 02:55:07.475,-117.9316,38.1621,7.0,2.8,"29 km SSE of Mina, Nevada"
nn00728324,2020-05-19 02:13:33.249,-117.9561,38.1567,6.7,3.4,"29 km SSE of Mina, Nevada"
nn00728277,2020-05-19 00:09:39.034,-117.7213,38.1965,8.3,2.6,"40 km ESE of Mina, Nevada"
nn00728264,2020-05-18 23:40:51.091,-117.7705,38.1938,9.3,3.0,"36 km SE of Mina, Nevada"
nn00728253,2020-05-18 23:23:34.623,-117.8646,38.1551,5.6,3.4,"33 km SE of Mina, Nevada"
nc73389601,2020-05-18 23:22:42.630,-121.0055,36.4175,7.35,2.5,"18km SE of Pinnacles, CA"
nn00728237,2020-05-18 22:54:43.980,-117.7822,38.2137,0.9,2.6,"34 km SE of Mina, Nevada"
nn00728234,2020-05-18 22:51:14.929,-117.8433,38.1785,4.9,2.6,"33 km SE of Mina, Nevada"
nn00728229,2020-05-18 22:38:21.883,-117.7997,38.2175,10.0,2.9,"33 km SE of Mina, Nevada"
nn00728223,2020-05-18 22:13:16.980,-118.176,38.0968,13.2,2.5,"33 km S of Mina, Nevada"
nn00728214,2020-05-18 21:52:21.430,-117.8128,38.2255,6.9,2.6,"31 km SE of Mina, Nevada"
nn00728210,2020-05-18 21:51:01.467,-117.9921,38.1532,4.9,3.3,"28 km SSE of Mina, Nevada"
nn00728203,2020-05-18 21:28:14.090,-117.8523,38.1672,4.6,2.7,"33 km SE of Mina, Nevada"
ci39206303,2020-05-18 21:02:32.680,-116.8153333,33.5835,3.74,2.56,"14km WNW of Anza, CA"
nn00728179,2020-05-18 20:21:36.240,-117.949,38.1535,2.2,2.5,"29 km SSE of Mina, Nevada"
nc73389486,2020-05-18 19:49:41.080,-118.795,38.0286667,10.36,2.55,"28km SE of Bodie, CA"
nn00728170,2020-05-18 19:47:18.025,-117.8876,38.1795,7.7,3.4,"30 km SE of Mina, Nevada"
nn00728166,2020-05-18 19:36:11.980,-117.789,38.2273,4.9,2.5,"33 km ESE of Mina, Nevada"
nn00728161,2020-05-18 19:23:35.226,-117.9244,38.1613,7.1,3.1,"30 km SSE of Mina, Nevada"
nn00728153,2020-05-18 19:13:49.968,-117.868,38.1534,6.8,3.4,"33 km SE of Mina, Nevada"
nn00728152,2020-05-18 19:13:00.560,-117.8553,38.1582,4.5,2.5,"34 km SE of Mina, Nevada"
nn00728143,2020-05-18 18:58:42.880,-118.1083,38.0978,9.1,2.6,"32 km S of Mina, Nevada"
nn00728139,2020-05-18 18:55:20.316,-117.8019,38.2253,10.0,2.9,"32 km SE of Mina, Nevada"
nn00728129,2020-05-18 18:35:47.836,-117.7908,38.2222,5.6,3.0,"33 km SE of Mina, Nevada"
nn00728122,2020-05-18 18:30:19.688,-118.0471,38.1423,6.2,3.4,"28 km S of Mina, Nevada"
nn00728112,2020-05-18 17:48:13.173,-118.0705,38.121,6.1,2.6,"30 km S of Mina, Nevada"
nn00728105,2020-05-18 17:41:57.866,-117.7411,38.1846,10.5,3.0,"39 km SE of Mina, Nevada"
nn00728101,2020-05-18 17:30:39.610,-117.982,38.1363,6.0,2.5,"30 km SSE of Mina, Nevada"
nn00728069,2020-05-18 14:47:03.299,-117.9563,38.173,0.0,2.7,"27 km SSE of Mina, Nevada"
nn00728068,2020-05-18 14:45:23.090,-117.8498,38.17,4.5,2.6,"33 km SE of Mina, Nevada"
nn00728036,2020-05-18 13:36:12.194,-117.7613,38.2101,5.4,2.7,"36 km ESE of Mina, Nevada"
nn00728023,2020-05-18 13:03:02.246,-118.0579,38.1295,1.8,2.8,"29 km S of Mina, Nevada"
nn00728025,2020-05-18 13:02:44.080,-117.7465,38.1907,8.1,3.0,"38 km SE of Mina, Nevada"
nn00728021,2020-05-18 12:58:21.707,-117.998,38.1286,3.2,2.6,"30 km SSE of Mina, Nevada"
nn00728010,2020-05-18 12:28:08.682,-117.7952,38.2049,7.1,2.6,"34 km SE of Mina, Nevada"
nn00728002,2020-05-18 12:14:12.190,-117.9553,38.1258,7.7,2.5,"32 km SSE of Mina, Nevada"
nn00728048,2020-05-18 11:29:24.331,-117.7362,38.1881,10.6,3.3,"39 km SE of Mina, Nevada"
nn00727984,2020-05-18 11:26:58.019,-118.0623,38.1222,5.7,2.8,"30 km S of Mina, Nevada"
us70009jke,2020-05-18 10:07:15.562,-117.9992,38.156,10.0,2.5,"27 km SSE of Mina, Nevada"
nn00727949,2020-05-18 10:02:16.018,-117.9902,38.1482,5.5,2.6,"28 km SSE of Mina, Nevada"
nn00727938,2020-05-18 09:45:55.127,-117.9789,38.1375,11.7,3.5,"30 km SSE of Mina, Nevada"
nn00727941,2020-05-18 09:45:28.102,-117.9791,38.1349,10.0,2.6,"30 km SSE of Mina, Nevada"
nn00727926,2020-05-18 09:17:17.263,-117.7877,38.176,10.6,2.5,"37 km SE of Mina, NV"
nn00727909,2020-05-18 08:44:57.874,-117.8365,38.1644,6.2,3.0,"34 km SE of Mina, Nevada"
nn00727892,2020-05-18 08:05:15.275,-117.7712,38.1733,11.6,3.0,"38 km SE of Mina, Nevada"
nn00727886,2020-05-18 07:53:57.856,-117.8676,38.183,10.6,3.1,"31 km SE of Mina, Nevada"
nn00727884,2020-05-18 07:51:44.870,-117.7727,38.1978,10.5,2.8,"36 km SE of Mina, Nevada"
nn00727829,2020-05-18 06:21:03.954,-117.7463,38.1836,8.6,3.1,"39 km SE of Mina, Nevada"
nn00727819,2020-05-18 06:09:49.650,-117.8868,38.1417,7.9,2.8,"33 km SE of Mina, Nevada"
nn00727813,2020-05-18 06:05:59.739,-117.9205,38.1889,5.0,2.5,"27 km SE of Mina, Nevada"
nn00727768,2020-05-18 04:28:48.955,-117.929,38.1667,7.1,2.9,"29 km SSE of Mina, Nevada"
nn00727767,2020-05-18 04:28:10.520,-117.8868,38.201,0.5,2.5,"28 km SE of Mina, Nevada"
nn00727752,2020-05-18 03:59:41.176,-117.9818,38.1548,11.2,2.9,"28 km SSE of Mina, Nevada"
nn00727725,2020-05-18 02:47:00.740,-117.7392,38.196,14.1,2.5,"38 km SE of Mina, Nevada"
nn00727712,2020-05-18 02:19:08.415,-118.0999,38.1651,5.9,4.3,"25 km S of Mina, Nevada"
nn00727709,2020-05-18 02:16:47.040,-117.8528,38.1553,4.4,2.5,"34 km SE of Mina, Nevada"
nn00727688,2020-05-18 01:19:16.492,-117.891,38.172,5.1,2.6,"30 km SE of Mina, Nevada"
nn00727683,2020-05-18 01:13:07.339,-117.9859,38.1404,5.4,2.9,"29 km SSE of Mina, Nevada"
nn00727680,2020-05-18 01:12:03.479,-118.0677,38.122,6.9,2.7,"30 km S of Mina, Nevada"
nn00727663,2020-05-18 00:49:37.520,-117.8628,38.1813,11.6,2.5,"31 km SE of Mina, Nevada"
nn00727655,2020-05-18 00:46:34.655,-117.7262,38.184,9.9,3.4,"40 km SE of Mina, Nevada"
nn00727646,2020-05-18 00:29:53.667,-117.8351,38.1798,6.5,3.0,Nevada
nn00727640,2020-05-18 00:26:22.154,-117.9548,38.1477,8.3,3.5,"30 km SSE of Mina, Nevada"
ci39205279,2020-05-17 23:49:36.210,-116.298,33.9773333,2.12,2.56,"18km S of Joshua Tree, CA"
nn00727618,2020-05-17 23:19:54.772,-117.9927,38.1437,4.7,3.9,"29 km SSE of Mina, Nevada"
nn00727615,2020-05-17 23:16:10.639,-118.0304,38.1379,5.8,2.8,"28 km SSE of Mina, Nevada"
nn00727575,2020-05-17 21:47:44.646,-118.0462,38.1449,5.0,4.3,"27 km SSE of Mina, Nevada"
nn00727561,2020-05-17 21:17:02.474,-117.8028,38.1749,10.4,4.7,"35 km SE of Mina, Nevada"
nn00727559,2020-05-17 21:15:10.592,-117.7416,38.1881,10.3,2.6,"39 km SE of Mina, Nevada"
nn00727513,2020-05-17 19:32:38.042,-117.8562,38.1829,5.5,2.8,"31 km SE of Mina, Nevada"
nn00727500,2020-05-17 19:21:49.879,-118.0586,38.1405,5.5,3.3,"28 km S of Mina, Nevada"
nn00727505,2020-05-17 19:21:33.397,-117.9646,38.1533,5.7,3.3,"29 km SSE of Mina, Nevada"
nn00727487,2020-05-17 19:11:19.232,-117.7693,38.1935,2.7,2.6,"36 km SE of Mina, Nevada"
nn00727479,2020-05-17 19:08:23.513,-117.9354,38.1573,12.0,3.9,"30 km SSE of Mina, Nevada"
nn00727460,2020-05-17 18:16:52.006,-117.9954,38.1478,5.5,3.7,"28 km SSE of Mina, Nevada"
nn00727451,2020-05-17 17:57:17.757,-117.8503,38.1775,4.5,2.5,"32 km SE of Mina, Nevada"
nn00727438,2020-05-17 17:39:26.018,-118.0494,38.1439,2.6,2.7,"27 km S of Mina, Nevada"
nc73389810,2020-05-17 17:36:39.200,-120.561,35.9941667,3.79,3.17,"16km NW of Parkfield, CA"
nn00727429,2020-05-17 17:27:20.547,-117.9913,38.1725,3.6,2.5,"26 km SSE of Mina, Nevada"
nn00727414,2020-05-17 16:57:13.702,-117.7403,38.1863,7.9,3.5,"39 km SE of Mina, Nevada"
nn00727403,2020-05-17 16:41:50.061,-117.8445,38.1787,4.6,2.5,"32 km SE of Mina, Nevada"
nn00803230,2020-05-17 16:19:16.801,-117.9838,38.1573,5.5,2.8,"28 km SSE of Mina, Nevada"
nn00727369,2020-05-17 15:13:02.048,-118.5332,38.0915,7.1,3.1,"30 km N of Benton, California"
nn00727356,2020-05-17 14:42:37.628,-117.8506,38.1925,11.3,2.7,"31 km SE of Mina, Nevada"
nn00727355,2020-05-17 14:40:10.780,-117.9076,38.2133,5.7,2.6,"26 km SE of Mina, Nevada"
nn00727334,2020-05-17 14:08:49.665,-117.7687,38.1889,6.8,2.5,"37 km SE of Mina, Nevada"
ci39204695,2020-05-17 13:49:30.610,-117.6825,35.8783333,3.94,3.11,"21km ESE of Little Lake, CA"
nn00727300,2020-05-17 13:17:55.657,-117.9583,38.1577,10.5,3.9,"28 km SSE of Mina, Nevada"
nn00727296,2020-05-17 13:07:02.858,-117.7802,38.1781,5.7,2.5,"37 km SE of Mina, Nevada"
nn00727277,2020-05-17 12:34:46.012,-118.02,38.1545,6.5,3.0,"27 km SSE of Mina, Nevada"
nn00727265,2020-05-17 12:23:42.502,-118.5152,38.0884,10.9,2.7,"30 km N of Benton, California"
nn00727257,2020-05-17 12:17:33.151,-117.7764,38.1813,5.1,2.7,"37 km SE of Mina, Nevada"
nn00727244,2020-05-17 11:53:53.336,-117.9553,38.15,9.6,4.5,"29 km SSE of Mina, Nevada"
us70009iv0,2020-05-17 11:53:24.626,-117.8738,38.1626,6.15,2.5,"32 km SE of Mina, Nevada"
nn00727233,2020-05-17 11:36:52.881,-117.8403,38.1642,2.6,2.9,"34 km SE of Mina, Nevada"
nn00727224,2020-05-17 11:22:50.299,-117.7843,38.2026,11.5,3.7,"35 km SE of Mina, Nevada"
nn00727190,2020-05-17 10:22:34.414,-117.9457,38.1466,7.1,2.7,"30 km SSE of Mina, Nevada"
nn00727164,2020-05-17 09:42:21.260,-117.9965,38.1363,8.8,3.4,"29 km SSE of Mina, Nevada"
nn00727155,2020-05-17 09:22:50.854,-117.9778,38.1451,7.3,2.7,Nevada
us70009ir6,2020-05-17 08:59:32.384,-117.8995,38.1611,7.86,2.7,"31 km SE of Mina, Nevada"
nn00727130,2020-05-17 08:36:25.762,-117.7287,38.2031,5.1,2.5,"39 km ESE of Mina, Nevada"
nn00727120,2020-05-17 08:28:48.506,-117.8439,38.1618,7.3,4.3,"34 km SE of Mina, Nevada"
nn00727117,2020-05-17 08:23:02.927,-117.8102,38.1731,7.8,2.7,"35 km SE of Mina, Nevada"
nn00727116,2020-05-17 08:14:08.792,-117.8535,38.1636,1.4,2.5,"33 km SE of Mina, Nevada"
nn00727104,2020-05-17 07:54:09.420,-117.9829,38.1439,11.4,3.3,"29 km SSE of Mina, Nevada"
nn00727101,2020-05-17 07:50:54.513,-118.0024,38.159,5.7,2.9,"27 km SSE of Mina, Nevada"
nn00727092,2020-05-17 07:45:00.768,-117.7833,38.2225,5.3,2.5,"34 km ESE of Mina, Nevada"
nn00727089,2020-05-17 07:39:32.981,-117.7689,38.2039,9.1,2.6,"36 km SE of Mina, Nevada"
nn00803290,2020-05-17 07:38:21.386,-117.985,38.168,5.1,2.5,"26 km SSE of Mina, Nevada"
nn00727083,2020-05-17 07:33:01.889,-118.0113,38.1495,7.0,3.0,"28 km SSE of Mina, Nevada"
nn00727078,2020-05-17 07:26:50.353,-118.0091,38.1539,7.0,2.7,"27 km SSE of Mina, Nevada"
nn00727072,2020-05-17 07:08:08.064,-118.0063,38.1654,2.5,2.7,"26 km SSE of Mina, Nevada"
nn00727069,2020-05-17 07:06:45.820,-118.0142,38.1473,4.4,2.8,"28 km SSE of Mina, Nevada"
nn00727385,2020-05-17 06:42:02.524,-117.7858,38.1772,5.9,3.3,"36 km SE of Mina, Nevada"
nn00727049,2020-05-17 06:36:37.897,-118.0302,38.1426,6.0,2.9,"28 km SSE of Mina, Nevada"
nn00727043,2020-05-17 06:24:24.278,-117.8804,38.1705,0.0,3.4,"31 km SE of Mina, Nevada"
nn00727350,2020-05-17 06:17:23.155,-117.7955,38.2106,11.5,2.9,"33 km SE of Mina, Nevada"
nn00727030,2020-05-17 06:11:46.361,-117.7455,38.1822,7.2,3.5,"39 km SE of Mina, Nevada"
nn00727031,2020-05-17 06:11:32.620,-117.9343,38.1773,4.4,3.3,"28 km SSE of Mina, Nevada"
nn00727023,2020-05-17 06:05:22.830,-117.7598,38.1787,5.6,2.8,"38 km SE of Mina, Nevada"
nn00727017,2020-05-17 05:58:59.344,-117.7611,38.1912,7.4,2.9,"37 km SE of Mina, Nevada"
nn00727009,2020-05-17 05:53:08.402,-118.064,38.1321,6.0,3.0,"28 km S of Mina, Nevada"
nn00726986,2020-05-17 05:02:22.838,-117.8524,38.1605,5.9,3.5,"33 km SE of Mina, Nevada"
nn00726966,2020-05-17 04:22:47.287,-117.7803,38.2056,7.3,2.7,"35 km SE of Mina, Nevada"
nn00726946,2020-05-17 03:56:08.242,-118.0391,38.1293,8.0,2.8,"29 km SSE of Mina, Nevada"
nn00726941,2020-05-17 03:48:41.732,-117.7388,38.1995,8.0,3.0,"38 km ESE of Mina, Nevada"
nn00726940,2020-05-17 03:47:04.735,-118.0898,38.1249,3.9,2.9,"29 km S of Mina, Nevada"
nn00726928,2020-05-17 03:27:33.903,-117.9724,38.1449,6.2,2.7,"29 km SSE of Mina, Nevada"
nn00726923,2020-05-17 03:25:32.773,-117.855,38.1719,4.5,3.2,"32 km SE of Mina, Nevada"
nn00726910,2020-05-17 03:04:21.637,-117.7921,38.1717,8.4,3.4,"36 km SE of Mina, Nevada"
nn00726896,2020-05-17 02:29:48.911,-117.995,38.149,3.6,2.8,"28 km SSE of Mina, Nevada"
nn00726881,2020-05-17 02:12:27.390,-117.7588,38.1875,8.1,3.0,"38 km SE of Mina, Nevada"
nn00726836,2020-05-17 00:50:31.388,-117.9401,38.1689,6.0,2.9,"28 km SSE of Mina, Nevada"
us70009ih7,2020-05-17 00:40:41.247,-117.739,38.2246,10.26,2.8,"37 km ESE of Mina, Nevada"
nn00726821,2020-05-17 00:28:04.729,-117.8591,38.1762,2.2,2.8,"32 km SE of Mina, Nevada"
nn00726815,2020-05-17 00:13:39.473,-117.7522,38.1947,6.9,2.9,"38 km SE of Mina, Nevada"
nn00726808,2020-05-17 00:10:03.386,-117.9559,38.1706,6.6,2.9,"27 km SSE of Mina, Nevada"
nn00726802,2020-05-17 00:04:59.596,-117.7904,38.1782,5.4,2.7,"36 km SE of Mina, Nevada"
nn00726797,2020-05-16 23:49:28.643,-117.7222,38.1972,8.9,3.2,"40 km ESE of Mina, Nevada"
nn00726795,2020-05-16 23:47:34.164,-117.7561,38.1953,12.8,2.5,"37 km SE of Mina, Nevada"
nn00726779,2020-05-16 23:35:03.777,-117.994,38.1345,9.7,2.6,"30 km SSE of Mina, Nevada"
nn00726772,2020-05-16 23:27:14.582,-118.0327,38.1425,4.7,4.4,"28 km SSE of Mina, Nevada"
nn00726768,2020-05-16 23:11:24.549,-117.877,38.1869,5.4,2.6,"30 km SE of Mina, Nevada"
nn00726756,2020-05-16 22:45:38.119,-118.0567,38.1277,7.8,3.1,"29 km S of Mina, Nevada"
nn00726753,2020-05-16 22:32:39.548,-117.9536,38.1541,7.7,2.9,"29 km SSE of Mina, Nevada"
nn00726749,2020-05-16 22:27:59.516,-117.7741,38.2075,4.9,2.7,"35 km SE of Mina, Nevada"
nn00726744,2020-05-16 22:22:27.756,-117.887,38.2007,7.2,3.1,"28 km SE of Mina, Nevada"
nn00726734,2020-05-16 22:06:11.123,-117.8633,38.1859,5.8,2.5,"31 km SE of Mina, Nevada"
nn00726733,2020-05-16 22:04:14.492,-118.0625,38.1664,5.3,2.7,California-Nevada border region
us70009ieg,2020-05-16 21:50:09.280,-118.1213,38.1211,12.16,2.5,"29 km S of Mina, Nevada"
nn00726724,2020-05-16 21:39:33.493,-117.8751,38.1498,5.1,3.0,"33 km SE of Mina, Nevada"
nn00726716,2020-05-16 21:15:58.708,-117.9975,38.1503,9.8,3.1,"28 km SSE of Mina, Nevada"
nn00726703,2020-05-16 20:58:18.624,-117.937,38.1799,5.4,3.7,"27 km SSE of Mina, Nevada"
nn00726687,2020-05-16 20:38:30.635,-117.8402,38.1684,4.4,2.5,"34 km SE of Mina, Nevada"
nn00726665,2020-05-16 20:17:44.624,-117.763,38.2196,5.7,3.8,"35 km ESE of Mina, Nevada"
nn00726657,2020-05-16 19:55:12.907,-117.9607,38.17,8.1,3.1,"27 km SSE of Mina, Nevada"
nn00726646,2020-05-16 19:31:54.790,-117.8522,38.197,14.8,3.0,"31 km SE of Mina, Nevada"
nn00726642,2020-05-16 19:25:09.998,-117.7874,38.1806,5.6,2.7,"36 km SE of Mina, Nevada"
nn00726638,2020-05-16 19:10:39.844,-117.7897,38.1775,6.2,2.6,"36 km SE of Mina, Nevada"
us70009mpc,2020-05-16 18:50:12.678,-117.7397,38.2013,10.33,3.1,"38 km ESE of Mina, Nevada"
nn00726624,2020-05-16 18:49:43.340,-117.7524,38.1981,4.3,3.0,"37 km SE of Mina, Nevada"
nn00726617,2020-05-16 18:44:27.464,-117.9772,38.1422,5.3,2.9,"29 km SSE of Mina, Nevada"
nn00726609,2020-05-16 18:31:33.134,-117.8093,38.217,3.2,2.9,"32 km SE of Mina, Nevada"
nn00726595,2020-05-16 18:09:11.608,-117.7791,38.2015,6.8,2.6,"35 km SE of Mina, Nevada"
nn00726593,2020-05-16 18:06:42.921,-117.7737,38.1934,7.4,3.0,"36 km SE of Mina, Nevada"
nn00726587,2020-05-16 17:53:58.375,-117.7839,38.2009,11.5,3.0,"35 km SE of Mina, Nevada"
nn00726581,2020-05-16 17:49:59.970,-118.0185,38.1516,6.8,3.6,"27 km SSE of Mina, Nevada"
nn00726556,2020-05-16 17:07:48.770,-118.0542,38.1367,6.1,2.7,"28 km S of Mina, Nevada"
nn00726558,2020-05-16 17:07:32.416,-117.8235,38.1734,2.7,2.5,"34 km SE of Mina, Nevada"
nn00726553,2020-05-16 17:04:25.294,-117.989,38.1369,4.5,2.7,"30 km SSE of Mina, Nevada"
nn00726548,2020-05-16 17:00:45.260,-118.0296,38.1404,0.0,2.5,"28 km SSE of Mina, Nevada"
nn00726543,2020-05-16 16:55:36.372,-118.0607,38.1361,5.2,2.6,"28 km S of Mina, Nevada"
nn00726535,2020-05-16 16:45:12.513,-117.7309,38.188,4.5,2.6,"39 km SE of Mina, Nevada"
nn00726531,2020-05-16 16:40:55.323,-117.8472,38.1733,1.5,2.9,"33 km SE of Mina, Nevada"
nn00726527,2020-05-16 16:38:41.363,-117.7659,38.1792,7.1,3.3,"38 km SE of Mina, Nevada"
nc73388380,2020-05-16 16:38:34.920,-121.3125,36.6841667,4.47,3.17,"12km S of Tres Pinos, CA"
nn00726524,2020-05-16 16:36:01.321,-117.7627,38.1937,10.6,3.0,"37 km SE of Mina, Nevada"
nn00726521,2020-05-16 16:32:31.000,-117.7382,38.191,0.0,3.2,"39 km SE of Mina, Nevada"
nn00726510,2020-05-16 16:15:02.231,-117.9782,38.1555,6.0,2.9,"28 km SSE of Mina, Nevada"
nn00726502,2020-05-16 15:55:52.856,-117.9699,38.209,2.0,2.7,"23 km SSE of Mina, Nevada"
nn00726498,2020-05-16 15:54:46.965,-117.8562,38.1929,4.4,2.9,"31 km SE of Mina, Nevada"
nn00726483,2020-05-16 15:33:51.541,-117.8525,38.1617,2.2,2.6,"33 km SE of Mina, Nevada"
nn00726479,2020-05-16 15:29:26.950,-117.8791,38.1732,5.9,2.5,"31 km SE of Mina, Nevada"
nn00726468,2020-05-16 15:05:16.521,-117.8047,38.2157,8.0,3.0,"32 km SE of Mina, Nevada"
nn00726458,2020-05-16 14:44:22.366,-117.7941,38.1839,2.8,2.7,"35 km SE of Mina, Nevada"
nn00726443,2020-05-16 14:21:14.539,-117.9828,38.1756,0.0,3.0,"26 km SSE of Mina, Nevada"
nn00726442,2020-05-16 14:19:50.904,-118.0808,38.163,3.9,2.6,"25 km S of Mina, Nevada"
nn00726439,2020-05-16 14:19:06.902,-117.7343,38.2079,4.0,2.6,"38 km ESE of Mina, Nevada"
nn00726433,2020-05-16 14:12:38.551,-117.992,38.1419,7.7,2.7,Nevada
nn00726428,2020-05-16 14:03:07.598,-117.7686,38.2317,5.2,2.5,"34 km ESE of Mina, Nevada"
nn00726414,2020-05-16 13:38:00.776,-117.8445,38.1996,1.9,2.6,"31 km SE of Mina, Nevada"
nn00726395,2020-05-16 13:07:04.042,-118.0147,38.1345,6.5,2.6,"29 km SSE of Mina, Nevada"
us70009i2p,2020-05-16 12:34:59.423,-117.853,38.1722,10.0,2.6,"32 km SE of Mina, Nevada"
us70009i2h,2020-05-16 12:20:50.563,-117.8448,38.1764,5.0,2.5,"33 km SE of Mina, Nevada"
nn00726364,2020-05-16 12:01:22.103,-117.9318,38.1602,6.8,2.6,"29 km SSE of Mina, Nevada"
nn00726361,2020-05-16 11:54:23.370,-117.7349,38.1929,11.3,3.8,"39 km SE of Mina, Nevada"
nn00726353,2020-05-16 11:50:54.310,-117.7347,38.2118,16.8,4.6,"38 km ESE of Mina, Nevada"
nn00726350,2020-05-16 11:49:30.228,-117.7708,38.1935,7.6,3.0,"36 km SE of Mina, Nevada"
nn00726337,2020-05-16 11:18:02.290,-118.025,38.145,4.3,2.9,"28 km SSE of Mina, Nevada"
nn00726324,2020-05-16 10:55:16.918,-117.9394,38.1366,3.0,2.6,"31 km SSE of Mina, Nevada"
nn00726322,2020-05-16 10:54:17.029,-117.9435,38.1621,8.7,3.0,"29 km SSE of Mina, Nevada"
nn00726313,2020-05-16 10:44:42.209,-118.0113,38.1576,12.6,2.6,"27 km SSE of Mina, Nevada"
nn00726309,2020-05-16 10:42:37.803,-117.7882,38.221,5.4,2.6,"33 km SE of Mina, Nevada"
nn00726306,2020-05-16 10:41:20.526,-117.9564,38.1669,10.4,2.5,"28 km SSE of Mina, Nevada"
nn00726300,2020-05-16 10:30:29.788,-117.904,38.2004,5.6,3.4,"27 km SE of Mina, Nevada"
nn00726292,2020-05-16 10:28:40.650,-117.9008,38.192,6.8,3.9,"28 km SE of Mina, Nevada"
nn00726267,2020-05-16 09:45:56.500,-118.0381,38.1736,11.1,3.0,"24 km SSE of Mina, Nevada"
nn00726260,2020-05-16 09:36:48.906,-117.7982,38.237,11.5,2.9,"32 km ESE of Mina, Nevada"
nn00726252,2020-05-16 09:30:52.893,-117.7467,38.1972,9.1,2.5,"38 km SE of Mina, Nevada"
nn00726236,2020-05-16 09:08:39.557,-117.7447,38.1789,7.4,3.5,"39 km SE of Mina, Nevada"
nn00726233,2020-05-16 09:06:57.504,-117.8719,38.2077,1.1,2.5,"28 km SE of Mina, Nevada"
nn00726229,2020-05-16 09:05:10.369,-117.8906,38.2025,8.4,3.3,"28 km SE of Mina, Nevada"
nn00726225,2020-05-16 08:59:51.802,-118.0688,38.1616,16.1,3.0,"25 km S of Mina, Nevada"
nn00726224,2020-05-16 08:58:35.324,-117.8574,38.1929,6.0,2.6,"31 km SE of Mina, Nevada"
nn00726219,2020-05-16 08:46:56.654,-117.9687,38.1493,8.8,2.8,"29 km SSE of Mina, Nevada"
nn00726210,2020-05-16 08:28:30.268,-117.8601,38.2043,8.0,2.5,"30 km SE of Mina, Nevada"
nn00726204,2020-05-16 08:21:39.990,-117.9552,38.1392,10.2,2.5,"30 km SSE of Mina, Nevada"
nn00726198,2020-05-16 08:04:31.035,-117.868,38.2289,10.1,2.9,"27 km SE of Mina, Nevada"
nn00726192,2020-05-16 08:02:07.052,-117.7371,38.1886,5.7,2.6,"39 km SE of Mina, Nevada"
nn00726182,2020-05-16 07:46:31.123,-117.753,38.1706,6.6,2.9,"39 km SE of Mina, Nevada"
nn00726180,2020-05-16 07:45:47.010,-118.0552,38.1264,7.8,2.5,"29 km S of Mina, Nevada"
nn00726177,2020-05-16 07:42:06.710,-117.8342,38.154,6.5,3.0,"35 km SE of Mina, Nevada"
nn00726163,2020-05-16 07:30:45.464,-117.9707,38.1366,8.4,2.7,"30 km SSE of Mina, Nevada"
nn00726147,2020-05-16 07:11:47.913,-117.7674,38.1921,11.2,3.2,"37 km SE of Mina, Nevada"
nn00726145,2020-05-16 07:09:22.788,-117.8583,38.172,6.5,3.0,"32 km SE of Mina, Nevada"
nn00726140,2020-05-16 06:59:33.774,-117.7475,38.1864,7.2,3.5,"38 km SE of Mina, Nevada"
nn00726129,2020-05-16 06:52:46.021,-117.7347,38.2015,4.7,3.5,"38 km ESE of Mina, Nevada"
nn00726119,2020-05-16 06:40:44.959,-117.7149,38.2122,10.5,3.6,"39 km ESE of Mina, Nevada"
nn00726118,2020-05-16 06:37:28.144,-117.7297,38.2185,12.6,2.5,"38 km ESE of Mina, Nevada"
nn00726114,2020-05-16 06:35:10.646,-117.9849,38.1547,4.7,3.2,"28 km SSE of Mina, Nevada"
us70009htg,2020-05-16 06:27:14.273,-117.8317,38.1763,5.23,2.5,"33 km SE of Mina, Nevada"
nn00726104,2020-05-16 06:18:31.431,-117.9533,38.1982,7.1,2.5,"25 km SSE of Mina, Nevada"
nn00726095,2020-05-16 06:06:17.317,-118.2364,38.0581,5.9,3.7,"33 km NE of Benton, California"
nn00726059,2020-05-16 05:12:15.513,-117.8424,38.1893,5.4,3.3,"32 km SE of Mina, Nevada"
nn00726050,2020-05-16 05:01:09.090,-117.9345,38.1751,12.4,3.8,Nevada
nn00726051,2020-05-16 05:00:55.039,-117.8606,38.1764,1.2,3.7,"32 km SE of Mina, Nevada"
nn00726049,2020-05-16 04:59:40.154,-117.9201,38.1565,11.4,2.5,"30 km SSE of Mina, Nevada"
us70009hra,2020-05-16 04:56:31.672,-117.9408,38.1894,5.0,3.0,"26 km SSE of Mina, Nevada"
nn00726040,2020-05-16 04:50:05.707,-117.7437,38.2245,6.3,2.6,"36 km ESE of Mina, Nevada"
us70009hr5,2020-05-16 04:45:35.389,-117.9161,38.1773,5.0,2.5,"29 km SE of Mina, Nevada"
nn00726034,2020-05-16 04:43:25.275,-117.7614,38.2365,12.0,2.5,"34 km ESE of Mina, Nevada"
nn00726031,2020-05-16 04:40:20.213,-117.8691,38.1999,17.4,2.8,"29 km SE of Mina, Nevada"
nn00726027,2020-05-16 04:32:16.920,-117.8555,38.1794,9.0,3.8,"32 km SE of Mina, Nevada"
nn00726026,2020-05-16 04:30:34.614,-117.7373,38.2026,4.5,2.5,"38 km ESE of Mina, Nevada"
nn00726022,2020-05-16 04:24:49.990,-117.8501,38.1733,12.7,2.5,"33 km SE of Mina, Nevada"
nn00726019,2020-05-16 04:23:54.287,-117.8769,38.174,10.2,2.6,Nevada
nn00726018,2020-05-16 04:22:22.657,-117.8867,38.2008,13.7,2.7,"28 km SE of Mina, Nevada"
nn00726015,2020-05-16 04:21:00.016,-117.9073,38.2083,6.2,3.1,"26 km SE of Mina, Nevada"
nn00726009,2020-05-16 04:12:21.434,-117.9756,38.1313,5.0,4.6,"31 km SSE of Mina, Nevada"
nn00726005,2020-05-16 04:05:11.840,-117.9465,38.1767,7.5,2.7,"27 km SSE of Mina, Nevada"
nn00725993,2020-05-16 03:49:14.900,-117.8365,38.1611,11.5,2.9,"34 km SE of Mina, Nevada"
nn00725983,2020-05-16 03:37:42.803,-117.8167,38.179,4.7,2.5,"34 km SE of Mina, Nevada"
nn00725982,2020-05-16 03:36:50.706,-117.8201,38.1558,2.4,2.9,"36 km SE of Mina, Nevada"
ci39202567,2020-05-16 03:31:06.580,-117.3355,35.9555,3.3,3.06,"22km N of Trona, CA"
nn00725979,2020-05-16 03:30:38.797,-117.841,38.2139,8.4,2.6,"30 km SE of Mina, Nevada"
nn00725968,2020-05-16 03:23:52.582,-117.8373,38.1444,2.9,2.7,"36 km SE of Mina, Nevada"
nn00725966,2020-05-16 03:22:38.301,-117.9372,38.1756,6.1,3.1,"28 km SSE of Mina, Nevada"
nn00725962,2020-05-16 03:17:07.038,-117.9716,38.1509,6.6,2.6,"29 km SSE of Mina, Nevada"
nn00725956,2020-05-16 03:08:26.628,-117.9417,38.1622,11.7,2.5,"29 km SSE of Mina, Nevada"
nn00743509,2020-05-16 02:58:40.608,-117.8789,38.1775,14.2,2.8,"31 km SE of Mina, Nevada"
nn00725947,2020-05-16 02:53:36.690,-117.8275,38.1428,3.2,2.8,"36 km SE of Mina, Nevada"
nn00725945,2020-05-16 02:53:01.685,-117.9873,38.1671,15.0,2.8,"26 km SSE of Mina, Nevada"
nn00725939,2020-05-16 02:50:45.561,-118.009,38.1619,6.8,3.5,"26 km SSE of Mina, Nevada"
nn00725936,2020-05-16 02:46:01.702,-118.0179,38.1523,6.0,2.8,"27 km SSE of Mina, Nevada"
us70009hmi,2020-05-16 02:45:47.075,-117.9317,38.1751,5.0,2.8,"28 km SSE of Mina, Nevada"
nn00725933,2020-05-16 02:39:16.867,-117.8126,38.2412,20.8,3.0,"30 km ESE of Mina, Nevada"
nn00725928,2020-05-16 02:31:58.610,-117.9144,38.19,19.6,2.8,"28 km SE of Mina, Nevada"
nn00725924,2020-05-16 02:20:48.034,-117.962,38.1984,11.3,2.5,"24 km SSE of Mina, Nevada"
nn00725918,2020-05-16 02:13:51.866,-117.9435,38.1734,6.1,3.1,"28 km SSE of Mina, Nevada"
nn00725906,2020-05-16 02:04:35.293,-117.9194,38.1618,0.0,2.9,"30 km SSE of Mina, Nevada"
ci39202447,2020-05-16 01:46:57.030,-117.9233333,36.1515,2.16,3.4,"12km N of Coso Junction, CA"
nn00725882,2020-05-16 01:32:21.748,-117.7617,38.1893,18.2,2.8,"37 km SE of Mina, Nevada"
nn00725883,2020-05-16 01:31:17.988,-117.9421,38.1381,0.0,2.8,"31 km SSE of Mina, Nevada"
nn00725873,2020-05-16 01:22:21.581,-117.9663,38.1864,16.1,2.8,"25 km SSE of Mina, Nevada"
nn00725870,2020-05-16 01:16:12.218,-117.7752,38.191,1.3,2.5,"36 km SE of Mina, Nevada"
nn00725867,2020-05-16 01:11:51.245,-117.8414,38.1643,6.4,2.8,"34 km SE of Mina, Nevada"
nn00725864,2020-05-16 01:10:03.350,-117.7823,38.1796,15.0,3.4,"36 km SE of Mina, Nevada"
nn00725846,2020-05-16 00:31:58.764,-117.9703,38.1462,3.1,3.3,"29 km SSE of Mina, Nevada"
nn00725819,2020-05-15 23:51:02.114,-117.9843,38.1886,3.0,2.6,"24 km SSE of Mina, Nevada"
nn00725816,2020-05-15 23:44:31.762,-117.9285,38.1589,16.0,2.6,"30 km SSE of Mina, Nevada"
nn00725814,2020-05-15 23:40:20.073,-117.989,38.15,12.5,2.5,"28 km SSE of Mina, Nevada"
us70009hgr,2020-05-15 23:28:13.996,-117.9774,38.1354,5.0,2.5,"30 km SSE of Mina, Nevada"
nn00725804,2020-05-15 23:26:52.679,-117.9433,38.1643,13.3,2.9,"28 km SSE of Mina, Nevada"
nn00725802,2020-05-15 23:25:11.154,-117.8973,38.1695,17.7,2.6,"30 km SE of Mina, Nevada"
nn00725782,2020-05-15 22:50:24.025,-117.9186,38.1829,18.7,3.5,"28 km SE of Mina, Nevada"
nn00725777,2020-05-15 22:46:30.266,-117.8419,38.1692,10.6,4.3,"33 km SE of Mina, Nevada"
nn00725775,2020-05-15 22:40:25.467,-117.8397,38.1792,19.6,2.8,"33 km SE of Mina, Nevada"
nn00725773,2020-05-15 22:38:32.749,-118.0082,38.1756,13.4,2.9,"25 km SSE of Mina, Nevada"
nn00725763,2020-05-15 22:25:08.740,-117.7294,38.1798,2.1,3.8,"40 km SE of Mina, Nevada"
us70009hej,2020-05-15 22:22:12.180,-117.8642,38.1757,10.0,2.5,"32 km SE of Mina, Nevada"
nn00725752,2020-05-15 22:15:49.953,-118.0136,38.1518,5.4,4.3,"27 km SSE of Mina, Nevada"
nn00725743,2020-05-15 21:59:43.287,-117.7984,38.1656,6.1,4.2,"36 km SE of Mina, Nevada"
nn00725881,2020-05-15 21:59:10.317,-117.8737,38.135,3.8,2.8,"35 km SE of Mina, Nevada"
nn00725740,2020-05-15 21:55:52.490,-117.8847,38.1273,14.7,2.5,"35 km SE of Mina, Nevada"
nc73386685,2020-05-15 21:47:23.890,-120.851,39.9621667,11.71,3.07,"5km NE of East Quincy, CA"
nn00725731,2020-05-15 21:44:42.450,-118.0523,38.2018,0.3,2.9,"21 km SSE of Mina, Nevada"
us70009hc5,2020-05-15 21:40:00.818,-117.8534,38.1881,10.0,2.5,"31 km SE of Mina, Nevada"
nn00725719,2020-05-15 21:29:43.102,-117.9445,38.1871,6.4,3.5,"26 km SSE of Mina, Nevada"
us70009hbw,2020-05-15 21:29:16.400,-117.8353,38.1973,10.0,3.1,"32 km SE of Mina, Nevada"
nn00725717,2020-05-15 21:19:50.062,-117.8093,38.2229,17.1,3.0,"32 km SE of Mina, Nevada"
nn00725711,2020-05-15 21:14:20.753,-117.9876,38.1717,12.8,2.9,"26 km SSE of Mina, Nevada"
us70009hae,2020-05-15 21:09:15.432,-117.9413,38.1743,5.0,2.7,"28 km SSE of Mina, Nevada"
nn00747270,2020-05-15 21:09:14.978,-117.9005,38.1673,6.5,2.8,"30 km SE of Mina, Nevada"
nn00725705,2020-05-15 21:08:07.380,-118.0322,38.1737,12.4,2.7,"24 km SSE of Mina, Nevada"
nn00725694,2020-05-15 20:54:11.802,-117.9723,38.1569,7.3,3.6,"28 km SSE of Mina, Nevada"
nn00725687,2020-05-15 20:41:16.795,-117.8261,38.2366,3.6,2.8,Nevada
nn00725680,2020-05-15 20:34:05.207,-118.0061,38.134,17.1,2.5,"29 km SSE of Mina, Nevada"
nn00725679,2020-05-15 20:29:38.185,-117.9246,38.173,0.0,2.5,"29 km SSE of Mina, Nevada"
nn00725676,2020-05-15 20:23:40.578,-117.9646,38.1431,7.0,2.5,"30 km SSE of Mina, Nevada"
us70009h7w,2020-05-15 20:11:42.295,-118.0408,38.1739,9.72,2.7,"24 km SSE of Mina, Nevada"
nn00725650,2020-05-15 20:03:46.745,-117.8377,38.1703,0.0,3.9,"34 km SE of Mina, Nevada"
nn00725643,2020-05-15 19:59:36.381,-117.8431,38.1562,8.1,3.4,"34 km SE of Mina, Nevada"
nn00725638,2020-05-15 19:50:39.147,-117.8543,38.1395,0.2,2.6,"35 km SE of Mina, Nevada"
nn00725635,2020-05-15 19:48:15.186,-117.9882,38.1324,0.0,2.5,"30 km SSE of Mina, Nevada"
nn00725634,2020-05-15 19:46:01.127,-117.9701,38.2055,11.8,2.7,"23 km SSE of Mina, Nevada"
nn00725627,2020-05-15 19:43:26.625,-117.8134,38.17,10.3,3.0,"35 km SE of Mina, Nevada"
nn00725625,2020-05-15 19:42:08.639,-117.7933,38.1958,17.8,2.6,"35 km SE of Mina, Nevada"
nn00725619,2020-05-15 19:24:06.203,-117.9247,38.1656,0.0,2.5,"29 km SSE of Mina, Nevada"
nn00725617,2020-05-15 19:16:38.215,-117.8824,38.1903,21.7,2.8,"29 km SE of Mina, Nevada"
nn00725616,2020-05-15 19:14:54.724,-117.9748,38.1384,6.2,3.2,"30 km SSE of Mina, Nevada"
nn00725611,2020-05-15 19:13:23.858,-117.897,38.2067,13.1,3.0,"27 km SE of Mina, Nevada"
nn00725605,2020-05-15 19:05:09.197,-117.7234,38.2146,6.0,3.5,"38 km ESE of Mina, Nevada"
nn00725602,2020-05-15 19:02:49.212,-117.9047,38.1708,17.5,2.6,"30 km SE of Mina, Nevada"
us70009h3w,2020-05-15 18:56:20.764,-118.1187,38.1251,10.0,3.1,"29 km S of Mina, Nevada"
us70009h42,2020-05-15 18:56:11.365,-117.8401,38.1727,10.0,3.2,"33 km SE of Mina, Nevada"
nn00725596,2020-05-15 18:52:41.348,-117.8588,38.1717,4.3,3.8,"32 km SE of Mina, Nevada"
nn00725593,2020-05-15 18:51:52.451,-118.0044,38.1903,17.2,2.9,"24 km SSE of Mina, Nevada"
nn00725591,2020-05-15 18:48:49.166,-117.9649,38.2055,12.7,2.5,"24 km SSE of Mina, Nevada"
nn00725588,2020-05-15 18:41:57.257,-117.9758,38.2059,12.6,3.0,"23 km SSE of Mina, Nevada"
nn00725582,2020-05-15 18:38:13.429,-117.7406,38.1956,17.2,3.1,"38 km SE of Mina, Nevada"
nn00725563,2020-05-15 18:10:32.484,-117.8436,38.1858,6.4,4.2,"32 km SE of Mina, Nevada"
nn00725555,2020-05-15 18:02:05.393,-117.9284,38.1485,18.4,3.1,"31 km SSE of Mina, Nevada"
nn00725552,2020-05-15 17:52:38.739,-117.9572,38.1527,7.0,3.1,"29 km SSE of Mina, Nevada"
nn00725546,2020-05-15 17:50:16.941,-117.8295,38.173,5.8,4.7,"34 km SE of Mina, Nevada"
us70009h17,2020-05-15 17:49:12.712,-117.957,38.1769,5.0,3.7,"27 km SSE of Mina, Nevada"
nn00725543,2020-05-15 17:46:45.358,-117.7693,38.1902,6.9,2.6,"37 km SE of Mina, Nevada"
nn00725542,2020-05-15 17:45:13.765,-118.0135,38.1322,7.5,2.6,"29 km SSE of Mina, Nevada"
nn00725538,2020-05-15 17:42:25.594,-118.0432,38.1265,9.9,3.2,"29 km S of Mina, Nevada"
nn00725533,2020-05-15 17:38:16.880,-118.0212,38.154,14.5,3.3,"27 km SSE of Mina, Nevada"
nn00725526,2020-05-15 17:25:20.680,-118.0144,38.1382,10.8,3.5,"29 km SSE of Mina, Nevada"
nn00725521,2020-05-15 17:18:29.729,-117.7321,38.1878,1.6,3.3,"39 km SE of Mina, Nevada"
nn00725516,2020-05-15 17:08:07.430,-117.8329,38.1747,8.4,3.7,"34 km SE of Mina, Nevada"
nn00725509,2020-05-15 16:52:53.596,-117.8368,38.1736,4.8,3.5,"33 km SE of Mina, Nevada"
nn00725503,2020-05-15 16:44:31.923,-117.9995,38.1485,0.0,2.6,"28 km SSE of Mina, Nevada"
nn00725500,2020-05-15 16:41:41.101,-117.9026,38.157,16.2,2.5,"31 km SE of Mina, Nevada"
nn00725492,2020-05-15 16:35:44.855,-117.8097,38.1762,7.2,3.9,"35 km SE of Mina, Nevada"
nn00725489,2020-05-15 16:33:59.769,-117.9019,38.1428,2.2,3.1,"32 km SSE of Mina, Nevada"
nn00725488,2020-05-15 16:32:07.586,-117.8346,38.1833,6.2,2.5,"33 km SE of Mina, Nevada"
nn00725486,2020-05-15 16:26:12.069,-117.8834,38.1955,17.0,2.8,"29 km SE of Mina, Nevada"
nn00725484,2020-05-15 16:22:22.046,-118.008,38.142,0.0,2.6,"28 km SSE of Mina, Nevada"
us6000a841,2020-05-15 16:16:44.806,-118.0411,38.1322,10.0,2.7,"29 km SSE of Mina, Nevada"
nn00725478,2020-05-15 16:09:20.600,-117.887,38.1765,6.7,2.7,"30 km SE of Mina, Nevada"
nn00735763,2020-05-15 16:07:52.260,-117.8659,38.2012,14.0,3.0,"29 km SE of Mina, Nevada"
us70009gxc,2020-05-15 16:07:51.265,-117.9749,38.0334,10.0,2.9,"41 km SSE of Mina, Nevada"
nn00725475,2020-05-15 16:01:38.734,-117.981,38.1631,0.0,2.6,"27 km SSE of Mina, Nevada"
nn00725472,2020-05-15 15:59:17.005,-117.7504,38.2116,2.1,2.8,"37 km ESE of Mina, Nevada"
nn00725471,2020-05-15 15:57:26.264,-118.0673,38.1828,0.0,2.5,"23 km S of Mina, Nevada"
nn00725469,2020-05-15 15:56:36.104,-117.8817,38.1523,5.1,2.7,"33 km SE of Mina, Nevada"
nn00725468,2020-05-15 15:52:28.065,-117.8694,38.1791,8.5,2.5,"31 km SE of Mina, Nevada"
us70009gwi,2020-05-15 15:49:14.270,-117.7412,38.2079,6.56,3.0,"38 km ESE of Mina, Nevada"
nn00725464,2020-05-15 15:38:34.735,-117.9224,38.1813,5.1,3.0,"28 km SE of Mina, Nevada"
us70009gw7,2020-05-15 15:37:39.320,-117.8624,38.1732,7.86,2.6,"32 km SE of Mina, Nevada"
nn00748049,2020-05-15 15:35:13.670,-117.852,38.1682,5.8,2.9,"33 km SE of Mina, Nevada"
nn00748048,2020-05-15 15:33:01.093,-117.8029,38.169,7.1,2.7,"36 km SE of Mina, Nevada"
nn00725454,2020-05-15 15:23:24.676,-117.8006,38.1667,7.6,4.8,"36 km SE of Mina, Nevada"
us70009gv3,2020-05-15 15:21:26.170,-118.0801,38.1129,8.27,3.0,"30 km S of Mina, Nevada"
nn00725446,2020-05-15 15:19:44.660,-117.8539,38.1765,2.2,2.7,"32 km SE of Mina, Nevada"
nn00725442,2020-05-15 15:16:05.341,-117.9492,38.1461,2.8,3.1,"30 km SSE of Mina, Nevada"
nn00725434,2020-05-15 15:07:25.705,-117.898,38.1562,2.9,3.9,"31 km SE of Mina, Nevada"
nn00725433,2020-05-15 15:05:26.957,-117.9695,38.1557,13.1,2.8,"28 km SSE of Mina, Nevada"
nn00725426,2020-05-15 14:58:50.525,-117.954,38.1683,6.5,3.3,"28 km SSE of Mina, Nevada"
us70009gt1,2020-05-15 14:56:56.332,-117.9346,38.2587,10.0,2.7,"21 km SE of Mina, Nevada"
nn00725420,2020-05-15 14:47:54.176,-117.9537,38.1473,6.1,2.7,"30 km SSE of Mina, Nevada"
nn00725417,2020-05-15 14:36:13.829,-117.7872,38.2239,6.5,2.9,"33 km ESE of Mina, Nevada"
nn00725415,2020-05-15 14:30:53.804,-117.7224,38.188,4.7,3.1,"40 km ESE of Mina, Nevada"
nn00725988,2020-05-15 14:25:46.467,-117.7408,38.1726,4.7,2.6,"40 km SE of Mina, Nevada"
nn00746659,2020-05-15 14:22:16.971,-117.9801,38.1547,6.3,3.0,"28 km SSE of Mina, Nevada"
nn00725407,2020-05-15 14:10:49.253,-117.9366,38.1536,7.3,2.6,"30 km SSE of Mina, Nevada"
nn00725402,2020-05-15 14:09:28.229,-117.9758,38.1881,3.4,3.0,"25 km SSE of Mina, Nevada"
nn00725400,2020-05-15 14:04:08.254,-117.8111,38.2484,7.1,3.2,"30 km ESE of Mina, Nevada"
nn00725399,2020-05-15 14:00:28.358,-118.0012,38.1587,10.0,3.4,"27 km SSE of Mina, Nevada"
nn00725393,2020-05-15 13:58:03.972,-117.9298,38.1472,7.3,2.7,"31 km SSE of Mina, Nevada"
nn00744355,2020-05-15 13:55:24.549,-117.9319,38.1443,2.4,2.7,"31 km SSE of Mina, Nevada"
nn00725387,2020-05-15 13:51:37.151,-117.9421,38.1692,6.7,4.2,"28 km SSE of Mina, Nevada"
nn00744353,2020-05-15 13:46:59.627,-117.7591,38.1875,5.6,2.9,"37 km SE of Mina, Nevada"
nn00725380,2020-05-15 13:45:45.973,-117.7378,38.1836,7.1,3.4,"39 km SE of Mina, Nevada"
nn00725379,2020-05-15 13:43:22.970,-117.9289,38.1421,4.5,2.6,"31 km SSE of Mina, Nevada"
nn00725376,2020-05-15 13:40:16.499,-117.9475,38.1926,17.5,2.8,"26 km SSE of Mina, Nevada"
nn00725373,2020-05-15 13:39:04.457,-117.9485,38.1437,6.1,3.9,"30 km SSE of Mina, Nevada"
nn00725367,2020-05-15 13:35:24.791,-117.7759,38.2234,8.6,3.8,"34 km ESE of Mina, Nevada"
nn00744345,2020-05-15 13:32:57.741,-117.7684,38.1852,0.0,2.7,"37 km SE of Mina, Nevada"
nn00725363,2020-05-15 13:32:03.198,-117.8617,38.1715,3.9,3.2,"32 km SE of Mina, Nevada"
nn00725360,2020-05-15 13:28:17.315,-117.9571,38.185,8.6,3.3,"26 km SSE of Mina, Nevada"
nn00744344,2020-05-15 13:27:45.175,-117.7962,38.2031,9.4,2.5,"34 km SE of Mina, Nevada"
nn00725359,2020-05-15 13:24:42.318,-117.8574,38.168,5.0,3.3,"33 km SE of Mina, Nevada"
nn00725357,2020-05-15 13:21:42.609,-117.9473,38.1454,8.7,2.8,"30 km SSE of Mina, Nevada"
nn00725354,2020-05-15 13:18:57.715,-117.9177,38.1737,8.5,3.0,"29 km SE of Mina, Nevada"
nn00725352,2020-05-15 13:17:11.105,-117.8841,38.1566,8.0,2.6,"32 km SE of Mina, Nevada"
nn00744339,2020-05-15 13:13:58.264,-118.0493,38.1552,15.8,2.6,"26 km S of Mina, Nevada"
nn00744336,2020-05-15 13:11:59.315,-117.9311,38.1291,5.6,2.5,"32 km SSE of Mina, Nevada"
nn00725349,2020-05-15 13:08:57.543,-117.8585,38.1632,3.7,2.7,"33 km SE of Mina, Nevada"
nn00725345,2020-05-15 13:02:12.301,-117.7952,38.1663,7.6,4.3,"37 km SE of Mina, Nevada"
nn00725344,2020-05-15 13:00:53.989,-117.8429,38.1635,0.0,2.9,"34 km SE of Mina, Nevada"
nn00725343,2020-05-15 12:58:25.668,-117.7472,38.1721,0.0,3.0,"39 km SE of Mina, Nevada"
nn00725341,2020-05-15 12:54:19.770,-118.039,38.1525,4.9,3.3,"27 km SSE of Mina, Nevada"
nn00725340,2020-05-15 12:50:21.033,-117.8076,38.1604,9.4,3.1,"36 km SE of Mina, Nevada"
nn00725337,2020-05-15 12:47:34.114,-117.7855,38.1977,6.3,3.3,"35 km SE of Mina, Nevada"
nn00725335,2020-05-15 12:45:06.622,-117.8634,38.177,17.7,3.0,"31 km SE of Mina, Nevada"
nn00725333,2020-05-15 12:42:03.848,-118.0052,38.1661,12.2,2.9,"26 km SSE of Mina, Nevada"
nn00725331,2020-05-15 12:39:18.150,-117.9094,38.152,16.6,2.8,"31 km SSE of Mina, Nevada"
nn00743781,2020-05-15 12:39:06.890,-117.8915,38.2247,17.5,2.8,"26 km SE of Mina, Nevada"
nn00743778,2020-05-15 12:38:12.461,-117.8161,38.1919,1.2,2.7,"33 km SE of Mina, Nevada"
nn00742923,2020-05-15 12:37:00.994,-117.7749,38.1635,2.6,2.5,"38 km SE of Mina, Nevada"
us70009gls,2020-05-15 12:36:27.484,-117.9126,38.1752,10.0,3.0,"29 km SE of Mina, Nevada"
nn00725328,2020-05-15 12:31:37.133,-117.8683,38.1714,18.0,3.1,"32 km SE of Mina, Nevada"
nn00742910,2020-05-15 12:21:09.775,-118.0118,38.1404,0.0,2.6,"29 km SSE of Mina, Nevada"
nn00725327,2020-05-15 12:13:57.266,-117.9402,38.1472,7.2,2.8,"30 km SSE of Mina, Nevada"
nn00725325,2020-05-15 12:12:42.327,-117.898,38.1916,5.5,3.2,"28 km SE of Mina, Nevada"
nn00725323,2020-05-15 12:10:24.755,-117.8707,38.1621,18.2,3.5,"32 km SE of Mina, Nevada"
nn00742953,2020-05-15 12:10:06.074,-117.8934,38.1589,10.8,2.5,"31 km SE of Mina, Nevada"
nn00742949,2020-05-15 12:08:36.726,-118.0134,38.1308,0.0,2.9,"30 km SSE of Mina, Nevada"
nn00725322,2020-05-15 12:07:03.571,-117.8116,38.2341,4.1,2.6,"31 km SE of Mina, Nevada"
nn00742948,2020-05-15 12:06:02.104,-117.9848,38.136,8.4,2.7,"30 km SSE of Mina, Nevada"
nn00725320,2020-05-15 12:03:51.164,-117.9006,38.1586,8.4,2.9,"31 km SE of Mina, Nevada"
nn00725321,2020-05-15 12:03:32.278,-117.8674,38.1642,9.3,2.8,"32 km SE of Mina, Nevada"
nn00725312,2020-05-15 12:00:41.572,-117.8104,38.1667,6.3,4.5,"36 km SE of Mina, Nevada"
us70009gka,2020-05-15 11:58:29.389,-117.8892,38.1681,10.0,3.5,"31 km SE of Mina, Nevada"
nn00725310,2020-05-15 11:57:00.918,-117.9028,38.1656,3.1,3.4,"30 km SE of Mina, Nevada"
nn00725306,2020-05-15 11:52:07.184,-117.9831,38.1469,5.8,4.8,"29 km SSE of Mina, Nevada"
nn00725303,2020-05-15 11:47:39.733,-117.777,38.1944,17.8,2.5,"36 km SE of Mina, Nevada"
nn00725300,2020-05-15 11:45:28.836,-117.9723,38.1324,7.3,3.4,"31 km SSE of Mina, Nevada"
nn00742909,2020-05-15 11:41:30.299,-117.7445,38.1812,0.0,3.0,"39 km SE of Mina, Nevada"
us70009gk3,2020-05-15 11:40:14.649,-118.0211,38.137,10.0,3.2,"29 km SSE of Mina, Nevada"
nn00742904,2020-05-15 11:34:56.293,-117.7624,38.1629,0.0,2.8,"39 km SE of Mina, Nevada"
nn00742902,2020-05-15 11:33:12.573,-118.0059,38.1291,0.0,3.0,"30 km SSE of Mina, Nevada"
nn00742898,2020-05-15 11:32:41.506,-117.9767,38.1464,6.0,3.0,"29 km SSE of Mina, Nevada"
nn00725296,2020-05-15 11:30:16.409,-117.9888,38.1337,5.5,4.0,"30 km SSE of Mina, Nevada"
nn00725291,2020-05-15 11:26:01.747,-117.8711,38.1811,6.8,5.1,"31 km SE of Mina, Nevada"
us70009gji,2020-05-15 11:25:42.463,-117.9736,38.1737,5.0,3.6,"26 km SSE of Mina, Nevada"
nn00742890,2020-05-15 11:21:47.241,-117.8718,38.2015,19.4,2.9,"29 km SE of Mina, Nevada"
nn00742885,2020-05-15 11:19:38.407,-118.0297,38.1607,16.2,3.4,"26 km SSE of Mina, Nevada"
nn00725284,2020-05-15 11:18:12.392,-117.9598,38.1596,3.8,4.9,"28 km SSE of Mina, Nevada"
nn00725330,2020-05-15 11:17:22.252,-117.9092,38.1485,5.1,3.8,"32 km SSE of Mina, Nevada"
nn00725279,2020-05-15 11:12:37.268,-117.8787,38.2029,6.7,4.0,"28 km SE of Mina, Nevada"
nn00742884,2020-05-15 11:11:32.736,-117.7692,38.188,18.0,3.5,"37 km SE of Mina, Nevada"
nn00725277,2020-05-15 11:09:09.140,-117.9952,38.1406,10.8,4.1,"29 km SSE of Mina, Nevada"
nn00725272,2020-05-15 11:03:27.176,-117.8497,38.1689,2.7,6.5,"Monte Cristo Range, NV Earthquake"
ci39200959,2020-05-15 08:21:00.700,-117.978,36.4576667,6.44,2.58,"16km SSE of Lone Pine, CA"
ci39200671,2020-05-14 23:37:40.040,-117.4188333,35.596,6.08,3.26,"19km S of Trona, CA"
ci39200135,2020-05-14 14:58:30.870,-119.614,34.2058333,9.72,2.52,"21km NNW of Santa Cruz Is. (E end), CA"
nc73384500,2020-05-13 21:00:19.730,-118.7525,38.0435,7.02,2.51,"29km SE of Bodie, CA"
nc73384355,2020-05-13 10:57:25.610,-120.3688333,39.301,3.35,2.53,"16km W of Truckee, CA"
ci38491946,2020-05-13 09:03:47.210,-117.9768333,36.4545,4.45,2.93,"17km SSE of Lone Pine, CA"
ci38491842,2020-05-13 05:29:42.500,-117.506,35.6608333,2.83,2.52,"15km SW of Searles Valley, CA"
ci38491706,2020-05-13 01:31:08.080,-116.5211667,33.499,10.16,3.15,"15km ESE of Anza, CA"
nc73384075,2020-05-12 18:15:13.700,-118.025,37.4503333,13.02,3.45,"10km NNW of Deep Springs, CA"
ci38491186,2020-05-12 17:15:44.790,-116.0171667,32.8671667,10.39,3.32,"15km N of Ocotillo, CA"
ci38490402,2020-05-12 02:46:47.250,-116.0231667,33.0118333,9.89,3.3,"18km SE of Ocotillo Wells, CA"
nn00725052,2020-05-12 01:39:31.586,-115.5076,37.4342,13.5,2.8,"30 km SW of Hiko, Nevada"
ci38490210,2020-05-11 22:59:16.700,-117.5521667,35.7136667,4.63,2.58,"15km WSW of Searles Valley, CA"
nc73383660,2020-05-11 20:43:36.810,-118.6993333,38.0066667,-0.66,3.1,"36km SE of Bodie, CA"
nc73383655,2020-05-11 20:26:07.410,-118.7035,38.0055,-1.0,3.49,"35km SE of Bodie, CA"
ci38489754,2020-05-11 16:40:54.560,-116.5041667,33.4975,12.49,3.1,"17km ESE of Anza, CA"
nc73383490,2020-05-11 12:31:27.180,-123.4158333,41.0496667,36.55,2.75,"22km NE of Willow Creek, CA"
ci38489410,2020-05-11 12:30:15.750,-116.0171667,33.023,8.12,2.67,"17km SE of Ocotillo Wells, CA"
nc73383430,2020-05-11 10:02:16.290,-118.8825,37.6301667,4.98,2.79,"8km E of Mammoth Lakes, CA"
nc73383395,2020-05-11 07:44:38.530,-118.5823333,37.4955,10.87,2.78,"9km N of Round Valley, CA"
nn00724942,2020-05-11 05:29:29.325,-119.3824,40.6255,8.7,2.7,"3 km SW of Gerlach, Nevada"
ci38488706,2020-05-11 00:44:43.540,-116.0243333,33.0166667,8.06,2.92,"17km SE of Ocotillo Wells, CA"
ci38488354,2020-05-10 22:07:40.370,-116.0201667,33.0183333,10.16,4.54,"17km SE of Ocotillo Wells, CA"
ci38488298,2020-05-10 20:48:26.760,-116.3,33.9773333,2.0,2.58,"18km S of Joshua Tree, CA"
ci38486594,2020-05-09 09:59:14.440,-117.3358333,35.9566667,3.19,2.93,"22km N of Trona, CA"
ci38486090,2020-05-08 23:40:48.690,-118.5275,35.3048333,3.9,2.6,"20km NNW of Tehachapi, CA"
ci38485930,2020-05-08 20:35:33.270,-117.4305,35.5598333,4.1,2.62,"23km SSW of Trona, CA"
nc73381925,2020-05-08 16:43:34.310,-118.7521667,38.0556667,4.01,2.88,"29km SE of Bodie, CA"
us70009cel,2020-05-08 14:55:08.468,-118.7414,38.0472,6.02,3.7,"34 km NW of Benton, California"
nc73381585,2020-05-07 23:49:11.820,-120.563,36.0003333,4.64,2.81,"16km NW of Parkfield, CA"
ci38483666,2020-05-07 07:35:04.620,-117.9756667,36.4588333,5.34,2.64,"16km SSE of Lone Pine, CA"
ci38483562,2020-05-07 05:03:08.320,-117.5881667,36.1041667,1.34,2.77,"33km ENE of Coso Junction, CA"
nc73381160,2020-05-06 20:11:23.830,-123.425,41.0468333,36.5,2.59,"21km NE of Willow Creek, CA"
ci38482138,2020-05-06 08:29:03.920,-115.6158333,33.1885,4.76,2.51,"11km WSW of Niland, CA"
ci38482130,2020-05-06 08:27:05.150,-115.6156667,33.1843333,10.62,3.87,"11km SW of Niland, CA"
nc73380790,2020-05-06 05:54:12.930,-120.581,36.0201667,4.48,2.82,"19km NW of Parkfield, CA"
ci38481818,2020-05-06 02:57:05.140,-116.9368333,34.9813333,4.76,2.75,"12km NE of Barstow, CA"
ci38480762,2020-05-05 15:12:25.900,-117.976,36.4585,6.44,2.98,"16km SSE of Lone Pine, CA"
nc73380520,2020-05-05 13:32:26.910,-118.747,38.048,4.47,2.55,"30km SE of Bodie, CA"
nc73380150,2020-05-04 16:46:47.220,-121.5876667,36.7521667,2.71,2.9,"8km ESE of Prunedale, CA"
ci38479090,2020-05-04 14:43:16.430,-117.8935,36.087,5.15,2.62,"7km NE of Coso Junction, CA"
ci38478986,2020-05-04 13:35:36.370,-117.8921667,36.0875,5.09,2.56,"7km NE of Coso Junction, CA"
ci38478418,2020-05-03 21:45:40.180,-118.6113333,34.2571667,6.58,2.88,"1km W of Chatsworth, CA"
ci38478306,2020-05-03 19:17:33.270,-117.1046667,33.932,15.1,2.52,"8km SW of Calimesa, CA"
ci38477842,2020-05-03 10:19:24.720,-118.6093333,34.262,6.35,3.12,"1km NW of Chatsworth, CA"
nc73379665,2020-05-03 10:06:35.870,-121.9361667,39.593,19.36,2.64,"13km WSW of Durham, CA"
ci38477458,2020-05-02 23:44:37.050,-115.4306667,32.7553333,16.91,3.58,"8km SW of Holtville, CA"
nc73379165,2020-05-02 05:20:46.170,-120.451,39.1838333,3.78,2.79,"25km W of Sunnyside-Tahoe City, CA"
ci38476354,2020-05-02 03:01:44.710,-115.6178333,33.1806667,2.89,2.83,"11km SW of Niland, CA"
nn00724173,2020-05-01 17:02:09.214,-116.1495,37.8761,12.0,2.7,"44 km NW of Rachel, Nevada"
nc73378525,2020-04-30 09:57:19.930,-118.7358333,38.0511667,-0.8,2.81,"30km SE of Bodie, CA"
nn00724043,2020-04-30 03:41:22.560,-118.0871,37.9963,10.9,2.6,"36 km N of Dyer, Nevada"
ci39409760,2020-04-29 13:11:02.400,-117.6158333,35.7915,6.53,2.77,"19km W of Searles Valley, CA"
nc73378105,2020-04-29 12:10:38.360,-118.3685,37.3256667,8.42,3.73,"5km SSE of Bishop, CA"
nc73378025,2020-04-29 09:50:13.440,-122.0145,39.7765,15.75,2.83,"4km N of Hamilton City, CA"
ci39409056,2020-04-28 21:15:12.580,-117.6485,35.8161667,1.97,2.57,"22 km N of Ridgecrest, CA"
ci39408848,2020-04-28 18:40:21.240,-117.6668333,35.8658333,7.22,2.54,"23km ESE of Little Lake, CA"
nc73377750,2020-04-28 17:49:35.180,-118.7511667,38.0458333,2.79,2.85,"29km SE of Bodie, CA"
nc73377615,2020-04-28 06:19:19.770,-118.7666667,38.0396667,7.6,2.64,"29km SE of Bodie, CA"
ci39406880,2020-04-27 03:46:00.410,-117.4963333,35.6738333,8.76,4.0,"13km SW of Searles Valley, CA"
nn00723572,2020-04-24 11:11:04.206,-115.0466,37.4622,12.2,2.5,"15 km NE of Alamo, Nevada"
ci39402088,2020-04-23 03:31:16.780,-118.5851667,35.2998333,5.94,2.7,"22km NNW of Tehachapi, CA"
nn00723444,2020-04-22 20:49:03.791,-117.1728,38.6155,3.1,3.2,"61 km N of Tonopah, Nevada"
ci39400304,2020-04-22 07:03:47.740,-118.3495,33.989,11.6,3.69,"1km S of View Park-Windsor Hills, CA"
ci39399720,2020-04-21 18:20:44.300,-116.7465,35.9628333,2.26,2.67,"43km W of Shoshone, CA"
nn00723307,2020-04-21 11:03:06.326,-118.6587,38.0714,4.9,2.6,"32 km NNW of Benton, California"
nc73374335,2020-04-21 07:51:37.750,-118.7565,38.0416667,3.11,3.27,"29km SE of Bodie, CA"
nc73374265,2020-04-21 05:13:31.300,-118.7553333,38.0443333,6.84,4.01,"29km SE of Bodie, CA"
nc73374240,2020-04-21 04:14:17.630,-118.754,38.0443333,4.67,2.58,"29km SE of Bodie, CA"
nc73374120,2020-04-21 00:12:22.830,-118.7506667,38.0468333,8.63,2.94,"29km SE of Bodie, CA"
ci39398768,2020-04-20 23:27:58.260,-117.4225,35.6176667,10.12,2.74,"17km S of Searles Valley, CA"
ci39398080,2020-04-20 18:28:20.810,-116.7961667,33.4841667,5.96,2.53,"8km NE of Aguanga, CA"
nc73373940,2020-04-20 18:12:08.900,-121.9533333,37.843,10.88,2.5,"1km NNE of Diablo, CA"
nc73373615,2020-04-20 04:40:37.790,-118.7296667,38.0588333,1.63,2.89,"30km SE of Bodie, CA"
nc73373425,2020-04-19 22:01:51.930,-118.7206667,38.0588333,4.21,2.51,"31km ESE of Bodie, CA"
nc73373345,2020-04-19 17:37:06.690,-118.7636667,38.0435,6.63,2.93,"29km SE of Bodie, CA"
ci39396176,2020-04-19 08:34:49.120,-119.427,34.4815,0.08,3.43,"12km NE of Carpinteria, CA"
ci39395096,2020-04-18 13:03:01.490,-117.3618333,35.9998333,2.36,3.39,"26km N of Searles Valley, CA"
ci39395080,2020-04-18 12:50:14.780,-117.3606667,36.0,2.19,3.44,"26km N of Searles Valley, CA"
ci39394672,2020-04-18 04:41:02.950,-116.8391667,33.7126667,16.39,2.96,"6km SE of Valle Vista, CA"
nc73372290,2020-04-17 23:53:15.560,-118.7566667,38.0475,6.07,2.78,"29km SE of Bodie, CA"
ci39393256,2020-04-17 11:19:25.010,-116.5153333,33.4885,9.5,2.53,"16km ESE of Anza, CA"
nc73372055,2020-04-17 10:13:39.680,-118.7983333,38.0381667,10.85,3.26,"27km SE of Bodie, CA"
nc73371980,2020-04-17 06:52:49.200,-118.7575,38.0493333,6.34,3.2,"29km SE of Bodie, CA"
nc73371960,2020-04-17 05:44:04.720,-118.7308333,38.0593333,8.4,3.67,"30km SE of Bodie, CA"
nc73371835,2020-04-16 21:52:19.620,-118.75,38.0531667,1.82,2.52,"29km SE of Bodie, CA"
nc73371790,2020-04-16 19:01:06.420,-118.752,38.0461667,4.45,2.51,"29km SE of Bodie, CA"
nc73371730,2020-04-16 16:22:51.100,-118.7468333,38.0466667,2.73,2.92,"30km SE of Bodie, CA"
nc73371655,2020-04-16 13:49:06.380,-118.7508333,38.0518333,4.32,3.98,"29km SE of Bodie, CA"
nc73371650,2020-04-16 13:28:35.370,-118.7495,38.0478333,4.73,3.34,"29km SE of Bodie, CA"
nc73371625,2020-04-16 13:01:37.960,-118.7471667,38.0505,4.51,2.95,"29km SE of Bodie, CA"
nc73371600,2020-04-16 11:56:19.380,-118.7466667,38.0466667,4.42,3.3,"30km SE of Bodie, CA"
ci39390888,2020-04-16 02:37:26.470,-116.7781667,34.3326667,4.38,2.85,"10km NE of Big Bear City, CA"
nc73371210,2020-04-15 20:13:05.120,-118.753,38.046,8.2,3.88,"29km SE of Bodie, CA"
ci39389104,2020-04-15 07:14:46.610,-117.5943333,35.7818333,7.08,2.55,"17km W of Searles Valley, CA"
nc73370810,2020-04-15 03:07:03.700,-118.7515,38.0473333,8.06,2.95,"29km SE of Bodie, CA"
nn00725023,2020-04-14 23:50:19.938,-119.2055,40.7258,7.3,2.7,"4 km SSE of Burning Man Earth, Nevada"
nc73370670,2020-04-14 20:28:08.200,-118.7466667,38.0441667,7.66,2.92,"30km SE of Bodie, CA"
nc73370660,2020-04-14 20:11:02.010,-118.7955,38.0346667,10.08,2.66,"27km SE of Bodie, CA"
nc73370535,2020-04-14 15:26:12.200,-118.7321667,38.0528333,4.41,2.67,"30km SE of Bodie, CA"
nc73370430,2020-04-14 12:37:35.120,-121.0641667,36.5631667,10.17,2.64,"8km ENE of Pinnacles, CA"
ci39387336,2020-04-14 06:14:28.420,-117.847,36.1106667,3.84,3.26,"12km NE of Coso Junction, CA"
ci39386896,2020-04-13 23:36:22.930,-117.4265,35.6741667,5.97,3.19,"11km S of Searles Valley, CA"
nc73369915,2020-04-13 19:04:07.560,-118.7305,38.0555,8.96,3.25,"30km SE of Bodie, CA"
nc73369855,2020-04-13 16:25:40.370,-118.7235,38.059,2.07,2.55,"30km SE of Bodie, CA"
nc73369790,2020-04-13 14:27:45.090,-118.7325,38.0578333,4.1,3.23,"30km SE of Bodie, CA"
nc73369765,2020-04-13 14:07:50.220,-118.7235,38.0608333,5.33,2.56,"30km ESE of Bodie, CA"
nc73369710,2020-04-13 12:09:48.170,-118.7288333,38.0566667,9.05,2.92,"30km SE of Bodie, CA"
ci39385752,2020-04-13 11:58:54.530,-117.7421667,35.9061667,7.76,2.63,"15km ESE of Little Lake, CA"
nn00722232,2020-04-13 10:27:40.140,-117.1873,41.9024,2.5,3.6,"45 km ESE of McDermitt, Nevada"
nc73369480,2020-04-13 06:38:48.810,-118.7356667,38.0503333,7.06,2.88,"30km SE of Bodie, CA"
nc73369445,2020-04-13 05:07:02.020,-118.7456667,38.0486667,4.17,2.57,"30km SE of Bodie, CA"
nc73369395,2020-04-13 04:09:24.070,-118.7436667,38.0473333,2.58,2.65,"30km SE of Bodie, CA"
nc73369355,2020-04-13 02:10:34.110,-118.7288333,38.0588333,6.27,3.04,"30km SE of Bodie, CA"
nc73368985,2020-04-12 17:40:14.510,-118.727,38.0563333,6.43,2.79,"30km SE of Bodie, CA"
nc73368885,2020-04-12 15:20:01.130,-118.7285,38.0568333,8.27,3.1,"30km SE of Bodie, CA"
nc73368840,2020-04-12 14:02:54.520,-118.7313333,38.0546667,3.9,2.51,"30km SE of Bodie, CA"
nc73368760,2020-04-12 11:21:53.430,-118.7271667,38.0585,9.76,2.95,"30km SE of Bodie, CA"
nc73368690,2020-04-12 09:20:55.180,-118.7305,38.0525,1.83,2.97,"30km SE of Bodie, CA"
nc73368640,2020-04-12 07:49:21.490,-118.7526667,38.0445,4.5,2.8,"29km SE of Bodie, CA"
nc73368630,2020-04-12 07:35:35.180,-118.7443333,38.047,2.58,2.51,"30km SE of Bodie, CA"
nc73368605,2020-04-12 07:20:05.080,-118.7273333,38.054,4.16,2.93,"30km SE of Bodie, CA"
nc73368470,2020-04-12 04:11:09.680,-118.7258333,38.0565,4.01,2.69,"30km SE of Bodie, CA"
nc73368380,2020-04-12 02:16:53.690,-118.7485,38.0476667,7.24,2.73,"29km SE of Bodie, CA"
nc73368325,2020-04-12 01:12:01.910,-118.7283333,38.0551667,4.26,2.87,"30km SE of Bodie, CA"
nc73368295,2020-04-12 00:42:55.420,-118.7403333,38.0485,-0.36,2.52,"30km SE of Bodie, CA"
nc73368230,2020-04-11 23:43:57.130,-118.7368333,38.0545,7.64,2.97,"30km SE of Bodie, CA"
nc73368195,2020-04-11 23:04:42.910,-118.7516667,38.0466667,2.76,2.58,"29km SE of Bodie, CA"
nc73368165,2020-04-11 22:35:14.780,-118.7331667,38.0568333,2.83,2.84,"30km SE of Bodie, CA"
nc73368115,2020-04-11 21:53:10.460,-118.727,38.056,2.6,2.64,"30km SE of Bodie, CA"
nc73368105,2020-04-11 21:50:47.110,-118.746,38.0458333,-0.54,2.55,"30km SE of Bodie, CA"
nc73368095,2020-04-11 21:36:45.620,-118.7513333,38.0468333,6.34,4.03,"29km SE of Bodie, CA"
nc73368060,2020-04-11 21:12:01.690,-118.7355,38.0535,2.6,2.9,"30km SE of Bodie, CA"
nc73367980,2020-04-11 20:23:02.680,-118.7535,38.0445,3.53,2.98,"29km SE of Bodie, CA"
nc73367920,2020-04-11 19:36:50.800,-118.7401667,38.0496667,4.79,2.93,"30km SE of Bodie, CA"
nc73367900,2020-04-11 19:20:08.820,-118.7293333,38.0565,8.89,3.36,"30km SE of Bodie, CA"
nc73367760,2020-04-11 18:08:59.940,-118.7458333,38.0481667,2.62,2.92,"30km SE of Bodie, CA"
nc73367750,2020-04-11 18:02:23.640,-118.7376667,38.0543333,9.68,3.23,"30km SE of Bodie, CA"
nc71112204,2020-04-11 18:02:20.750,-118.728,38.0568333,6.44,3.2,"30km SE of Bodie, CA"
nc73367715,2020-04-11 17:53:45.120,-118.7218333,38.0581667,8.21,3.03,"31km SE of Bodie, CA"
nc73367710,2020-04-11 17:52:53.000,-118.7271667,38.0526667,2.64,2.53,"30km SE of Bodie, CA"
nc73367655,2020-04-11 17:10:38.520,-118.7563333,38.0461667,2.73,2.85,"29km SE of Bodie, CA"
nc73367635,2020-04-11 16:57:46.390,-118.7478333,38.0446667,7.47,3.71,"30km SE of Bodie, CA"
nc73367640,2020-04-11 16:57:11.760,-118.7483333,38.0455,7.96,3.95,"30km SE of Bodie, CA"
nc73367615,2020-04-11 16:46:49.980,-118.7436667,38.0458333,6.22,2.87,"30km SE of Bodie, CA"
nc73367590,2020-04-11 16:29:50.950,-118.7471667,38.0471667,1.97,3.56,"30km SE of Bodie, CA"
nc73367580,2020-04-11 16:26:41.390,-118.7263333,38.0558333,4.82,2.57,"30km SE of Bodie, CA"
nc73367575,2020-04-11 16:22:50.940,-118.758,38.0421667,8.94,4.57,"29km SE of Bodie, CA"
nc73367540,2020-04-11 16:03:21.490,-118.7343333,38.0551667,2.73,2.63,"30km SE of Bodie, CA"
nc73367495,2020-04-11 15:46:52.520,-118.7148333,38.0581667,2.63,3.25,"31km ESE of Bodie, CA"
nc73367425,2020-04-11 15:24:33.190,-118.756,38.0476667,9.69,3.0,"29km SE of Bodie, CA"
nc73367375,2020-04-11 15:08:19.130,-118.733,38.0568333,4.24,2.5,"30km SE of Bodie, CA"
nc73367360,2020-04-11 15:01:50.640,-118.7298333,38.0561667,5.54,2.52,"30km SE of Bodie, CA"
nc73367345,2020-04-11 14:56:17.310,-118.7183333,38.0605,0.89,2.83,"31km ESE of Bodie, CA"
nc73367340,2020-04-11 14:55:05.340,-118.7166667,38.059,6.49,2.82,"31km ESE of Bodie, CA"
nc73367320,2020-04-11 14:51:14.710,-118.7211667,38.0616667,6.35,3.49,"30km ESE of Bodie, CA"
nc73367300,2020-04-11 14:46:04.860,-118.7488333,38.0445,2.79,2.58,"30km SE of Bodie, CA"
nc73367280,2020-04-11 14:40:17.780,-118.7555,38.0505,8.5,3.05,"29km SE of Bodie, CA"
nc73367275,2020-04-11 14:39:50.310,-118.7153333,38.0586667,4.37,2.59,"31km ESE of Bodie, CA"
nc73367270,2020-04-11 14:36:37.040,-118.7333333,38.0525,8.45,5.24,"30km SE of Bodie, CA"
nn00721556,2020-04-11 02:39:32.515,-115.2451,38.3277,6.3,3.7,"62 km SSW of Lund, Nevada"
nc73366945,2020-04-10 21:14:01.110,-119.2656667,38.4508333,10.24,2.53,"22km N of Bridgeport, CA"
ci39380792,2020-04-10 15:02:01.500,-116.5238333,33.5,10.49,2.54,"15km ESE of Anza, CA"
nc73366700,2020-04-10 08:59:14.220,-120.6281667,36.4055,10.7,3.43,"4km ESE of New Idria, CA"
nn00721464,2020-04-10 05:25:26.094,-115.2355,38.3401,6.1,3.0,"60 km SSW of Lund, Nevada"
nc73366540,2020-04-09 22:48:51.920,-123.2505,39.2403333,2.21,2.62,"5km SW of Redwood Valley, CA"
ci39378536,2020-04-09 07:15:37.290,-116.5298333,33.5076667,11.12,2.89,"14km ESE of Anza, CA"
ci39378336,2020-04-09 05:14:50.080,-116.5321667,33.5068333,11.03,3.05,"14km ESE of Anza, CA"
nc73366070,2020-04-08 23:49:48.990,-120.447,36.5161667,16.47,2.56,"12km W of Cantua Creek, CA"
ci39142559,2020-04-08 04:03:49.240,-116.5225,33.4988333,10.38,2.63,"15km ESE of Anza, CA"
ci39142391,2020-04-08 02:53:37.320,-116.522,33.499,10.37,2.64,"15km ESE of Anza, CA"
ci39141967,2020-04-08 01:00:14.260,-116.5228333,33.4981667,10.27,3.22,"15km ESE of Anza, CA"
ci39141695,2020-04-08 00:35:56.820,-116.5236667,33.5006667,10.28,3.27,"15km ESE of Anza, CA"
ci39141591,2020-04-08 00:30:49.230,-116.5253333,33.4985,9.98,3.54,"15km ESE of Anza, CA"
nc73365430,2020-04-07 21:26:06.550,-121.4983333,36.7726667,7.66,2.96,"9km SSE of San Juan Bautista, CA"
nc73365420,2020-04-07 21:06:09.680,-121.0613333,35.7093333,5.55,2.69,"14km ENE of San Simeon, CA"
ci39141103,2020-04-07 20:16:46.750,-117.3671667,35.9585,2.26,2.96,"22km N of Searles Valley, CA"
ci39139775,2020-04-07 08:27:20.170,-117.5238333,35.673,9.43,2.68,"15km ENE of Ridgecrest, CA"
nc73365005,2020-04-06 23:17:23.170,-121.6201667,36.8925,5.17,2.83,"2km ENE of Aromas, CA"
ci39138391,2020-04-06 18:10:02.970,-117.5188333,35.6768333,9.07,3.03,"14km SW of Searles Valley, CA"
ci39138175,2020-04-06 16:34:06.630,-117.5563333,33.2318333,13.93,2.73,"16km W of Camp Pendleton South, CA"
ci39138119,2020-04-06 15:58:14.840,-115.9081667,33.577,8.24,3.51,"6km NNE of North Shore, CA"
nc73364600,2020-04-06 04:04:10.590,-118.8533333,37.524,7.41,2.66,"16km WSW of Toms Place, CA"
ci39135751,2020-04-05 23:11:58.930,-116.5215,33.4976667,10.39,2.6,"16km ESE of Anza, CA"
ci39135575,2020-04-05 22:37:18.820,-116.4961667,33.4961667,13.25,3.5,"18km ESE of Anza, CA"
ci39135567,2020-04-05 22:34:49.700,-116.496,33.498,12.65,2.64,"18km ESE of Anza, CA"
ci39135327,2020-04-05 21:54:23.660,-116.526,33.5015,11.1,2.7,"15km ESE of Anza, CA"
ci39134871,2020-04-05 21:07:44.910,-116.5278333,33.5036667,10.53,3.49,"15km ESE of Anza, CA"
nc73364330,2020-04-05 19:20:46.230,-118.8526667,37.5271667,7.82,4.05,"16km WSW of Toms Place, CA"
ci39134127,2020-04-05 16:27:47.340,-116.519,33.5071667,13.14,2.62,"15km ESE of Anza, CA"
ci39133167,2020-04-05 10:23:43.830,-118.0905,35.3696667,1.45,2.73,"29km NNW of California City, CA"
nc73364025,2020-04-05 04:06:39.350,-122.7285,38.7595,2.37,2.86,"3km SE of The Geysers, CA"
nc73363775,2020-04-04 17:45:32.980,-121.0963333,36.5128333,7.19,2.56,"5km ESE of Pinnacles, CA"
ci39129687,2020-04-04 11:49:17.950,-116.5191667,33.4978333,9.96,2.81,"16km ESE of Anza, CA"
ci39128103,2020-04-04 05:12:35.150,-116.5118333,33.4921667,9.85,3.46,"16km ESE of Anza, CA"
ci39127679,2020-04-04 04:07:22.120,-116.5188333,33.4913333,9.62,3.6,"16km ESE of Anza, CA"
nn00721102,2020-04-04 03:44:15.129,-115.0519,37.4547,5.3,2.5,"14 km NE of Alamo, Nevada"
ci39127167,2020-04-04 03:17:46.630,-118.4986667,35.0101667,2.35,3.49,"14km SSW of Tehachapi, CA"
ci39126951,2020-04-04 02:59:23.280,-116.519,33.5011667,10.37,3.11,"16km ESE of Anza, CA"
ci39126455,2020-04-04 02:16:24.880,-116.5198333,33.4966667,10.26,2.55,"16km ESE of Anza, CA"
ci39126263,2020-04-04 02:05:00.170,-116.5153333,33.4946667,10.28,3.66,"16km ESE of Anza, CA"
ci39126135,2020-04-04 01:56:57.670,-116.5066667,33.496,10.78,2.57,"17km ESE of Anza, CA"
ci39126127,2020-04-04 01:56:54.170,-116.5101667,33.4978333,10.54,2.5,"16km ESE of Anza, CA"
ci39126103,2020-04-04 01:55:35.800,-116.4903333,33.4801667,9.21,3.07,"19km ESE of Anza, CA"
ci39126087,2020-04-04 01:54:22.570,-116.505,33.4931667,10.31,3.76,"17km ESE of Anza, CA"
ci39126079,2020-04-04 01:53:18.920,-116.5063333,33.4895,10.45,4.87,"17km ESE of Anza, CA"
ci39125343,2020-04-03 12:44:59.290,-117.9226667,36.1473333,3.26,2.72,"12km NNE of Coso Junction, CA"
nc73363040,2020-04-03 00:38:31.680,-122.8215,38.8161667,2.29,2.66,"7km NW of The Geysers, CA"
ci39124391,2020-04-02 04:01:53.140,-117.6243333,35.807,6.7,2.59,"20km WNW of Searles Valley, CA"
nn00720845,2020-04-01 00:04:17.748,-114.3694,37.3584,12.8,2.7,"31 km SSE of Caliente, Nevada"
ci39122359,2020-03-31 13:53:48.240,-115.4673333,32.829,11.19,2.69,"8km WNW of Holtville, CA"
ci39122351,2020-03-31 13:50:02.850,-115.4708333,32.8323333,11.82,2.64,"9km WNW of Holtville, CA"
nc73361970,2020-03-31 01:05:38.760,-120.3476667,36.3281667,14.67,2.72,"20km S of Cantua Creek, CA"
ci39121855,2020-03-31 00:56:48.120,-118.2203333,35.4108333,9.28,2.66,"32km SE of Bodfish, CA"
ci39120671,2020-03-30 01:42:14.060,-118.502,35.0101667,2.3,2.51,"14km SSW of Tehachapi, CA"
nc73360525,2020-03-27 22:42:19.980,-120.773,36.9851667,2.78,2.52,"11km SE of Los Banos, CA"
ci39117567,2020-03-27 05:17:20.890,-115.4475,32.7803333,12.04,2.6,"7km WSW of Holtville, CA"
ci39117431,2020-03-27 01:46:50.060,-116.6611667,34.9523333,11.45,2.55,"34km E of Barstow, CA"
ci39116647,2020-03-26 16:30:27.020,-117.7368333,35.9146667,4.05,2.64,"16km E of Little Lake, CA"
ci39116415,2020-03-26 13:22:26.540,-117.6913333,35.8568333,4.94,2.62,"21km ESE of Little Lake, CA"
ci39116263,2020-03-26 08:13:42.550,-117.3935,35.5955,6.66,3.04,"19km S of Trona, CA"
nc73359240,2020-03-25 17:46:53.490,-120.8035,36.9678333,10.35,2.89,"11km SSE of Los Banos, CA"
nc73358970,2020-03-25 11:57:38.000,-122.765,38.7903333,2.15,4.06,"2km NNW of The Geysers, CA"
nn00720284,2020-03-25 06:31:19.627,-119.0699,39.5721,11.1,3.3,"16 km ESE of Fernley, Nevada"
ci39114751,2020-03-25 04:29:51.750,-117.8661667,36.0991667,2.25,2.89,"10km NE of Coso Junction, CA"
nc73358430,2020-03-24 18:10:30.410,-118.9375,37.6353333,5.73,2.66,"4km E of Mammoth Lakes, CA"
ci39114175,2020-03-24 17:45:27.850,-119.388,33.8846667,5.9,2.57,"20km SE of Santa Cruz Is. (E end), CA"
nc73358305,2020-03-24 17:29:45.140,-118.9351667,37.6373333,5.88,2.72,"4km E of Mammoth Lakes, CA"
ci39114071,2020-03-24 17:01:09.660,-117.8656667,36.102,2.49,2.98,"10km NE of Coso Junction, CA"
ci39113839,2020-03-24 13:38:32.290,-117.977,36.4523333,6.51,2.82,"17km SSE of Lone Pine, CA"
ci39111991,2020-03-23 05:53:57.260,-117.363,35.9555,0.94,4.32,"21km N of Searles Valley, CA"
ci39111743,2020-03-22 21:08:21.400,-117.4308333,35.5965,7.34,2.51,"19km S of Searles Valley, CA"
nn00719846,2020-03-22 02:53:13.892,-119.7431,39.1163,8.1,3.2,"4 km NE of Indian Hills, Nevada"
nc73357095,2020-03-21 23:46:55.940,-120.3946667,35.8558333,4.59,2.88,"6km SE of Parkfield, CA"
nc73356855,2020-03-21 11:46:23.890,-120.016,37.3241667,16.86,2.7,"18km SSW of Mariposa, CA"
nc73356775,2020-03-21 07:18:57.220,-120.6146667,36.5003333,10.26,2.64,"11km NNE of New Idria, CA"
nn00719663,2020-03-21 01:33:35.369,-119.7361,39.1112,8.4,4.5,"5 km NE of Indian Hills, Nevada"
ci39108623,2020-03-20 12:17:28.330,-117.521,35.664,10.18,2.53,"15km ENE of Ridgecrest, CA"
ci39108583,2020-03-20 11:52:54.030,-117.523,35.6631667,9.85,3.59,"15km ENE of Ridgecrest, CA"
ci39107519,2020-03-19 14:18:53.690,-116.9533333,32.9081667,5.23,2.88,"6km NNW of Lakeside, CA"
nc73355955,2020-03-19 10:17:04.530,-121.781,37.3931667,2.47,2.86,"5km NE of Alum Rock, CA"
ci39107279,2020-03-19 06:02:13.860,-120.5536667,34.4808333,1.65,2.65,"20km SSW of Lompoc, CA"
nc73355660,2020-03-18 20:11:05.120,-121.281,36.6568333,6.34,2.53,"15km SSE of Tres Pinos, CA"
ci39106375,2020-03-18 12:49:36.910,-117.5678333,35.7141667,5.47,2.75,"14km NE of Ridgecrest, CA"
nc73355415,2020-03-18 05:05:52.670,-121.5331667,36.7993333,7.52,2.62,"5km S of San Juan Bautista, CA"
nc73355275,2020-03-18 01:14:27.690,-122.8296667,38.8096667,2.93,2.86,"7km WNW of The Geysers, CA"
nc73355200,2020-03-17 21:37:03.930,-121.1586667,36.5673333,2.9,2.56,"4km NNW of Pinnacles, CA"
nc73354845,2020-03-17 03:31:37.040,-123.8896667,40.7473333,25.54,2.64,"17km SSE of Blue Lake, CA"
ci38395986,2020-03-17 01:57:03.720,-117.3643333,35.9553333,2.26,3.45,"21km N of Searles Valley, CA"
nn00719232,2020-03-16 23:56:39.061,-118.3692,38.1391,6.6,2.8,"36 km SW of Mina, Nevada"
ci38395578,2020-03-16 15:28:13.590,-117.6856667,35.874,4.89,2.55,"21km ESE of Little Lake, CA"
ci38395042,2020-03-16 02:40:46.980,-115.992,32.8633333,11.45,3.35,"14km N of Ocotillo, CA"
nc73354100,2020-03-14 22:28:58.970,-123.441,39.6403333,7.69,3.06,"6km SE of Laytonville, CA"
nn00719063,2020-03-14 15:15:02.971,-115.2449,38.0512,3.0,2.5,"50 km N of Hiko, Nevada"
ci38393746,2020-03-14 09:03:00.350,-117.797,32.9941667,18.21,2.66,"45km WSW of Carlsbad, CA"
nn00718984,2020-03-13 22:37:29.787,-117.7428,37.5417,5.8,4.0,"25 km SSW of Silver Peak, Nevada"
nn00718981,2020-03-13 22:03:49.683,-117.7467,37.5421,5.9,3.0,"25 km SSW of Silver Peak, Nevada"
ci38391418,2020-03-11 21:02:17.960,-117.2528333,36.2495,2.95,2.72,"40km SSW of Stovepipe Wells, CA"
nc73352900,2020-03-11 17:47:20.060,-120.4181667,36.3236667,14.2,2.63,"21km NNW of Coalinga, CA"
ci38390898,2020-03-11 14:44:44.110,-120.517,34.539,5.86,2.56,"12km SSW of Lompoc, CA"
ci38390530,2020-03-11 04:55:52.990,-117.398,35.6013333,7.77,2.76,"18km S of Trona, CA"
nc73352670,2020-03-11 04:32:31.750,-120.244,39.4748333,8.1,2.8,"17km NNW of Truckee, CA"
nc73352615,2020-03-11 01:17:16.090,-120.2455,39.4751667,7.87,3.71,"17km NNW of Truckee, CA"
nn00718652,2020-03-09 17:49:08.739,-115.7595,41.1755,7.4,2.6,"28 km NNW of Osino, Nevada"
nc73351955,2020-03-09 13:19:18.810,-121.2143333,36.605,6.24,2.54,"10km NW of Pinnacles, CA"
nc73351215,2020-03-08 06:16:00.270,-122.8101667,38.7935,3.17,2.95,"5km WNW of The Geysers, CA"
nc73351165,2020-03-08 05:40:05.050,-122.7696667,38.8051667,0.64,2.5,"3km NNW of The Geysers, CA"
nc73351170,2020-03-08 05:39:33.490,-122.767,38.8025,0.43,2.8,"3km NNW of The Geysers, CA"
ci38387018,2020-03-08 00:33:32.000,-117.8623333,36.1108333,2.25,3.81,"11km NE of Coso Junction, CA"
ci38386410,2020-03-07 12:51:16.870,-117.8621667,36.1145,2.14,3.66,"11km NE of Coso Junction, CA"
ci38386162,2020-03-07 08:49:13.250,-117.8641667,36.1115,2.65,3.44,"11km NE of Coso Junction, CA"
ci38385850,2020-03-07 01:40:51.630,-117.6481667,35.8065,9.3,2.52,"21km N of Ridgecrest, CA"
nc73350455,2020-03-06 14:32:53.270,-121.2106667,36.6056667,6.69,2.79,"10km NW of Pinnacles, CA"
nc73349820,2020-03-04 22:02:07.100,-123.5151667,41.1143333,30.8,2.88,"18km ESE of Weitchpec, CA"
ci39090087,2020-03-04 10:01:31.660,-117.6226667,35.794,3.1,2.97,"20km NNE of Ridgecrest, CA"
ci39090015,2020-03-04 07:49:56.700,-117.4836667,35.703,7.08,2.59,"10km SW of Searles Valley, CA"
ci39089719,2020-03-03 22:07:35.460,-118.5381667,33.866,9.83,2.72,"12km W of Manhattan Beach, CA"
nc73349450,2020-03-03 18:21:32.930,-123.2161667,39.258,6.34,3.61,"1km SW of Redwood Valley, CA"
nc73349435,2020-03-03 18:12:34.880,-123.218,39.2576667,6.22,2.58,"2km SW of Redwood Valley, CA"
nc73349375,2020-03-03 15:01:01.500,-120.6166667,36.4996667,10.93,3.99,"10km NNE of New Idria, CA"
ci39089391,2020-03-03 14:46:04.800,-117.6405,35.8095,8.19,2.61,"21km N of Ridgecrest, CA"
ci39089007,2020-03-03 00:32:50.880,-117.6998333,35.8963333,4.49,3.25,"19km ESE of Little Lake, CA"
ci39088935,2020-03-02 22:38:06.070,-115.4518333,32.8,14.29,3.1,"7km W of Holtville, CA"
ci39088927,2020-03-02 22:33:01.660,-115.451,32.8016667,11.77,2.65,"7km W of Holtville, CA"
nc73349005,2020-03-02 15:56:47.800,-121.1306667,36.5436667,6.33,2.93,"2km NE of Pinnacles, CA"
nn00718129,2020-03-02 12:56:26.829,-116.2838,40.5756,8.9,3.5,"21 km SW of Carlin, Nevada"
ci39088143,2020-03-01 12:21:47.450,-117.4661667,35.655,8.44,2.63,"14km SSW of Searles Valley, CA"
nc73348550,2020-03-01 08:37:56.910,-124.3393333,40.9393333,20.68,2.8,"20km W of McKinleyville, CA"
ci39087367,2020-02-29 12:35:37.930,-117.677,35.8473333,4.59,3.1,"23km ESE of Little Lake, CA"
nc73347795,2020-02-28 19:07:31.940,-120.417,36.3148333,18.33,2.53,"20km NNW of Coalinga, CA"
nc73347610,2020-02-28 11:12:47.140,-122.7686667,38.7928333,2.33,2.63,"2km NNW of The Geysers, CA"
nc73347185,2020-02-27 23:27:29.870,-122.8066667,38.8338333,2.73,3.68,"7km W of Cobb, CA"
ci39085663,2020-02-27 19:00:38.080,-116.576,33.4413333,9.74,2.52,"16km SE of Anza, CA"
ci39085159,2020-02-27 11:49:49.250,-116.4273333,34.1543333,7.99,2.52,"4km N of Yucca Valley, CA"
nc73346460,2020-02-26 18:44:16.490,-120.04,39.6548333,2.11,2.84,"6km WSW of Cold Springs, NV"
nc73346395,2020-02-26 18:34:13.170,-122.7873333,38.8345,2.29,3.68,"6km WNW of Cobb, CA"
nc73346365,2020-02-26 18:31:33.530,-122.793,38.8321667,1.75,2.82,"6km W of Cobb, CA"
nc73346290,2020-02-26 14:09:01.530,-120.6328333,36.4353333,15.44,2.54,"4km ENE of New Idria, CA"
ci39083439,2020-02-25 22:35:19.320,-117.8158333,35.3546667,4.29,3.32,"16km W of Johannesburg, CA"
ci39083127,2020-02-25 17:19:38.610,-119.3596667,33.8725,5.95,3.08,"23km SE of Santa Cruz Is. (E end), CA"
ci39083119,2020-02-25 17:16:03.900,-117.4625,35.6788333,5.24,3.24,"11km SSW of Searles Valley, CA"
ci39082327,2020-02-24 18:50:25.670,-117.6751667,35.9136667,3.31,2.53,"21km E of Little Lake, CA"
ci39080439,2020-02-22 07:22:49.670,-117.6183333,35.776,9.82,2.61,"18km NNE of Ridgecrest, CA"
nc73344415,2020-02-22 02:33:21.730,-122.7388333,38.7631667,2.88,2.81,"2km SE of The Geysers, CA"
ci39079791,2020-02-21 18:39:39.620,-117.53,35.6703333,8.85,3.11,"14km ENE of Ridgecrest, CA"
ci39079535,2020-02-21 13:42:53.410,-118.6345,34.5075,18.06,3.52,"2km NNW of Castaic, CA"
ci39077911,2020-02-20 08:53:20.270,-117.4731667,35.6265,8.79,3.18,"17km SSW of Searles Valley, CA"
ci39077847,2020-02-20 07:12:30.960,-117.7048333,35.9293333,4.22,2.78,"18km E of Little Lake, CA"
nc73343545,2020-02-20 02:19:08.990,-121.1331667,36.6375,8.49,2.57,"12km N of Pinnacles, CA"
nc73343145,2020-02-19 08:08:45.090,-120.1046667,39.2271667,6.41,2.68,"4km N of Dollar Point, CA"
ci39076271,2020-02-19 01:41:50.090,-118.1295,36.2111667,2.25,2.53,"14km SW of Olancha, CA"
ci39076207,2020-02-19 00:29:50.760,-118.1373333,36.8083333,3.78,3.33,"6km E of Independence, CA"
ci39075799,2020-02-18 19:04:19.780,-118.1278333,36.2083333,1.98,3.15,"14km SW of Olancha, CA"
nc73342805,2020-02-18 18:20:56.820,-122.7436667,38.7866667,1.51,2.72,"2km NE of The Geysers, CA"
nc73342655,2020-02-18 07:24:27.750,-120.5558333,39.9101667,9.4,2.76,"8km WNW of Lake Davis, CA"
nc73342485,2020-02-17 20:14:15.260,-123.1025,39.2115,3.51,2.79,"10km NNE of Talmage, CA"
nc73342005,2020-02-16 23:09:31.970,-123.7055,39.019,5.85,2.62,"12km N of Point Arena, CA"
nc73341310,2020-02-15 09:32:03.830,-121.2878333,36.6878333,7.13,2.78,"12km SSE of Tres Pinos, CA"
nc73341190,2020-02-15 01:08:00.320,-120.4866667,35.9408333,9.78,2.93,"7km NW of Parkfield, CA"
ci39071423,2020-02-14 11:35:23.080,-118.6186667,35.3285,5.83,2.51,"23km NE of Arvin, CA"
nc73340695,2020-02-13 19:00:47.940,-118.5598333,37.4183333,1.49,2.7,"3km E of Round Valley, CA"
ci39070271,2020-02-13 12:55:47.410,-116.6018333,35.827,1.05,3.16,"34km W of Tecopa, CA"
nc73340375,2020-02-13 03:33:42.050,-121.2826667,36.6888333,8.55,3.6,"12km SSE of Tres Pinos, CA"
ci39069791,2020-02-13 01:03:36.810,-116.3588333,33.0078333,10.71,2.88,"24km ESE of Julian, CA"
ci39298968,2020-02-12 01:06:29.900,-116.3275,33.1885,11.4,2.96,"9km SSE of Borrego Springs, CA"
nc73339740,2020-02-11 20:15:44.310,-122.7571667,38.8435,1.32,2.58,"4km NW of Cobb, CA"
ci39297768,2020-02-10 19:31:54.290,-116.4195,33.3156667,4.83,2.56,"8km NNW of Borrego Springs, CA"
ci39297288,2020-02-09 18:19:27.000,-117.3775,35.53,7.99,2.53,"26km S of Trona, CA"
ci39297176,2020-02-09 13:12:43.020,-117.5373333,35.7348333,6.69,2.71,"13km WSW of Searles Valley, CA"
ci39297136,2020-02-09 11:56:00.660,-117.5655,35.7135,4.36,2.78,"14km NE of Ridgecrest, CA"
ci39296968,2020-02-09 05:08:13.690,-117.5515,35.7165,5.58,2.81,"14km WSW of Searles Valley, CA"
ci39296912,2020-02-09 02:51:43.190,-116.9645,35.095,3.48,2.69,"22km NNE of Barstow, CA"
ci39296624,2020-02-08 19:34:20.720,-116.9671667,35.095,2.27,3.93,"22km NNE of Barstow, CA"
ci39296600,2020-02-08 18:57:27.280,-117.3796667,35.5285,7.97,2.94,"26km S of Trona, CA"
ci39296232,2020-02-08 10:11:26.890,-117.3665,35.9555,1.04,2.91,"21km N of Searles Valley, CA"
ci39295664,2020-02-07 22:42:34.350,-116.8168333,33.5748333,4.72,2.82,"14km W of Anza, CA"
nc73336646,2020-02-07 00:53:18.300,-124.279,40.3533333,29.77,2.82,"3km N of Petrolia, CA"
nn00716641,2020-02-06 16:19:10.035,-115.1477,37.8143,10.2,2.8,"25 km NNE of Hiko, Nevada"
ci39293816,2020-02-06 13:20:43.710,-117.4046667,35.6811667,7.09,2.95,"10km SSW of Trona, CA"
nc73336291,2020-02-06 11:05:29.590,-124.3615,40.2875,7.48,3.06,"8km WSW of Petrolia, CA"
nc73336276,2020-02-06 10:00:08.260,-124.3901667,40.3016667,8.88,2.51,"9km WSW of Petrolia, CA"
nc73336226,2020-02-06 08:20:24.620,-124.3835,40.3025,8.8,3.76,"9km WSW of Petrolia, CA"
ci39292256,2020-02-04 23:21:21.120,-117.6231667,35.801,6.65,2.67,"20km W of Searles Valley, CA"
nc73335561,2020-02-04 13:05:31.560,-122.8921667,38.6768333,7.12,2.65,"8km NNW of Healdsburg, CA"
ci39291832,2020-02-04 13:03:32.830,-115.6325,33.1495,3.02,2.9,"11km WNW of Calipatria, CA"
ci39291168,2020-02-03 21:41:21.670,-117.5241667,35.5466667,4.26,2.84,"16km ESE of Ridgecrest, CA"
nn00716448,2020-02-03 15:46:38.325,-114.291,37.7974,6.2,2.7,"8 km E of Panaca, Nevada"
nn00716424,2020-02-02 21:15:29.816,-114.3133,37.785,5.4,2.5,"6 km E of Panaca, Nevada"
nn00716423,2020-02-02 19:50:54.156,-114.3039,37.7952,7.4,3.1,"7 km E of Panaca, Nevada"
nn00716417,2020-02-02 17:39:09.996,-114.3058,37.8016,6.3,3.6,"7 km E of Panaca, Nevada"
nn00716412,2020-02-02 17:34:29.739,-114.3031,37.795,3.2,3.7,"7 km E of Panaca, Nevada"
ci39290016,2020-02-02 10:09:33.690,-117.5701667,35.758,6.2,2.7,"15km W of Searles Valley, CA"
nn00716390,2020-02-02 06:37:24.742,-118.4244,38.5754,9.5,2.7,"18 km ENE of Hawthorne, Nevada"
ci39289384,2020-02-02 00:59:50.610,-116.8171667,33.5768333,5.16,3.64,"14km W of Anza, CA"
nc73334466,2020-02-01 18:55:37.010,-118.8158333,37.6131667,9.74,2.69,"13km WNW of Toms Place, CA"
nc73334451,2020-02-01 18:36:54.340,-118.8216667,37.5891667,9.78,4.41,"13km WNW of Toms Place, CA"
ci39288528,2020-02-01 02:13:42.200,-118.4871674,36.4518318,15.23,2.53,"37km E of Three Rivers, CA"
nc73334336,2020-02-01 02:13:24.090,-118.6135,37.4565,12.73,3.35,"5km NNW of Round Valley, CA"
nn00716319,2020-01-31 19:24:33.640,-114.9982,40.9924,8.6,2.6,"13 km SSW of Wells, Nevada"
nc73334056,2020-01-31 11:13:51.030,-122.1578333,37.249,11.64,2.65,"12km W of Saratoga, CA"
ci39287752,2020-01-31 10:29:12.390,-117.4046667,35.5196667,7.43,2.75,"26km NE of Johannesburg, CA"
nc73334001,2020-01-31 07:08:18.580,-118.8778333,37.4381667,6.5,2.52,"22km SW of Toms Place, CA"
nc73333836,2020-01-30 17:07:34.940,-121.3308333,36.7001667,3.74,2.8,"10km S of Tres Pinos, CA"
ci39286528,2020-01-30 06:58:52.710,-118.3195,35.0556667,1.93,2.84,"13km W of Mojave, CA"
ci39286000,2020-01-29 17:33:47.010,-116.4466667,34.0,9.58,2.55,"7km NE of Desert Hot Springs, CA"
ci39285816,2020-01-29 12:56:21.840,-119.0083333,35.4358333,17.99,3.19,"2km NNE of Oildale, CA"
nc73333256,2020-01-29 12:30:50.220,-123.222,39.2676667,6.4,3.47,"2km W of Redwood Valley, CA"
ci39285720,2020-01-29 10:05:33.050,-115.7496667,32.6358333,11.34,2.8,"17km WNW of Progreso, B.C., MX"
ci39284936,2020-01-28 14:22:51.120,-117.7321667,35.9066667,7.65,2.57,"16km ESE of Little Lake, CA"
nc73332411,2020-01-27 11:41:12.610,-120.076,37.7168333,28.88,2.52,"18km SE of Groveland-Big Oak Flat, CA"
ci39283296,2020-01-27 05:25:22.800,-116.9406667,34.9955,4.5,3.09,"13km NE of Barstow, CA"
nc73332241,2020-01-27 03:20:24.550,-120.814,35.5588333,5.17,2.86,"10km W of Templeton, CA"
nn00715958,2020-01-26 20:49:49.057,-115.5126,37.4464,14.3,2.7,"30 km SE of Rachel, Nevada"
nn00715882,2020-01-25 17:33:00.487,-115.5089,37.4321,3.0,2.8,"31 km SW of Hiko, Nevada"
nc73331726,2020-01-25 16:42:16.690,-120.7976667,36.5063333,11.58,2.65,"15km NW of New Idria, CA"
ci39281688,2020-01-25 10:31:39.110,-118.8748333,35.007,12.67,2.63,"9km NE of Grapevine, CA"
ci39281600,2020-01-25 07:11:34.640,-116.9691667,35.0951667,2.9,2.64,"22km NNE of Barstow, CA"
ci39281456,2020-01-25 03:09:43.600,-116.9678333,35.0946667,3.29,3.03,"22km NNE of Barstow, CA"
ci39281440,2020-01-25 03:03:34.920,-116.9696667,35.0975,3.07,4.62,"23km NNE of Barstow, CA"
nc73331351,2020-01-24 23:24:43.840,-122.8213333,38.841,2.46,2.74,"9km WNW of Cobb, CA"
ci39278752,2020-01-22 23:24:10.150,-115.995,33.2091667,8.24,2.63,"11km SSW of Salton City, CA"
nc73330441,2020-01-22 12:02:14.680,-121.1378333,36.5448333,8.79,2.73,"2km NNE of Pinnacles, CA"
ci39277736,2020-01-22 07:41:10.790,-118.4855,34.3005,7.72,3.6,"4km NNE of Granada Hills, CA"
ci39277104,2020-01-21 20:08:03.280,-117.6061667,35.8001667,11.0,2.68,"19km WNW of Searles Valley, CA"
nc73330171,2020-01-21 18:16:09.730,-124.1245,40.5586667,22.74,2.61,"3km WNW of Hydesville, CA"
nc73330091,2020-01-21 09:13:52.230,-119.5335,37.3165,40.27,2.83,"10km N of North Fork, CA"
ci39276616,2020-01-21 03:00:10.650,-117.4305,35.6166667,10.3,2.79,"17km S of Searles Valley, CA"
ci39276560,2020-01-21 02:08:19.120,-117.432,35.6173333,10.17,3.07,"17km S of Searles Valley, CA"
ci39276056,2020-01-20 09:27:14.770,-117.3973333,35.5893333,8.28,2.53,"20km S of Trona, CA"
nn00715463,2020-01-18 19:21:56.983,-117.2261,38.6796,12.6,2.6,"60 km SSW of Kingston, Nevada"
ci39274856,2020-01-18 17:15:13.240,-118.8745,35.0025,14.1,2.6,"8km NE of Grapevine, CA"
nc73328466,2020-01-17 13:47:46.380,-123.8435,40.1411667,22.98,3.1,"3km NW of Redway, CA"
ci39273704,2020-01-17 13:06:21.470,-117.4826667,35.6453333,9.12,3.01,"15km SSW of Searles Valley, CA"
ci39273664,2020-01-17 11:50:13.030,-117.5983333,35.5978333,4.38,2.52,"8km ESE of Ridgecrest, CA"
nc73328141,2020-01-16 16:56:39.140,-123.9668333,40.359,27.37,2.85,"20km SE of Rio Dell, CA"
nc73328011,2020-01-16 00:38:48.050,-118.6985,37.4348333,10.72,2.61,"9km WNW of Round Valley, CA"
ci39036911,2020-01-15 12:16:30.970,-117.6575,33.8508333,7.38,2.89,"9km WSW of Corona, CA"
nc73327671,2020-01-15 07:00:37.860,-122.3133333,37.9423333,6.7,2.62,"0km S of East Richmond Heights, CA"
ci39036639,2020-01-15 05:02:41.610,-117.4141667,35.5801667,5.95,2.5,"21km S of Trona, CA"
nc73327526,2020-01-14 21:01:15.330,-122.769,38.8013333,1.57,2.82,"3km NNW of The Geysers, CA"
ci39035887,2020-01-14 14:39:57.990,-117.6876667,35.8626667,4.25,2.59,"21km ESE of Little Lake, CA"
nn00715305,2020-01-14 10:43:34.212,-115.5062,37.431,0.0,2.8,"30 km SW of Hiko, Nevada"
nc73326936,2020-01-13 10:58:20.600,-121.61,36.8761667,6.72,3.21,"3km ESE of Aromas, CA"
ci39033951,2020-01-13 01:01:01.180,-119.3333333,35.4696667,25.76,2.66,"6km WSW of Shafter, CA"
ci39033511,2020-01-12 16:48:47.400,-119.04,35.0466667,7.32,2.92,"15km NW of Grapevine, CA"
ci39033159,2020-01-12 08:09:53.750,-117.6155,34.3855,6.96,2.87,"3km NNE of Wrightwood, CA"
nc73326546,2020-01-12 04:23:57.130,-123.3446667,41.0996667,38.11,2.9,"30km NE of Willow Creek, CA"
nc73326331,2020-01-11 09:31:24.180,-123.6196667,41.1096667,30.81,2.91,"11km SE of Weitchpec, CA"
ci39032247,2020-01-11 05:45:28.260,-117.6935,35.9096667,3.39,2.8,"19km E of Little Lake, CA"
nc73326016,2020-01-10 09:08:42.670,-121.6928333,37.6095,18.67,2.72,"10km SE of Livermore, CA"
ci39030263,2020-01-09 16:46:31.710,-116.9195,34.2895,8.96,2.7,"5km N of Big Bear Lake, CA"
nc73325366,2020-01-09 00:59:21.680,-122.1303333,40.3586667,15.22,2.57,"17km SE of Anderson, CA"
ci39028647,2020-01-08 16:11:18.170,-117.5478333,35.6765,6.6,3.48,"13km ENE of Ridgecrest, CA"
nc73325141,2020-01-08 09:46:40.850,-121.5753333,36.9573333,6.15,2.67,"5km S of Gilroy, CA"
ci39027767,2020-01-08 01:53:43.160,-116.449,34.3818333,8.16,2.6,"30km N of Yucca Valley, CA"
nc73324811,2020-01-07 20:07:08.540,-121.5691667,36.8383333,5.71,2.91,"3km WSW of San Juan Bautista, CA"
nc73324681,2020-01-07 10:28:23.890,-121.5775,36.842,6.3,3.04,"4km W of San Juan Bautista, CA"
nc73324671,2020-01-07 10:24:35.880,-121.5793333,36.8413333,6.54,2.82,"4km W of San Juan Bautista, CA"
nc73324496,2020-01-06 23:03:01.010,-121.5771667,36.8441667,5.68,2.59,"4km W of San Juan Bautista, CA"
ci39026063,2020-01-06 22:17:40.850,-119.3305,35.471,26.74,2.54,"6km WSW of Shafter, CA"
nc73324391,2020-01-06 15:10:10.840,-121.2528333,36.6341667,8.88,2.74,"15km NW of Pinnacles, CA"
nc73324366,2020-01-06 13:36:45.750,-121.5898333,36.9603333,3.28,2.68,"5km SSW of Gilroy, CA"
nn00714755,2020-01-06 10:04:39.825,-118.0931,39.0611,7.7,2.6,"25 km NW of Gabbs, Nevada"
nc73324311,2020-01-06 09:37:46.170,-121.5908333,36.9616667,3.13,3.02,"5km SSW of Gilroy, CA"
ci39025199,2020-01-06 07:03:13.590,-117.5663333,35.7403333,3.39,2.77,"15km WSW of Searles Valley, CA"
nc73324261,2020-01-06 06:34:17.950,-124.1795,40.9061667,18.56,2.5,"8km SW of McKinleyville, CA"
nc73324201,2020-01-06 02:13:33.830,-120.8236667,36.246,6.81,2.6,"22km NE of San Lucas, CA"
ci39024647,2020-01-05 22:34:51.030,-117.526,35.6576667,2.14,2.89,"14km ENE of Ridgecrest, CA"
ci39024383,2020-01-05 16:28:14.050,-117.8748333,33.9268333,8.2,2.93,"3km ENE of Brea, CA"
ci39023815,2020-01-05 00:55:52.090,-117.3975,35.9771667,2.77,2.63,"23km N of Searles Valley, CA"
ci39023047,2020-01-04 04:48:51.240,-117.4063333,35.6003333,8.19,2.78,"18km S of Trona, CA"
nc73323271,2020-01-03 16:40:15.900,-120.8206667,36.2486667,7.22,3.31,"22km NE of San Lucas, CA"
ci39021735,2020-01-03 05:48:05.430,-117.6163333,35.7928333,5.37,3.14,"19km W of Searles Valley, CA"
nc73322801,2020-01-02 16:34:00.270,-121.1008333,36.5171667,4.92,2.53,"4km ESE of Pinnacles, CA"
ci39020663,2020-01-02 10:13:00.020,-119.2283333,33.9173333,5.94,4.03,"26km S of Port Hueneme, CA"
nc71111674,2020-01-02 07:17:05.930,-118.8796667,37.6451667,4.18,2.79,"9km E of Mammoth Lakes, CA"
nc73322626,2020-01-02 07:16:31.930,-121.5638333,37.176,5.29,3.86,"10km ENE of Morgan Hill, CA"
ci39019863,2020-01-01 13:57:05.760,-117.3155,35.9833333,2.67,2.71,"25km NNE of Trona, CA"
ci39019703,2020-01-01 10:38:35.620,-117.6896667,33.8113333,9.79,3.16,"11km ENE of North Tustin, CA"
