longitude,latitude
-118.60441621289827,33.47855201370016
-118.59878422685408,33.47793901727289
-118.5859372400491,33.47381901551989
-118.58025626692444,33.47509902538701
-118.5703523000404,33.47531003555479
-118.55760633672803,33.4747220453711
-118.54453137429476,33.4741190552216
-118.538625413471,33.47701507281784
-118.53427740263012,33.47349306214283
-118.53070337579848,33.46807104221809
-118.52824037322874,33.46660303796649
-118.5247703824369,33.46635503975403
-118.5226363584252,33.462016022428394
-118.5105383485363,33.4553130010278
-118.50285135800884,33.45330199675549
-118.50021333952465,33.44959198095068
-118.49957531282556,33.44593096377432
-118.5002892944465,33.443351951492495
-118.49743627918282,33.44196394500876
-118.49363327428394,33.4425589476628
-118.48935528368915,33.445335960330034
-118.48626528598899,33.44672396650563
-118.48222528727734,33.44830997341733
-118.47764727660044,33.4483919733724
-118.47348622795731,33.44287694834908
-118.47034122091964,33.44295594857566
-118.45463712179865,33.43396090934542
-118.44953610116356,33.43267290410666
-118.44581306714446,33.428906888469065
-118.4422770572734,33.42864488770028
-118.43690604490614,33.42863688817424
-118.43480602776594,33.426780880754364
-118.43017302709981,33.42827788735232
-118.42357700531983,33.42725788391864
-118.40909993339116,33.42120286208403
-118.40644492974934,33.42155886388676
-118.39525087096415,33.41620384570089
-118.39095587259986,33.417962853103504
-118.3820378028691,33.40988282568526
-118.37716979825018,33.41082083034541
-118.37032377420792,33.409284826765855
-118.36830175666934,33.407109819757544
-118.36727071791046,33.40108779917018
-118.37016169291871,33.39601278040225
-118.36812664940004,33.38953275868415
-118.36509463642386,33.388373756088114
-118.35870058345947,33.381632736268436
-118.35127552364,33.373935714704885
-118.33248639834603,33.358227676784566
-118.33140004605022,33.35602431143749
-118.32915835383523,33.35147765830265
-118.32446033069544,33.34878165388706
-118.32274130479315,33.34472764297264
-118.32188232660096,33.34431819461919
-118.31847628649876,33.342694640620465
-118.31652596788867,33.34082466905809
-118.31022222923663,33.33478062485941
-118.31021323489752,33.3357946278422
-118.3090651987297,33.330899614649134
-118.30895520303207,33.33043061339062
-118.30776716253102,33.323479594373104
-118.30539014483313,33.32089758949263
-118.30539011724933,33.3159325751558
-118.30508408568421,33.31032255932587
-118.30681607714641,33.30838455161299
-118.31204507382766,33.306596539930645
-118.31678704899005,33.301136517688825
-118.32524404753651,33.299074500410256
-118.34324910542367,33.30523349674856
-118.35404216597365,33.3131105095529
-118.36033218765039,33.31532950967901
-118.36780620937927,33.317253507693835
-118.37476823608957,33.32006450969458
-118.38456425556171,33.321018502232015
-118.39305525880913,33.31965848778795
-118.40294128035467,33.32090048144795
-118.40854329194376,33.32149347753044
-118.41376729112612,33.320240466877934
-118.4242582899015,33.31783844557122
-118.43111230813005,33.31918244325193
-118.43635232146158,33.32010344115691
-118.4410663176099,33.31855442945076
-118.45630936075526,33.321819426292386
-118.46536840262571,33.32605543494125
-118.47414347199324,33.334203462106046
-118.48293755653128,33.34433049961735
-118.48745361009655,33.350882525748005
-118.4887706531588,33.35664855125431
-118.48959268126619,33.360411568004835
-118.4872157151285,33.36577159439732
-118.48260973616478,33.36991361641914
-118.48578976312321,33.372917628133294
-118.48108677582304,33.37594564478878
-118.4824628087502,33.380260663622465
-118.47842181225204,33.381848673012215
-118.47533181607682,33.383237680894496
-118.47652083638643,33.38581769187669
-118.4784658436647,33.38631969317639
-118.48103586743945,33.388993704049255
-118.48223991987362,33.39610773586065
-118.48557596242622,33.40117575774717
-118.48626498855877,33.40466977353671
-118.48745402336336,33.4092327941452
-118.48495003849452,33.41213080810059
-118.48769106041728,33.414391817821326
-118.48875110126647,33.41982584264068
-118.49506013172238,33.422128852279954
-118.49817113379332,33.421446848589895
-118.5039531461679,33.42423386053644
-118.50765715273876,33.426690871013925
-118.51169716192662,33.429666883496935
-118.51336114279925,33.42768287400231
-118.51407411098577,33.42351685497781
-118.5159150976925,33.42241684963236
-118.51626811555958,33.42507486148988
-118.52323113492875,33.43073288464949
-118.53368209266407,33.429182874720986
-118.53641609484374,33.43065788010396
-118.537381119685,33.43460789634576
-118.54235810617915,33.43482389536648
-118.5454420922247,33.43415889148823
-118.5480620944929,33.43561689640998
-118.55257808084593,33.43561689464965
-118.55517905745491,33.43337988482497
-118.5587160470717,33.43341888370963
-118.56344303947687,33.434380885690494
-118.56585505372863,33.43750289661826
-118.57092805105702,33.43935090137342
-118.57539504315838,33.44017890242152
-118.5733180731792,33.443632916084425
-118.57590209698398,33.44826093165865
-118.57943609322146,33.44930193339376
-118.58609111994346,33.456242953822354
-118.58988714395531,33.461520969438766
-118.59274614087514,33.46238997024035
-118.59512315219034,33.46516597778325
-118.59397016958364,33.467197985604145
-118.60118616465644,33.469852988305966
-118.60391718047251,33.473492997752984
-118.60724420312187,33.478449010553376
-118.60441621289827,33.47855201370016
,
-118.61049802934366,33.03294130060521
-118.59885106280515,33.03632927775141
-118.59576104971356,33.03433628542978
-118.59386002205135,33.03055030249082
-118.58673003583785,33.03174629270207
-118.57987806130612,33.03445927549847
-118.57389503489074,33.03055029134208
-118.56842799475427,33.02497031616177
-118.56842795734474,33.02018834004823
-118.56557591676525,33.014807365676376
-118.5627238555864,33.0068344045984
-118.55844585761879,33.00683440298284
-118.55274082870372,33.002848421215354
-118.55083980325034,32.99666846152864
-118.54988879581933,32.98949251810228
-118.54299678999433,32.980720586691156
-118.53624479035169,32.97740461252891
-118.53420178607931,32.97194665643046
-118.52445778488222,32.96436971797598
-118.51919378307714,32.958560765965096
-118.51827777980192,32.95419880199393
-118.49950077891862,32.93365497815188
-118.48832981801242,32.92368007563305
-118.4835768364272,32.921485099752125
-118.47089088632893,32.91594916115241
-118.46361191351727,32.90971322167312
-118.45695593712053,32.900933302354346
-118.4234440725321,32.87578554714107
-118.40680614338862,32.86420765952575
-118.39732618465341,32.8574487244018
-118.38660323189683,32.84823481007861
-118.37353129113137,32.839048897260355
-118.35418338120907,32.82092106142101
-118.36093434904122,32.81708008608692
-118.36758931755877,32.82087504945791
-118.37780926922885,32.822473027135906
-118.3830292448598,32.824950002247135
-118.39183220351673,32.826267983341836
-118.40086416030753,32.8238709944327
-118.40609313479973,32.82107501240574
-118.40870812008687,32.8130850752872
-118.41583808521794,32.81088808687816
-118.42273105153829,32.80928909385633
-118.42724702880753,32.80669211120152
-118.43180700465247,32.801464150240484
-118.43413899499782,32.80537411599543
-118.43623098753955,32.8114470640733
-118.4393939742767,32.81567302635498
-118.4440269526504,32.81672001350211
-118.45092892250607,32.822113962525165
-118.45258291384656,32.82055497392669
-118.45467490416742,32.82103496802074
-118.46201387341694,32.82814190214257
-118.46798484777744,32.83221886254509
-118.47539981488703,32.835094831458335
-118.4776818077051,32.84036678518177
-118.48985075363984,32.84372174516023
-118.49536572994343,32.84611771958342
-118.49593573009996,32.84979168810916
-118.49991971335436,32.85177866738589
-118.5062037055333,32.85298664997059
-118.50506271045086,32.85713961651195
-118.50753471245466,32.86352856042397
-118.51304871003548,32.868958509615496
-118.5138087128219,32.87327047313383
-118.51228771975471,32.879179425528925
-118.5250277114938,32.88652435416035
-118.53054171342382,32.89498628097249
-118.53582071903644,32.90628118603016
-118.54214071314463,32.906800177975505
-118.5470847136293,32.91190813433663
-118.5455627185336,32.91510110975495
-118.54683272086928,32.918409082774346
-118.55202771691093,32.91925107354796
-118.54955672463153,32.92419903553455
-118.55145772996383,32.93058298422747
-118.55545073065781,32.93425295386838
-118.55640174435925,32.94701885324772
-118.56134474618467,32.95180581484888
-118.56438775191063,32.95850676225327
-118.5740847531946,32.964887712362
-118.58035976124158,32.97429964050769
-118.58226077089878,32.982594577620354
-118.5818807777214,32.987698538770154
-118.58473277921769,32.98993052244529
-118.5902468327335,33.00555942114903
-118.59343288344685,33.01238638952104
-118.59747288766046,33.01321238727463
-118.60146591462586,33.01703937082424
-118.60697989716472,33.015126382328944
-118.61025990050933,33.01580338060912
-118.61049802934366,33.03294130060521
,
-119.04703769682199,33.48381887488359
-119.03845771302846,33.482472890198046
-119.03045576104574,33.488333905873716
-119.02850076196376,33.48742490925246
-119.02951573370709,33.48190590626833
-119.02740971573624,33.476855909013025
-119.03079369506779,33.474283902415074
-119.03109466785442,33.46857590072626
-119.03365164826626,33.46575289563667
-119.03852163557625,33.46569088701523
-119.04060764439258,33.46876388387295
-119.0429386466364,33.47055188004087
-119.043051675708,33.47694988093581
-119.04809068604061,33.48206187269522
-119.04703769682199,33.48381887488359
,
-119.37448676498023,34.01415024561882
-119.37258076597591,34.01556225505311
-119.36257173263661,34.017147304574024
-119.35919971490588,34.01670532122184
-119.35765870332546,34.015984328794545
-119.35793769987161,34.015285327372844
-119.3597717075665,34.01523231831134
-119.37233174182187,34.01208725621547
-119.3740707543086,34.01281624765296
-119.37448676498023,34.01415024561882
,
-119.44200005776088,34.01354991249275
-119.44122705770151,34.01407391621131
-119.43664903673819,34.013940938829265
-119.43391303772543,34.01597395200512
-119.4213769765309,34.01501101406799
-119.41297190023636,34.00893105618059
-119.4084758718242,34.00761207841756
-119.39625180672068,34.00591713860554
-119.38926678348076,34.00708417287915
-119.38502877828404,34.00913919367338
-119.38318378405081,34.011248202727074
-119.37993576660027,34.01077221873257
-119.37927375570547,34.0095652219946
-119.39081676261436,34.002862165406924
-119.39942780483636,34.00347712315184
-119.41483189153224,34.00631804730261
-119.42221891862744,34.0054520111203
-119.42467394349063,34.00762699877417
-119.43108197775216,34.008554967125804
-119.43395700454796,34.01075895262736
-119.43753701614669,34.01010493510459
-119.43928203571673,34.011966926183305
-119.44147905025383,34.012730915213346
-119.44200005776088,34.01354991249275
,
-119.57726970991271,33.27858062913689
-119.57164668047528,33.276212649316115
-119.56788266121909,33.27470566261823
-119.56442663745882,33.27209267671667
-119.56214862603694,33.271215684632786
-119.55814261998287,33.27249869414098
-119.55480262240906,33.27508769979421
-119.55229262533763,33.277266703751856
-119.55127463863644,33.28061170166773
-119.54725462372683,33.28014171409914
-119.54659961798453,33.279389717122584
-119.54455461437618,33.27995972224064
-119.5428636138447,33.280933725748405
-119.54104261025887,33.2813687304361
-119.53971060343439,33.28082673511159
-119.53567360254604,33.28324674346132
-119.53463460968757,33.28538874347751
-119.53140459156164,33.283750755278895
-119.52877659134322,33.28541576069139
-119.5236855637085,33.28301177894356
-119.52059554011376,33.280122791871136
-119.5106114859852,33.275326827147
-119.50971447542243,33.27369483182768
-119.50645545877671,33.272321842950106
-119.50514045626748,33.27265284631381
-119.50001842043037,33.2684298662231
-119.49859741104144,33.266551872587854
-119.4948824050967,33.26554688442002
-119.48923340441398,33.265791900253525
-119.48697641183267,33.26753490463937
-119.4857273987051,33.26481391141504
-119.47065237050336,33.25975896008848
-119.46542736656832,33.25924897546094
-119.46059035322186,33.256656991983014
-119.45294331842541,33.24930202222857
-119.44345929291421,33.242074065110025
-119.44330028645454,33.24005307012059
-119.43851827391053,33.23653609135737
-119.43478925653146,33.23141911321558
-119.4344002423989,33.22702012417348
-119.43673723480237,33.22441212358119
-119.43888022172446,33.22009412739528
-119.44425422089807,33.21930611438221
-119.4475482233914,33.219768104270464
-119.45164222116107,33.21865909552223
-119.45543721582125,33.21659108979574
-119.45743421485358,33.216084085465845
-119.46283921739166,33.2163460700193
-119.46428721475854,33.21536306829523
-119.46593921621107,33.21565806308225
-119.47029821468468,33.214730053248424
-119.47871622242869,33.216349026395015
-119.48163622970152,33.218383013654126
-119.49107423717628,33.21983498430561
-119.49408823820612,33.2198639759412
-119.49556423558943,33.218871974201384
-119.49813823629329,33.21883896719729
-119.5022842519798,33.221560949523834
-119.50525625938229,33.22114994248144
-119.50704426846981,33.222389934732774
-119.50936027798603,33.22326792640675
-119.51292428757291,33.222998917425414
-119.52020632691901,33.22870588413976
-119.52398233884601,33.228960873295655
-119.53085936709523,33.23146284862542
-119.53572738137221,33.23143183548148
-119.53929539578627,33.232634822873436
-119.54085339804668,33.231907820405624
-119.54621041599106,33.23255980426286
-119.54611742079446,33.234124800696534
-119.54854743429591,33.23606278934644
-119.55145444641829,33.23713377880113
-119.56029949464649,33.243801738223866
-119.56018649923423,33.24529873483859
-119.5659815224327,33.247058714579204
-119.56666353458628,33.250072705294286
-119.56475652980028,33.25026571023876
-119.56724755951073,33.254715696291385
-119.5705595805529,33.25691468354875
-119.57513660019384,33.25805466891473
-119.57396861460856,33.261637666342445
-119.57387062860762,33.264488661974504
-119.57884171286933,33.27819162520993
-119.57726970991271,33.27858062913689
,
-119.92989252321244,34.05972901771565
-119.92545153832297,34.060811089305474
-119.92203054914852,34.06052713400787
-119.91941656061796,34.06525221227518
-119.92289155085751,34.0671311821293
-119.92334055096062,34.06935619634733
-119.91941656632716,34.074112291235004
-119.9191585691538,34.0772753227707
-119.91286058853372,34.07750340643465
-119.89113365319851,34.07285165334993
-119.88383867628247,34.074463761073446
-119.85730775802642,34.071294090951156
-119.82586885928333,34.0597904611403
-119.81874588472492,34.0529935344538
-119.81526189579574,34.05406158780642
-119.80782892113444,34.052123686907365
-119.8009209429235,34.05409079101764
-119.79606295718048,34.05702286740335
-119.78980197742659,34.05725695566489
-119.77073304135217,34.05504821979411
-119.76608505630456,34.05536728572903
-119.76369206252288,34.05715232111741
-119.75943207480252,34.05883238197123
-119.7555250895525,34.05671343527962
-119.75511809375348,34.05381443957821
-119.7478600893352,34.05317152137114
-119.73947600651398,34.04929655749652
-119.73451095713412,34.046084578787934
-119.73122092166822,34.048415593744046
-119.72644087234771,34.04790561474834
-119.71257972842967,34.04326267528427
-119.70463164347123,34.03767870978167
-119.70059059886351,34.0336927272738
-119.69314851602648,34.02928475995504
-119.68935347178035,34.02521477652604
-119.68651043620163,34.01980278880402
-119.6735522910445,34.01954984682552
-119.66830722855003,34.01662587021563
-119.6585421223065,34.0190309140513
-119.65454307903222,34.01992493197135
-119.65134403889213,34.017478946307236
-119.65139803633956,34.01571594607194
-119.64299794324833,34.01660298375085
-119.63985190532391,34.01544299789931
-119.63774487655151,34.01317600743742
-119.61934567628184,34.016466089864295
-119.61222861000712,34.02125412134052
-119.60428955400884,34.03155915570525
-119.60880061402949,34.03524313524748
-119.60924162508776,34.037348133074545
-119.59953654593144,34.04479417522185
-119.59593351151153,34.045760191021884
-119.59498251436487,34.0495021947205
-119.58880244842862,34.04891122206112
-119.58901246101708,34.05181622070385
-119.58430341949703,34.05364124115383
-119.57975436174944,34.05070326166926
-119.57341229408175,34.05010828972843
-119.57325330394501,34.05295628990297
-119.56670223903922,34.05345031864048
-119.56234920255382,34.05528133741196
-119.5567161307934,34.05206236289529
-119.55611810987243,34.0487983662616
-119.55070604277638,34.046429390697874
-119.54753401900734,34.04836840423453
-119.5462639879179,34.044643410759605
-119.54034592633703,34.04471443690494
-119.52960479509909,34.04115348540793
-119.52064166213381,34.03426052722012
-119.52177166317705,34.03224552280978
-119.52752569438684,34.02644349889249
-119.53241474031236,34.024947477489825
-119.53884880645859,34.02398644900543
-119.54245083198457,34.021080433652834
-119.54395883333044,34.01791342770376
-119.5425018028197,34.01504043497103
-119.54828184338547,34.00981741028841
-119.54707380869169,34.00546741679417
-119.5544738609591,33.99781838297976
-119.56046592194538,33.995528354013864
-119.5756381009523,33.996007285532656
-119.59020224215408,33.98971021379375
-119.59687931410589,33.98860918232843
-119.61908456303874,33.98722607958613
-119.6211195955516,33.98898807205772
-119.63373173161077,33.98724101266887
-119.6477128955273,33.98778394937704
-119.66282805824252,33.98588687814798
-119.67483514981252,33.97842681430269
-119.69011328269985,33.972222736255546
-119.69833336499902,33.97073569635305
-119.70058436310427,33.9666906807292
-119.70645543812532,33.96813065535585
-119.7123664851928,33.965419624341585
-119.71469948331158,33.96143660817463
-119.72120954181355,33.95958057530583
-119.72812263369158,33.961799546109866
-119.74296981280789,33.96387447990638
-119.75044188824195,33.963756440194075
-119.75814482905727,33.95920931512521
-119.77017381317448,33.96225713219714
-119.78972672909283,33.95925582929382
-119.79344674196705,33.96280777137837
-119.79912772248886,33.96264568327446
-119.8039047161755,33.96398960836999
-119.81825264240939,33.95985438974325
-119.8198286605334,33.963398361217365
-119.8311566570343,33.96863117662623
-119.84235862949303,33.97020499704892
-119.84829059397869,33.967631909181776
-119.8509925933204,33.96900486347598
-119.86554360435504,33.97926160406584
-119.87336158332633,33.98037047424001
-119.8770606005731,33.98575239617997
-119.88140662146128,33.992334301612395
-119.88414465397221,34.00159623947084
-119.88700364532687,34.00857924190901
-119.88253466289791,34.01166933732554
-119.87691968634884,34.023522508866215
-119.87633269030125,34.03208257547406
-119.88181167229709,34.036548522881894
-119.88620265725258,34.03704446031918
-119.88728765517264,34.04219248140122
-119.89282463758157,34.04552442475515
-119.91621956654096,34.05834619530964
-119.92210554645038,34.05686709984802
-119.92654753234932,34.057394042459286
-119.92989252321244,34.05972901771565
,
-120.24953900014708,34.00247538759293
-120.2454690036323,34.00248230458153
-120.23866000930637,34.007590166766555
-120.23730001047618,34.00928213987638
-120.23367801373091,34.0086570670328
-120.23000401705163,34.010133994314124
-120.22129002494562,34.010364820440095
-120.20848103580664,34.005652556004705
-120.19578304661003,34.00428129574583
-120.19164505034912,34.00485321331574
-120.18928405289209,34.006622170528054
-120.18370005816192,34.00773406140214
-120.1802670607811,34.006424987972885
-120.1768500637521,34.006313918615156
-120.1673090729317,34.008215733684374
-120.16066808040027,34.01163361533444
-120.151666091915,34.018122467875685
-120.14765009931448,34.024827423558584
-120.14036510722215,34.025970290016
-120.13585611180824,34.02608320439933
-120.12338812176212,34.02235294204114
-120.12004612566037,34.023240883302144
-120.11506112808941,34.01986176403452
-120.09018515201912,34.019801279449126
-120.07361217261975,34.02447199931622
-120.07054818032803,34.029092983193
-120.06627818459036,34.02899790131757
-120.0627811904428,34.031155855846286
-120.06195619428854,34.03397086763188
-120.05764020249283,34.03733482036905
-120.05511020563576,34.0377237774338
-120.04326221610181,34.03580053764312
-120.04527520916389,34.03168653144434
-120.04321520640029,34.027530448114184
-120.0440072024099,34.02481443420009
-120.04780119450112,34.021221469390646
-120.05038518302813,34.013325437886856
-120.04892918044644,34.009892373294214
-120.04711117796475,34.006323299428836
-120.04657817110528,33.99999622198735
-120.04131415581043,33.99450114923003
-120.03325714591013,33.98989401666637
-120.02733914574549,33.98849890727313
-120.02578413845961,33.98613089273475
-120.01403513816092,33.983406678410375
-120.01290913012289,33.980945674614674
-120.00381813234299,33.979540505926096
-119.984319207516,33.98394165125782
-119.98015922119336,33.98364672132565
-119.97902321547332,33.98120075761854
-119.97991616621954,33.96961682763752
-119.97686012433965,33.95668696867823
-119.97114411634043,33.9503950998569
-119.97187209553695,33.945869120532365
-119.96863909265012,33.94287218919912
-119.97369407629331,33.9424751173845
-120.00096299565287,33.94154775440382
-120.01771796438582,33.93636009795282
-120.02092895704725,33.93498516576418
-120.0216889479154,33.93261819647285
-120.02866692561193,33.92784735425214
-120.03918290628232,33.924572561562435
-120.04167689182165,33.92103962801775
-120.04688388295344,33.91959172769923
-120.04831787488632,33.91761976473063
-120.04861386805993,33.915769781211694
-120.0496848629779,33.914557807036985
-120.05679285290996,33.91312193737502
-120.06790084305266,33.91251613063034
-120.07340883779317,33.91210822681628
-120.0777958233704,33.90888131779003
-120.09078181567146,33.90922953617406
-120.09860380547062,33.9078486745252
-120.10549178831292,33.90427580484622
-120.10913976793509,33.899124885325186
-120.11017075505914,33.895616915429635
-120.11588774689663,33.89435701366805
-120.12181974763426,33.89570810634031
-120.15984079084019,33.91591069502292
-120.16525078845612,33.91632378751251
-120.16897679517209,33.91908684784814
-120.17266880523141,33.92284590715411
-120.18041980728557,33.92510004056335
-120.17905181796726,33.92799101362369
-120.18984287600581,33.947700193165126
-120.19234188267102,33.95026323809072
-120.1986048843952,33.952208353935106
-120.20008789885418,33.9569013807774
-120.20937494286265,33.972373558651306
-120.21434295282995,33.976593656873455
-120.21928195686952,33.97902575513015
-120.22210898260707,33.98755681676489
-120.2302469879643,33.99123598357825
-120.23941198637674,33.99307517109397
-120.23926499763026,33.996495172809404
-120.24397500306704,33.999381273346195
-120.24624399624771,33.99786631737528
-120.24848699910176,33.99932736576906
-120.24953900014708,34.00247538759293
,
-120.450066296748,34.034193970999375
-120.44911630174892,34.03734495314249
-120.44555031418652,34.03734492502215
-120.44025033245667,34.03691788457222
-120.42899937669736,34.047555764019634
-120.41877041401986,34.052092671987424
-120.41528942721573,34.054959637285165
-120.41131643998817,34.0528686126746
-120.4036154655265,34.0504415600291
-120.39619049102133,34.050186503521495
-120.39090850985573,34.051993458445814
-120.37421357044362,34.06265730691212
-120.36881559025475,34.0677792554711
-120.36711659684214,34.07082123645273
-120.3701785876378,34.07490625038992
-120.3682805944597,34.0764642331645
-120.3622536138575,34.0730551959345
-120.35498463516954,34.05925516882506
-120.36029261616777,34.05581921585732
-120.36046161490744,34.05310022257449
-120.35861062056988,34.05023421404539
-120.35285563971816,34.04719217547424
-120.34694866000768,34.04657513084456
-120.33116371499555,34.049096004502616
-120.31903475600188,34.04197792087332
-120.31317777580381,34.03657488218198
-120.30736379552548,34.02956484489848
-120.30722179544199,34.022373852599166
-120.31118678119523,34.019930887863936
-120.31705476028058,34.0188359371121
-120.33502969686072,34.020798080458654
-120.34083667607544,34.019597129695185
-120.34770865182725,34.02011318470956
-120.35380662997471,34.01902523638047
-120.35793261437476,34.015028277842944
-120.36665258356126,34.01584134771736
-120.37514555422945,34.01877441084691
-120.3831405277101,34.024473462789935
-120.39163249827293,34.02598752762785
-120.40937043828626,34.0321976536279
-120.41522741778209,34.03224470011825
-120.41902340304115,34.02894873969797
-120.4274103719315,34.02542481729175
-120.43558134505388,34.02937087097465
-120.44317031812099,34.02884293337648
-120.45413627915885,34.02808102374731
-120.450066296748,34.034193970999375
,
-122.37767976686548,37.83046132968604
-122.37345375289527,37.83229933634456
-122.36875275056963,37.83128733542611
-122.3629117783994,37.82269731657036
-122.36428979662499,37.818871306253904
-122.35877980724575,37.81427929906813
-122.36077581647685,37.81283229404767
-122.36110783712725,37.80803028217999
-122.36229484334332,37.80701727862467
-122.36713884963659,37.807430275157344
-122.37164984874136,37.809380276164646
-122.37283684341506,37.81106927964844
-122.37126982542783,37.814670290494604
-122.37896278425404,37.82689831912229
-122.37767976686548,37.83046132968604
,
-122.4252278439326,37.82858730325823
-122.42324584041204,37.82872230465764
-122.42024884660721,37.82651429769845
-122.42072285333568,37.82525129271159
-122.42277085634224,37.82525729166696
-122.4254078505439,37.82727029808196
-122.4252278439326,37.82858730325823
,
-122.44514970812783,37.86141743606018
-122.44122269812479,37.86253843963509
-122.43952667142935,37.86753846003249
-122.43827266916207,37.86772646026959
-122.4364906743166,37.866296453595965
-122.43438166920913,37.86687345508823
-122.43458565939731,37.86891546349882
-122.43375965333937,37.869973467407696
-122.43249865012716,37.870361468353735
-122.4319316437875,37.871538472799
-122.43103564029713,37.87206547443479
-122.43005363908941,37.87210747407442
-122.42702964466577,37.87031646545195
-122.42474464168042,37.87044346480483
-122.42319364561041,37.86928945962131
-122.42307165083805,37.86817345530411
-122.42194865952513,37.866110446978574
-122.42198266933936,37.86406843924899
-122.42134467243902,37.86327343601856
-122.42031866163545,37.86305959798781
-122.41932467220542,37.86285243376419
-122.41879367591021,37.86194943023056
-122.41992803423204,37.86070318754072
-122.42135869226182,37.85913142037524
-122.41989470299491,37.85652741026568
-122.4200217102402,37.85503940471272
-122.41881050219449,37.8535980383477
-122.41857971668462,37.853323398118306
-122.41872240733095,37.85291734579836
-122.41875471926438,37.852825396286065
-122.41963472093038,37.85269939590477
-122.42310671639466,37.854521403204544
-122.43067071984733,37.855666408833194
-122.43455473420666,37.853678401375554
-122.43948873034304,37.855653410244976
-122.44082973318784,37.855400409400396
-122.44237473080904,37.8562444132375
-122.44222072027421,37.85832042203178
-122.44504071247842,37.860525432180495
-122.44514970812783,37.86141743606018
,
-123.01391608173564,37.700356700082224
-123.00778608004482,37.69894472323812
-123.00754807615249,37.70214171623181
-123.00350707122108,37.70439772373719
-123.00089307382513,37.701012740385934
-122.99875408203823,37.697439751574315
-123.00279408477031,37.692737754416804
-123.00588408547303,37.69349074262586
-123.00754808345829,37.695935731319416
-123.01277708557176,37.69649971310906
-123.01391608173564,37.700356700082224
,
-124.21749349552499,41.95081285689713
-124.21703649202763,41.95129485606944
-124.21680748636959,41.9518328540984
-124.21617948528846,41.952214854422145
-124.21524649265257,41.952101858473604
-124.2142185021047,41.951874863479624
-124.2133245142248,41.951378869411556
-124.21319959180408,41.95123428519697
-124.21301952075959,41.95102587240708
-124.21333186009743,41.95058161559212
-124.2134575261745,41.950402874065134
-124.21435252690381,41.94992087327256
-124.21499952528458,41.94973687182985
-124.21619851575433,41.94989286654166
-124.21705550592138,41.950232861566064
-124.21749349552499,41.95081285689713
,
-124.4085982236787,40.44321396558058
-124.39663883258974,40.46213186172803
-124.39559477915928,40.464603213444676
-124.38844664270668,40.48152337932507
-124.38493624138883,40.489832756732525
-124.38322002120232,40.49986473762543
-124.38612195906846,40.50238073668132
-124.38701889911593,40.504966719731456
-124.38652877548148,40.51047966659423
-124.38423869378332,40.514247616350374
-124.38281158784461,40.51901256319831
-124.37909150486541,40.52287750172557
-124.3722802961374,40.53234536721268
-124.3722799099822,40.532346090219356
-124.3635399257352,40.548710155530216
-124.33479667947921,40.605730198823096
-124.33053049323229,40.61419332370225
-124.32939731652785,40.616441283017146
-124.31960354556534,40.63229942113113
-124.31513373588953,40.6395369615342
-124.31255068709315,40.64134392512011
-124.31220376610612,40.64191072796907
-124.29312537892761,40.67308115277039
-124.28911068374556,40.67964038758128
-124.28499467322264,40.685254683193676
-124.26773637595804,40.70879522109908
-124.24877036018981,40.7346650984082
-124.24871622201222,40.734738944589424
-124.24839614879197,40.73517553456771
-124.23525512644727,40.75748108916749
-124.2351663805859,40.75763173055592
-124.23355585421609,40.76036551348596
-124.23168037976089,40.76354903148127
-124.2282340995163,40.769398907990876
-124.20191151041377,40.80511917794974
-124.19750177072716,40.811855872280006
-124.19539176522436,40.81507929623862
-124.18728653154243,40.8274615388194
-124.18705001581293,40.82782286026286
-124.17992742873076,40.83870392568081
-124.17670585915955,40.84362546651773
-124.16263560480952,40.868449678566805
-124.15831307981053,40.87607592542592
-124.15473874460973,40.884427046224125
-124.1410979645865,40.916297512972356
-124.13705728030972,40.925738205634815
-124.13469069928668,40.93368525882155
-124.1280508277926,40.9559821431088
-124.12738858819847,40.958205962216766
-124.12593499154514,40.96308717986777
-124.12581456112119,40.963491588515126
-124.12233173257464,40.975187019175635
-124.11813837743915,40.989268410444886
-124.11714522908761,40.99511440716812
-124.11635866792741,40.99974436297858
-124.11204977029126,41.02510916937912
-124.11174759591863,41.02688795215212
-124.11375960784765,41.031586914481245
-124.11604358899113,41.03194892799485
-124.1190980727996,41.03642161979927
-124.12111763883182,41.039378877190906
-124.12122759218374,41.039539882244746
-124.12028761633528,41.041851848865996
-124.12292461162355,41.04465883758314
-124.12543961555772,41.048508813629034
-124.12825825616605,41.05050268011871
-124.12912360106849,41.05111481282449
-124.13241394802395,41.052298460134665
-124.13293757721289,41.052486826976725
-124.13311558433519,41.052644514957514
-124.13371468590854,41.05317523032957
-124.13604756967078,41.05524182012681
-124.13776644377464,41.055757656006065
-124.14238552850168,41.05714384801949
-124.1452795065803,41.05756186583468
-124.14765647269742,41.0557699044316
-124.1472074551421,41.052888933270985
-124.14893042944499,41.05147196254642
-124.15125740622565,41.05110598471217
-124.15361340413611,41.05355497555784
-124.14873050709265,41.06160984726971
-124.14941325732894,41.062834349798536
-124.15027051474722,41.064371828293986
-124.1526305205893,41.06777180859071
-124.15660648180177,41.067053847666976
-124.15909348092471,41.06962983825149
-124.15933978526849,41.07239181851193
-124.15944750880446,41.07359979659745
-124.15511557254283,41.077278721506815
-124.15549961605396,41.0833646563549
-124.15825261368657,41.085892649667834
-124.15746857726464,41.08615852120685
-124.15450465298372,41.087163605989346
-124.16026561697005,41.09846229028157
-124.16054769783342,41.09901552090463
-124.16388875889308,41.10072884834575
-124.16394468590116,41.100757528238866
-124.16066273720732,41.104177464072826
-124.16074676600543,41.1045131278839
-124.16180776450632,41.10875142197528
-124.15972680225288,41.11165337303315
-124.15914739800273,41.12056857463983
-124.159056887024,41.12196125237959
-124.16508271727247,41.12942586017437
-124.16540590513615,41.129826214996235
-124.16092495888238,41.132836145600656
-124.16397998454693,41.1386791046805
-124.15853105372948,41.14302501246551
-124.15833161677912,41.142976057466555
-124.14966609420985,41.14084896586826
-124.1473722400389,41.14137270243653
-124.14575512611512,41.141741924542835
-124.14452405006968,41.143590735378034
-124.14379216045192,41.14468987571879
-124.13995293946766,41.15287619850454
-124.13499732716735,41.16344298309602
-124.125623889073,41.18342982078576
-124.12266960155863,41.189729198037625
-124.1202243058798,41.195955392836815
-124.11214495074863,41.21652697559249
-124.10978359130816,41.222539443840446
-124.10697893876446,41.22968061772192
-124.10688125707192,41.231482973165846
-124.10677196404541,41.23349957274322
-124.10868597839722,41.23693154967029
-124.10638201149926,41.24068448810492
-124.09917709573524,41.26469995227307
-124.09846535863909,41.26707236101125
-124.09227774494818,41.28769731937396
-124.07900976378781,41.347137321639146
-124.07228923534281,41.37484633112183
-124.06816251167751,41.40383038807169
-124.06423293834933,41.43142974995237
-124.06307231152987,41.43958141180008
-124.06452044078506,41.447696434372986
-124.06618449543372,41.45124344823116
-124.0653286851715,41.46279746792223
-124.06551761334298,41.464741937459785
-124.06605380547843,41.470260485489895
-124.07285014903134,41.49197355009641
-124.07539018249578,41.4942495621895
-124.07469324259279,41.49785856653052
-124.0759143040633,41.50175958889069
-124.08142444791686,41.51123068327855
-124.08162225018835,41.524121464796195
-124.08193796796998,41.54469680283256
-124.08198503228968,41.54776398589621
-124.08338459852575,41.54855049688377
-124.08790411218976,41.55109031695533
-124.09240211234403,41.553618046332446
-124.09316543162385,41.55498173490081
-124.10112135097708,41.56919517482356
-124.10140150046011,41.57852724578484
-124.09738361350371,41.58525429642218
-124.10509874945504,41.59431836477579
-124.10185779701648,41.597031385996644
-124.10095988596103,41.60250242784787
-124.11441209909133,41.6167715232014
-124.11603629150667,41.62885260725706
-124.1195153676893,41.63383763719412
-124.11932041421478,41.636714657569776
-124.12022447181323,41.64035768138446
-124.12624458046221,41.64752871905924
-124.12745663226224,41.65082873872915
-124.13555172774521,41.65731076315805
-124.13530180858693,41.66230679589433
-124.13805887756503,41.66676981725552
-124.13935395499159,41.67165584456912
-124.14105697279986,41.672872847335526
-124.13852802473379,41.6759238739081
-124.13837307266681,41.67888489311551
-124.14067612843023,41.682491908576125
-124.14015516368737,41.68464292373208
-124.14267319553969,41.686779928702485
-124.14180723968141,41.68945894824981
-124.1438622665075,41.69125295220711
-124.14193629032239,41.69260496734282
-124.14310732961329,41.6951139786725
-124.14195836015183,41.69693299413836
-124.1438625128893,41.70651504598669
-124.14347955803764,41.70928806460036
-124.14741269415299,41.71795910066737
-124.15417057555536,41.728684063293365
-124.15424686277125,41.728805133386444
-124.15566258883841,41.730336447049254
-124.16471703603928,41.74013014498873
-124.16482996086503,41.740197141256374
-124.17014108308628,41.743348133920676
-124.17777811780294,41.74592710658097
-124.1826860375898,41.74126205778235
-124.18276402734524,41.74063505435173
-124.18358401134401,41.73969604560402
-124.1853640041431,41.73935503483496
-124.18989370037745,41.736744233610224
-124.1910409456858,41.736082990837055
-124.19328803687826,41.73648439041429
-124.19495395334923,41.73678197427745
-124.20066508317926,41.745097980548955
-124.2038441118089,41.747038971595885
-124.2096461259624,41.74823694500167
-124.21581545348509,41.75128577060536
-124.21662512616092,41.751685904762454
-124.22273405806143,41.75634884709083
-124.22287402350717,41.75892583295308
-124.2346559093568,41.76628573173446
-124.23972084018189,41.77080368186552
-124.24228881929653,41.77203766203969
-124.24343764757295,41.77145472137476
-124.2455898377115,41.77036265291091
-124.24870481772918,41.77146263090417
-124.25495466642292,41.77817359428948
-124.25599458779404,41.7830175711672
-124.25483857159193,41.785091560105286
-124.2494155944926,41.78726854879502
-124.24502753267791,41.792303546300026
-124.2376263849128,41.8041555242055
-124.23067820431478,41.81868448462598
-124.22701265402044,41.82785995028745
-124.21959186669598,41.84643539393115
-124.2084383641137,41.88819522358989
-124.2046449915999,41.918507077565664
-124.20364397828769,41.93657585170145
-124.203400710131,41.940966962096695
-124.20477763186585,41.94640692774967
-124.2064015576997,41.946436153243646
-124.20810055084904,41.94646672971118
-124.20838860882994,41.94647191383785
-124.20983382832672,41.95011178187401
-124.21014754037759,41.95090188373724
-124.20846450394649,41.9545248707258
-124.20792652567394,41.95666858890053
-124.20560437523554,41.9659218203671
-124.20494615407073,41.98344372899749
-124.20876205155221,41.989247685059084
-124.21160291059694,41.99846262671056
-124.12136360569782,41.9970179330231
-124.10253074890905,41.996812996636905
-124.08495488195699,41.99666505578874
-123.99924751507447,41.996141337436384
-123.96704521598866,41.9961368929445
-123.8342060633581,41.99611855874834
-123.82203585325027,41.995619800214456
-123.81170587472069,41.9951964578176
-123.78749865541089,41.995836339884384
-123.72816647822351,41.99705807918268
-123.65721003148948,41.995095836812354
-123.63151300166875,41.99871610095167
-123.6240202545539,41.99977169906027
-123.56930367450224,42.00062750777726
-123.53001285040703,42.00073148139543
-123.51873306420204,42.00076133061754
-123.51791006571825,42.000759465079796
-123.47499011006883,42.00066224087544
-123.44466899024846,42.00060921211299
-123.3469536038694,41.99927711970507
-123.34430965796919,41.9993837151039
-123.24555919944511,42.00336507985588
-123.23111073165086,42.003933664205405
-123.18392097649932,42.00579069901256
-123.14573283607744,42.00876307723767
-123.12516276402135,42.00816228097236
-123.10269662734007,42.00658982604068
-123.08093561190408,42.00506672610078
-123.06287954815653,42.00482290699092
-123.04399448379017,42.003087101866036
-122.9883157962964,42.00338122706705
-122.96379828247777,42.00351055530813
-122.96166803645345,42.003518573421225
-122.89358816680999,42.003774821968065
-122.88993219143394,42.00378858284914
-122.88401451846887,42.003830411496814
-122.87551264286199,42.00389050640371
-122.87082795719863,42.00392361977716
-122.8672951633451,42.003948591085745
-122.81384209731866,42.004144611387005
-122.7536322468773,42.00418645270312
-122.71305493970853,42.00421460089107
-122.67251785189075,42.00469056072721
-122.63469277027787,42.00503952348921
-122.61540960264503,42.00559741821284
-122.54890758251884,42.00752143429523
-122.4933185107897,42.00812432824893
-122.41663489276627,42.00838266916864
-122.4034562937546,42.00876450055791
-122.37850808051137,42.00948734030018
-122.36804865520665,42.00932986819301
-122.3202903726575,42.00861084183144
-122.28974553231954,42.008102743568166
-122.28483327674749,42.00802103060004
-122.2606846724975,42.00761933024627
-122.18939941577197,42.007359251105015
-122.16350913733166,42.00726480624148
-122.14405623188185,42.00655270885808
-122.04723269590014,42.00533922451077
-122.03456175837712,42.00469616089319
-121.95742887255402,42.00348494201454
-121.95408337049871,42.00354633245325
-121.93982784900454,42.003807923283254
-121.88925382826969,42.00319376097779
-121.8892163148467,42.003193305421235
-121.8250783409978,42.00241442514812
-121.8009796743927,42.00212177528701
-121.69467896893369,42.000607896138725
-121.6806180052559,42.00041190537677
-121.60030246123429,41.99929241446828
-121.60021423201952,41.99929118466999
-121.59110564625477,41.99916422305329
-121.51952650104485,41.99832281323977
-121.51898511829565,41.9983164493064
-121.44753815359694,41.99746961741687
-121.43553119549978,41.997327282813785
-121.35664913426629,41.99649300509447
-121.3449111249244,41.99621396312012
-121.32898811195716,41.99679790944764
-121.31648641823692,41.997018038898936
-121.29730408712469,41.997355800945314
-121.25033200861097,41.9973068158159
-121.17415205051464,41.99722738816701
-121.12500704921226,41.9961242245735
-121.11123837589335,41.99587069125421
-121.08095604865014,41.99531307941912
-121.02211404720711,41.99330688500714
-120.98041608211403,41.99302176482859
-120.94020115349456,41.993490665850906
-120.87992623696853,41.99376285833563
-120.87823126272077,41.99377051258496
-120.81921664382887,41.99379408365446
-120.78616642479501,41.99380728426465
-120.68098448338762,41.99356846641649
-120.61589047958007,41.99302772130409
-120.56486347494521,41.993223923011996
-120.50843491526764,41.99351279909369
-120.48901345908486,41.993612191059356
-120.41398540716494,41.99313845140489
-120.32854036570198,41.992598938090524
-120.32853928709905,41.99259893128004
-120.3263873205366,41.992585343440744
-120.32575131953884,41.99314234585771
-120.28404528360727,41.99277038497023
-120.27692103086248,41.99289511603411
-120.27209627234507,41.992979587656365
-120.18802626069166,41.99445149427741
-120.16071126344607,41.994560403409494
-120.15941011634794,41.994565591284335
-120.0881762706933,41.99484961157719
-120.0467462101211,41.994893446091446
-119.99923427704414,41.99494371539444
-119.99934224519691,41.875295589247465
-119.99828720892614,41.74989145729029
-119.99885537333643,41.62489186553665
-119.9982803789839,41.61876383700218
-119.99889112612448,41.557814433332894
-119.99947153795628,41.499892274170065
-119.99986344272335,41.18397207918694
-119.99959699006438,41.02183461037357
-119.9993539753184,40.87309955332155
-119.9992279857643,40.86745256411511
-119.99922698867195,40.86589756710477
-119.99853570163155,40.759232384235155
-119.99847520554056,40.749897789341986
-119.99752941291672,40.72099077093869
-119.99592401131687,40.49989963134787
-119.99605092249581,40.40232486454323
-119.99615560990289,40.32183699854589
-119.9961556184865,40.32124899975629
-119.99618346110105,40.2635311187078
-119.99618447673794,40.262460120917886
-119.99691322149673,40.15715600828628
-119.99712629699002,40.126361624425805
-119.99723585376724,40.09178616258587
-119.9972364769924,40.0915894769029
-119.99717755031277,40.07724341536138
-119.99729357952698,40.07180139294088
-119.99763656829418,39.95650325065023
-119.9982953273193,39.92350426422641
-119.99973464151697,39.851404648627636
-120.00061011693509,39.78077679297131
-120.00050511380195,39.779953791793524
-120.00115469798921,39.734188950513996
-120.00132171656826,39.72241813692222
-120.00143305420173,39.67364197956309
-120.00148634942464,39.65029385283044
-120.0015194446997,39.635795162020884
-120.0015855631611,39.60682943568345
-120.0017181940856,39.54872567192761
-120.00174073102389,39.53885259219765
-120.00178797072904,39.536773278075785
-120.00184082284831,39.534446927203305
-120.00250007955293,39.505428987454245
-120.00252410607689,39.50437143428724
-120.00270298259615,39.49650403808838
-120.00271878440326,39.495809704371304
-120.0027252463761,39.49552576431225
-120.00274476980428,39.49466790188612
-120.00291707327494,39.48709685581067
-120.00346101661269,39.46319582524524
-120.00387377684004,39.445058957771465
-120.00408317134136,39.43585805020889
-120.00490192782674,39.400070201690724
-120.00516316016889,39.38865169174605
-120.00624185770447,39.34150141708254
-120.00632120748442,39.31649975690975
-120.00642643331032,39.28334487630612
-120.00643440780509,39.28083224045494
-120.00643840783209,39.27957189554708
-120.00645963826175,39.272882520510734
-120.00646180941854,39.27219842280097
-120.00607118908947,39.24627018148901
-120.00604090547255,39.244262526525745
-120.0057535887473,39.22521483829234
-120.00569942729334,39.2226136434939
-120.00568214911432,39.22178382993082
-120.00560404420672,39.21803271047145
-120.00451238091335,39.1656037344773
-120.00341067240653,39.11269229847792
-120.002469573626,39.06749440218465
-120.00102298861083,38.99957964131491
-119.95137828187991,38.96556654507607
-119.9513015352547,38.965513966671004
-119.94957962131699,38.9643342993755
-119.94207672228828,38.95919413399479
-119.93876563862136,38.95692574245355
-119.93583951485614,38.954921083571016
-119.91463311230731,38.94039279322222
-119.90558143999644,38.93419158977957
-119.90432468826668,38.93333060291147
-119.90060723363094,38.93076435432341
-119.84388785122503,38.891609660711424
-119.77917245685565,38.84693528282391
-119.69112689132147,38.786155102299574
-119.69101513776313,38.78607795569957
-119.68246140635318,38.7801730789699
-119.68223424554981,38.7800162636763
-119.67719017081224,38.7765342024093
-119.67708389647629,38.77646083838026
-119.66135773168239,38.76560465368434
-119.65664850002217,38.76235375095881
-119.6350521613666,38.74744519897342
-119.63493719261355,38.747365831146105
-119.63076022095068,38.744482289951264
-119.62586802573111,38.74110500016385
-119.61933738628191,38.73659662394558
-119.58768340482743,38.71474456138023
-119.5870703951097,38.714355560068825
-119.58544136627067,38.7132225564384
-119.55257920955712,38.69040586230331
-119.55157946524136,38.68971172515418
-119.54853189844167,38.68759575498703
-119.54852458006287,38.68759067372997
-119.54766250361787,38.686992121505554
-119.54629928804573,38.68604562113537
-119.54273432210654,38.68357041376966
-119.54089430192214,38.68229286131465
-119.49418553052907,38.6498622078884
-119.49402452789468,38.64974420499264
-119.45391178471878,38.622235060330965
-119.4506140258076,38.61997346723308
-119.45062502571704,38.6199744674061
-119.375995782629,38.566801384232626
-119.37011881312884,38.56328930786642
-119.33342505998459,38.538335867977246
-119.3300653695741,38.535952928958444
-119.32967034850348,38.53567275097334
-119.27926477442264,38.499921325545216
-119.25099113708261,38.480786833060144
-119.23496897427108,38.46900347284956
-119.15557142766475,38.41376058694402
-119.12598412580121,38.39317452108421
-119.09716300219578,38.37285715178282
-119.0823599442911,38.36127098743848
-119.03007988138818,38.32518453456488
-119.00097689782076,38.303678376855004
-118.94971168858783,38.26896833857034
-118.94967471234297,38.26894330319522
-118.92251955835924,38.24992230076819
-118.85908866129115,38.20481105147069
-118.79771515570121,38.16052415636643
-118.79767037665738,38.16049184392672
-118.77186879763708,38.1418734812324
-118.7465998434115,38.124928314018
-118.71431401625783,38.102187493464655
-118.6215928333603,38.034392355269034
-118.57196144697126,37.99993401888488
-118.50096160784,37.94902324121805
-118.42780328189335,37.89623256076525
-118.25094982440976,37.768614392466446
-118.10092514384219,37.660159972960656
-118.05219107419948,37.62492954139306
-118.03980004689724,37.61527260030547
-118.03985104671258,37.6152446005743
-117.9757778748374,37.569292793162305
-117.97544083758692,37.569039573349464
-117.90462646289245,37.51583591384703
-117.87592829503387,37.49726691714164
-117.86614621273951,37.4899446128483
-117.83272702986793,37.46492892657196
-117.71235840091661,37.37493099850853
-117.68061025693765,37.35339905955142
-117.58141762036207,37.278936253533146
-117.5408843023136,37.24993131762343
-117.50090808387023,37.220282579109856
-117.50011608137636,37.220380577837126
-117.47903334410525,37.20450466460442
-117.3759037926166,37.126845239348675
-117.28604812506862,37.05983228075241
-117.2660444356818,37.044913860754505
-117.24491537931097,37.03024815814601
-117.1659987857121,36.97122833623696
-117.13197330944976,36.945781148121775
-117.06672651040593,36.89635778192925
-117.06447436268051,36.894693104019154
-117.00089395047733,36.84769752193327
-116.92800315268718,36.792464029816884
-116.88936017302265,36.763182102491456
-116.71028530986416,36.627487974536685
-116.6146025763723,36.55498399812007
-116.5419819312523,36.49995404356317
-116.50088079115811,36.468225001780155
-116.48823184534216,36.45909905617582
-116.42230039391012,36.40768138996745
-116.38033931522699,36.37495732813107
-116.37587432984523,36.37256433398731
-116.25086871980676,36.27698112375019
-116.19733177210647,36.23564595319075
-116.12399711709462,36.17902503234995
-116.12207654022819,36.17754217034607
-116.10855799399135,36.167104602406916
-116.09721598009808,36.15834750961212
-116.09360098386807,36.15580647945065
-115.97497917783069,36.06363026787459
-115.96250617884826,36.053938074698095
-115.9128581580969,36.01535884911454
-115.89297522086937,35.99996675272243
-115.85290826385604,35.96965977620767
-115.8459841991884,35.96420723995246
-115.75825155887235,35.89512001029966
-115.75084430298473,35.88928699583037
-115.68954402688246,35.84218836127749
-115.68930315624871,35.84200329416933
-115.66900645958495,35.82651543476012
-115.6480220942566,35.80963002103079
-115.6476847877104,35.80935860191026
-115.64720379523624,35.808995606032205
-115.62738810961747,35.79384678532989
-115.62584013462896,35.792013798612125
-115.62114979784181,35.788313061039425
-115.54983092975249,35.73204160920506
-115.5008354597327,35.69338360946375
-115.41291040407759,35.6249813226685
-115.40608133057599,35.61861323152117
-115.40453931860276,35.617605215127156
-115.39399822739409,35.609344094899875
-115.3915372057725,35.607271066606685
-115.39151852615142,35.60725637168273
-115.36932895381452,35.58980023467384
-115.30374472590962,35.53820633537688
-115.27134366962922,35.512659182109516
-115.22522054973713,35.47591566336418
-115.1649049120428,35.4278657705626
-115.15994489419485,35.42306374658994
-115.1471518786951,35.41279669717225
-115.12415790525516,35.394333608780634
-115.10326499004194,35.37753252886167
-115.08400312037091,35.36339246337961
-115.04326755175849,35.330604309750456
-114.99466827233411,35.29250914162338
-114.94815622198566,35.25522649099936
-114.9476226467982,35.25479879364232
-114.92548230043845,35.23705195792379
-114.88709890213856,35.20650887367233
-114.84945484521427,35.176492155973314
-114.84903601011402,35.17615818417439
-114.82781225732006,35.1592347353032
-114.78787880177778,35.12725063606678
-114.71752203715319,35.07001354387342
-114.6753705685861,35.03582569388757
-114.65375229528557,35.018291717928605
-114.65369061474512,35.01824169055726
-114.63348643384882,35.00185463728985
-114.63180640738027,34.99862963792496
-114.62944234899678,34.991822648911345
-114.62915129426672,34.98587064944743
-114.62977034267391,34.981703481053145
-114.62990624499892,34.9807886447616
-114.63460612187853,34.9690576187083
-114.63523608300702,34.96514661481693
-114.63495202490476,34.958915615241295
-114.6322892531166,34.952724310752345
-114.63167996399113,34.95130763086187
-114.6298099097042,34.944807639467655
-114.62976789334928,34.943037639400174
-114.62975185279134,34.93868163878265
-114.63219476806535,34.93062562482404
-114.63271549869557,34.92765970052842
-114.6327657255957,34.92737362325895
-114.63276732544257,34.92736451101287
-114.6332517072162,34.92460561835418
-114.63325039259405,34.92432861831541
-114.633246472089,34.923502540519365
-114.63324617343066,34.923439611194254
-114.63323567547235,34.92122761788134
-114.63055059906611,34.91184963031124
-114.63062367647584,34.9108176359524
-114.63087555470021,34.90726062787656
-114.63542341961413,34.89518960216996
-114.63672335541158,34.88910459435632
-114.63676632284047,34.8857025935585
-114.63517422967587,34.8750006001052
-114.63512457787371,34.87486846913237
-114.63438021401147,34.872887603918926
-114.63068017312206,34.86634962227427
-114.63031267251007,34.865989155439514
-114.62393715051834,34.85973565668015
-114.61987614818234,34.85687067761598
-114.60425317714152,34.84957075888959
-114.60235239552605,34.84840349159691
-114.60065118015514,34.84735877759501
-114.59862985300043,34.84584947888946
-114.5985523126473,34.845791580513854
-114.59233717954493,34.84115082070456
-114.59172253014715,34.84053796473866
-114.58684016938292,34.83566984911276
-114.58112412952912,34.82611287830758
-114.57645007537248,34.81529790196165
-114.5750281595627,34.80808360381099
-114.57456701347621,34.80574391100046
-114.57100795038131,34.7942919288295
-114.56592134620452,34.78587730469477
-114.56151323952031,34.77858509663196
-114.55865089177036,34.77384999302845
-114.55267988933682,34.7668690244694
-114.5468819012707,34.76180005520656
-114.54030392405106,34.75710709022317
-114.52961297350637,34.75082014734721
-114.52261701459878,34.743728208693625
-114.52104602301608,34.74117122695722
-114.51661705438198,34.73674326816067
-114.49585619007513,34.72795441212709
-114.49096917632626,34.72484644493427
-114.48775641858798,34.717218665640026
-114.48750615741743,34.716624491742415
-114.48668787416548,34.71625852821488
-114.4851901407018,34.715588691921724
-114.48480894318452,34.715418207695
-114.48277714438399,34.71450951959841
-114.47368012441453,34.713962559305934
-114.47161811837853,34.71296457166196
-114.47047511320955,34.71136658251559
-114.46861810260656,34.707571604702494
-114.46808809128947,34.701784629033604
-114.46524406582022,34.69120068097285
-114.46217604844809,34.68579871380245
-114.45534401401876,34.676840774733925
-114.45430300034516,34.67123279990725
-114.45152998760469,34.66860382058808
-114.45050398124248,34.666834831197406
-114.4510119788058,34.664909836424336
-114.45718298667889,34.659990831063155
-114.45817998554452,34.657883835184165
-114.45702597910582,34.65626484572197
-114.45254496054393,34.65349287328169
-114.44954694749178,34.6514218924565
-114.44427392151644,34.646540930615465
-114.44146290436423,34.64252895605357
-114.4402918914971,34.63823897626671
-114.44152288110223,34.631527996440056
-114.44139587778972,34.63017000192277
-114.43898830839541,34.62227829231517
-114.43873685011735,34.62145404380191
-114.42864579989637,34.614640105345806
-114.4241997743316,34.61045213650678
-114.42432375549757,34.60233716529638
-114.42749975995214,34.599226165273805
-114.43636078764092,34.596796142847154
-114.43646378495062,34.59539914760491
-114.43438377076627,34.592571165254085
-114.4223796963633,34.58071024989787
-114.40522559857932,34.569636347710166
-114.39960690155277,34.56005143673189
-114.38960045730647,34.54298149180184
-114.38222636708464,34.53182755393788
-114.38083537795593,34.52972356502051
-114.38032615527445,34.52715258733933
-114.37822032563018,34.51652061773978
-114.37812129716244,34.50728764910171
-114.37969338758455,34.50342888083057
-114.38139929560506,34.49924166462027
-114.38235531740648,34.495756665972834
-114.38303535399021,34.4889026723271
-114.38155240036266,34.477882689920484
-114.38168161326142,34.4762517077199
-114.38169841001076,34.47603969174035
-114.38352244566018,34.47040469362346
-114.38718450201654,34.46202069436931
-114.3874045102264,34.460491695737744
-114.38669651946229,34.457910700829785
-114.37884952319659,34.45037572979956
-114.37578652351588,34.44779774034162
-114.37371651947963,34.44693774637976
-114.36340147360359,34.44777277072839
-114.35602243314027,34.44974378698876
-114.3426123687532,34.45144181882336
-114.33962435649134,34.45143482627265
-114.33536934712852,34.45003783785245
-114.3329883489118,34.44808184506832
-114.33066635606004,34.445294852578755
-114.32648467631945,34.4378840593507
-114.32612738647629,34.43725086840927
-114.31905136822736,34.435830885682314
-114.31224836208098,34.43272590286189
-114.30101335906154,34.42680693047982
-114.29483337305298,34.421388945609415
-114.29222338946448,34.41760595212218
-114.29174843175699,34.411103954587944
-114.29021644583477,34.4082909583127
-114.28866045221102,34.40662296177285
-114.28679945509812,34.40533996571557
-114.28010544936352,34.403146979230996
-114.267518415104,34.40248600391613
-114.26431441368602,34.4013290100958
-114.2527364632308,34.39010003032536
-114.24864647031578,34.38811303256338
-114.24525848797563,34.38565902631733
-114.234272550414,34.376662006495145
-114.2296836040361,34.368907998006236
-114.2261046230417,34.3659159919737
-114.21377163801336,34.36245997234411
-114.19947963395944,34.36137295006426
-114.19326795970444,34.35748655872835
-114.1910916607202,34.35612493738971
-114.18555366654851,34.3543859290983
-114.18114267593386,34.352185922664695
-114.17690668923257,34.349305916690795
-114.17284271089454,34.34497891133534
-114.1688047385863,34.33951290641002
-114.15720384669746,34.31786189498298
-114.14092788228322,34.305918877242476
-114.13827989123041,34.303229874801126
-114.13816490308737,34.300935875444296
-114.1395319329166,34.295843878857845
-114.1383629687586,34.28856387992594
-114.13604800373851,34.28083287993126
-114.13704302624797,34.27701788239835
-114.1366690391172,34.274376882906104
-114.13476606222711,34.26896488275104
-114.13120908437301,34.262729881274055
-114.13148709719445,34.26038688245031
-114.1332621123533,34.25846188499816
-114.13544812186393,34.25788588744632
-114.14477714035267,34.25962289645083
-114.15334417310515,34.25828890564362
-114.15685118284462,34.25841490920675
-114.16241719362068,34.25941791469567
-114.16462620259466,34.25899891705927
-114.16480621337645,34.257241917606756
-114.16386523318002,34.25334891746913
-114.16653426074791,34.24964692114189
-114.17459528413805,34.2473029311297
-114.17590428678494,34.24558693389421
-114.17594628439444,34.24269493648378
-114.17640128481322,34.241511937935456
-114.17804828873248,34.239968940742564
-114.17826863023245,34.23981242101661
-114.19087432230872,34.230857958743215
-114.20825136704443,34.21550498111131
-114.2117593757006,34.21153898543892
-114.21545238607193,34.20895598891725
-114.22338240977963,34.20513599503717
-114.22519241480377,34.20364199659357
-114.22585941577282,34.20177399766149
-114.22493940735514,34.19389600030839
-114.22703241106109,34.18886600307737
-114.22902199719557,34.187427807141674
-114.22971341889753,34.186928004754115
-114.2407104540891,34.18323200953893
-114.24418946382478,34.17962501137999
-114.2541394798771,34.173831015638825
-114.26826547585961,34.170210022841154
-114.27526547604322,34.172150025335036
-114.28729247346014,34.17052903148374
-114.29280447046477,34.16672503610401
-114.29867129733859,34.16008735812319
-114.29902274723818,34.15968973072143
-114.29903063741281,34.15968080384538
-114.30218646288135,34.156110330091046
-114.31220445471837,34.144776061767764
-114.32077544981038,34.13863507277257
-114.3245744481325,34.13675907725016
-114.33167626460234,34.13508212924081
-114.33611044480519,34.13403508882605
-114.34805044330967,34.134458097964604
-114.35302944176611,34.133121103436046
-114.35637143963412,34.13042910923793
-114.36040043485431,34.123577120732676
-114.36651943087368,34.118575132467505
-114.36929542980464,34.117517136444164
-114.37923242735519,34.11598814805533
-114.39056342197308,34.11008416775786
-114.40135042128976,34.11165217639237
-114.40593942051581,34.11154018122659
-114.40799416243898,34.11100000883803
-114.4101104550339,34.11044365537666
-114.41167941869047,34.110031189570606
-114.41590641653782,34.107636198012244
-114.42049741320696,34.10346621014418
-114.42616640827475,34.097042227923005
-114.4280244052976,34.09278723781606
-114.43337840168007,34.08841325238716
-114.4341794008975,34.08737925531877
-114.43432291304374,34.08649932174969
-114.43542739585334,34.079727271346286
-114.43768139054986,34.07193728921278
-114.43933838136992,34.05789331859972
-114.4394043787694,34.053810326577555
-114.43860037662122,34.05020533225226
-114.43550237234861,34.04261534168273
-114.43494736938788,34.03778434987695
-114.4361693630307,34.028083370387186
-114.43826435918751,34.02260938466287
-114.44053835669713,34.01932939523901
-114.44381935409984,34.01617640763315
-114.45020435064284,34.012574427164864
-114.45480534877537,34.0109684394551
-114.46333434803906,34.0122594534095
-114.4645233476437,34.01198245632813
-114.46586534675916,34.010987461116315
-114.4674023442047,34.00745047188874
-114.46730834277001,34.005190476655386
-114.46627834212265,34.00388547742629
-114.46096334142385,34.00125547225048
-114.45918234096258,34.00001647121401
-114.45817362932902,33.998103569761504
-114.45802434304885,33.997820466106695
-114.45862734490174,33.99555546445712
-114.46011834610593,33.99388846528859
-114.46225334615798,33.99344246892064
-114.46618534551715,33.99346547670211
-114.46793034577462,33.99287747931641
-114.47113634972892,33.98804047859411
-114.4759053524947,33.98442448212888
-114.48145335489569,33.98126148728386
-114.48233135585181,33.980181487119324
-114.4830953581467,33.97774548452579
-114.48478236018036,33.97551948380218
-114.4950453682825,33.966835485786696
-114.49988137337209,33.9617894840512
-114.50956636625116,33.95726443744126
-114.51122936443164,33.95704043040165
-114.5158583575317,33.958106413574804
-114.52200035266068,33.95562338516192
-114.52867835322989,33.94781734779079
-114.53547636010978,33.93465130493292
-114.53576336787309,33.927604294987795
-114.53457037180132,33.92537929631541
-114.533680580344,33.9251340919311
-114.52838338083343,33.92367431541463
-114.52535938586301,33.92227232380195
-114.51843239899034,33.91751834007588
-114.51150941373248,33.91109235242965
-114.50855642235922,33.90609835336222
-114.50791842550926,33.90380735139777
-114.50798642756989,33.90181334773302
-114.50870642804908,33.90064034350373
-114.51094242730017,33.89909933408652
-114.51371342556278,33.89795932383611
-114.51634242279236,33.897918315865105
-114.52294141215032,33.90113130078014
-114.52505140930106,33.901641295058766
-114.52587040912528,33.90100829163963
-114.524780416316,33.895630287181866
-114.52363241975883,33.893638287664444
-114.51611043593002,33.88613229776414
-114.51013644789163,33.88077730545684
-114.50433845794629,33.876882314226776
-114.50339346087266,33.8750183133599
-114.50301546866842,33.867998301603514
-114.50388547018694,33.86575429538511
-114.50563647004458,33.86427628845206
-114.51467146737767,33.858638257284845
-114.51680946589482,33.858120251453066
-114.52362345721376,33.86005423837957
-114.52790845436533,33.85892022664967
-114.52949332864542,33.85687522207908
-114.53060545572595,33.85544021561485
-114.53054425680526,33.85499321652554
-114.52959546503585,33.84806320783918
-114.52553747939234,33.83861420305894
-114.5234074849811,33.83532320248854
-114.52046349595389,33.827778196751815
-114.51996849903283,33.825381193987326
-114.5207315020809,33.8220311875445
-114.52271250378236,33.81897917959553
-114.52715950315587,33.81619116821783
-114.5280485037953,33.814963165058785
-114.52009252755226,33.799473154182984
-114.51673254239844,33.78834514107479
-114.5070875715217,33.7679301165838
-114.50486158100705,33.76046510507448
-114.50482843550334,33.760206275853335
-114.5043385856921,33.75638109811006
-114.50448159130538,33.75099808838009
-114.50599859559631,33.74634409622388
-114.50820459978024,33.741587108414066
-114.5119126602838,33.73498657204567
-114.51234660616231,33.734214126303314
-114.51026360973543,33.73214613354633
-114.50679761344627,33.73051814068317
-114.50417461760726,33.72805514970557
-114.50265962228586,33.72458416090106
-114.50078662583294,33.72220416935595
-114.49656362573951,33.71915518317458
-114.49489962897401,33.714430198789614
-114.49419563515444,33.70792221825351
-114.49571764723456,33.698454243775
-114.49648764989257,33.69690124745782
-114.5049916573795,33.693022249231184
-114.5098597048564,33.691880067210825
-114.5124076575777,33.6912822451837
-114.51911165944982,33.68847324458291
-114.52395766168637,33.68587924535016
-114.52778066507298,33.68268424871249
-114.53034666915369,33.679245254112224
-114.53103657049614,33.67681623045309
-114.53152167447371,33.675108263024185
-114.53212168161389,33.66970227587423
-114.53026568559534,33.666821285975956
-114.52643768968393,33.66388029940796
-114.52066969149024,33.66268131152357
-114.51973770940897,33.66273263862859
-114.5171106914049,33.66287731654254
-114.5153346925137,33.662033321616605
-114.51405569480697,33.660179328720346
-114.51455769742049,33.65801433386362
-114.51833569996424,33.65592733339237
-114.52516169996981,33.655939322161686
-114.53058170194367,33.65446131704188
-114.53319270573908,33.651660319772645
-114.53321371005958,33.648443327845435
-114.52954771589398,33.643861345939506
-114.52854527487206,33.64309124268923
-114.52539271964609,33.64066936170269
-114.5248608879411,33.63867532368
-114.52380072709772,33.63470038032462
-114.52636873323641,33.63025938701546
-114.53030973556707,33.629037382458655
-114.53108373720399,33.62791538379573
-114.53121374254803,33.623913393721644
-114.5290787449606,33.62171140370366
-114.52773374886182,33.6184734148365
-114.52236575290107,33.61417243745558
-114.5220697564778,33.6112774457732
-114.52678076112784,33.60883144187453
-114.52918476478888,33.60665044217473
-114.53061195561985,33.6047479429274
-114.53074607368691,33.60456915848164
-114.53269855149271,33.60196643184524
-114.54061578997924,33.59141245371691
-114.54029880486564,33.580615480778086
-114.53596381819456,33.569154520315585
-114.53577547814011,33.56892550965601
-114.53566281851,33.568788522034474
-114.52683282784297,33.55746657515475
-114.52438983101368,33.553683591983656
-114.52459783302486,33.55223159519706
-114.54200985930073,33.54248156851661
-114.55889688887035,33.53181954141814
-114.55950589106716,33.53072454192687
-114.56083390203132,33.52433455174215
-114.56055091106246,33.51827256594433
-114.56096191381033,33.516739567944946
-114.56953193411158,33.50921955525323
-114.57375594114889,33.50754354429863
-114.58046694988381,33.5064655234488
-114.58823796489078,33.50245350423059
-114.59155297011966,33.49944349508517
-114.59728193551867,33.490653440907906
-114.5987574941512,33.48680478113701
-114.59971190887103,33.484315406878814
-114.60169489763584,33.48139438747418
-114.60784187459217,33.474834335729696
-114.61247086146406,33.470768299096946
-114.62291680956773,33.45656118998872
-114.62339380077337,33.45449017835186
-114.62228176787013,33.447558152250764
-114.62712371084277,33.433554063543944
-114.62963868982533,33.42813802482285
-114.6351816731904,33.42272596865667
-114.64101064149276,33.4184318977621
-114.64330065794253,33.416744893421075
-114.64953865307042,33.41363284165175
-114.65282665467095,33.41292181889831
-114.65838066319567,33.41303578737081
-114.67389970839447,33.418298728474134
-114.68795172686745,33.41794364689361
-114.69565372589182,33.41512658518337
-114.6965027225864,33.41405857341763
-114.69680371466849,33.412086558927996
-114.69770571112997,33.41094154625328
-114.70173070621361,33.408387505895305
-114.71087671486129,33.40725344411451
-114.7200637309851,33.40789039407996
-114.7238277308931,33.4065303620374
-114.72528072692432,33.40504734268596
-114.72553372321451,33.40405533400697
-114.72529071579723,33.40234132310561
-114.72287069748934,33.39877831230684
-114.71360063972496,33.38825629671121
-114.70840661448379,33.38414630229494
-114.70730860603966,33.38254129865412
-114.70700759756708,33.38063328778426
-114.70734658131093,33.37662725851748
-114.69905150267184,33.36114721336401
-114.6981684818669,33.35657418992673
-114.6980334641584,33.352441164039256
-114.70093640400258,33.33701304117629
-114.70523937272743,33.327765945868336
-114.70796035940903,33.3234198946759
-114.71079035278736,33.32060585243677
-114.72362134116521,33.31210868625677
-114.72990232676442,33.30574358665302
-114.73122032226848,33.304037562757564
-114.73122131570108,33.30243255092187
-114.72325724133972,33.288077517247885
-114.72166823369267,33.28698052382517
-114.71787321866859,33.28515554548302
-114.71119519792308,33.28334059403233
-114.7028711754453,33.28191466097872
-114.69444714968223,33.27978472496075
-114.68436111345194,33.276023795362676
-114.68050509517225,33.27357581669897
-114.6770300734484,33.27016882920311
-114.67239902197593,33.260468816747085
-114.67208601277893,33.258497808331526
-114.67448900522413,33.255595767637224
-114.68820302138904,33.24796458695328
-114.6895390328604,33.24642656608372
-114.6894190391948,33.24524856155684
-114.68272908165218,33.23491657732821
-114.67809509622276,33.23029859996053
-114.67447711369074,33.22550261126422
-114.67362412451976,33.22311960753848
-114.6737131457,33.219243587086986
-114.67607019728378,33.2108335220244
-114.67874724460977,33.2034464595198
-114.67817626418713,33.199582445619335
-114.67518831793697,33.188177416389934
-114.67535833302504,33.18548740126998
-114.67582935595436,33.18151837695196
-114.67903240248475,33.17473631359698
-114.68024643370295,33.16971527753417
-114.67872746603939,33.162946257524936
-114.67935748681043,33.15951723476831
-114.68225151980934,33.155212187560736
-114.68448756637102,33.1481191327532
-114.68707260800534,33.14219408099876
-114.68999364214461,33.1378810345313
-114.69682770377193,33.13120694331758
-114.70368082867074,33.113766802571725
-114.70617388693672,33.10533274235738
-114.70789493956316,33.097429691438315
-114.70781797608967,33.091099662707755
-114.70648698780057,33.088157659818535
-114.70472898707045,33.08704866884101
-114.70116397646004,33.08636569438201
-114.69462695056735,33.086223746390324
-114.69254694454867,33.08578376102938
-114.68901893990281,33.08403378092355
-114.68859594468391,33.082866778635164
-114.68930596826216,33.079176754995984
-114.68911898458207,33.076119741611976
-114.68699000431738,33.0709667332998
-114.67429502484426,33.05716876362101
-114.67510308072056,33.0475297088504
-114.67365810461746,33.04189469133654
-114.67080211245317,33.03798169290049
-114.66505910727949,33.03390571478577
-114.66231610086815,33.03266872872297
-114.65983108914692,33.032662747098726
-114.65782607361203,33.033822768035975
-114.65503704344677,33.03710480606393
-114.64899996586212,33.04676090280268
-114.64597894122576,33.04890093723329
-114.64162093154565,33.04689395944942
-114.63955193013565,33.04528896635588
-114.63418893649714,33.03902297222932
-114.62829194782573,33.031049971672914
-114.62578594373387,33.02943398107846
-114.6187869209675,33.027200019865774
-114.60101284386342,33.02540813970121
-114.58977678614391,33.026226226905756
-114.5869807695736,33.02694325177678
-114.58476375335576,33.02822927593372
-114.5814027187363,33.032543327290014
-114.57828569193073,33.03537336795818
-114.57515967231916,33.036540398511725
-114.57165165554865,33.036622425177725
-114.55318757959422,33.033972545558505
-114.53845751224812,33.03342065120388
-114.52357645087174,33.03095974463865
-114.52012843797381,33.029982763345664
-114.51687597107575,33.02783104996268
-114.51489842517687,33.02652277774892
-114.51134141869896,33.02345378226296
-114.50612841533916,33.01700877459131
-114.5028694189597,33.01115175634682
-114.49979542883048,33.00390372585008
-114.49731342063278,32.99147267830318
-114.49571039143751,32.98007464442171
-114.49421037701359,32.97426063060018
-114.49293637127914,32.97177962786189
-114.4901273680972,32.96988363484936
-114.4886233692331,32.969944642476584
-114.48131337950633,32.97206268591537
-114.48041538426321,32.97366369592606
-114.476154390898,32.975166721976116
-114.47098639131895,32.974058743405145
-114.47062381148001,32.97373039499331
-114.46903738800374,32.9722937469354
-114.4676623748645,32.96685973528015
-114.46748418550507,32.964047902112235
-114.46727035916302,32.960673716298366
-114.46772834762443,32.956321699266034
-114.4691113372522,32.95267167987809
-114.47083132742405,32.94933165973446
-114.47404031433314,32.945148628929694
-114.47845429924425,32.940553590199045
-114.48073828839622,32.93702556598466
-114.48091828363059,32.935250558823164
-114.47900326687936,32.92828954457412
-114.47663825651051,32.92362654094441
-114.47371125085026,32.920592546143176
-114.46444623870802,32.91312757083151
-114.4636482356097,32.911680570322716
-114.46292722656892,32.90794256175444
-114.46312521083684,32.90188254039722
-114.46529140796294,32.88307930470104
-114.4657131508797,32.8794184503977
-114.46571315028974,32.879189449626324
-114.4655441391478,32.87480743584298
-114.468969059555,32.84515331528765
-114.4758900362701,32.83869225107645
-114.48928987314618,32.82736428944198
-114.48929429743401,32.827360549234626
-114.49003831912312,32.82673156766359
-114.49006562625257,32.826708482743115
-114.49411397821193,32.823286083975276
-114.49628197352342,32.822324066932616
-114.4968249724375,32.82211706278205
-114.50157920947036,32.82009247825075
-114.51021496805515,32.81641496126193
-114.51538696030433,32.81143691267337
-114.51975594816716,32.80567386631331
-114.52038294243172,32.80357485515849
-114.52202893832917,32.801672838751756
-114.52884692811985,32.79630477998885
-114.530752920656,32.79348275901586
-114.53166691387017,32.79118274567428
-114.53174388523249,32.78250071491071
-114.53242986716344,32.77692069150693
-114.53182885803665,32.77426168565611
-114.52844083372294,32.76727368042038
-114.52736912775255,32.7603978707702
-114.52685380051967,32.75709165355159
-114.5390908017971,32.756946584563075
-114.5392217781454,32.74980955965221
-114.5514997389647,32.74968390297216
-114.55151214946284,32.749683775959035
-114.56444477842699,32.74955141917251
-114.56450578898135,32.742295409618144
-114.58173378632554,32.74231831325714
-114.58178179452065,32.73494330296807
-114.58310090057594,32.73492494673501
-114.58316794101093,32.734924013823
-114.61269478551084,32.73451312818782
-114.61476978506967,32.734086115842636
-114.61573078681438,32.72942410327849
-114.61561059178321,32.72862740193819
-114.61558278730848,32.72844310261323
-114.61566701501118,32.728437029754076
-114.61837078619509,32.728242086505006
-114.62432734735341,32.72932449859732
-114.62449419277299,32.72935481734954
-114.62450624480749,32.72935700741657
-114.63268377975442,32.73084300960357
-114.63500359775132,32.73111086371104
-114.64600777494323,32.732381443633514
-114.64610009331568,32.732392103028786
-114.6503690351489,32.73288500967034
-114.65825777123685,32.73379587018282
-114.65883777106347,32.733826866966744
-114.6654854888671,32.73413105943075
-114.6674907685223,32.73422281888855
-114.67708876706904,32.736214768470276
-114.67862976696783,32.736610760535065
-114.6842757663184,32.73753373052015
-114.68877676534564,32.73767170548994
-114.69878777155618,32.744842663290335
-114.70074077231719,32.74561365390706
-114.70191577212753,32.74554464721653
-114.70571476645888,32.74157761811038
-114.7145197479907,32.73038654598241
-114.71578574343462,32.72775453343498
-114.71766273295499,32.72165051024163
-114.719630727165,32.718759493048154
-114.72651017593195,32.71829244487516
-114.73680574589238,32.71759347496663
-114.98361554532914,32.70083871479764
-115.00079986989827,32.69967216126927
-115.33150638407473,32.67647394285963
-115.33554856236026,32.676190403713946
-115.3700772763669,32.673768381491286
-115.46516216855507,32.66709862819984
-115.46539677807006,32.66708097849214
-115.47408975690392,32.66642700438343
-115.48255626502481,32.665790067597555
-115.49044824075678,32.66519635288526
-115.49676234316897,32.66472134179469
-115.49913707075913,32.6645426905849
-115.53105237337435,32.66214155198979
-115.53347805409096,32.66195905626981
-115.66221062277702,32.652273875564966
-115.69199443438725,32.650033092231254
-115.85100140015722,32.63806989412534
-116.04661972032365,32.62335212047906
-116.10617515791884,32.618641074728124
-116.115426890325,32.61790923015252
-116.12584791656901,32.61667224677184
-116.15736217804023,32.614324226054194
-116.20900418773206,32.61047655623254
-116.21103312958319,32.6103253867315
-116.27095850945706,32.605493263389654
-116.38977890009242,32.59591214004781
-116.41714450869533,32.59370550489066
-116.43941892981249,32.59190939941436
-116.45720913437516,32.590474880285754
-116.53559707440968,32.58415402158435
-116.54064378022487,32.58374707585354
-116.62705082945821,32.576261230644384
-116.69077209006782,32.571054630007495
-116.7573391430498,32.565615503105
-116.82222654840865,32.56031360548098
-116.85315745735967,32.55778626534492
-116.85715484348341,32.55745964205989
-116.89282329754658,32.554088601965965
-116.92796745641057,32.55076711277565
-116.9280558164505,32.55075876183066
-116.9459568083787,32.55005879133456
-117.02635877065015,32.54245794203602
-117.02988691059866,32.542205946933905
-117.03998417199743,32.54148475661081
-117.06263310125414,32.53986707162284
-117.06275973933403,32.539858026580895
-117.06673475362376,32.53950418756081
-117.11888096608371,32.534862351720925
-117.12366869272327,32.53443616851551
-117.12588863699578,32.55108016896273
-117.12863262025806,32.55532017408076
-117.13306457792882,32.56678718101724
-117.13249454689928,32.57654817694183
-117.13247738320182,32.5795731760449
-117.13245256861602,32.58394659857643
-117.13244303922512,32.58562609679241
-117.13237848059609,32.59700417087734
-117.13361825149578,32.60543266934299
-117.13416456085967,32.60914671678852
-117.13469342610107,32.61274217168616
-117.13470052996341,32.61276986308316
-117.13622545587712,32.618714140693115
-117.13727052910872,32.622787916144915
-117.13772338296883,32.62455317521093
-117.13873564573606,32.626795247638334
-117.14330052196328,32.636906045084146
-117.14341016196599,32.63714888801429
-117.14752829566056,32.6462701912
-117.16071920785672,32.66568121533446
-117.17207005483905,32.674174023496036
-117.17703092526538,32.677885792626505
-117.18104111873586,32.680886256569366
-117.18847376118651,32.68439925876542
-117.19310307613142,32.68658728195055
-117.19353061921744,32.68661573626222
-117.19501919707838,32.686714805712256
-117.20420736552228,32.687326306674855
-117.21265203479523,32.687888325473025
-117.22352603018034,32.683687351246974
-117.22375831732492,32.683462008317086
-117.23623905383845,32.67135438383432
-117.2372940667697,32.66749038746728
-117.24312806789145,32.66454140158729
-117.24631902432508,32.67432440557213
-117.25458991458981,32.70024940918788
-117.25543460053402,32.70756091417231
-117.25609143590832,32.713246405581515
-117.25630585645222,32.715102405042906
-117.25544385391116,32.71583040413938
-117.25684383862657,32.719671403698946
-117.25748681688472,32.72525540199737
-117.25684112041382,32.72590575638064
-117.25540880932355,32.72734839985103
-117.25662779211562,32.731722398978455
-117.25588077735823,32.735579397080194
-117.25550411901352,32.736727747185576
-117.2552867704631,32.737390396064946
-117.25517053798634,32.740232700573664
-117.25511960176097,32.741478275488184
-117.25507467062776,32.74257700417501
-117.25506423867112,32.74283210324201
-117.25502574578225,32.743773393571914
-117.25531974318201,32.744433393481806
-117.25470344696129,32.74650652516237
-117.25463273432365,32.746744392283965
-117.25425395075999,32.74699470833577
-117.25423343173209,32.74700826816953
-117.25353763767382,32.74746807804113
-117.2532587309786,32.747652391274265
-117.25204871933694,32.751201387185745
-117.25223669125664,32.75274188805254
-117.25241211887273,32.754179583586236
-117.25301424067796,32.75911419888027
-117.25322669793046,32.760855366119515
-117.25324608041174,32.76344748361278
-117.25325748765373,32.76497303180977
-117.25327695722122,32.76757679554103
-117.25330269225056,32.77101847107182
-117.25337465432128,32.780642321852696
-117.25362709460654,32.781852948544696
-117.25414032684476,32.784314253923824
-117.25455046097792,32.786281132159566
-117.25544820834305,32.790586454577635
-117.25609062596924,32.7936672933323
-117.25721329375153,32.7961774871735
-117.25727024787776,32.796304831964
-117.25932274603814,32.80089405062876
-117.25981711000014,32.80199940812129
-117.26008360714083,32.80259527397968
-117.26222734533994,32.805096211107674
-117.26399659804642,32.807160264256055
-117.26530659651074,32.808003262537035
-117.26721059757011,32.80769126357526
-117.26886759513746,32.80900126080965
-117.26975759058622,32.81124525572856
-117.27162681777104,32.813340575722385
-117.2717067322727,32.81343015629889
-117.27235358506603,32.81415524929946
-117.27316958508966,32.81423824921331
-117.2736015820571,32.815738245747674
-117.27287057969862,32.81677624322278
-117.27375657709928,32.81812824015179
-117.27465057616516,32.81868923893102
-117.27600257653869,32.818683239092294
-117.2805755710611,32.821946231804574
-117.27967856265214,32.82590822228842
-117.27979759679549,32.826282608775855
-117.28121247245997,32.83073267913601
-117.28188254914828,32.83284020585492
-117.2812165408889,32.836758196471244
-117.28176111229935,32.83835248729043
-117.28216953553577,32.83954818980203
-117.28116952797959,32.84304818144289
-117.2790895243569,32.84440017827285
-117.27875174164119,32.84514978665768
-117.27809051936612,32.846617173041516
-117.2749395105366,32.850216164691474
-117.27286350890728,32.85055616401893
-117.26738051068487,32.84857616894243
-117.2663002938945,32.84863251175078
-117.2644855091092,32.848727168743544
-117.26066949897374,32.85264816000484
-117.256169482047,32.85944814499783
-117.25490981255372,32.86361872912267
-117.25166944685849,32.87434711224836
-117.25131343729772,32.87857110289934
-117.25276142527174,32.884413089523875
-117.25367838308387,32.90383604575595
-117.25864936023731,32.916032016362784
-117.25939023006627,32.921594247266775
-117.26027583824849,32.9282431302864
-117.2611532194329,32.934830246903715
-117.26171321202554,32.939034504222846
-117.26174791867385,32.93929507137592
-117.26180531167712,32.93972596090942
-117.26802228029429,32.95725791690362
-117.2690912558413,32.96933388815631
-117.27055734212718,32.97468476949419
-117.27096970021682,32.97618978261904
-117.27155216773095,32.97831565635044
-117.27205202860891,32.980140034630445
-117.2749367918683,32.99066876212946
-117.27754820229629,33.000199809286386
-117.27763879688953,33.000712541341606
-117.27885594733122,33.00760116497693
-117.27952323910765,33.01137779096409
-117.28076593377172,33.01443365271056
-117.28184525947074,33.0170877802452
-117.28933830840903,33.03016475286876
-117.29041901337256,33.03191698491139
-117.29169432279815,33.033984744481955
-117.29402133068027,33.03568373935291
-117.29447694355152,33.03624056654341
-117.29577233920156,33.037823734102105
-117.29762936304547,33.04500672066996
-117.29877969099313,33.04811088216929
-117.30034479322639,33.05233431265309
-117.30375941971089,33.06154868689795
-117.30513406588264,33.06464940732098
-117.30944463205152,33.074372535259414
-117.30984146733569,33.075267656710906
-117.3113656845854,33.081970210933754
-117.31206303014993,33.08503670065397
-117.31250350500487,33.08697363363841
-117.31270609987374,33.08737736122234
-117.31273147682231,33.087427931970055
-117.3128896503967,33.087743137558355
-117.31583752814849,33.093617617829274
-117.32125381127078,33.10582695098098
-117.32316975051653,33.110145842759174
-117.3282078624834,33.12150270622881
-117.32835862355945,33.12184255039447
-117.33668566158491,33.132248518482214
-117.3419146983298,33.14331348957101
-117.34356681710959,33.14541753037216
-117.34525636275463,33.14756923580186
-117.34933914743355,33.15276882888221
-117.3494350271914,33.152890935670065
-117.35094512569378,33.15481410777956
-117.35847477282698,33.164403420697454
-117.35865721630002,33.16461545814183
-117.36589026331187,33.173021770244134
-117.36911968372036,33.17677503150526
-117.37986562179411,33.189264056336945
-117.38037258255396,33.18985325062591
-117.38790990501845,33.198613193425736
-117.3914799053611,33.20276227926788
-117.39695780929965,33.20760099164427
-117.39700792264266,33.207645257489446
-117.3994529221545,33.20684825419421
-117.39968091963951,33.20587025585643
-117.40238458781732,33.205604902017505
-117.40285992100365,33.20555825003394
-117.40300992297965,33.20624524821758
-117.4057699329531,33.20921023599941
-117.40569194549617,33.21384722590001
-117.40397294934714,33.21568822544245
-117.43143312902365,33.25055201744975
-117.43639711027642,33.25685441099617
-117.44558305662814,33.268517116200464
-117.4697940685874,33.29641717198962
-117.50591908274403,33.333253285232885
-117.54783391347054,33.36487844008474
-117.5603958605851,33.37051946786842
-117.56899582355715,33.37529648951894
-117.57172181093966,33.37898850409991
-117.57517679595068,33.38052251106809
-117.58039877394789,33.38093951470244
-117.58212576637312,33.38177251834469
-117.58772074244774,33.38284852433761
-117.59404271443438,33.38585853712366
-117.59599573670542,33.387788978837015
-117.59646270301532,33.38825054614798
-117.60031468196385,33.39715757748185
-117.60678452653059,33.40480247035049
-117.61249462097717,33.41154962776422
-117.6198990673646,33.41954496658257
-117.62216957162589,33.42199666244271
-117.62727054624493,33.42587067490565
-117.63153252374806,33.43061368973204
-117.63163396903123,33.430692750201445
-117.6337766431547,33.432362624002735
-117.64259446712406,33.43923471551132
-117.64483706322625,33.44035639767245
-117.6454283677171,33.4406521511911
-117.64558145231156,33.4407287197072
-117.64558992801066,33.44073518799284
-117.64571572106048,33.44083118779218
-117.65068755944708,33.44462547911795
-117.65269141521337,33.44615473485103
-117.65806638747965,33.449550743833186
-117.66358835973442,33.45198174974494
-117.6699133967776,33.455933959810096
-117.67338430830333,33.45810276463359
-117.67648116934691,33.45958310752523
-117.67911136211859,33.46084037641628
-117.6810242688371,33.461754772529844
-117.68426346630804,33.46191222745955
-117.68458325195809,33.46192777199672
-117.6894192295618,33.46165876994069
-117.68993223133828,33.45784675987178
-117.69198322312076,33.45662775621571
-117.69135222857358,33.45435575047515
-117.69138322879135,33.45402874962101
-117.6946922116533,33.45560475295695
-117.70467416250837,33.45787875633497
-117.70709214832416,33.4602857616571
-117.70854914108403,33.46063076211309
-117.70965113628628,33.46033276109071
-117.71336966243467,33.46001969770673
-117.71461611356362,33.459914758767106
-117.71534810933144,33.460556760107394
-117.71565610648037,33.46167576269336
-117.71568710509868,33.462657765026385
-117.71478210859084,33.4632627667328
-117.71510110558383,33.46446376950968
-117.71844685150816,33.46983634392323
-117.72036206993161,33.472911787730865
-117.72151206346408,33.473677789089734
-117.7214260619858,33.47513579252783
-117.72384110947175,33.4790942337111
-117.72532867460339,33.48153246283762
-117.72535743022172,33.48157959541937
-117.7264067599966,33.48329952443338
-117.72648502682767,33.48342780955161
-117.73226059183551,33.48484387601284
-117.73369598959415,33.485195810155794
-117.73423998636385,33.485630810864116
-117.7336249873535,33.48707981439433
-117.73529397647815,33.48909181803087
-117.73784896345578,33.48951981766377
-117.73957094645634,33.495638830122644
-117.74299496840851,33.49910574395248
-117.74307554865186,33.499187333604596
-117.74639855448967,33.502551937599684
-117.74691991699619,33.50307982519431
-117.75324914028381,33.51060165434811
-117.75510296321855,33.512804779479424
-117.76007399074636,33.514780761294155
-117.76267401957014,33.519339740569876
-117.76280554075058,33.519438204697316
-117.76454803247294,33.52074273169864
-117.76638405075799,33.52351571859577
-117.77370606279862,33.52950380615818
-117.776479121588,33.53177166929462
-117.77928835402605,33.53539913122533
-117.78249568339405,33.53954064203774
-117.78427918939896,33.54184362039246
-117.78896270137649,33.542921194019776
-117.79256322622327,33.543749596056664
-117.7929035446492,33.54395296697109
-117.79556024359897,33.54554058395873
-117.79926925729347,33.545699575248946
-117.80421627877641,33.5467955610051
-117.80501301565708,33.547320414951315
-117.80691529473454,33.54857354975375
-117.80697980203952,33.54882963503272
-117.80751430545504,33.55095154138112
-117.8113783237851,33.5523205288775
-117.81351232720993,33.551209527475585
-117.81455722826294,33.55179044422643
-117.81858673462656,33.55403066388104
-117.81982036135268,33.554716503472925
-117.81946905976302,33.55655116537916
-117.81921337036064,33.55788649557771
-117.82636041411222,33.563576463826344
-117.82873932840054,33.564458708332126
-117.83279944359425,33.565964443343425
-117.83419541178804,33.567483364595766
-117.83539342609734,33.56878689678454
-117.84008749365698,33.573894405702895
-117.84142523233825,33.57451139088779
-117.84677514835131,33.57697885272437
-117.85363855685716,33.580144360482144
-117.85847517250858,33.5827512172364
-117.861112010709,33.58417243002886
-117.86426960763076,33.58587432338784
-117.86614725869775,33.587339565313194
-117.87074864251439,33.5909302969425
-117.87256178617693,33.592325490411454
-117.87335165624556,33.59293328648534
-117.8785703564576,33.5941414942015
-117.87930604281765,33.59431181668435
-117.88710870651461,33.59611825107149
-117.89358573637865,33.59844757788789
-117.89916456008326,33.60045388407112
-117.9024827666619,33.60164720711913
-117.90653220056562,33.60252571316279
-117.91522607946305,33.60441181034467
-117.92662156249386,33.60688400852961
-117.92801885404334,33.60718714460121
-117.93017477792019,33.60938797713368
-117.93475235489798,33.61406090716551
-117.93896617060638,33.61836249922415
-117.94059091790079,33.62002109115173
-117.95730960845127,33.629577644577324
-117.95749107075729,33.62968137007854
-117.95754792479858,33.62971386836457
-117.9575692925667,33.629726082374624
-117.95793575969537,33.62993555831276
-117.95844640227872,33.63022744625275
-117.9650479384351,33.63400094460156
-117.9708797281671,33.6373344493322
-117.98789906678185,33.64706286256771
-118.00059313482815,33.65431891343279
-118.00080072424883,33.65448464957441
-118.00535548479681,33.658121099088326
-118.00806307863569,33.66028279966602
-118.00988982155042,33.66174124265994
-118.01135448275726,33.662910605288715
-118.0145047090464,33.66542569678249
-118.01814232127329,33.66832990965772
-118.02904931749167,33.677037885714455
-118.03216921462008,33.67989357387158
-118.03630036649152,33.68367487857121
-118.05333248702435,33.701271861082496
-118.05397049306751,33.70185176264378
-118.05421621206166,33.70207510351939
-118.06425568647539,33.71120026321979
-118.0644125644756,33.71134285403467
-118.06473034570342,33.711600423958146
-118.07932446022751,33.723429332631326
-118.08696767183847,33.72962435444195
-118.08892873499575,33.7312138471818
-118.09278094949468,33.73293867726275
-118.09476427799487,33.73382671315699
-118.09486218494226,33.73387055102087
-118.09898703149298,33.73571745227942
-118.11364789308756,33.74228185794559
-118.11541198222048,33.74329441357455
-118.13259611232164,33.7531577890862
-118.13269900252553,33.75321684605839
-118.1369001431137,33.75479567285964
-118.14036810847556,33.75609896536973
-118.14175932296145,33.756621796163955
-118.14635802695655,33.75835002968851
-118.14945969008355,33.75951566170901
-118.1507000680668,33.75998180648236
-118.1562930422452,33.76107427082995
-118.15662684400552,33.76113947163551
-118.15981220648517,33.76176166178156
-118.16651145914867,33.76307021209918
-118.1686441401594,33.76348678382919
-118.17035023868527,33.76370667423208
-118.17391817434384,33.764166527278945
-118.1757044416881,33.76439675011429
-118.17591373004032,33.76442372421372
-118.17927421766898,33.76485684010744
-118.18080219063657,33.765053772603935
-118.18265917686831,33.76272368445687
-118.18267821428634,33.76269979690594
-118.1802402217026,33.75947482805219
-118.18033822642411,33.75877883505041
-118.18212223662344,33.7586148378182
-118.18669627291507,33.75661786133808
-118.19048529806238,33.75581387263026
-118.19018031598144,33.75281590391783
-118.19010826089495,33.75275778059481
-118.18846831558044,33.751434916674704
-118.1902193333314,33.74950593392363
-118.18529627304724,33.735955938470305
-118.1857272681212,33.732959941110465
-118.19577432299411,33.732916951140595
-118.214782459199,33.74541596333354
-118.2309485357543,33.74055898287259
-118.24277160847585,33.74335499427884
-118.24335117931842,33.74251587232395
-118.24355760972585,33.742216995506624
-118.23782754235941,33.72891799451633
-118.23870354311043,33.72742299592579
-118.25110659707516,33.72421300833475
-118.25164059358694,33.72271400908604
-118.24598655317543,33.716576006439716
-118.24711655557809,33.715226007868864
-118.25729758369786,33.716607014124946
-118.26163360377156,33.7221960149147
-118.26530860925506,33.72265901686263
-118.26784061084449,33.72214501845419
-118.2741716107409,33.7192320229223
-118.2728466003085,33.71578302320385
-118.27528560104255,33.714913024850205
-118.27915661468717,33.71845602598611
-118.28369361396987,33.71599502930168
-118.28248760166403,33.711647029921856
-118.27768658844374,33.70878302805311
-118.27743758612414,33.70799202814889
-118.27816058625963,33.70768202865281
-118.27825706279988,33.70770193864438
-118.28327527600942,33.708737553972
-118.28393659657844,33.708874031577764
-118.28541282448556,33.70788101624953
-118.28591095501238,33.70754593841908
-118.28796296512694,33.70616561127673
-118.28815559495906,33.706036034828045
-118.29290870478333,33.705323874819214
-118.29407560044392,33.7051490384598
-118.29577561092202,33.708611038385094
-118.2966018253504,33.708889780885016
-118.29914582906333,33.70974805924039
-118.31140366805319,33.71388352423171
-118.3128981833575,33.714387733492885
-118.31364086788018,33.71463829527397
-118.31442264867323,33.71490204708608
-118.31698365038267,33.71426904873179
-118.32036066092877,33.71718604977019
-118.32120011135365,33.71751729736223
-118.32121722840795,33.71752405176102
-118.32231622145522,33.71795771501483
-118.32407708324807,33.71865255204167
-118.33289526273009,33.722132210600314
-118.34262370544675,33.72597105975683
-118.35139471807007,33.72734906431803
-118.35470673138275,33.73231706469215
-118.36050674615205,33.73681706661802
-118.36425475258505,33.7381670683342
-118.36794675626393,33.738086070452674
-118.36873975375178,33.73625707145777
-118.36991575528762,33.73642207207471
-118.37017175822561,33.73789507177257
-118.37235776168633,33.738558072810946
-118.37367776079647,33.73729507394331
-118.37521476341237,33.73786607464152
-118.37509176501932,33.73884407427456
-118.37653276932548,33.740444074605435
-118.38170877792983,33.74237807695225
-118.38528978104155,33.7420930790693
-118.3894497811764,33.73965608216993
-118.39232578409967,33.739641083805424
-118.39342878395496,33.73885908466914
-118.39594278475393,33.737746086434015
-118.39697378377532,33.736467087408556
-118.39927078635482,33.736573088679116
-118.40048279073099,33.7385430887659
-118.40238179419737,33.73950608954917
-118.40294279664597,33.740709089500385
-118.40507680006651,33.7415210904627
-118.41046680479224,33.74104009366572
-118.41131680664031,33.74170109394586
-118.4110458086374,33.7432210933281
-118.4123118118409,33.744529093646406
-118.4133428168759,33.747251093399505
-118.4130324111764,33.748000100853126
-118.41252681900635,33.749220092335705
-118.41787357418508,33.76238117140948
-118.41794583537289,33.76255904277502
-118.42192784303398,33.76342504449127
-118.42173284526426,33.76592003436481
-118.42368184933666,33.76624403600776
-118.42446085199158,33.76721603348549
-118.42173284837048,33.76893402244712
-118.42184985073156,33.770975014584124
-118.42382085685222,33.77251601216883
-118.4268388636221,33.77240101820565
-118.42816386940554,33.77434501369419
-118.42442186454151,33.777810993168494
-118.42340886665106,33.782014974757125
-118.41984168660727,33.785043353718436
-118.41752285368544,33.787011939623184
-118.40699882105197,33.7914498899654
-118.40714757512985,33.793482841740506
-118.40742782353811,33.797312863227106
-118.40537981591756,33.79973284465386
-118.39399876842919,33.80418278098361
-118.39397329789568,33.80425811477678
-118.39168075342698,33.81103873349993
-118.39096594600359,33.81519787040138
-118.39022691204622,33.81949796786024
-118.39007073789101,33.82040667284941
-118.39010774957771,33.82446699029381
-118.39014829102436,33.82891453315402
-118.39021472507146,33.83620258243993
-118.39055072496492,33.83877856949256
-118.39146337138469,33.83874399578517
-118.39202873426814,33.83872257818881
-118.39971078099323,33.84350759673864
-118.40179979394553,33.84795058649131
-118.40157179213696,33.84938157776199
-118.39948077738059,33.85045355902339
-118.39940254940473,33.85191150236631
-118.39922977414327,33.85513153288425
-118.40214656651979,33.86182620931459
-118.40885701313105,33.87722814003967
-118.40965364392227,33.879056579425054
-118.41160287582547,33.883530485832274
-118.41200739039716,33.88430768450886
-118.41392572835447,33.88799340963442
-118.41487375468878,33.88981486340441
-118.41551680913234,33.891050371101564
-118.41678986565817,33.89349630857498
-118.41866490338826,33.89709883848935
-118.41959906837558,33.89889365931437
-118.42025932365418,33.90016221447501
-118.42149486929684,33.90253608058372
-118.42275507129408,33.90495731884244
-118.42279952722448,33.90504273244486
-118.42866844999897,33.91631874571653
-118.43593067191993,33.930271706400404
-118.44117026514178,33.94033856834492
-118.44732408619691,33.95158706263167
-118.44787165944132,33.95258796472321
-118.4504325341784,33.9572689539598
-118.45143844475368,33.959107644323566
-118.45482690696811,33.9631230969408
-118.46321529533246,33.9730636447488
-118.46544861995426,33.97571021593944
-118.46767009808411,33.97834274844564
-118.46778741140662,33.978481769001505
-118.47229745567788,33.98382633524606
-118.47581380912868,33.98799334132855
-118.48067575345662,33.99375492063878
-118.48224202995837,33.99561101459821
-118.48261267936391,33.995990249005885
-118.4868225990996,34.00029768337293
-118.49243527242567,34.00604044128618
-118.50220439347723,34.01603598357129
-118.50334819739032,34.01720629800113
-118.50904370707514,34.020858743301275
-118.51669501783896,34.02576541463452
-118.51969006208361,34.027686091786315
-118.52435902547583,34.03068022829671
-118.53586798932041,34.03561153472313
-118.54384890067976,34.03903115812771
-118.5504238744028,34.039545129156885
-118.55574486518428,34.03806010067686
-118.55589460687655,34.03811185077431
-118.56604580714627,34.0416200629673
-118.56719133148488,34.041644923928004
-118.56768700927428,34.04165568147006
-118.57148178763445,34.04173803837697
-118.57580678384268,34.0398750131932
-118.57923590369575,34.0397329772658
-118.57979077093711,34.03970999437513
-118.58366076671125,34.03812997188744
-118.58458033998711,34.03830370072054
-118.59281772464841,34.03985993485209
-118.60357469167494,34.03904788277789
-118.60965468475501,34.036423846303705
-118.62410562581388,34.03791378429861
-118.62697062038195,34.03702176803142
-118.63405659501579,34.03709273545978
-118.63575159310868,34.036288724814156
-118.6364539786611,34.03641734924766
-118.64713154263278,34.03837267951376
-118.64902753954934,34.037638668107355
-118.66302648338096,34.03912460893699
-118.67102545680625,34.03881657087966
-118.67521044725332,34.03767254714003
-118.67824044450438,34.03587852612048
-118.68030245394998,34.032051501521245
-118.68312644910125,34.0308214834372
-118.69017741726567,34.03230745632447
-118.69489839806201,34.0328374363951
-118.70673236816302,34.029659367769
-118.7141380038503,34.031375923770234
-118.7145453327319,34.03147033874025
-118.71908131665916,34.03138531711278
-118.73495525261947,34.03326425110583
-118.74235622718756,34.032939215071444
-118.74990352672567,34.03077437029417
-118.75234120055234,34.030075169623586
-118.75640419953046,34.025718155858236
-118.76774315839185,34.02523017125375
-118.7812521150232,34.02258718080806
-118.78541310335207,34.02108918095422
-118.78713828566573,34.01958715826177
-118.78997409666168,34.017118171361545
-118.79438709822256,34.01004614882967
-118.79386110402181,34.008652142068584
-118.79541610208892,34.00701513786474
-118.79953508591073,34.00684014425379
-118.80296107509899,34.0056381452232
-118.8051040741582,34.00252013616332
-118.80511607729686,34.00123813092581
-118.80655407331848,34.00044713025543
-118.80846706171738,34.00196213984621
-118.81267003260298,34.00694516739155
-118.8208875236774,34.01445421529402
-118.82149597887208,34.01501021447052
-118.82443796316804,34.016909226769705
-118.82825088875103,34.019652278905745
-118.83971588205779,34.02790029319026
-118.84238323636238,34.02925588268092
-118.84629385127674,34.0312433156493
-118.85490981317693,34.03491834188015
-118.86045779200859,34.035562352293795
-118.86192878783747,34.03486635195685
-118.87590373235793,34.038244383975496
-118.89553166095476,34.03935941566441
-118.90343363029113,34.041856434788656
-118.906523619455,34.04181743897986
-118.90989860713591,34.0422904451609
-118.9151275892713,34.041699450633494
-118.91978557089419,34.044220464731886
-118.92368360445838,34.045690312811345
-118.92443455344525,34.04597347631662
-118.92961553539095,34.04619048397899
-118.93263852529334,34.0456054863848
-118.93626751379391,34.04361748564865
-118.94459512223078,34.04581459260636
-118.94658847669464,34.046340507385686
-118.95457044859829,34.048361523602146
-118.96081942657689,34.05201954152134
-118.96406441558025,34.05255354711971
-118.97000839545291,34.0567425654194
-118.97775237015402,34.059821582701964
-118.98330435217967,34.06033359073451
-118.98763233872941,34.06296660224047
-118.99698130984393,34.06594262018415
-119.00464528718535,34.06623062909862
-119.00898227519589,34.06679263475398
-119.01604025853102,34.07076865039048
-119.03749521746856,34.08311069584911
-119.04650319889942,34.08493370737651
-119.05208718452064,34.084229710992595
-119.05627917729994,34.08563771728185
-119.06121816528453,34.085386721161704
-119.06162793102644,34.08562497882605
-119.0699601564759,34.09046973760175
-119.08599514507756,34.09926576518396
-119.09811712306904,34.09985577546642
-119.10881308915164,34.09591977806313
-119.11594307797237,34.096903785122215
-119.12925306623774,34.10083980070692
-119.14266107252709,34.108413819873846
-119.15955471713174,34.119653355601905
-119.15961948620486,34.119696447191295
-119.1781597569433,34.132031491092654
-119.18864116065578,34.13900487793415
-119.1892533582692,34.13923709103358
-119.2031411798126,34.144504888862755
-119.21124217615447,34.14490489266513
-119.21599274692768,34.14600118022429
-119.21606291543515,34.14601737298515
-119.21644217975403,34.146104895673304
-119.22526913579941,34.158306499223876
-119.22561986186484,34.15879131172726
-119.22774427347544,34.16172790897187
-119.23714336595155,34.17580391853416
-119.2446010818208,34.189856518820015
-119.24855706861004,34.19731079373161
-119.24861471562336,34.19741941810457
-119.25704465915426,34.21330389643209
-119.26425578536609,34.22749186140081
-119.26592884148995,34.234608854454336
-119.26593658996251,34.234691179187145
-119.26606574932998,34.23606345099041
-119.266454882725,34.24019785336049
-119.26907289540146,34.24920920127732
-119.27014596818107,34.25290282701792
-119.27369631486208,34.258749969685645
-119.27864601425937,34.26690173742134
-119.2855574872895,34.27139656867217
-119.29094706522818,34.27490164574274
-119.2952580801782,34.275267620936496
-119.3021331006554,34.27276059030698
-119.3076187167701,34.274695475624
-119.31232513885347,34.27635552390064
-119.31704413126938,34.28028425273545
-119.32016617177682,34.282883462545726
-119.33747723665508,34.29057534703973
-119.34918928736053,34.30438224679525
-119.37035836771582,34.319485094689405
-119.37578238616521,34.32111706186177
-119.38825142307826,34.31739700513769
-119.39045143063339,34.318196991508394
-119.4055244885028,34.33421987347235
-119.41069750645805,34.337353839073145
-119.42777256746636,34.353014714539974
-119.43106857859374,34.35529569247389
-119.43589059339922,34.35583766657182
-119.44342061616132,34.355992627694576
-119.4513066438714,34.36549956678861
-119.46103867596867,34.3740624993233
-119.46775369622733,34.375718462097254
-119.47268071060996,34.37562643754285
-119.47653030288348,34.37410456896036
-119.47863272733109,34.37327341242658
-119.48339774316804,34.38004437484663
-119.48613786727464,34.380981312272205
-119.48966476133796,34.38218727194681
-119.49734178469242,34.38481229585599
-119.50247979395769,34.384525004962754
-119.5040488159987,34.38443727609014
-119.50422012273187,34.38448538333696
-119.51065785527945,34.38629326100083
-119.51880290428095,34.38928024180794
-119.52356593407342,34.39318622759921
-119.52921073186545,34.39515492508765
-119.53123298097711,34.39586021113706
-119.53690301485285,34.39591720195161
-119.5456859446594,34.403482639670436
-119.54763808502307,34.405164173952016
-119.55946216301686,34.41339314870225
-119.56398919237472,34.41531814096622
-119.5667181855235,34.41464790565794
-119.56847621905266,34.41421613607195
-119.56891917293046,34.414120525564556
-119.57625026526408,34.41253812705387
-119.57665159498642,34.4126439521028
-119.58209430261337,34.41407911828579
-119.59018035648504,34.41799610577037
-119.59344271439188,34.41848477306943
-119.5940596972975,34.41857719069978
-119.60427257912279,34.42010697455267
-119.60651646048227,34.420443084786186
-119.61217497007927,34.420743798802484
-119.61686552543813,34.42099307220971
-119.61760655020299,34.420553573181785
-119.61881465258828,34.41983705212604
-119.62089354719704,34.418604067336084
-119.62957160242756,34.41965905671734
-119.63400162572195,34.4168660506737
-119.63886765395011,34.415694044144765
-119.64866771709629,34.417394032292606
-119.65912319623335,34.416808205437604
-119.67186985799385,34.41609400195204
-119.67626554561248,34.415123503520135
-119.6808612012709,34.414108855135986
-119.68817095122816,34.412494977130876
-119.68624469449215,34.41018414911944
-119.68466992145353,34.40829497748114
-119.69175295404739,34.403151961614974
-119.6965355710394,34.402484193684764
-119.69992500097368,34.402010947983314
-119.7016240041854,34.398730941139895
-119.70907104145263,34.39539492476567
-119.71385246312751,34.39571433367931
-119.71926510383022,34.396075909393765
-119.72318065749285,34.395858899192156
-119.72464213523173,34.39577790027485
-119.72774257912434,34.3958545704904
-119.72937316374933,34.39589489287269
-119.73130498444317,34.39684904064217
-119.74112424854617,34.401698885252706
-119.74299295114491,34.4022130953844
-119.74547427782807,34.40289588107553
-119.75041830650355,34.403747876819075
-119.75576519184898,34.405594730088566
-119.75591687883359,34.40564712389321
-119.78587525944685,34.41599498228769
-119.78625883967419,34.416109220450736
-119.79357124774702,34.418287008205475
-119.80236722734134,34.417986027540906
-119.80705921340316,34.41649503209154
-119.81519919570508,34.41669805149469
-119.82518217433542,34.41711007627344
-119.82530953031106,34.41709425463425
-119.8357751478433,34.41579409349515
-119.8362241362154,34.41561708329978
-119.83860834578735,34.414677127006804
-119.84039413368856,34.41397309375037
-119.84187212046297,34.40927307061923
-119.84448910426812,34.40429904745603
-119.85346830055391,34.40787200954113
-119.8537750917484,34.407994086582534
-119.85390451298511,34.40799920606241
-119.85877788035155,34.40819198053756
-119.8626000577755,34.4083431734271
-119.8695126017003,34.40861661126286
-119.87397504916643,34.40879313130039
-119.87829703681126,34.40728712928723
-119.88053668956795,34.40969742078678
-119.88483589157563,34.41432417956154
-119.88751203527411,34.41720421988797
-119.89147703104835,34.419708247792535
-119.90035801385632,34.42124528110411
-119.90411900882764,34.423184305821636
-119.91288613110027,34.42923113028387
-119.91343599884421,34.42961038301094
-119.92043698871994,34.4331414328516
-119.9218673270011,34.43355005888963
-119.92852997376298,34.43545347702798
-119.92930171548426,34.43549674908568
-119.9393919493992,34.43606251526788
-119.9491939244919,34.43475553216359
-119.95545491082417,34.43536055678403
-119.97195488550966,34.444639704471726
-119.98490286301984,34.450828816474164
-119.99003684930967,34.449835823677425
-119.99768983798334,34.45539291518871
-120.0080808142067,34.46044597001658
-120.01945678051965,34.46116895978388
-120.02144777135912,34.45858292866474
-120.02254383979103,34.458429764648315
-120.02364476433044,34.45827592205599
-120.03199274302109,34.46169394490991
-120.03883172421426,34.4634329511945
-120.05068568611085,34.4616499138007
-120.06003965741833,34.46142789641997
-120.07106462506647,34.46254888824121
-120.07259561859632,34.46081587063337
-120.08859456936737,34.46020684006322
-120.09721554473283,34.46180783870941
-120.11841448756802,34.46992585893705
-120.1332994444932,34.47293884806512
-120.141168420671,34.47340383422263
-120.1515653885653,34.473273811432406
-120.16314535182299,34.47182977975191
-120.16877733294683,34.46973075825548
-120.17488131492803,34.470691750503505
-120.18350828822129,34.47037073182343
-120.2194713788749,34.47055478843568
-120.225501159484,34.470585648382624
-120.23425513213246,34.46969962901636
-120.23800511977743,34.46809661863625
-120.25777306364407,34.46744960001003
-120.28300400218765,34.468352617307204
-120.2950539739113,34.47062162619294
-120.29917196330635,34.46972962827523
-120.3018249552588,34.46707562890553
-120.32220090293626,34.46337064252601
-120.33500387091586,34.46258765216483
-120.33709386391199,34.45968465459804
-120.34137185277368,34.45878765839267
-120.35054850459177,34.4581463900415
-120.35460448616743,34.45786295638674
-120.36551279199784,34.45710067972165
-120.40678368863158,34.455336717968045
-120.41722580810578,34.452984439835355
-120.41728666081136,34.4529707316547
-120.42154364825942,34.450399740554545
-120.42610763655114,34.449922746004624
-120.4419775984154,34.45151075812842
-120.45142757131521,34.447092778208976
-120.4528135640122,34.442440791337546
-120.4592475503834,34.44534079102064
-120.46326654318838,34.44867478633506
-120.47137852230786,34.44784479697257
-120.47437553174298,34.467401742923805
-120.47661253295244,34.47512972148761
-120.4803745289401,34.481057705412354
-120.48629851835246,34.48539069412589
-120.4905255122654,34.4900736803311
-120.4934905092703,34.49473966566227
-120.49657550242867,34.49540166387016
-120.5007975507716,34.50773866754684
-120.50375006979178,34.511965696409696
-120.51142365992786,34.52295173679929
-120.52477872199395,34.53128980040412
-120.54211778286886,34.53973887673591
-120.55402980039105,34.541824921648
-120.56552284490253,34.548917973342995
-120.5812958925666,34.55695804005053
-120.60835789579147,34.55665513062566
-120.61200788154979,34.55356313847373
-120.62257788608413,34.55401617484996
-120.63194591714779,34.56047521504253
-120.63672491986374,34.56096623165464
-120.6395329313595,34.563533244313085
-120.63907195091357,34.56801624851742
-120.64070297119879,34.57269225984117
-120.64479898935137,34.577023278651446
-120.64924298731444,34.57670629270227
-120.64908899541945,34.57862929455303
-120.64574200628029,34.581034286696166
-120.64528403696738,34.588204294141285
-120.64180804642496,34.5901152854855
-120.64024108873052,34.59970729272366
-120.64297809383453,34.60123330318124
-120.64255010756288,34.60436230579236
-120.63991811584435,34.605894299604536
-120.62513025678794,34.634488292859416
-120.60239457769745,34.6938983148873
-120.60045363556212,34.70463932598394
-120.60167565812904,34.709720336651074
-120.60737966684283,34.714249357484434
-120.60976269409265,34.72105737321345
-120.61285269936218,34.72379238462566
-120.61334125016066,34.72547924299776
-120.61421145899321,34.72848388276504
-120.61485572716029,34.730708399263854
-120.61965973627589,34.73542341722091
-120.62632372985071,34.73807143643858
-120.62947975493186,34.74558245381956
-120.63183577134706,34.75341946092159
-120.63741875704814,34.75589447048712
-120.63495677597825,34.766953451524564
-120.62964424868586,34.777463391966116
-120.62729781469665,34.78210541643131
-120.62297383918926,34.79329939376248
-120.61629988270558,34.81630735258785
-120.60990192865522,34.84275030882526
-120.61026994329282,34.858179291825685
-120.61632893426159,34.86673829385712
-120.62587696254883,34.87242521411455
-120.62774699218711,34.87353902617439
-120.63928688125173,34.88041232209341
-120.63992388938105,34.88998631157067
-120.64221588705475,34.894144310796854
-120.64733187951205,34.90113231174896
-120.65286186261372,34.90032532310964
-120.65783984938113,34.901475330966115
-120.66289283440771,34.901182340789724
-120.66910681678392,34.90156535191245
-120.67227280863936,34.90253935655339
-120.67083881448217,34.90411435181718
-120.66910793503425,34.908492551142146
-120.66898382486767,34.90880648348823
-120.66421885147997,34.92085931788059
-120.6640429330128,34.928047304510635
-120.66403585995639,34.928336307903734
-120.66672485375952,34.929788310860054
-120.66380695412651,34.93387608886275
-120.6633987235499,34.934447992007264
-120.66241987255475,34.93581929537523
-120.65958088996031,34.94454827916355
-120.65021894573131,34.972060228212676
-120.64934243347327,34.97470923514276
-120.6399939875479,35.002962194113984
-120.633573838752,35.03308436321381
-120.62993469144118,35.0615145289125
-120.62958659905591,35.078361629550145
-120.63047850652664,35.10114080305653
-120.63058645474256,35.10389778310502
-120.63097302736031,35.1054481778839
-120.63397528872711,35.117489098407006
-120.6351751320872,35.122301210371944
-120.63678129975939,35.12874293324836
-120.63683633016406,35.1288322146099
-120.64615018941087,35.14394302393793
-120.65113715431896,35.14776804638639
-120.66247809175671,35.153357078377006
-120.6679970837142,35.152030070857535
-120.67137465064326,35.152521921592744
-120.67507705827175,35.15306107649753
-120.68024901496076,35.158285104902944
-120.68254749157937,35.15804358645963
-120.68279000935647,35.15801810327045
-120.68627292063958,35.16025577707696
-120.68697698281483,35.16070811745824
-120.69890889162917,35.17119217138414
-120.70420586575483,35.17320618074389
-120.70705038444663,35.17400180938057
-120.71143248979554,35.17522750996917
-120.71152396666862,35.17525309658628
-120.71418782254982,35.17599819265514
-120.71477918992936,35.17568602130352
-120.71681295359684,35.17461243700229
-120.71752382299184,35.17423718287961
-120.7260217928922,35.17540518662312
-120.73423375311219,35.17847219949688
-120.73792726729047,35.17830138570844
-120.74887271611712,35.17779519209506
-120.75482570416403,35.17470119762741
-120.75686472321955,35.16920818087557
-120.75608877524478,35.160459137010314
-120.76049475517186,35.15971015306107
-120.7701946804401,35.16373121392011
-120.77900060513217,35.168897274856704
-120.7860785210054,35.17766634255475
-120.79016048790369,35.17984236879611
-120.79440946962302,35.179001383030226
-120.79814943418344,35.18202441100348
-120.80526038149637,35.18497345220788
-120.83726914680719,35.19860063217325
-120.84667607052214,35.20442968919568
-120.856049012878,35.20648773210767
-120.86383292101851,35.21780779837942
-120.86941088747062,35.21902682271273
-120.87352384941326,35.22288584972087
-120.8730478390925,35.22568885671335
-120.87857678477027,35.231694894681866
-120.88641972568746,35.23635493573631
-120.88880270044507,35.23945395290545
-120.89679162520862,35.24787800356188
-120.89687762566307,35.25399101758253
-120.8996016161051,35.2553380287012
-120.89724863629665,35.2589030283081
-120.8955976439172,35.258812023137175
-120.8954797430863,35.259256125329394
-120.89381466933379,35.26552803140926
-120.89584867290037,35.27077104759865
-120.8940516897305,35.274061049394696
-120.88936171061556,35.273516035892044
-120.88886972249111,35.277303042782854
-120.88702274551359,35.28296605060261
-120.88005080160946,35.292132055805915
-120.87286795980569,35.306489101652204
-120.87188788120505,35.308448080650614
-120.8663529502251,35.32555211802312
-120.86206402413615,35.34699617377177
-120.86209947605626,35.35386756639862
-120.86213505827125,35.360764213153445
-120.86593203985791,35.36053021395052
-120.86719303579466,35.36127121645671
-120.86935852377596,35.36208934474161
-120.87013902475569,35.3623842204854
-120.86956905153998,35.37199724589917
-120.86634006381202,35.37085324247032
-120.86485907357991,35.37198024543505
-120.8641790319542,35.37635269065031
-120.8641070892159,35.376815258932375
-120.86610112054592,35.39304630355472
-120.86616175892723,35.39324578609037
-120.86809499184481,35.39960555650891
-120.8692111316597,35.403277329479224
-120.87094940981927,35.40628701347555
-120.87105872021179,35.406476275315505
-120.87243440784438,35.40885816376866
-120.8735832740312,35.41084732966165
-120.87446695871685,35.41237735584066
-120.87459855366308,35.412605201485846
-120.8847591268025,35.430197379337464
-120.88847651291402,35.433896964634556
-120.89686410086824,35.44224438569146
-120.90007289274662,35.44422210672506
-120.90793906667305,35.44907037787672
-120.91111004924748,35.44800337012475
-120.91445003711773,35.449337365834815
-120.91953000853522,35.4473683533991
-120.9277313807832,35.44699976694081
-120.93966791270321,35.44646331504046
-120.9465478813933,35.446716302527044
-120.95074386523959,35.448021295492914
-120.95586485610109,35.45374428827861
-120.96943780968029,35.460198261165864
-120.97612377567458,35.45902924657659
-120.98422965924314,35.4602915436517
-120.9850367379167,35.460417226780955
-120.99376270573215,35.46362320574787
-120.99792567804764,35.46037519838449
-121.00336065679346,35.46071122541045
-121.00852464961682,35.46541727106487
-121.02124363519376,35.478560382916974
-121.02562263377442,35.48459942058869
-121.02890862255288,35.4851014515812
-121.03240361897883,35.48900848236174
-121.03623960531804,35.48939451871603
-121.03922060555968,35.494109544169326
-121.0461305935302,35.500070606554345
-121.0470575911167,35.50220247033433
-121.04726159058522,35.50267161834169
-121.05013122402946,35.505125231610144
-121.05295575736189,35.50754028285337
-121.05296557125762,35.507548673995416
-121.05517556317324,35.50834169504336
-121.05670755716065,35.50812770943633
-121.0611935415125,35.511191752153515
-121.06337153495767,35.51466577292607
-121.06971151290155,35.519212831973284
-121.06971151347521,35.520307831966484
-121.08024347845615,35.53118492709669
-121.09254943598023,35.5412230343954
-121.09294377264872,35.541651885388596
-121.09544042637435,35.544367058651055
-121.09715742022598,35.54536807331839
-121.09737650764916,35.54671204743223
-121.09752941993565,35.547650075505466
-121.09876041565515,35.54862808580417
-121.10079240789179,35.54886110344886
-121.10445539672278,35.554938131861206
-121.1030244029202,35.55621911877192
-121.1037332843936,35.55752887090763
-121.10396940012359,35.5579651258931
-121.10444586933811,35.55847016735956
-121.10708838965375,35.56127115056731
-121.108561385286,35.56400316132362
-121.1091203851426,35.568092163319605
-121.11155337699898,35.57076918188636
-121.1118573371857,35.57137395083261
-121.11444336858081,35.57651920169706
-121.11953835116047,35.58150023962679
-121.1210833453044,35.58185025197317
-121.12304822791846,35.587538138176335
-121.1234873393122,35.58880926528215
-121.12752332731928,35.59660529017503
-121.13310330742577,35.600631330111625
-121.13774728978878,35.60176536533146
-121.14281127169372,35.60542240053055
-121.14455004384007,35.6089479239609
-121.14466026621945,35.609171410156456
-121.14866225344262,35.61537743274553
-121.14921036307484,35.61570219729004
-121.1504242470163,35.61642144473707
-121.16575919545038,35.63528553055604
-121.17734615224087,35.640678605081284
-121.18861410895408,35.64324168093197
-121.19529208152342,35.64073673398416
-121.19365308566847,35.63544873330378
-121.1950980797285,35.634878745031116
-121.19909506504614,35.63731476882169
-121.20164705682257,35.64154777785628
-121.20836503048433,35.64189382524567
-121.21174501944331,35.64726683655536
-121.22113098443944,35.65213289051937
-121.23974091102559,35.652365020051896
-121.24972387334908,35.65676807644289
-121.26080878671117,35.66445319892791
-121.26505875150072,35.66327825903032
-121.2723226929273,35.666714345778125
-121.27574466464507,35.665986393526644
-121.28154761722628,35.66693846819745
-121.28386459764869,35.66425750670427
-121.28653057603536,35.665527538648995
-121.28670857674112,35.67702350866227
-121.28979455333696,35.689431515352304
-121.2964734986029,35.69682758506954
-121.30447043207428,35.70281367713006
-121.31541734017074,35.713385797895654
-121.31293136142578,35.718017751730045
-121.31324835886014,35.72161774654469
-121.31538434070825,35.724113769227365
-121.3169743271515,35.72562878705513
-121.31842931473246,35.728667799081805
-121.31585733681322,35.73090175787769
-121.31640533225476,35.738773744759904
-121.31803931821375,35.74461875204007
-121.31578632647418,35.75252368407859
-121.32007727065346,35.756657707451936
-121.32631921264793,35.75753478788352
-121.32846318360329,35.759881798091
-121.32479320480871,35.76223872550222
-121.32491817189589,35.769350665596164
-121.33102607680317,35.778882673553866
-121.33244904578522,35.78310965906738
-121.34636270739375,35.795186415551285
-121.35673674576904,35.8041908624546
-121.36285267550919,35.80841592708426
-121.36641064344006,35.808857980170515
-121.37009760099019,35.81145701995029
-121.37359156861973,35.812107071018154
-121.37365555544991,35.815045051334536
-121.37769350929752,35.81785209672979
-121.38788139956122,35.82344122444034
-121.39209734410373,35.82815726294617
-121.39543429354752,35.83349328423269
-121.40212421297127,35.839330360122084
-121.40340819065631,35.84209336504108
-121.40682215155283,35.84462740785738
-121.40778213688523,35.8462224147879
-121.40772712771428,35.84852940021475
-121.40955110476932,35.85038942064519
-121.4103530873665,35.85296541946416
-121.41510602731913,35.85791647371481
-121.42511193676599,35.85975263881921
-121.42958888901519,35.86235170388244
-121.43005205229339,35.862479257374964
-121.43243586224175,35.86313575007862
-121.43439126340337,35.865212637187405
-121.43448083646184,35.86530777528279
-121.4395827875916,35.866954857735124
-121.44146575846588,35.87030387519647
-121.4442467336544,35.870765922787044
-121.44681370665411,35.872210962101654
-121.44659970026473,35.87423294893429
-121.45315961937077,35.88093503772614
-121.45936256037402,35.88295714244822
-121.46214352492282,35.886135180373785
-121.46157952177889,35.88808716195884
-121.46328350316787,35.88926118869821
-121.46142451074658,35.891179146364586
-121.46086848720196,35.89823610684629
-121.46446444954027,35.90034316607904
-121.46259645133907,35.9037171170256
-121.4714603364707,35.91457924443139
-121.47188031005824,35.92042023055996
-121.46847533041436,35.922220156954246
-121.468591308485,35.92753213863368
-121.47550823947977,35.93093926318448
-121.47469523952324,35.93258924093094
-121.47478322068173,35.93720422574799
-121.47571420483317,35.93934223670326
-121.47957714535494,35.94664728907832
-121.4794601385094,35.948635279699765
-121.48171111642196,35.94970032219836
-121.48270509447744,35.95329733036555
-121.48212109283926,35.95490631278646
-121.48296807282158,35.958314318754795
-121.48454705560042,35.95952134760873
-121.4856290029382,35.970854332694095
-121.48799597509307,35.973220375349186
-121.49080291946922,35.98187840806633
-121.49407687388577,35.987035463232424
-121.49565585916008,35.98765049580865
-121.5008297820495,35.998104571010906
-121.51138282968658,36.00687858277369
-121.52383582620442,36.009929682817834
-121.52581904281945,36.01145978168682
-121.52637884363045,36.01189168133523
-121.5318168602962,36.01456370264177
-121.54201983791455,36.01561280693313
-121.54391885632106,36.017472798845645
-121.55032085775093,36.01926984509471
-121.56125783703745,36.02062995201859
-121.56718880310082,36.01969503793578
-121.57459985086,36.02516203341449
-121.58210103608099,36.04075385692557
-121.58943410436848,36.04768982338729
-121.59039313742052,36.05036878861927
-121.58918118814822,36.05378071646478
-121.59256321864184,36.05690170164135
-121.59189028406703,36.061533614725775
-121.59288433555587,36.06557455677668
-121.59956136466944,36.06944356541326
-121.60668837568504,36.072096599453
-121.60738841538105,36.0751905537269
-121.60853343017111,36.07657154256165
-121.60976443374462,36.077151546200014
-121.61385247166332,36.08098752493653
-121.61444650390895,36.08350548770118
-121.61633651864197,36.085072481258955
-121.61758451884458,36.085408489148456
-121.61889153489524,36.086921477131646
-121.61859458079766,36.09021041646801
-121.6220076983144,36.09970028781527
-121.62642877933565,36.106768211641736
-121.62605579559384,36.10786418840433
-121.62934083546322,36.11162315752428
-121.62936986943642,36.114119113931686
-121.63228188650993,36.11611110982308
-121.63270194454581,36.120468037463425
-121.64490800545056,36.12802303204567
-121.64577603521128,36.130419998470806
-121.6494020742572,36.13419296899485
-121.64970410600363,36.136590929332755
-121.65212511472647,36.13783993208355
-121.65446586177517,36.14111264687592
-121.65455115275333,36.14123189642772
-121.67457234105183,36.160012761501726
-121.67426435746611,36.161133738043965
-121.67520437906025,36.16294471457657
-121.67826239898899,36.16516270483569
-121.68641341268395,36.168194730777664
-121.69977148692304,36.176927702344635
-121.70165853666573,36.18101864519753
-121.70962561847779,36.18894657566843
-121.7144056362275,36.19141857584013
-121.71717567813918,36.19515053278244
-121.73059671759749,36.201321545302825
-121.74003476380653,36.20699352752808
-121.74664178855414,36.210407524895764
-121.75344376696673,36.21095958307485
-121.7556661689501,36.21256370755085
-121.76276867510762,36.217690281107885
-121.7672578296098,36.22093054425734
-121.77985084783217,36.2274115616454
-121.78584182730947,36.2283516105647
-121.78690610909983,36.228907994357215
-121.79437344191523,36.23281175739542
-121.79705884142699,36.234215627627215
-121.80132682190829,36.23455966910912
-121.80696577151296,36.23309175882262
-121.81112175746522,36.233815792172685
-121.81474275604076,36.23531080578087
-121.81468678464506,36.23755276484636
-121.81954380165128,36.241107755865904
-121.82628177508937,36.242080814779
-121.82886481958346,36.246881758932524
-121.83327380328846,36.247650795678105
-121.8357848216181,36.250752773103805
-121.8388879460304,36.25922201319835
-121.83934985565936,36.260482685538356
-121.84093554481699,36.262663574204495
-121.85013445979422,36.27531536294777
-121.85196688127829,36.27783559532688
-121.85353498869938,36.2786526757027
-121.8581408642919,36.281052619773064
-121.86354983527713,36.2813976742878
-121.86586784098738,36.28467565492867
-121.86678896018121,36.28512884369104
-121.87439989540165,36.288873407657704
-121.87479681562593,36.28906869153466
-121.87676956112261,36.291048921695165
-121.87913816407118,36.29342651097735
-121.88232406464364,36.2966244982679
-121.88849081896063,36.302814646838144
-121.89675978516327,36.30494270419401
-121.89964175548192,36.302678766754575
-121.90272876031096,36.306383746585354
-121.90279998064972,36.30689498122798
-121.9028967665906,36.30758973115016
-121.89943378664063,36.307702693182165
-121.89471387313563,36.317810500836266
-121.89620389831934,36.32342843672122
-121.89612344446454,36.32366291858174
-121.89611973299037,36.323673735633996
-121.89559591221322,36.32520040543993
-121.89699991616735,36.32716139198915
-121.89438602635089,36.331103850930106
-121.89355896589156,36.33235128377176
-121.89304302857715,36.342436136383064
-121.90019703922172,36.35070208978126
-121.9054760430569,36.356066064643315
-121.90557405349752,36.357893039449635
-121.9042540754036,36.36037299127289
-121.90483407960448,36.3615879794782
-121.90266910497952,36.363904925667654
-121.90340114598075,36.37139782571607
-121.90670913908254,36.373147831830615
-121.90181321705631,36.38188266137438
-121.9024662303174,36.38466662772463
-121.90162824892212,36.38704958606962
-121.90404524330191,36.388201591767796
-121.903195280071,36.39360650686845
-121.9056572950229,36.39820946329081
-121.91157627920323,36.40061448177497
-121.91343027639135,36.4017174824165
-121.91505727714225,36.40321447526832
-121.91337229618422,36.404944435300656
-121.91284930929316,36.40667440569803
-121.91356043490897,36.40690942765527
-121.91530930171712,36.40748741566752
-121.91592831120619,36.40957339091652
-121.91721331378459,36.411072380465214
-121.91717888656535,36.411146066752195
-121.91681432097725,36.41192636458794
-121.91513333162452,36.41228234473219
-121.9166973423388,36.41535431387197
-121.9149143776986,36.4197152352912
-121.91413042013299,36.426084136484995
-121.91712542016853,36.42855012620627
-121.91850143740876,36.43251708023237
-121.92693648230569,36.44668694325267
-121.92690848914714,36.44778392693374
-121.92700749271806,36.44844691801437
-121.92830048657156,36.44846992819363
-121.92875947922805,36.44763494420034
-121.92923938812639,36.44788671968924
-121.93038347654738,36.44848694488543
-121.92994009263924,36.45234184980021
-121.9298085099732,36.45348586664188
-121.92550053346372,36.45392082559554
-121.92606656135199,36.4589347566748
-121.92990859131332,36.46683867091721
-121.93163972928151,36.467532586047
-121.93490557981907,36.468841680370076
-121.93677395797194,36.47180585862824
-121.93720559137778,36.47249064413668
-121.93839364067921,36.48139052106092
-121.94160065171295,36.48560448252203
-121.94161732392917,36.48575136887612
-121.94204128164013,36.48948654119807
-121.94204467385836,36.48951642748185
-121.94205990536096,36.489505672116536
-121.94383526493732,36.48825204395545
-121.94388565723906,36.48821646062483
-121.94619266288045,36.49085343831559
-121.93921673259797,36.49689829662768
-121.93898073690939,36.49742028713782
-121.9370537491548,36.49796626494765
-121.93681275417238,36.49860025378312
-121.9389587476623,36.499145261326134
-121.94003174740625,36.499902257869635
-121.93972457651334,36.501542121755534
-121.93896458669684,36.50219911442759
-121.9387636238988,36.506425097219875
-121.93931362673536,36.50713509799699
-121.94188161263232,36.5072381137256
-121.94208562651313,36.50898410831922
-121.94154164585532,36.51086509773717
-121.94328565287138,36.51282210102959
-121.95209364416245,36.51738813708865
-121.95203265273533,36.51830613303424
-121.95092066851257,36.51939312194139
-121.95172867601357,36.520718121524595
-121.95314567213524,36.521132128399266
-121.95420967639963,36.522233130345796
-121.95305569220369,36.52330611909477
-121.95084469503615,36.52231610981818
-121.94981668915531,36.521041108713185
-121.9484997037201,36.5218890974327
-121.94831971454315,36.52300409195378
-121.94710272315757,36.52325108369799
-121.94480172375268,36.521926075070795
-121.9446707139161,36.520718078967334
-121.94225272622737,36.5206400646866
-121.94179573683031,36.52158505831628
-121.94039973791511,36.520842052743646
-121.94091072376395,36.519514060881
-121.93852773082243,36.51882804904237
-121.937057744581,36.51951003757879
-121.93685275756486,36.52091503109195
-121.93555977729527,36.5224370176532
-121.93417778281267,36.52221901016704
-121.93213380109408,36.52311299463767
-121.92795481729424,36.52238897220847
-121.92682989867654,36.52351249600123
-121.92473886018657,36.52560094163429
-121.92890793862321,36.53784392246491
-121.93183315936501,36.53951096691068
-121.93232793844224,36.53979293489801
-121.93353297457398,36.54480792332189
-121.9327034963236,36.54520774779721
-121.93199939543484,36.54554713797283
-121.92997300483576,36.54652389723497
-121.93156738959634,36.55495630575086
-121.9320033926918,36.55726224519883
-121.93204885979642,36.557502712254006
-121.9325091048252,36.55993686231099
-121.93940048743144,36.56440510336967
-121.94253412073151,36.566436890613765
-121.94966010405734,36.56760392298569
-121.95132008877427,36.566592935612896
-121.95181304396434,36.56180395736502
-121.95339903319802,36.5613059677455
-121.9569110391295,36.56348097739206
-121.9579570508478,36.565201975789144
-121.96621705807813,36.569317001290145
-121.97006504684549,36.56962901971402
-121.97041706953681,36.57212601066329
-121.97378310147276,36.57665700780944
-121.97470350716503,36.576877163458825
-121.97561009945635,36.57709401501285
-121.9763334798255,36.578562688215165
-121.97676411852026,36.57943701031948
-121.97659212521387,36.580060006687795
-121.97526112860635,36.579954000578596
-121.97487613479831,36.58045699644637
-121.97498214850755,36.58189699058753
-121.97443615554246,36.582435985523404
-121.97439464488131,36.58256469296635
-121.97423716219703,36.58305298182222
-121.97187917123857,36.58320196964323
-121.97086216501498,36.582214968974334
-121.96790517551958,36.58230795407354
-121.96416725397278,36.5878255802933
-121.96382167260319,36.588335700302956
-121.96332225375295,36.58907290306866
-121.96430226338775,36.59041290207453
-121.9638822083745,36.59122090651894
-121.96115032906509,36.59647586175478
-121.96205034619581,36.59858085710229
-121.96069939401298,36.60334583100948
-121.95934840507331,36.60417482147015
-121.95815645199986,36.60895979637083
-121.95587746448193,36.60974678309807
-121.95174446238262,36.608449770110134
-121.94697549566827,36.61095873918069
-121.94599552548283,36.614106722609215
-121.94514203971376,36.614791693363095
-121.94278322649275,36.616684774747014
-121.94134331331158,36.61784038669583
-121.94106757010282,36.61806168624726
-121.94131860940415,36.622687669661936
-121.93954663946022,36.625819650436036
-121.93837065004116,36.6268216418386
-121.93827721692047,36.6272320631094
-121.93762167922016,36.63011162644625
-121.93854869745921,36.632429621452005
-121.93855271004801,36.63390961589563
-121.93643173711729,36.63674759692674
-121.93097007303726,36.63691956437976
-121.92966774816952,36.63696056974244
-121.92595227287022,36.63527746783671
-121.92573629594185,36.6351796307637
-121.9245617365863,36.63464755793693
-121.92448245577528,36.634551515920315
-121.92233871839062,36.63195455850949
-121.92172769116159,36.62840256834909
-121.9216656558751,36.62837574575433
-121.92155382142896,36.62832739117723
-121.91752068399474,36.626583557424155
-121.91592968579685,36.62646155132324
-121.91626267298739,36.62488155799056
-121.91416166266835,36.6230475554149
-121.91158166295364,36.62245654662493
-121.90952765565866,36.62097454285799
-121.90439766264092,36.62058452256587
-121.90221119725022,36.61844797803408
-121.89716962656175,36.61352151343993
-121.89752561687982,36.612266518764244
-121.89523160235169,36.609471517083655
-121.8928356075785,36.6094255066643
-121.89196573707798,36.607991395824605
-121.89153087334209,36.607274458236596
-121.88931757619956,36.60362550777477
-121.88955453801287,36.6020537527718
-121.88957991193315,36.60188544890691
-121.88966055980546,36.60135051585165
-121.88716956349033,36.60093850567248
-121.88684059609258,36.60093391985355
-121.88329457324109,36.600884488147024
-121.87582260147062,36.602258450463985
-121.87158763588134,36.60414967376205
-121.8661826520877,36.60656339622307
-121.85835809286985,36.61196990498519
-121.85756870694617,36.61251534423545
-121.85711875530602,36.61293670170025
-121.85072375724052,36.61892530063787
-121.84176782815686,36.629180242297075
-121.84154209628223,36.6294668915869
-121.83726186427063,36.63490221314113
-121.82476897831425,36.655818128745295
-121.81843703992021,36.66885908580202
-121.813703098047,36.68235605012757
-121.81367184562893,36.68246292344234
-121.80896816268549,36.698548013036095
-121.8079017075469,36.70566168742542
-121.80663022281462,36.71414298549682
-121.80624300655577,36.72833520246378
-121.80564536425703,36.750239936531614
-121.80517987741418,36.75181772996098
-121.80510543436188,36.752070058812876
-121.80509923612333,36.75209106808488
-121.7981382101536,36.77568585170582
-121.79493358294356,36.78654811376494
-121.79314716416599,36.79123295872293
-121.78828068263515,36.80399520282418
-121.78942911029158,36.80793058062255
-121.79052174849302,36.81167478146321
-121.79154676723886,36.81518726690352
-121.79918287114256,36.82733133651427
-121.80335875676816,36.8360758662498
-121.80428105454729,36.83800720726947
-121.809366046033,36.84865545041023
-121.81055492147473,36.850649710159885
-121.82766731249475,36.87935459812757
-121.83919812407805,36.896749291607804
-121.85637497605953,36.92266124550823
-121.86226978866843,36.931553795993175
-121.86693051413242,36.93639621434868
-121.86705826043467,36.93652894067496
-121.86787242513208,36.93737484451187
-121.88017098124726,36.95015283976021
-121.89467111514075,36.96185285413596
-121.90647220762342,36.968951853069136
-121.90663922625475,36.9690169587004
-121.91043515589287,36.97049665215602
-121.9168494909015,36.97299702715506
-121.92544465442037,36.97634751093781
-121.9282328130211,36.97743436379301
-121.93007335799004,36.97815182705607
-121.93321889932716,36.978118359857994
-121.93403434547808,36.97810968386467
-121.9394743905224,36.97805180415145
-121.9395088069422,36.97803318528995
-121.95167438442232,36.97145175825158
-121.95197643729732,36.97120412761998
-121.95604211737385,36.967870979871854
-121.9648896236057,36.96061757103709
-121.96748265267912,36.95849174074306
-121.97203725294487,36.954757765567216
-121.97277532769888,36.95415267347774
-121.97587533758224,36.95405266719169
-121.98390040070589,36.95872866039436
-121.98614884402701,36.95882296448791
-121.99291243471461,36.959106642610685
-121.99702861347113,36.95989682748232
-122.0005638455967,36.96057549176783
-122.00245544610637,36.960938637123725
-122.01274334894374,36.96321766606491
-122.01277025326813,36.9632149690849
-122.02337722284646,36.96215169093895
-122.02552873821996,36.95952192336102
-122.02610816860242,36.95881369367029
-122.02456216230952,36.95556268574028
-122.02648111435778,36.95180368616133
-122.03366944701298,36.952411849542656
-122.03582263363701,36.95259401822557
-122.0410789636196,36.95303872589874
-122.04189346089716,36.952189186406216
-122.04227405850148,36.95179221432215
-122.04328792377497,36.95073472949914
-122.0498668424829,36.9492857457379
-122.0627358455244,36.94861862960465
-122.06564566598476,36.9484677874867
-122.0676890871112,36.949004888881746
-122.07538157624334,36.951026814851176
-122.07589358159512,36.95280081700978
-122.07764466219017,36.95322283014795
-122.07994754323954,36.953777828027285
-122.08194651244611,36.95230183271188
-122.087540460769,36.953885847865614
-122.10072632557201,36.955503882361405
-122.10880625194939,36.95824890308894
-122.11492120824306,36.96266991798837
-122.11894216376804,36.96271792792287
-122.1229031371867,36.96606893682548
-122.12671408571138,36.96435294660857
-122.13516400844796,36.96777596573911
-122.13648500913672,36.9709139674188
-122.14058098253432,36.97495197487079
-122.15358884318351,36.97681000323867
-122.15508084464642,36.98085200354742
-122.16285278720005,36.98806101430053
-122.1690747180094,36.98880402655599
-122.1697517195239,36.991001025805545
-122.17610566347882,36.99539603403562
-122.18353158817253,36.9984370450698
-122.18441526299924,36.999759927356365
-122.18552693758345,37.00142413373411
-122.18586258541781,37.00192660757337
-122.18672420801947,37.003216479705586
-122.18688155556447,37.00345203318573
-122.1883273153834,37.00436576023401
-122.19230349404994,37.006878723823526
-122.19479966004624,37.00845631234407
-122.19500619786992,37.008586845205734
-122.19674901277463,37.009688312276424
-122.1974194378005,37.010112023979104
-122.202473345007,37.012326125256685
-122.20613301717808,37.013929416423665
-122.20615367191053,37.013938465199026
-122.20618234332922,37.013951026059495
-122.21048430455043,37.02002900992215
-122.21643324355217,37.02187801635269
-122.2166922551833,37.02456040257148
-122.21670824581832,37.0247260053797
-122.22380117292879,37.02567401908968
-122.22879215224705,37.03857598226356
-122.24422304889569,37.053371973672874
-122.25218301823001,37.059449981538506
-122.26048306569474,37.07254997773346
-122.27524312813674,37.089126995933746
-122.28488417722849,37.10174900409187
-122.29297581610678,37.10732031646437
-122.3061412388758,37.116385066940694
-122.31390924819073,37.11816310132105
-122.32297324014645,37.11546215521033
-122.32947523227404,37.11304719499041
-122.33166524719466,37.11658019628591
-122.33707325207885,37.117384221613555
-122.33885826682847,37.12085622125272
-122.33708730685363,37.130797184987955
-122.33783532815099,37.13593817483006
-122.34324434958423,37.14060719051084
-122.3440313643325,37.14410118525581
-122.35223837538267,37.145857223971056
-122.36094539768607,37.150184258927666
-122.35979341984338,37.15557623889033
-122.36179245476521,37.16359522903402
-122.36708749701668,37.17281923438301
-122.37188551043347,37.175258254583945
-122.37927254050976,37.18113028082698
-122.38510555236299,37.182957308727644
-122.39060155622997,37.18299033914613
-122.39480255256842,37.18151636590269
-122.3975455702382,37.18509037281105
-122.39858060517496,37.1928043607428
-122.40507562331305,37.19579339045147
-122.40891670897055,37.214204370873865
-122.40718373109524,37.219467349033884
-122.4095987563614,37.22460635155917
-122.4158247994169,37.232841369849325
-122.41911584189751,37.24147237052443
-122.4184548733142,37.248523351263344
-122.4116887777574,37.265846287431486
-122.40701571546923,37.29793579203653
-122.40502000022839,37.31164018498125
-122.40132533140586,37.33701112519598
-122.40085219499589,37.359227091151496
-122.40775418076092,37.36393313518724
-122.40926011841064,37.374807132228085
-122.41006093864061,37.375819699295285
-122.42328804462284,37.39254421675985
-122.42416499563295,37.40121421380525
-122.42844297844141,37.40593424193925
-122.42741395429879,37.40961922993591
-122.4318729507965,37.412146262340976
-122.43412493095201,37.416553275674055
-122.43551590474874,37.42170128163595
-122.43860789307823,37.4251363030759
-122.43933023257372,37.426672697452645
-122.44059848523857,37.42937023267552
-122.44207442027819,37.432509501989024
-122.44368884483424,37.43594333424292
-122.44505635895192,37.45116528249348
-122.44541466169537,37.45515358864275
-122.4459887054811,37.46154333088049
-122.44719231053148,37.46529212944129
-122.45206893337324,37.480481061078166
-122.45208861661885,37.48054236732677
-122.45868770131199,37.49128339378356
-122.45957857239142,37.492733423604
-122.4602229541715,37.493152808394306
-122.46265937960884,37.49473851398097
-122.46324930541138,37.49512245704895
-122.46763098751326,37.49797419960317
-122.46788956984125,37.49814249347559
-122.47238957409289,37.50054252880047
-122.47482255316439,37.49947943751654
-122.48565512109886,37.49474613146711
-122.48588964818047,37.494643654506056
-122.49379068622227,37.492343724971455
-122.4940083641903,37.49279485382201
-122.4953506743655,37.49557673774451
-122.49929068855353,37.495343772624416
-122.50073167557389,37.4980197779149
-122.49870066140481,37.500839759751734
-122.50154765865717,37.504562741639404
-122.5059046475307,37.50710872011247
-122.51238362738184,37.51411766393975
-122.5166906111112,37.521342607685376
-122.51673011787844,37.52156434022958
-122.51790748456492,37.528172335102134
-122.5186509067264,37.532344807455615
-122.51953458786309,37.5373044863273
-122.51949547918764,37.53740593687534
-122.51659058497303,37.54494142854686
-122.51479058708108,37.54614141938033
-122.51368958238866,37.5522413728367
-122.51371873143972,37.552518576346536
-122.51516656389245,37.56628726612271
-122.51813255669958,37.56762825672679
-122.51987601248487,37.57366424845169
-122.52036154380026,37.57534519907137
-122.51802754679966,37.57667918812889
-122.51741928649285,37.58679969822632
-122.51718853283613,37.590639081925204
-122.52085352181814,37.59418005715197
-122.51532753092738,37.59556604346428
-122.51472552905402,37.59828702239762
-122.51429170529941,37.59815122302302
-122.50764954517156,37.59607203508226
-122.50746574758547,37.59617673024609
-122.50202300335852,37.59927703734994
-122.50138755328433,37.599639003697035
-122.50126037018818,37.60023783401051
-122.50043055012384,37.60414496806875
-122.5010231546404,37.60493871285169
-122.50196894357468,37.60620551899944
-122.50212754432017,37.606417951599376
-122.50233154184828,37.60828693725557
-122.49843365249306,37.60826989968741
-122.49821154126465,37.60826892840324
-122.49700772834757,37.611539632338854
-122.49678753295957,37.612137893058005
-122.49819353476144,37.61411788330763
-122.49819134973627,37.61420941702163
-122.49806345596105,37.61956706254128
-122.49803352692007,37.62082083114874
-122.49588751878919,37.62276980879411
-122.49528708327006,37.629859848687325
-122.4952748067302,37.63000481207201
-122.49503473228238,37.63283965028042
-122.49458105416969,37.6381967557565
-122.49408649069761,37.644036642792976
-122.4942864182452,37.647177282836225
-122.49537968780771,37.66435133572281
-122.4954322263392,37.66517665783125
-122.49572456059383,37.669768905076
-122.49659142121011,37.68338632531895
-122.49678545146365,37.68643432580414
-122.50053062802044,37.700836518984985
-122.50060131060299,37.701108332175174
-122.50242831137615,37.70813414955035
-122.50648440534488,37.72373205074493
-122.50812293769332,37.73544049727403
-122.50999473948384,37.748815815879425
-122.51207205262921,37.76366023656424
-122.51306894306325,37.77078400728207
-122.51312925230344,37.77121497651911
-122.51448420052716,37.780830030023225
-122.50984370044918,37.78461558162541
-122.50531117079848,37.78831305477578
-122.49375796601653,37.787956983208794
-122.4928841650117,37.787930053763695
-122.48578413726013,37.7906300775865
-122.48575835119273,37.7906801925592
-122.48029707008169,37.80129413923532
-122.47817202872508,37.808354177232296
-122.47719032028432,37.80912410325072
-122.47678602064987,37.809441183952586
-122.4707020153747,37.80855118494307
-122.46379402426392,37.80465417269097
-122.4484829431002,37.80602490725356
-122.4410319460442,37.80669196231206
-122.43243114268506,37.807461954213046
-122.42657323647643,37.80798638649358
-122.42092164627122,37.808492348093736
-122.42026393233608,37.808551230273316
-122.41947722776268,37.808576882846666
-122.40952991303116,37.80890124114898
-122.40549497964345,37.8070310955141
-122.40310892687151,37.805925187443634
-122.4017906459644,37.80531417943731
-122.40084791719867,37.80487723554651
-122.40107992334933,37.80362023114612
-122.39732748601082,37.79947601707286
-122.39226657382605,37.79388671726023
-122.38847729325404,37.78970181577509
-122.38776914123447,37.78891972906105
-122.38766996653654,37.78881020002031
-122.38766997284971,37.787391736725205
-122.3876699738079,37.7871764460429
-122.38766999332083,37.78279221127964
-122.38767001998968,37.776800163793624
-122.38521705071294,37.76877414399438
-122.38570781982537,37.76725442920394
-122.38675710527012,37.764005213733284
-122.38685207653762,37.76371112587656
-122.38228607956226,37.7608561263439
-122.38133210189527,37.75530711228693
-122.38285339483042,37.753595232497304
-122.38310411452572,37.75331310275284
-122.38226804697439,37.75315476011397
-122.37656210558013,37.752074113374654
-122.37624211469756,37.74852411171701
-122.37299350200847,37.74531476483434
-122.36779910024683,37.740183145790695
-122.3682451014235,37.739867145601536
-122.3738411142718,37.739575136320255
-122.3757855911714,37.73582509132273
-122.3758711210671,37.73566014160118
-122.37517912001934,37.73470014483882
-122.37498312003537,37.73386314700042
-122.37461011972357,37.732881149726936
-122.37332811660941,37.73318715094312
-122.37202511305952,37.734214150718564
-122.37007810935673,37.73278915653401
-122.36977251469365,37.732700124937196
-122.3673871035799,37.73200516193238
-122.36616210032602,37.73284516213813
-122.36467209740331,37.73186016604985
-122.35928008657258,37.72859417866046
-122.36364809998857,37.72207318431037
-122.36287310015521,37.71811619173105
-122.36477610553473,37.71638919325187
-122.37929013540874,37.72430316358527
-122.38323614674056,37.720736168555426
-122.38304320306918,37.7206101989167
-122.3774780146427,37.71697678125264
-122.37597913232278,37.71599818597799
-122.38006514498458,37.71087019562264
-122.37876614264286,37.709523199468876
-122.37939114463819,37.70866420128086
-122.39155017320503,37.70975619336953
-122.39338015968684,37.70826876708683
-122.39415718082232,37.70763719875221
-122.38968189615963,37.68805291144411
-122.3876271825608,37.67906128050615
-122.38170916859691,37.677262279532584
-122.38099616962953,37.67237129098408
-122.38099616997886,37.67177126286896
-122.38099617225815,37.667856302220414
-122.37429215803334,37.66220730501796
-122.37624216703092,37.65525032413716
-122.38004518143451,37.64772235011756
-122.38724620094253,37.64734136790319
-122.3912162121636,37.64640537994929
-122.38931421090683,37.64019439317189
-122.38432319726715,37.64038337940707
-122.38049672625661,37.63535399357066
-122.38024518932086,37.63502338176199
-122.36507115136274,37.62814835018444
-122.36788403273816,37.621093513416334
-122.36792316299396,37.62099537293759
-122.35562813129866,37.6152943375254
-122.35912914407118,37.609322359764136
-122.37036517333378,37.61442839475261
-122.37331018201117,37.61377440735735
-122.37784436101059,37.60669002949841
-122.37854620149076,37.605593446892286
-122.37376741723784,37.60402516469382
-122.36982517803767,37.60273141600136
-122.36022015541722,37.59250239048922
-122.35961352756175,37.592485550067025
-122.33464008093397,37.59179226857897
-122.33441008166797,37.588042269041
-122.33304970404244,37.58822991710032
-122.32894406532223,37.588796241710284
-122.32512005317291,37.59152722279594
-122.31492102340668,37.5912441734991
-122.31538602592411,37.58726617404682
-122.31571402794133,37.58366717420473
-122.30589600089807,37.57548511649431
-122.30432366497259,37.57548052945325
-122.29686066522908,37.57545875732482
-122.28844638972163,37.57543420998153
-122.28425993604623,37.57542199664566
-122.27356390449117,37.57052392622631
-122.26286887199942,37.573914874045556
-122.26243561724276,37.57367601491671
-122.25193483919647,37.56788679319817
-122.25100510550524,37.5662356012238
-122.24986371487765,37.56420850894307
-122.24980294677027,37.56410058537241
-122.24701136740909,37.55914276725022
-122.24396382095388,37.55373035353562
-122.24341785608227,37.55276072502815
-122.23585088237107,37.55196771510801
-122.2328808925313,37.5525907142458
-122.22904790613262,37.55125570625916
-122.22701307812893,37.548424527805395
-122.22423234618765,37.544555528187686
-122.22324492897818,37.54318167517279
-122.21248096885175,37.54018765614045
-122.2036860006184,37.54018764831783
-122.19659402821834,37.537196633080015
-122.19513150294439,37.53376619361876
-122.1946550384207,37.532648617872084
-122.20012102190309,37.52661760432083
-122.19725963980464,37.52431872549386
-122.19495804425787,37.522469587844775
-122.18657308025071,37.51756856704152
-122.18348408962757,37.52077357404423
-122.17954911262828,37.5118165452938
-122.17814838772559,37.510886251297435
-122.1642240884172,37.501638402291995
-122.16209219449452,37.50022250098119
-122.15568721966504,37.50119849960499
-122.14963324262709,37.50267149970458
-122.13971827708538,37.50703250471292
-122.13616729166505,37.50682650178711
-122.1309803172423,37.50365249018001
-122.12770733601698,37.50005347891658
-122.12761883315167,37.49970447635719
-122.1241084180952,37.485861471642984
-122.12050934591602,37.477238121345586
-122.12049947225535,37.477214464130284
-122.121045540898,37.47654941680249
-122.1231384779131,37.474000466246544
-122.11754852739763,37.4675724553594
-122.11516294658726,37.466280183117505
-122.10910657644685,37.46299943906119
-122.1018046017945,37.46272742678216
-122.09627164039132,37.45783741220092
-122.08874168671363,37.45226739139515
-122.0883885677116,37.452233438808896
-122.0854430764267,37.45195022817796
-122.08401594781564,37.451813008950346
-122.06849175600976,37.45032034843477
-122.05991321573526,37.44733632543552
-122.05833779863403,37.44678832056914
-122.04599732434448,37.44903509577052
-122.04590282853125,37.44905230020915
-122.04566479296253,37.4492338749571
-122.03860083432777,37.45462230041616
-122.03860081274239,37.462048320450975
-122.04087452489095,37.46286369388974
-122.04983876305849,37.466078348867946
-122.0534327275425,37.47332137106389
-122.05445867861303,37.48726440399446
-122.05554264838577,37.49523042283303
-122.08263851812539,37.50156645400229
-122.09279147844,37.5006154582831
-122.10252845145614,37.49723746038107
-122.1094214108297,37.50025446791674
-122.11134539030758,37.50758048693381
-122.11142598880397,37.5102020736415
-122.11144595590757,37.51085153351461
-122.1119993512158,37.528851539167015
-122.12868924074738,37.56059463351684
-122.13239796880627,37.56221739356633
-122.13392521985936,37.56288564477484
-122.13618520483747,37.56818766086317
-122.14439716008827,37.58186670585537
-122.14701514361468,37.588411726322285
-122.14688112987253,37.59945475555648
-122.14670603293374,37.60212730318247
-122.14636112114947,37.607391775993996
-122.15061608685001,37.618503286812754
-122.15139709105573,37.62054281807027
-122.15298802056225,37.64184300405655
-122.15299406111659,37.64192387809151
-122.16010664754376,37.66383751526432
-122.16037001849455,37.664648952025736
-122.16204803399849,37.667561905227416
-122.16474416614643,37.6722422590358
-122.16758799075588,37.677178999338096
-122.1776699664093,37.68284203350785
-122.1840647671697,37.6909772186264
-122.18409294790234,37.69101306891685
-122.18726394294193,37.69030507278051
-122.19299342666977,37.69467709935637
-122.19409292739184,37.69551610100244
-122.20154690912902,37.70502314386162
-122.20416190129107,37.71160416896656
-122.20918800711593,37.71001399169223
-122.21248089018462,37.70897217752037
-122.2117678945696,37.702014154641425
-122.21474489101284,37.69924815184101
-122.22650386965026,37.70652719762793
-122.22713042490906,37.70697696177494
-122.25217283840176,37.72495330298686
-122.24836983542372,37.727773311352806
-122.24848816378676,37.72789601961469
-122.25598984702354,37.73567533163994
-122.25877580989894,37.73788081271283
-122.26096685820842,37.73961533496191
-122.26167985963063,37.74337434428541
-122.25222683830353,37.747620376241116
-122.24849151913695,37.748991398810965
-122.24493883751225,37.75029537743071
-122.24394783390535,37.75178037497585
-122.25056252970305,37.754082214757915
-122.25700820063463,37.756325203700065
-122.26113735665975,37.75776208342132
-122.26450411226229,37.75893366031671
-122.27190584389528,37.76150934480965
-122.27498983626768,37.76573734074279
-122.27940183727003,37.76813533387227
-122.27987262851697,37.767586528642425
-122.28307085940456,37.7638583244344
-122.28901286918541,37.76460931368167
-122.28877585431454,37.76874331735845
-122.29151148138435,37.76963094262141
-122.29987086401108,37.77234330111754
-122.30643086339872,37.776108294295504
-122.31538787917073,37.77659828035431
-122.31776787223508,37.77968128092434
-122.32802546941613,37.7813740926522
-122.33203789058769,37.78203626292906
-122.33161633745794,37.78707084061111
-122.33094083749265,37.795138287291955
-122.33300200304014,37.799055677846034
-122.33416881915608,37.80127329449819
-122.3415108202346,37.80415929238584
-122.3422538158843,37.805559294430005
-122.33385374611751,37.810330095538596
-122.33301877988379,37.81080431269583
-122.3286615430396,37.81051860283228
-122.32278576582166,37.81013332033155
-122.31729673383403,37.81626233380611
-122.31919872618059,37.819079336565366
-122.33036973757675,37.820581331769255
-122.31610869046412,37.827339350161004
-122.30612568066776,37.826025353351866
-122.2966186579716,37.82846636047996
-122.29711653235007,37.831219036956476
-122.2980446319004,37.836350367649025
-122.31591365469939,37.836813363463726
-122.31419563184792,37.84231237136431
-122.29923361874368,37.840480371529154
-122.30095325953451,37.84574337886467
-122.30113460033395,37.846298377361514
-122.30116216994382,37.84736377797476
-122.30137256751401,37.855494387150685
-122.30835254846991,37.862935397387915
-122.3169445735093,37.85881039438041
-122.31872254700666,37.86637840583555
-122.32519352367736,37.874277421149515
-122.3186635132591,37.87530841881831
-122.313164526986,37.87015240859343
-122.3085025194584,37.87088140718605
-122.3114454895789,37.87977642019215
-122.31282131816265,37.8812785006691
-122.31615347477056,37.88491643073576
-122.32691246977228,37.888713445876824
-122.32691246616749,37.88964899581193
-122.32691245520742,37.89249345208735
-122.31543944676736,37.89223244026778
-122.31110144985529,37.89043143364553
-122.30949743911388,37.89298243530539
-122.3113994302561,37.89579544086134
-122.31314797704695,37.897289482666835
-122.31478642212011,37.89868944845843
-122.31900542846302,37.89785845204617
-122.32233244030218,37.895420452019195
-122.32542043369276,37.897779459103866
-122.32477141752447,37.90186846489847
-122.3216454029992,37.90509046602411
-122.32511239396636,37.90807547525683
-122.33569339223203,37.91030849366331
-122.34467441040287,37.90723649996884
-122.35228041400399,37.90761151093109
-122.3531184064687,37.90958151645808
-122.3543833447189,37.90957287672725
-122.3604374114547,37.909531526474815
-122.36182339839247,37.917287165380344
-122.36184937921833,37.91743254764983
-122.3647643787957,37.91792955344623
-122.36549038836077,37.91576754915123
-122.3635344299896,37.905612521077515
-122.36829043749682,37.904622524685315
-122.37866243336956,37.90723654524044
-122.38590843427139,37.9081375575739
-122.39054643300175,37.909111566847415
-122.38745638008739,37.92054959704684
-122.39049037284157,37.922536608121376
-122.39060642240058,37.92286943482091
-122.3914973604081,37.92542461877215
-122.39767734556854,37.92936164231073
-122.40128935150534,37.928427645823476
-122.40195533806127,37.93142365703415
-122.41003633722295,37.93236067551618
-122.41372531572574,37.93726370020199
-122.41098730341464,37.939671703229266
-122.41407727802998,37.94529472992829
-122.42263327161893,37.94716975582293
-122.41930625282994,37.950917762373955
-122.42073223438292,37.9548537804955
-122.42501022534024,37.95691479875477
-122.4300871960994,37.96311683587271
-122.429760184918,37.96540684411041
-122.4185921867138,37.964785812242724
-122.41265019310187,37.96328679123031
-122.41176120606052,37.96049877899187
-122.40838321929208,37.9575457601354
-122.402906230686,37.95485373756436
-122.3955382062457,37.95991373598258
-122.39716843331546,37.96150748971256
-122.401480180539,37.96572277030824
-122.40113388155461,37.96776777618009
-122.40100416761149,37.968533778371274
-122.38175215221904,37.97171873523373
-122.38162295574237,37.9717775525989
-122.36758212419372,37.978169712235086
-122.3619050746934,37.989992724348014
-122.36300105609364,37.99437673863735
-122.36692803804218,37.99845976200487
-122.3688910347103,38.007949772873076
-122.3679090369884,38.01253176963459
-122.36463903768066,38.012927758460975
-122.36202503627834,38.008620749387426
-122.3555390374846,38.00866972718664
-122.34009303889458,38.00369567408699
-122.3325520399859,38.001503648137565
-122.33039096097194,38.00260544113048
-122.32866947444666,38.00348311462629
-122.32447104259406,38.005623620667144
-122.31543904520146,38.01161659010242
-122.31371880135421,38.01153160773025
-122.31333177667783,38.01151248818785
-122.31332462719496,38.01151213499377
-122.30082304757671,38.0108945400472
-122.29948228205257,38.01190643056763
-122.29511779610839,38.01520035614455
-122.29392904872815,38.01609751685533
-122.28941304915575,38.022276501908806
-122.28557154005317,38.022534746991276
-122.28347804971203,38.0226754816797
-122.27681604949618,38.03051445962445
-122.27556095177532,38.03573925033837
-122.27515204874828,38.037441454567656
-122.27142104826459,38.04094244218715
-122.26695204816008,38.041091426999465
-122.26286104739708,38.04460141342435
-122.26286104605242,38.05147441409091
-122.26807667755324,38.05826743464773
-122.2696063147997,38.06025968748283
-122.26966623342699,38.06033772758889
-122.269731865342,38.06042320887999
-122.27474804515532,38.066956455820986
-122.28156183028723,38.08040012165014
-122.28282404546272,38.08289048448546
-122.30255705199366,38.103249552492954
-122.31729305921262,38.11203960254026
-122.34510207635323,38.125876696400404
-122.34990086268799,38.12804183599994
-122.36126408820036,38.133168750690665
-122.38218010433111,38.14008582067303
-122.39358811363547,38.143450858757475
-122.39812898616724,38.142801309776644
-122.39881711657303,38.142702876182334
-122.40000611464576,38.138589880123334
-122.43299712207613,38.12330199044908
-122.43461941506283,38.122326488358084
-122.44349912178406,38.11698702574405
-122.44896412517294,38.1177260440367
-122.45092812869363,38.120346050542494
-122.4483661329126,38.126123041809045
-122.44145013711073,38.13485501848357
-122.44478014237667,38.13834702951755
-122.46382214631767,38.13082509333246
-122.49752214592945,38.11513620687972
-122.49880135850299,38.11129953814022
-122.49883114156803,38.11121021150453
-122.48831133065706,38.10532396041678
-122.48794712929778,38.10512017531465
-122.48604612382871,38.10119316913301
-122.48591118719943,38.09924617907924
-122.48533311134095,38.09090516726443
-122.48375708829762,38.07176416291848
-122.48555500380729,38.06851384099526
-122.49226507116335,38.05638319254507
-122.49293806142661,38.048430195276
-122.49328147698301,38.0475745225156
-122.49599436502483,38.040814943746526
-122.49946504111942,38.03216721843368
-122.49782802504363,38.01940421361718
-122.49573575206286,38.016684000084076
-122.49474099513986,38.01539069307173
-122.49455602013182,38.0151502026847
-122.48747202019005,38.01435717850783
-122.48146601324672,38.007623158299715
-122.47559679425453,38.006284677027956
-122.47418271556367,38.005962194960816
-122.47335291086286,38.00577295716381
-122.4694563200815,38.004884335705626
-122.4665451801169,38.00422044729079
-122.46607007379329,38.00411209881201
-122.46588331661633,38.00406950864868
-122.46518616262793,38.00391052197454
-122.46281201232546,38.00336909458649
-122.46264532041218,38.00321584711535
-122.46186801491683,38.00250123475293
-122.45592277485557,37.99703547408991
-122.4506990510618,37.99223301867147
-122.44995864939784,37.9909640170527
-122.44841307120687,37.98831499403658
-122.44730409111813,37.98438897339231
-122.45609811342372,37.979892979926326
-122.46370910485159,37.98148501010246
-122.46655608755826,37.98476403441065
-122.471975102896,37.98177003638858
-122.47463712463099,37.977645023867474
-122.47463713854886,37.97502201079905
-122.47513915781376,37.974374420116355
-122.47725115655132,37.9716500012868
-122.48441616280152,37.97054901553406
-122.48656967569035,37.970442509448176
-122.4920167029914,37.970173116282254
-122.49246316540979,37.970151035625584
-122.49331134911249,37.970253699001
-122.49466099453001,37.97041705884994
-122.49555316352429,37.970525046176
-122.49650317908933,37.967715033411466
-122.49168576803945,37.96541389409457
-122.49030219476074,37.96475300086836
-122.49030221536799,37.96097888072848
-122.49030222513568,37.95918997118231
-122.48652129109072,37.94691289724084
-122.48048429724098,37.94544487627737
-122.47963460349098,37.94289486578157
-122.4795123125672,37.94252785928856
-122.48424712005415,37.94067825620421
-122.48652132971864,37.939789859838896
-122.48940540771378,37.937028017259166
-122.48984834828343,37.93660384974968
-122.49703433816501,37.938937876901775
-122.4986433246789,37.9414768942256
-122.50199405119872,37.942162499390996
-122.5050603329043,37.94278989838673
-122.50506033545305,37.94232014411482
-122.5050603377385,37.94189891650716
-122.50506036748774,37.93641586356088
-122.50306440383235,37.92875482355816
-122.49972462759789,37.92633637427414
-122.4935744305779,37.921882777541065
-122.48637542675034,37.921882765568746
-122.48528352182127,37.9210471210164
-122.48521605915018,37.92099549123599
-122.4850356561924,37.92085742725398
-122.48259343288485,37.918988372264785
-122.4815638767226,37.91820044395565
-122.47933213536568,37.91649247300229
-122.47915345248286,37.91635572545714
-122.47558844740637,37.91691772278585
-122.47358146941001,37.912542697980484
-122.4729734885394,37.908854678861935
-122.47606349556851,37.90791667838721
-122.47614194652361,37.90773107050766
-122.47701450819609,37.905666668337616
-122.47453142720073,37.90403691642384
-122.4740616503228,37.90372858185832
-122.47278516970937,37.902890773328814
-122.47230352127545,37.90257464698786
-122.47144249990737,37.90212073285222
-122.46942031735304,37.901054676646254
-122.46251554097684,37.897414610687385
-122.4585585551612,37.89406559082694
-122.44841355029324,37.89341157746362
-122.44373957995401,37.886723544048465
-122.44150858839511,37.88463553327198
-122.43829359672158,37.882369521203984
-122.43885460589775,37.88062151434081
-122.44184060716717,37.88092851782364
-122.44316768262071,37.879869704312256
-122.44445262004724,37.87884451078846
-122.44413141121558,37.87736627489352
-122.44397737215293,37.876657371398835
-122.44394763119482,37.87652050047342
-122.44818164191987,37.8752154974519
-122.4498786565005,37.87266748721525
-122.45114322062206,37.872753185184536
-122.45234128363094,37.87283437645896
-122.45520566006482,37.873028491788176
-122.45717091873176,37.87221381808959
-122.4579846688016,37.87187648803501
-122.46065766055418,37.87400149937464
-122.46247966602705,37.87329849712341
-122.46313158999575,37.872035509204146
-122.46324567450831,37.87181449054459
-122.46248268960296,37.8687534757296
-122.45845970173431,37.865572459185344
-122.45807271314865,37.863271448431796
-122.45959671776214,37.862704446315036
-122.4688236957524,37.86885547915456
-122.47366166867174,37.874930511534444
-122.47420465621636,37.87738152404866
-122.47270453163388,37.87907685913254
-122.47118463529507,37.8807945388021
-122.47225782535372,37.88326254903003
-122.47255672697594,37.883949931754536
-122.47293661562375,37.8848235600071
-122.47447295025064,37.88574749481112
-122.48146359571147,37.88995159338506
-122.4834568400331,37.891453064025406
-122.48639716220994,37.89366794959122
-122.4890265710727,37.89564863074067
-122.49341458396556,37.893931626152764
-122.49901258889125,37.89385763151617
-122.49915403043507,37.89392133351487
-122.50121658306749,37.89485025737392
-122.50236758545879,37.89536864016215
-122.50427559562833,37.89411763269198
-122.50079663048518,37.886734592828375
-122.49889763244636,37.8859855878607
-122.49650367804215,37.877343538493946
-122.49846756954501,37.8757932267402
-122.50054469981646,37.87415352310016
-122.49812430498842,37.87224287551246
-122.49626671405449,37.870776502409356
-122.49460273711092,37.86627347709711
-122.48770974089312,37.86420946340503
-122.47844075577359,37.85951843629894
-122.47856066898939,37.85697055985452
-122.4786485404176,37.85510349681655
-122.47881279846884,37.851613396262564
-122.47948870051523,37.85048094734074
-122.47981203440924,37.84993921333642
-122.4798728092801,37.84983738728309
-122.47986471143987,37.849695190357046
-122.47974382125216,37.84757237573243
-122.47752082389198,37.84655137061612
-122.47737049815211,37.84559628128734
-122.47690084409135,37.842612350814235
-122.47560784814729,37.84153034556628
-122.47226086866235,37.836809322811746
-122.4721348775952,37.83508531435266
-122.47260888927873,37.83299930391369
-122.47368789113467,37.832935303222754
-122.47446288791758,37.83374730699577
-122.4761248891246,37.83395730750198
-122.47777889448177,37.83338630407996
-122.47907191234914,37.830385288391284
-122.47848693455478,37.82607326676973
-122.4790819382993,37.82553726374633
-122.48348393838255,37.82672926765748
-122.49093494919707,37.826751264140384
-122.49548397969112,37.82242923835369
-122.49902898522654,37.82239623609716
-122.4997939882645,37.8220572337673
-122.50000699493799,37.82091222728951
-122.50445299326378,37.821096232865784
-122.505692981154,37.823301246158174
-122.51109497162791,37.82501626065784
-122.52009396791225,37.8256712726355
-122.52365297202435,37.824819271617876
-122.52764499016298,37.82103425630817
-122.5288880029531,37.818339244023285
-122.52958600593817,37.81768524149095
-122.53068900396815,37.81804424448356
-122.53188498883804,37.82118126138761
-122.53497697424032,37.824219279499566
-122.5341239652181,37.82615928825067
-122.53728594598844,37.83032931154427
-122.54898692168821,37.83622834909762
-122.55899488247792,37.846528402796345
-122.55932869899162,37.847238089995464
-122.56148786265776,37.8518284277302
-122.57352785605381,37.85573544984091
-122.57538984657317,37.85873546314024
-122.5781890853021,37.85961128743638
-122.57969184537244,37.86008147013974
-122.58182085769252,37.85704245844319
-122.58428985219194,37.85922846816248
-122.58977755200152,37.86436049013658
-122.59841297846856,37.872436218319244
-122.60129081933393,37.87512753291678
-122.61394282631596,37.87843554500918
-122.61744283400026,37.87723654084664
-122.62111783487417,37.87882254619234
-122.62409383356125,37.88105155348712
-122.62693483822584,37.8807425523013
-122.62871483854501,37.88169455526321
-122.62820683144533,37.884512564400936
-122.62895846347435,37.885222620823676
-122.64196382696143,37.89750860138121
-122.65882384684915,37.90473961460426
-122.67847488432707,37.90660560922905
-122.6785377321546,37.906588337378004
-122.68429689757056,37.90500560262062
-122.69356991843243,37.90117259016879
-122.69971893190286,37.89713757973911
-122.70038393401143,37.89493957528409
-122.70264093835465,37.893821572471595
-122.71022995098653,37.896426574764
-122.71402395750872,37.90046958022275
-122.71897296697364,37.90219758089734
-122.72176797226574,37.90134857834683
-122.72518197909585,37.902692578846676
-122.72729798375305,37.9046275806497
-122.72784698529503,37.906156568626415
-122.73006119344137,37.91232321213506
-122.73289900150701,37.9202265986315
-122.73688475844244,37.92580664480164
-122.73689901402909,37.92582660257044
-122.7487470484853,37.93108259766418
-122.7546070628677,37.93552860957873
-122.7589780701981,37.93597561822023
-122.76613908412997,37.938005633861344
-122.76823609254627,37.94167664191497
-122.7717801021007,37.94401865132078
-122.77647711015206,37.94377366002762
-122.77612211349184,37.94629466227911
-122.77928512266548,37.94827367070907
-122.78267112955274,37.94850567754862
-122.78324513567065,37.951335682062364
-122.79174018891686,37.96942372124761
-122.7974062186835,37.97665874214348
-122.80609472684877,37.983307296741195
-122.80877827082583,37.98536077763353
-122.81147227810695,37.98511878307499
-122.82138433985025,37.996736820687545
-122.85657443824479,38.016718889311974
-122.88211550099034,38.0252749334628
-122.90510756332161,38.028385975851876
-122.92314061634515,38.02868101127185
-122.93971265693344,38.031910039197555
-122.95681271649083,38.02872207802958
-122.97237978925146,38.020249124236855
-122.98177785420685,38.009121164528906
-122.9831398695224,38.00575917383031
-122.98365788755088,38.000743184493466
-122.98303586907049,37.99740817855373
-122.9740448179434,37.994298151702495
-122.96769879422953,37.99377813664709
-122.96354575514063,37.9899161190913
-122.97210578278604,37.99012913811599
-122.97439180594264,37.99243114825724
-122.98601283968935,37.99208017278492
-122.99149887454422,37.9944521903032
-122.9942248735734,37.993177193266796
-123.0063298661923,37.993632171840915
-123.00747987398348,37.995362169470155
-123.01167385256532,37.99509514550388
-123.01427783189679,37.993931128384155
-123.02406779368718,37.994880076046215
-123.0205638438025,37.999546105778
-123.01520387150177,38.00028013632225
-123.01153487772696,38.00344015062764
-122.99242177862013,38.04176012295295
-122.96089047800989,38.11296394184412
-122.95208738763095,38.13856388854299
-122.94907533892972,38.15406186028141
-122.94962731141547,38.16404284464086
-122.9535382984928,38.17028583770511
-122.9536302830666,38.175671828879345
-122.95584327879591,38.17801582666004
-122.96086128029631,38.17941082802205
-122.96735027724047,38.18276582687191
-122.96540926198722,38.1871148178863
-122.96637122826876,38.1985157984892
-122.96811321779256,38.202429792557915
-122.98073418659177,38.21534177520263
-122.98042616822927,38.22098576448798
-122.98183216221209,38.22310376104356
-122.98551215847884,38.22487775901957
-122.99195413406885,38.2331867449651
-122.99563211716287,38.238627735148675
-122.99500411211272,38.240044732167306
-122.9928231113514,38.240039731667714
-122.98715011757855,38.23753973516778
-122.97899414080153,38.22929274845445
-122.97277713664907,38.229646745807244
-122.97264501328394,38.23129119234129
-122.97255531520337,38.23240760125852
-122.97249512556469,38.233156739368205
-122.969315107135,38.23868472859052
-122.96712707304057,38.2495867088201
-122.9681430559422,38.25365669414296
-122.97708299008345,38.267903638660925
-122.97724840797804,38.26799787142773
-122.98631996044547,38.27316561669708
-122.98945192263757,38.28024558723917
-122.99460390362779,38.28309757430291
-122.99710686738018,38.289459547006864
-123.00291201256731,38.29570986342144
-123.00412279631189,38.29701349839312
-123.02433358909708,38.310574369355244
-123.0387424772391,38.313577306850384
-123.04467444041555,38.313176287236395
-123.05106141263168,38.3106942729383
-123.05347642550818,38.30572328081957
-123.05255228934371,38.30351548219047
-123.05202145511224,38.302247297824245
-123.05350446198932,38.29938630181354
-123.05823943716906,38.2983562872582
-123.0636713794981,38.302179254554396
-123.07403221599868,38.318397167489394
-123.07694118585444,38.32023015204516
-123.07977014419447,38.32407713123947
-123.07468418695645,38.3225751528158
-123.07425325044393,38.32344681565222
-123.0688295807147,38.33441736720419
-123.06843715422335,38.33521113510627
-123.06841548954894,38.338314011907435
-123.06828809154861,38.35656032079392
-123.06826501047136,38.359866059707535
-123.07148975945994,38.364430049946264
-123.07479085450129,38.369102093605406
-123.07856720074851,38.374446761820785
-123.07889617322918,38.37491235708911
-123.07894254448057,38.374977986394185
-123.08064182098204,38.37738297522852
-123.08145509699878,38.37955114780581
-123.08354780191421,38.38513024488743
-123.085571707853,38.390525926421354
-123.09390962289473,38.39482989631062
-123.0947016285999,38.392954899530494
-123.09640661376675,38.39340889459053
-123.09618658514452,38.39839688205686
-123.09860651961769,38.406357856496186
-123.10260417161314,38.413558282043205
-123.10370542704898,38.41554182361033
-123.10902535868111,38.42042080223739
-123.11337632023796,38.42153479208048
-123.1155502898038,38.42390678292191
-123.11702724948312,38.42869076963449
-123.12174920679195,38.430006759207345
-123.12237815677882,38.43731474236999
-123.12244859102269,38.43743228880894
-123.1243561216611,38.440615732444
-123.12796909458154,38.44067972725312
-123.12632709147972,38.44312072442036
-123.1268094475672,38.44453054259565
-123.1284096996181,38.449207719171454
-123.12882402736214,38.45041870600048
-123.12900472192109,38.450517304404016
-123.12911717876486,38.45057866798568
-123.13679594058915,38.454768687783385
-123.13774396067953,38.4549244408275
-123.1436068825946,38.45588767784747
-123.14532384728328,38.45942266958901
-123.15635373111019,38.46462664934212
-123.15706452300873,38.46684410022275
-123.15707271127269,38.46686964507547
-123.16158566849349,38.46821963872009
-123.16642658826828,38.47494762460468
-123.18636436413448,38.485936596259705
-123.19860723547258,38.49114158387741
-123.20227518594393,38.49431457926092
-123.20957311741752,38.496120574389444
-123.21524505054319,38.499512569712195
-123.22029501750312,38.49861856811881
-123.22403898238701,38.49951256613202
-123.23137996008008,38.50257256157501
-123.23425899724616,38.50658055793587
-123.23663501885578,38.50925655505691
-123.24207598857093,38.509990551569125
-123.24566799117687,38.51197454804034
-123.25068294239954,38.51018953422299
-123.25491203605083,38.511982453715355
-123.25467109106087,38.5158824546519
-123.25815416003373,38.51682438847448
-123.26599021306382,38.522872117216586
-123.26822588538315,38.52459756981053
-123.26901445668318,38.525206175254084
-123.26891367018419,38.52539996222844
-123.26777247307172,38.527594196032325
-123.26874552276605,38.529887175013414
-123.274171650244,38.53271806867708
-123.27880270434932,38.53148898225994
-123.27910777453849,38.53585697078805
-123.2829268359458,38.53596789786912
-123.28665550021128,38.53972018186365
-123.28715496566501,38.54022281122431
-123.2904590221904,38.5405507475555
-123.29129871140024,38.54091478483983
-123.29715016995942,38.54345161496533
-123.29788819449793,38.544052308883174
-123.29825715608335,38.544352614584724
-123.30141828829214,38.546925527383856
-123.30630739944412,38.54927342930678
-123.30678145787286,38.55270841420212
-123.31039756576881,38.5561833380971
-123.31721171918126,38.55938219997983
-123.32331684280786,38.56132407749633
-123.32391888759025,38.56372006096738
-123.33064403829397,38.56685592322565
-123.33189903836394,38.56554090150602
-123.3401062641422,38.57222672612175
-123.34038835097209,38.5778297078643
-123.33936141084419,38.58297571651462
-123.34333857566455,38.590006621477905
-123.34961277215899,38.59680348012996
-123.35478987247458,38.59821237297247
-123.35714288422332,38.59654333004792
-123.35975694890718,38.59821427342334
-123.36188502269808,38.601021223447496
-123.36831415376513,38.603230088325745
-123.37187726687958,38.6072330055526
-123.36807621790075,38.607873080537786
-123.36665023400144,38.610473102350355
-123.36760129198038,38.613445075078744
-123.3683789514267,38.61366522350131
-123.37486343318076,38.61550092199973
-123.37930459504034,38.621950813164666
-123.39065690641657,38.63145655224709
-123.38788088094431,38.63261660583599
-123.38989594953058,38.63522755638189
-123.39434204510637,38.63715145866328
-123.39331905310624,38.63877747474177
-123.40093528150393,38.6465592920931
-123.40258762739495,38.64885590615556
-123.40301235475813,38.64944623946215
-123.40713247271087,38.653288265039784
-123.40866151645118,38.65471410401622
-123.40566550013718,38.65672616009154
-123.40913358701044,38.65910907937408
-123.40942663542957,38.6621580629654
-123.41605281002523,38.66732890553422
-123.41545682918557,38.66928391136912
-123.41965997010783,38.674673803408474
-123.42467706011442,38.67567969316496
-123.43497130259293,38.681789451222016
-123.43223828425775,38.68337650369914
-123.43263934665286,38.68731048044631
-123.4346916318308,38.69010195853507
-123.44177766142086,38.69974023625701
-123.44547773219945,38.700822151903324
-123.44464274012,38.70225116439129
-123.44613378292547,38.70368912638335
-123.44827980842186,38.70322908162264
-123.4531809360932,38.7070519597508
-123.45473664897364,38.71007239654343
-123.45580204763381,38.71214088185809
-123.46129519849049,38.71699674155016
-123.46686932300614,38.71992660684443
-123.46885138723326,38.72038863092907
-123.4714876136266,38.72100314179388
-123.47407145386484,38.72160544127043
-123.4789646049803,38.724514603548116
-123.48258422134454,38.72666660129801
-123.48428569137417,38.72767818900425
-123.48980202033866,38.73203141310722
-123.49002584035672,38.73220804119345
-123.49329694933024,38.73650694853767
-123.49875505021593,38.73793782037136
-123.50791321050002,38.74125362783673
-123.51049149157224,38.74047598395628
-123.51079123305801,38.74038557793914
-123.5147893031126,38.74196049494388
-123.51752025185486,38.745139928028735
-123.51758736211737,38.745218059334526
-123.52004732914403,38.748082009324314
-123.52142448974128,38.74968533126371
-123.5243785202924,38.749340277158566
-123.52736458916972,38.75235723180867
-123.52515757784431,38.75379528231361
-123.52716563630186,38.75719126505993
-123.53159871122213,38.7595001953173
-123.53111375271303,38.764173232992725
-123.53354082254569,38.76840221289148
-123.537692898299,38.77137815252349
-123.54248696051111,38.77231806759493
-123.54184299623105,38.77675810685127
-123.55026312147322,38.78037596967321
-123.55002913366822,38.781953983720655
-123.55521120510691,38.78372889653774
-123.55812924970782,38.78525085062927
-123.56131627678603,38.784518785891194
-123.56254630450874,38.78618977281494
-123.56065131338673,38.78942482837683
-123.56801543234138,38.794383719325666
-123.57199350482864,38.79818266724065
-123.57421320505641,38.79893220483885
-123.57581355376206,38.79947260284942
-123.57868139742631,38.80184952587777
-123.57986262134393,38.80282854671599
-123.5826706494799,38.802896494017055
-123.58413264692793,38.80076845339611
-123.586540686232,38.80273541983496
-123.58992571614962,38.80230035315731
-123.5907876972259,38.798731315107275
-123.59325872414948,38.7990262701668
-123.5943417501376,38.80104026195248
-123.59102574223162,38.804288344463394
-123.59158655952237,38.80522514973334
-123.59194911097005,38.80583076609629
-123.59268877959913,38.80706632993278
-123.5972048314507,38.80817725127877
-123.60014833211147,38.807435990423066
-123.60175986692504,38.80703015813112
-123.60279989116954,38.80900315047745
-123.60110371173931,38.80906501901678
-123.60005686562843,38.80910320297242
-123.5986308642542,38.810770240101505
-123.6003819044121,38.81399322661339
-123.60274594866186,38.81706020057781
-123.60157595177063,38.818983234424415
-123.6039469821961,38.82019519695522
-123.6053240129529,38.82275818651816
-123.6124831042782,38.82668207498769
-123.61805616173413,38.82790297699457
-123.61931618614763,38.82993896555634
-123.62566325192442,38.831583855499076
-123.62811629896888,38.835754834487695
-123.63457937573565,38.83943973464896
-123.6386444351291,38.843857684636056
-123.64268346893769,38.8439976090714
-123.6451765212695,38.84477389259607
-123.64739451536046,38.845464528869044
-123.65221960197391,38.854574493021545
-123.65470367772413,38.865630513302655
-123.65985374912086,38.87252145778384
-123.68043493458747,38.88255312934804
-123.68166195514843,38.88564112491031
-123.6849449876346,38.8885050801997
-123.68810702696112,38.89358605125977
-123.69225306104805,38.89593898710359
-123.70298814566115,38.90203082097422
-123.70542017139317,38.90578479776787
-123.70631928922263,38.907066325480734
-123.707764194674,38.909125773714266
-123.71092879487547,38.91016225977397
-123.71104621595806,38.91020071812981
-123.71172122309665,38.91141371272747
-123.71116395511325,38.91227267088803
-123.71054822187332,38.913221745920325
-123.71040322582532,38.914869758683075
-123.71271824183611,38.91619772293747
-123.71713726629356,38.91664964204158
-123.71751842873041,38.91684787961518
-123.7209835246183,38.91865003058843
-123.72166329575204,38.91900357067973
-123.72448610006138,38.91780656077699
-123.72537531131671,38.91742949085177
-123.72663638061316,38.918391823008164
-123.72798432924428,38.919420453567284
-123.72995336060885,38.929604478182874
-123.7276383494137,38.92949152131829
-123.7263233585164,38.93635858794277
-123.73177739199527,38.94091151236277
-123.7338414104974,38.94592650376199
-123.74192945996111,38.95621941317763
-123.73666714832747,38.95783786962785
-123.73601144165708,38.9580395362799
-123.73290042449008,38.95498557662287
-123.72906141380051,38.95665865947163
-123.72135540327388,38.96387084920034
-123.71115740727492,38.97730812396789
-123.69690833641488,39.00439371002089
-123.69074791718883,39.02128650204251
-123.69259682306345,39.02520062716009
-123.69206870273956,39.03014383486656
-123.69010267825192,39.03115090833929
-123.6903765476702,39.036547119937346
-123.6929155307344,39.037209104892995
-123.6922444946275,39.038704175970395
-123.69394741618835,39.04188527649901
-123.69083636106383,39.04424342098052
-123.69340525677315,39.048437549081356
-123.69124720197986,39.05078967711887
-123.69521006273807,39.05628283786306
-123.69318203138312,39.057695925285685
-123.70275662870904,39.073218417209596
-123.70272850542534,39.078162619897675
-123.70587042975178,39.08081668650015
-123.70392840872069,39.08189075649076
-123.70688521602591,39.089176017364565
-123.70616617490325,39.09091109796414
-123.70660926823369,39.09143431546531
-123.70889908327858,39.094138196754166
-123.71105298613551,39.09763131487523
-123.70831297904654,39.09834837793453
-123.70807887932764,39.102331545225525
-123.70948881463244,39.10464262411079
-123.71339770055204,39.10841873557108
-123.71630943562212,39.11816811023248
-123.72023629780661,39.122669257465056
-123.71818224601351,39.12511038147306
-123.71818217440394,39.12787649759994
-123.72039810355024,39.13009956884131
-123.71937099512118,39.134513764755965
-123.72186696915459,39.13490875732016
-123.72307290047043,39.13724184443369
-123.72754084022742,39.13843185282668
-123.72768875753495,39.14151998310623
-123.7322047322413,39.14133493370211
-123.73322878417517,39.13914182994308
-123.73594075292239,39.13964182620549
-123.73791763702887,39.143439972422144
-123.73742951190745,39.14818718243379
-123.7390743254077,39.15462444760986
-123.73793111493077,39.16271080756107
-123.74222502121873,39.16488386924713
-123.74513692706334,39.16744595952848
-123.74675778848678,39.17197714670013
-123.75364567379587,39.175959294506974
-123.7522895932977,39.17854541034041
-123.75616952674113,39.181911551921715
-123.75720541672841,39.1861827371557
-123.76101329650851,39.19159496557395
-123.76457232468046,39.19152795465699
-123.76589427709855,39.19365704391668
-123.77142130355936,39.19422405525731
-123.77301020777519,39.198283225737775
-123.76991808979542,39.20179838532169
-123.77500085832,39.212083811589814
-123.77680581063089,39.21447890787761
-123.770944764601,39.214299920594556
-123.76975671985541,39.215588980294754
-123.77004577768062,39.21614904853374
-123.77165763837544,39.219272131962946
-123.77190101691266,39.21945435364806
-123.77606157291869,39.22256943197977
-123.77658358516919,39.22296027116654
-123.77696551944689,39.22558838193894
-123.77869839918193,39.23078459636953
-123.78164141953881,39.23108359622609
-123.78013934468592,39.23339470114384
-123.7773702172518,39.23721587678098
-123.78348295472124,39.25265741227729
-123.78834000975965,39.25371039559255
-123.78694645733597,39.259336675772914
-123.78686601409369,39.25966145452529
-123.78857403579897,39.260760455374005
-123.78821488903307,39.262648255258995
-123.78789504057897,39.26432948959876
-123.78900807025538,39.26970953077178
-123.79191063079006,39.27333910541816
-123.79209811547811,39.27357355005857
-123.79518814598127,39.273021530945265
-123.79899318035824,39.271357498383175
-123.80181720146302,39.275669366572274
-123.80313266075723,39.27767788135354
-123.80385025522668,39.278773543710095
-123.80175924889363,39.28353259627706
-123.80482130050814,39.289666639703
-123.80308328927319,39.29174966580086
-123.8018432813595,39.293257684469395
-123.79827723491621,39.29031467204542
-123.79542520784257,39.29105069008195
-123.79518821327166,39.29344171226185
-123.79661423705343,39.296200731297425
-123.79661425397282,39.30135077727561
-123.79798204755761,39.3017839451386
-123.80184331303052,39.303006773238195
-123.80517034002673,39.30079974091751
-123.80953239119171,39.30279374356644
-123.81372745176748,39.308339781173665
-123.81372746399187,39.31220181789786
-123.81138944216094,39.312827831486246
-123.80683439198286,39.31164983543654
-123.8011303386302,39.313121867661046
-123.80089235296501,39.31826991514438
-123.8024525221114,39.31930460148031
-123.8058834142668,39.32157993036007
-123.80877445246533,39.32437094784817
-123.80564542252215,39.32488996163305
-123.80635843563651,39.32672797661427
-123.8077854571059,39.32893399315943
-123.81056848025942,39.32740397120825
-123.8124795097765,39.330632996481334
-123.81801957827895,39.334706021063326
-123.81737158464205,39.33880306216404
-123.82208764752554,39.34386010044681
-123.8277187176868,39.34843613368075
-123.82419170248302,39.35485220422449
-123.82384159247724,39.35676437637324
-123.82359370668051,39.35811823747516
-123.82532369588235,39.36082247782693
-123.82632474676367,39.36238727517862
-123.82394772105422,39.361635395836096
-123.82109569017415,39.36073326731117
-123.81819703809931,39.360602004267164
-123.81705464979947,39.360550272172
-123.82061969923494,39.365144311068526
-123.82630876607178,39.36871333806208
-123.8260572663589,39.36892869662415
-123.82437037531218,39.370373177041984
-123.82344874564863,39.371162366069775
-123.82335133331623,39.37148287780172
-123.82214974622586,39.37543640960285
-123.82232776210074,39.37999045403494
-123.82109577026588,39.386456518352084
-123.82049978080643,39.39168556973393
-123.82132980854017,39.398028631200795
-123.82109581944869,39.402252672511466
-123.8218898412103,39.40681271695605
-123.81958882479623,39.40857473423074
-123.81637179505685,39.40884973691393
-123.81525079204754,39.41127576011323
-123.81516280197138,39.41468579269864
-123.81503175899024,39.417157816289226
-123.81499481038297,39.4178548229368
-123.81590082957464,39.421229855552525
-123.8177857811494,39.42374607888758
-123.81823286130825,39.42434288660173
-123.8167548528626,39.42607690249715
-123.81372782226242,39.4253898942057
-123.8103997927511,39.425940897527006
-123.80942719623252,39.426799519727965
-123.80873578182464,39.427409910287686
-123.80968680012602,39.43034693840839
-123.81277683079848,39.43089794587361
-123.81282081308274,39.430889973140495
-123.81560685566143,39.43038494307038
-123.81776788325816,39.43273396730144
-123.81877554392433,39.435948084555626
-123.81988692416043,39.43949303469792
-123.81610188668054,39.438765023792556
-123.81467787757587,39.44007603486022
-123.81253886585542,39.442646056934905
-123.81614090534167,39.44457707957537
-123.81469289813832,39.446542096573936
-123.81253889090175,39.450538131662064
-123.81315789830398,39.45107313761306
-123.81354190916389,39.453385160132676
-123.81196989725758,39.45418916535843
-123.81190984584134,39.454357776630005
-123.81016106912688,39.459267959854934
-123.80725189641484,39.46743628116498
-123.80801991455225,39.47091431508849
-123.80691696368334,39.47157432385609
-123.80438688860204,39.473088327427405
-123.80261390467422,39.48299741405081
-123.80231791463703,39.486887448789254
-123.80469594003814,39.48815246672391
-123.80429794251995,39.49002348284565
-123.80208092019163,39.48925246971537
-123.79791688673079,39.49041146875877
-123.79564187234561,39.492219478547014
-123.79548036445874,39.492461748149985
-123.78943701140226,39.50152703382748
-123.78417278434677,39.50942344585057
-123.77852371328855,39.52148233586347
-123.77756087664609,39.52398608483344
-123.7664775284745,39.55280702788067
-123.7665210652216,39.55322456654228
-123.76721252229146,39.55985597547247
-123.7709935564491,39.565212958863654
-123.77294056726313,39.57216991876444
-123.77527659415136,39.57324692809615
-123.77778862074226,39.57606192613412
-123.77861562788303,39.57814391713163
-123.77728360841861,39.57986089381626
-123.77707459949218,39.583796862665224
-123.78006163453475,39.58606287062421
-123.7863597085774,39.59251887849422
-123.78630470425267,39.59561985653092
-123.7886327308604,39.59997884774496
-123.7885437251166,39.60428081771205
-123.78727070356686,39.607850781148436
-123.78552567989563,39.60725576841042
-123.78354264932018,39.609520733217785
-123.78232461607158,39.62148963548018
-123.78699567860237,39.626592649440695
-123.78462764075104,39.628742608698275
-123.7859186514908,39.636022572235184
-123.78631365337601,39.639611551876385
-123.78522463157866,39.643695510663115
-123.78573462739605,39.65395444528792
-123.78725164957123,39.656044449882735
-123.78636263062107,39.65993541172103
-123.78899566891337,39.66476441291824
-123.79281473058795,39.66707644805445
-123.79165870646789,39.67229339825004
-123.79189370251477,39.68117634294308
-123.79266171337656,39.68412533453008
-123.79423773647679,39.68999831928284
-123.79704478540668,39.691838348990515
-123.79854781101159,39.69419335669155
-123.80335289607689,39.69900040023336
-123.80418190971835,39.70382738470093
-123.80821098345433,39.710718408788026
-123.82474729985084,39.71813163874857
-123.82954839635585,39.7230746963552
-123.83160244367853,39.730632699234285
-123.82846438279142,39.732051639159046
-123.82916159513033,39.735983501652285
-123.82917740043332,39.73607263413859
-123.83250446841151,39.73735268713211
-123.83509552211522,39.73877172709586
-123.8315544514684,39.73954566129255
-123.8318694614424,39.74317265183994
-123.83542355876885,39.75062868464602
-123.83809266212334,39.75241272235355
-123.8371542875852,39.776235550786005
-123.8398018614422,39.79564048291353
-123.8441081997232,39.8053415190784
-123.8463352742437,39.80664556171179
-123.84553430325923,39.80827053409868
-123.84640255613223,39.81719950228547
-123.84961088847054,39.827674519466484
-123.8517200388485,39.83204454704298
-123.85377012672927,39.83410358660275
-123.8814648626257,39.84542623502961
-123.88834909440295,39.85043939779505
-123.88879313713876,39.85190440552502
-123.8932752400119,39.85327951913315
-123.89529333521972,39.85593456633048
-123.8997464023829,39.85589068369716
-123.90054746595045,39.858041701145766
-123.90203054456374,39.860399736708416
-123.90410956133789,39.859782793047856
-123.90767169153544,39.86303288413601
-123.91515008725035,39.87531807778857
-123.91586123127037,39.88111909441193
-123.93005606936397,39.909702510286564
-123.9372222397577,39.91334973195541
-123.93956626166023,39.91302180342577
-123.94123233395395,39.91539085771697
-123.94963552864924,39.919668125251505
-123.9510975845354,39.92146417457411
-123.95496165016486,39.92237929762479
-123.95885681330503,39.92796243477352
-123.96019694054303,39.93332349234154
-123.96266505800881,39.93764158462224
-123.9751005016642,39.95283204825796
-123.98004174389294,39.96246525582755
-123.99587110200216,39.973052857870194
-124.00632830336286,39.9855701608274
-124.01292331064742,39.99020627687548
-124.0173313368475,39.99463936277286
-124.02128837552608,39.99961544622749
-124.0232632159679,40.001284812995834
-124.02749911216692,40.00486552238314
-124.03591467848788,40.013327619753724
-124.03622245467932,40.01347390281422
-124.04196611830054,40.01620381054782
-124.0428474703488,40.016622708599506
-124.04784925988452,40.0206167699929
-124.05641802430547,40.02431388201336
-124.0618349264954,40.02534395550438
-124.0650789118003,40.024794001543015
-124.0669839889122,40.022163032373356
-124.06891799892638,40.02131606056906
-124.07251890917328,40.022666108325424
-124.07592675273635,40.02591115061567
-124.07710465368565,40.028272163415174
-124.07999256794713,40.02978220144959
-124.08040948038052,40.0320702038908
-124.07862434715275,40.0362351726553
-124.08015427080227,40.03790719167383
-124.0803181024461,40.046117260773975
-124.08034324081218,40.047377014929296
-124.08071724032425,40.066119158018374
-124.08709374457953,40.078451232945845
-124.0933225231845,40.083369317451805
-124.09501340471061,40.0863713383845
-124.10479999573403,40.09615747094174
-124.10727683864283,40.10023650308064
-124.11055569676515,40.10377454805061
-124.11827056992502,40.10617266088466
-124.12217244869686,40.109105716531325
-124.12226306529554,40.109147305346525
-124.13084026870202,40.113083843295875
-124.1337302488362,40.11322188669011
-124.13995811366954,40.11635997824975
-124.14895702527997,40.117690113317416
-124.15243394903688,40.119541164868565
-124.17077271615847,40.12421744106825
-124.17559760255659,40.12723351368759
-124.17643586201035,40.127418963931696
-124.17890656594712,40.12796556396705
-124.18236894552378,40.13009428340592
-124.18236948722856,40.13009461645344
-124.18787945043437,40.13055270058248
-124.18835917395431,40.131091731228686
-124.20018310214307,40.14437741524649
-124.20346544561858,40.14806554150023
-124.21067893768141,40.1561708033125
-124.21489949230602,40.160913121901004
-124.22160620908015,40.16472490007886
-124.2270102785548,40.16779631476175
-124.23109916931732,40.171592381087706
-124.23656105182737,40.175704469779774
-124.24288198537273,40.17793157152538
-124.25840876385442,40.18428875900649
-124.27313937213025,40.196465892090444
-124.27811328929742,40.198677935844614
-124.28930911696823,40.20317503445565
-124.29649994074843,40.20882810123907
-124.30892951113772,40.21789083475144
-124.31959000770763,40.22566368665708
-124.32091439276292,40.22662933091181
-124.32769310934222,40.23738240366888
-124.33281901824341,40.240325452278384
-124.3430718895265,40.24399154696969
-124.35271670198136,40.25046564031357
-124.35547960957204,40.25406766281303
-124.36060551799856,40.25721870605646
-124.36341542209576,40.260986728549426
-124.36236833613255,40.264998717258244
-124.36363507905686,40.27622472209646
-124.35925928558991,40.286879635959195
-124.35583905936545,40.29520777389763
-124.35448961236732,40.29849363255241
-124.35379547260892,40.30480562364719
-124.34992837832509,40.30959658894594
-124.34785327157691,40.314646569339494
-124.35146392915695,40.32614936811348
-124.35312387450134,40.33143760530867
-124.35659478200616,40.33502863206502
-124.36021469491065,40.338367660000024
-124.36231158830593,40.342805674753485
-124.36300248790899,40.34717567800246
-124.36279542381548,40.350058674755196
-124.36535585896578,40.374867681571715
-124.36608465816664,40.37646543341942
-124.37359743044833,40.39293573573455
-124.3790802833123,40.39884077463813
-124.39149406669193,40.40705986488686
-124.39302580212765,40.41073744453254
-124.3930261344292,40.410738100590706
-124.39481191775798,40.41337588562008
-124.39738486235301,40.41557290361187
-124.39919499500128,40.41783564995236
-124.40262070406781,40.422117938285815
-124.40242458598284,40.42748193241269
-124.40316651988776,40.43038893563404
-124.40340543954544,40.43399793446309
-124.40791238477077,40.43598396664922
-124.40958833432165,40.43808897740231
-124.4085982236787,40.44321396558058
,
